wall_time,millis_ms,accel_x,accel_y,accel_z,gyro_x,gyro_y,gyro_z,label,dog_name,size_class
1785662091.3552556,2194924,0.1406,0.001,-1.0073,4.0283,1.0986,0.0,unlabeled,Charlotte,small
1785662091.3552763,2194974,0.1416,-0.0024,-1.0098,4.2114,0.9155,0.1221,unlabeled,Charlotte,small
1785662091.3552833,2195024,0.1392,-0.0039,-1.0073,4.3335,0.9766,0.0,unlabeled,Charlotte,small
1785662091.355288,2195074,0.1416,0.001,-1.0127,4.2114,1.2207,0.2441,unlabeled,Charlotte,small
1785662091.3552933,2195124,0.1377,-0.0024,-1.0098,4.0894,0.7324,0.1221,unlabeled,Charlotte,small
1785662091.3552983,2195174,0.1353,-0.0068,-1.0078,4.1504,0.9155,-0.061,unlabeled,Charlotte,small
1785662091.3553028,2195224,0.1406,-0.0059,-1.0078,4.3945,1.1597,0.061,unlabeled,Charlotte,small
1785662091.3553076,2195274,0.1387,-0.0063,-1.0078,4.0283,1.0986,0.1831,unlabeled,Charlotte,small
1785662091.355312,2195324,0.1377,-0.0054,-1.0063,4.2114,1.1597,0.3052,unlabeled,Charlotte,small
1785662091.3553164,2195374,0.1396,-0.0029,-1.0098,4.0894,1.0376,-0.2441,unlabeled,Charlotte,small
1785662093.0233705,2199712,0.1333,-0.0044,-1.0034,4.0283,0.9766,-0.1221,unlabeled,Charlotte,small
1785662093.0233831,2199762,0.1328,0.0044,-0.9941,4.2725,0.7935,-0.1221,unlabeled,Charlotte,small
1785662093.0233881,2199812,0.147,-0.0151,-1.0171,4.3335,1.2207,0.0,unlabeled,Charlotte,small
1785662093.0233934,2199862,0.1411,-0.0063,-1.0078,4.3335,0.8545,-0.1221,unlabeled,Charlotte,small
1785662093.0233974,2199912,0.1406,-0.002,-1.001,4.1504,0.9766,-0.2441,unlabeled,Charlotte,small
1785662093.0234015,2199962,0.1362,-0.0059,-1.0044,4.2114,0.9155,-0.061,unlabeled,Charlotte,small
1785662093.0234058,2200012,0.1372,-0.0063,-1.0073,4.1504,1.0376,0.061,unlabeled,Charlotte,small
1785662093.0234096,2200062,0.1392,-0.0098,-1.0039,4.1504,1.0986,-0.2441,unlabeled,Charlotte,small
1785662093.0234132,2200112,0.1406,-0.0063,-0.9976,4.0894,0.9766,0.1831,unlabeled,Charlotte,small
1785662093.023417,2200162,0.1401,-0.0063,-1.0015,4.3945,0.9155,-0.1221,unlabeled,Charlotte,small
1785662095.5513966,2202060,0.1406,-0.0029,-0.9995,4.2114,1.1597,0.1221,lying,Charlotte,small
1785662095.5514112,2202110,0.1396,-0.0049,-1.0103,4.4556,0.7935,-0.1221,lying,Charlotte,small
1785662095.551418,2202160,0.1396,-0.0024,-1.0039,4.2114,1.0986,-0.061,lying,Charlotte,small
1785662095.551425,2202210,0.1426,-0.0093,-1.0063,4.0894,1.0986,-0.061,lying,Charlotte,small
1785662095.551431,2202260,0.1411,-0.0112,-1.0024,4.2725,1.0376,0.061,lying,Charlotte,small
1785662095.5514374,2202310,0.1401,0.0005,-1.0034,4.2114,1.0376,0.061,lying,Charlotte,small
1785662095.551444,2202360,0.1372,-0.0034,-1.0054,4.3335,1.0986,0.4272,lying,Charlotte,small
1785662095.5514498,2202410,0.1372,-0.002,-1.0,4.3945,1.0376,0.1221,lying,Charlotte,small
1785662095.5514555,2202460,0.1396,-0.002,-0.999,4.3335,0.9155,0.1831,lying,Charlotte,small
1785662095.5514617,2202510,0.1406,-0.0073,-1.0068,4.1504,1.0376,0.1831,lying,Charlotte,small
1785662096.3859677,2203915,0.1392,-0.0049,-1.0,4.2725,1.0376,0.0,lying,Charlotte,small
1785662096.3859773,2203965,0.1396,-0.0005,-1.0049,4.0283,0.8545,0.0,lying,Charlotte,small
1785662096.385984,2204015,0.1372,-0.0029,-1.0059,4.3335,1.1597,0.061,lying,Charlotte,small
1785662096.38599,2204065,0.1416,-0.0073,-1.0117,4.0283,1.1597,0.3662,lying,Charlotte,small
1785662096.3859947,2204115,0.1392,-0.0049,-1.0122,4.4556,1.0986,-0.061,lying,Charlotte,small
1785662096.386,2204165,0.1426,0.0015,-1.0049,4.3335,0.9766,0.0,lying,Charlotte,small
1785662096.3860047,2204215,0.1411,-0.0068,-0.999,4.2725,1.0986,0.0,lying,Charlotte,small
1785662096.38601,2204265,0.1367,-0.0015,-1.0029,4.3335,1.1597,-0.1221,lying,Charlotte,small
1785662096.3860152,2204315,0.1411,-0.0098,-1.0073,4.2725,0.9766,-0.061,lying,Charlotte,small
1785662096.3860207,2204365,0.1387,-0.0049,-1.0059,4.3945,0.9766,0.0,lying,Charlotte,small
1785662098.8361552,2206472,0.1411,-0.0049,-1.0059,4.2725,1.0376,0.2441,lying,Charlotte,small
1785662098.8361676,2206522,0.1416,-0.002,-1.0034,4.2725,0.9155,-0.2441,lying,Charlotte,small
1785662098.8361728,2206572,0.1396,-0.0029,-1.0039,4.2725,1.0376,0.1221,lying,Charlotte,small
1785662098.836177,2206622,0.1396,-0.0059,-1.0107,4.3335,0.9766,0.1831,lying,Charlotte,small
1785662098.836181,2206672,0.1401,-0.0015,-1.0029,4.3945,1.2817,0.1831,lying,Charlotte,small
1785662098.8361855,2206722,0.1411,-0.0034,-1.0005,4.2114,1.0986,-0.1221,lying,Charlotte,small
1785662098.8361897,2206772,0.1396,-0.0059,-1.0083,4.4556,1.2207,0.061,lying,Charlotte,small
1785662098.8361936,2206822,0.1382,-0.0054,-1.0073,4.0894,1.0376,-0.3052,lying,Charlotte,small
1785662098.8361974,2206872,0.1411,-0.0034,-0.9985,4.4556,1.0986,0.0,lying,Charlotte,small
1785662098.8362012,2206922,0.1392,-0.0029,-1.0024,4.2725,0.8545,0.1831,lying,Charlotte,small
1785662099.3750904,2207195,0.1411,-0.002,-1.0029,4.4556,0.8545,-0.1221,lying,Charlotte,small
1785662099.3751035,2207245,0.1416,-0.0049,-1.0039,4.3945,1.0986,-0.061,lying,Charlotte,small
1785662099.3751087,2207295,0.1372,-0.001,-1.0049,4.3945,1.1597,0.061,lying,Charlotte,small
1785662099.3751132,2207345,0.1387,0.0,-1.0068,4.3945,1.3428,0.061,lying,Charlotte,small
1785662099.3751173,2207395,0.1411,-0.0044,-1.0024,4.4556,1.0986,0.0,lying,Charlotte,small
1785662099.3751209,2207445,0.1455,-0.0039,-1.001,4.2725,1.2817,0.4272,lying,Charlotte,small
1785662099.3751252,2207495,0.1392,-0.0049,-0.999,4.0894,0.9155,0.1831,lying,Charlotte,small
1785662099.375129,2207545,0.1353,-0.0029,-1.0059,4.3335,1.0986,0.1221,lying,Charlotte,small
1785662099.3751326,2207595,0.1362,-0.0024,-1.0068,4.2114,0.9766,-0.061,lying,Charlotte,small
1785662099.3751366,2207645,0.1401,-0.0044,-1.0044,4.3335,0.9155,-0.1221,lying,Charlotte,small
1785662132.8653111,2240457,0.1401,-0.0034,-0.9995,4.3335,0.9155,-0.1831,lying,Charlotte,small
1785662132.8653238,2240507,0.1455,-0.0054,-1.0063,4.2725,1.2207,0.0,lying,Charlotte,small
1785662132.8653288,2240557,0.1421,0.0005,-1.0039,4.1504,1.0986,-0.061,lying,Charlotte,small
1785662132.865334,2240607,0.1426,-0.0063,-1.0049,4.2114,1.1597,-0.1221,lying,Charlotte,small
1785662132.8653378,2240657,0.1416,-0.002,-1.0054,4.3335,1.2207,0.2441,lying,Charlotte,small
1785662132.8653417,2240707,0.1431,-0.0054,-1.0044,4.2725,0.9766,-0.061,lying,Charlotte,small
1785662132.865346,2240757,0.1377,-0.0034,-1.0068,4.2725,1.0986,0.1831,lying,Charlotte,small
1785662132.8653498,2240807,0.1406,-0.0049,-1.0015,4.2725,0.8545,-0.1221,lying,Charlotte,small
1785662132.8653538,2240857,0.1387,-0.0039,-1.0,4.2725,1.2207,0.0,lying,Charlotte,small
1785662132.8653574,2240907,0.1382,-0.0054,-1.0029,4.2725,1.2207,0.061,lying,Charlotte,small
1785662135.425655,2241556,0.1416,-0.0029,-1.0034,4.1504,1.0986,-0.061,lying,Charlotte,small
1785662135.4256668,2241606,0.1411,-0.0054,-1.0063,4.3945,1.0986,-0.061,lying,Charlotte,small
1785662135.4256723,2241656,0.1401,0.0005,-1.0063,4.3335,0.9766,0.1221,lying,Charlotte,small
1785662135.4256768,2241706,0.1392,-0.0054,-1.0068,4.3335,1.1597,-0.061,lying,Charlotte,small
1785662135.4256809,2241756,0.1372,-0.0029,-1.0029,4.5166,1.2207,-0.061,lying,Charlotte,small
1785662135.4256845,2241806,0.1426,-0.0068,-1.0054,4.2725,0.9155,-0.1221,lying,Charlotte,small
1785662135.4256887,2241856,0.1411,-0.0015,-0.9985,4.2114,1.2207,0.061,lying,Charlotte,small
1785662135.425693,2241906,0.1387,-0.0024,-0.999,4.2114,1.0376,-0.061,lying,Charlotte,small
1785662135.4256968,2241956,0.1396,-0.002,-1.001,4.3335,1.0376,0.0,lying,Charlotte,small
1785662135.4257011,2242006,0.1396,-0.0054,-1.0029,4.0894,1.0376,0.061,lying,Charlotte,small
1785662136.3894835,2243805,0.1406,-0.001,-1.0054,4.3335,1.0376,-0.1831,lying,Charlotte,small
1785662136.389492,2243855,0.1406,-0.0005,-1.0005,4.3335,1.1597,0.2441,lying,Charlotte,small
1785662136.389498,2243905,0.1392,-0.0078,-1.0088,4.1504,1.3428,-0.3662,lying,Charlotte,small
1785662136.389503,2243955,0.1406,-0.0029,-1.0098,4.2114,1.0376,0.1221,lying,Charlotte,small
1785662136.3895075,2244005,0.145,-0.0063,-0.9995,4.3945,1.0986,0.0,lying,Charlotte,small
1785662136.3895123,2244055,0.1421,-0.0073,-1.0078,4.3945,1.0376,0.1221,lying,Charlotte,small
1785662136.3895175,2244105,0.1382,-0.0039,-1.0,4.4556,0.9155,-0.4272,lying,Charlotte,small
1785662136.3895223,2244155,0.1416,-0.0015,-1.0029,4.3335,1.0376,0.0,lying,Charlotte,small
1785662136.3895278,2244205,0.1392,-0.0044,-1.001,4.4556,1.0986,-0.3052,lying,Charlotte,small
1785662136.3895333,2244255,0.1416,-0.0034,-1.001,4.1504,0.9155,-0.061,lying,Charlotte,small
1785662137.8043096,2244905,0.1392,-0.001,-1.0117,4.2725,0.9155,-0.1221,lying,Charlotte,small
1785662137.8043218,2244955,0.1431,-0.0029,-0.999,4.2725,0.9766,0.1221,lying,Charlotte,small
1785662137.804327,2245005,0.1382,-0.0029,-1.0083,4.3945,1.0986,0.2441,lying,Charlotte,small
1785662137.8043315,2245055,0.1362,-0.0059,-1.0034,4.2114,1.0986,0.0,lying,Charlotte,small
1785662137.8043356,2245105,0.1392,-0.0029,-1.0044,4.3945,0.9766,0.2441,lying,Charlotte,small
1785662137.8043394,2245155,0.1387,0.001,-1.0024,3.9673,1.1597,-0.1831,lying,Charlotte,small
1785662137.8043437,2245205,0.1406,-0.0034,-1.0049,4.4556,1.2817,0.2441,lying,Charlotte,small
1785662137.8043478,2245255,0.1436,-0.0059,-1.0137,4.4556,0.9766,-0.3662,lying,Charlotte,small
1785662137.8043516,2245305,0.1411,-0.0049,-1.0093,4.2725,1.1597,0.061,lying,Charlotte,small
1785662137.804355,2245355,0.1377,-0.0068,-1.0015,4.5166,1.2817,-0.2441,lying,Charlotte,small
1785662171.683599,2246159,0.1416,-0.0059,-0.999,4.3945,1.0986,0.3052,lying,Charlotte,small
1785662171.6836112,2246209,0.1367,-0.0034,-1.0039,4.2725,0.9766,0.1221,lying,Charlotte,small
1785662171.6836162,2246259,0.1392,-0.0039,-1.001,4.3945,1.2207,0.1831,lying,Charlotte,small
1785662171.6836212,2246309,0.1401,-0.0059,-1.001,4.2114,1.1597,0.061,lying,Charlotte,small
1785662171.683625,2246359,0.1421,-0.0015,-1.0005,4.2725,0.9766,0.2441,lying,Charlotte,small
1785662171.683631,2246409,0.1367,-0.002,-1.0039,4.2725,1.2817,-0.061,lying,Charlotte,small
1785662171.683637,2246459,0.1401,-0.0015,-1.0059,4.3335,0.7935,0.2441,lying,Charlotte,small
1785662171.6836412,2246509,0.1382,-0.0068,-1.0083,4.3945,0.6714,0.061,lying,Charlotte,small
1785662171.683645,2246559,0.1387,-0.0024,-1.0049,4.2725,1.0376,-0.1221,lying,Charlotte,small
1785662171.6836488,2246609,0.1353,-0.0049,-1.0024,4.3335,0.9766,-0.061,lying,Charlotte,small
1785662209.6852047,2311972,0.1406,-0.0024,-1.0034,4.2725,1.0376,-0.1831,lying,Charlotte,small
1785662209.6852183,2312022,0.1421,-0.0054,-0.9976,4.3945,0.9766,-0.061,lying,Charlotte,small
1785662209.6852233,2312072,0.1426,-0.0029,-1.0078,4.2114,1.0986,-0.2441,lying,Charlotte,small
1785662209.685228,2312122,0.1392,-0.0068,-1.0034,4.5166,0.9766,-0.061,lying,Charlotte,small
1785662209.6852324,2312172,0.1426,-0.0024,-1.0015,4.4556,1.1597,0.1221,lying,Charlotte,small
1785662209.6852367,2312222,0.145,-0.0059,-1.0005,4.3945,1.0986,0.3052,lying,Charlotte,small
1785662209.6852415,2312272,0.1387,-0.0049,-1.0029,4.2725,1.1597,0.1221,lying,Charlotte,small
1785662209.6852458,2312322,0.1396,-0.0063,-1.0039,4.3945,1.1597,-0.1831,lying,Charlotte,small
1785662209.68525,2312372,0.1396,-0.0039,-1.0054,4.1504,1.2207,0.2441,lying,Charlotte,small
1785662209.685254,2312422,0.1362,-0.0068,-1.0063,4.3945,1.1597,0.061,lying,Charlotte,small
1785662236.3021445,2340226,0.1372,-0.001,-1.0039,4.3335,0.9155,0.061,lying,Charlotte,small
1785662236.3021567,2340276,0.1382,-0.002,-0.9985,4.3945,1.2207,-0.1831,lying,Charlotte,small
1785662236.3021622,2340326,0.1426,-0.0059,-1.0073,4.0894,0.8545,0.0,lying,Charlotte,small
1785662236.302167,2340376,0.1411,-0.0034,-1.0029,4.2114,0.8545,0.061,lying,Charlotte,small
1785662236.3021712,2340426,0.1396,-0.0054,-0.9985,4.3335,1.2207,0.1221,lying,Charlotte,small
1785662236.302175,2340476,0.1426,0.0,-1.0039,4.2114,1.3428,-0.061,lying,Charlotte,small
1785662236.3021789,2340526,0.1377,-0.0034,-1.0029,4.4556,1.0376,-0.061,lying,Charlotte,small
1785662236.3021824,2340576,0.1421,-0.0073,-1.0034,4.2725,1.2207,-0.061,lying,Charlotte,small
1785662236.302186,2340626,0.1392,-0.0039,-1.0,4.2725,1.2817,-0.061,lying,Charlotte,small
1785662236.3021894,2340676,0.1421,-0.0054,-1.0005,4.3335,1.1597,0.1221,lying,Charlotte,small
1785662243.934492,2350134,0.1431,-0.0054,-1.001,4.3335,1.0376,0.0,lying,Charlotte,small
1785662243.93451,2350184,0.1396,-0.0073,-1.0049,4.3335,0.9766,0.061,lying,Charlotte,small
1785662243.9345152,2350234,0.1372,-0.0039,-1.0034,4.5166,0.9766,-0.1221,lying,Charlotte,small
1785662243.9345202,2350284,0.1406,-0.002,-1.0063,4.2725,1.1597,0.1831,lying,Charlotte,small
1785662243.9345243,2350334,0.1426,-0.0029,-1.0029,4.3945,1.1597,-0.061,lying,Charlotte,small
1785662243.934528,2350384,0.1396,-0.0054,-1.0029,4.0894,1.1597,0.2441,lying,Charlotte,small
1785662243.9345322,2350434,0.146,-0.0122,-1.0127,4.3945,1.1597,0.2441,lying,Charlotte,small
1785662243.934536,2350484,0.1401,0.0039,-1.0,4.5776,0.9766,-0.3662,lying,Charlotte,small
1785662243.9345396,2350534,0.1387,0.0029,-1.001,4.1504,1.0986,0.0,lying,Charlotte,small
1785662243.9345434,2350584,0.1401,-0.0029,-1.002,4.3945,1.2817,-0.2441,lying,Charlotte,small
1785662246.9845326,2352282,0.1426,-0.0044,-0.9966,4.3335,1.2207,0.1831,lying,Charlotte,small
1785662246.9845445,2352332,0.1382,-0.0073,-1.0005,4.3335,1.0376,-0.1221,lying,Charlotte,small
1785662246.98455,2352382,0.144,-0.0049,-1.0024,4.3945,0.9155,-0.1831,lying,Charlotte,small
1785662246.9845543,2352432,0.1431,-0.001,-1.0024,4.5166,1.2817,0.061,lying,Charlotte,small
1785662246.9845583,2352482,0.1426,-0.002,-0.999,4.3335,0.9155,0.3052,lying,Charlotte,small
1785662246.9845622,2352532,0.1401,-0.0024,-1.0,4.4556,1.0376,-0.061,lying,Charlotte,small
1785662246.9845662,2352582,0.1392,-0.0078,-1.0029,4.1504,0.9155,-0.3662,lying,Charlotte,small
1785662246.9845703,2352632,0.1411,-0.0054,-1.0093,4.3335,1.0376,0.1221,lying,Charlotte,small
1785662246.9845738,2352682,0.144,-0.0029,-1.0005,4.3945,1.0986,0.1831,lying,Charlotte,small
1785662246.9845774,2352732,0.1426,-0.0034,-0.999,4.5166,1.1597,-0.1831,lying,Charlotte,small
1785662249.8705907,2355379,0.1416,-0.0015,-1.0054,4.3335,1.1597,-0.061,lying,Charlotte,small
1785662249.8706038,2355429,0.1382,-0.0059,-0.9985,4.2725,0.9155,-0.061,lying,Charlotte,small
1785662249.8706088,2355479,0.1436,-0.0054,-0.9971,4.3335,1.1597,0.1831,lying,Charlotte,small
1785662249.8706133,2355529,0.1406,-0.0054,-1.0068,4.3335,1.0986,0.0,lying,Charlotte,small
1785662249.8706176,2355579,0.1372,-0.0078,-1.002,4.2114,1.1597,-0.061,lying,Charlotte,small
1785662249.8706214,2355629,0.1382,-0.0034,-1.0044,4.2725,1.0986,-0.1221,lying,Charlotte,small
1785662249.8706257,2355679,0.1406,-0.0029,-0.998,4.3335,1.0376,0.0,lying,Charlotte,small
1785662249.8706293,2355729,0.1431,-0.0029,-1.0054,4.3945,1.0376,0.0,lying,Charlotte,small
1785662249.8706326,2355779,0.1416,-0.0015,-1.0083,4.2725,1.1597,-0.1831,lying,Charlotte,small
1785662249.8706367,2355829,0.1401,-0.0054,-1.0044,4.2114,0.9766,0.1221,lying,Charlotte,small
1785662250.4848523,2358218,0.146,-0.0044,-1.0039,4.3335,0.9766,0.1221,lying,Charlotte,small
1785662250.4848628,2358268,0.1426,-0.0083,-1.0059,4.5166,1.0376,0.1221,lying,Charlotte,small
1785662250.4848669,2358318,0.1387,-0.0044,-1.0044,4.3335,1.2207,-0.1831,lying,Charlotte,small
1785662250.4848704,2358368,0.1411,-0.0068,-1.0044,4.3335,1.1597,-0.2441,lying,Charlotte,small
1785662250.4848735,2358418,0.1396,-0.0049,-1.0063,4.2725,1.0986,-0.3052,lying,Charlotte,small
1785662250.4848764,2358468,0.1401,-0.0054,-0.9995,4.0894,1.0986,-0.1221,lying,Charlotte,small
1785662250.48488,2358518,0.1436,-0.0029,-1.0,4.3945,1.0376,0.061,lying,Charlotte,small
1785662250.4848828,2358568,0.1392,-0.002,-1.0103,4.3945,0.9766,-0.1831,lying,Charlotte,small
1785662250.484886,2358618,0.1387,-0.0034,-1.0029,4.3945,1.0376,-0.3052,lying,Charlotte,small
1785662250.484889,2358668,0.1396,-0.0039,-1.001,4.1504,0.9766,0.061,lying,Charlotte,small
1785662252.531414,2358839,0.1382,-0.0044,-1.002,4.1504,1.0986,-0.061,lying,Charlotte,small
1785662252.5314305,2358889,0.1406,-0.0005,-1.0,4.2725,1.1597,-0.1221,lying,Charlotte,small
1785662252.5314357,2358939,0.1406,-0.0073,-1.0044,4.5166,0.9766,0.1221,lying,Charlotte,small
1785662252.5314407,2358989,0.1401,-0.0029,-1.0034,4.3945,1.0376,0.1221,lying,Charlotte,small
1785662252.5314448,2359039,0.1406,-0.0054,-1.0073,4.2114,1.2207,-0.1221,lying,Charlotte,small
1785662252.5314486,2359089,0.1372,0.0039,-1.0083,4.3945,1.0986,0.061,lying,Charlotte,small
1785662252.5314527,2359139,0.1367,-0.0039,-1.0005,4.1504,1.1597,0.061,lying,Charlotte,small
1785662252.5314565,2359189,0.1406,-0.0103,-0.9976,4.3335,1.2817,-0.1221,lying,Charlotte,small
1785662252.53146,2359239,0.1406,-0.0059,-1.0029,4.3335,1.0986,-0.061,lying,Charlotte,small
1785662252.5314636,2359289,0.1382,0.0005,-1.0044,4.3945,1.0376,-0.061,lying,Charlotte,small
1785662273.7318,2360902,0.1421,-0.0044,-0.9976,4.2114,0.9766,0.061,lying,Charlotte,small
1785662273.731814,2360952,0.1416,0.001,-1.0063,4.4556,0.9766,-0.2441,lying,Charlotte,small
1785662273.7318218,2361002,0.1426,-0.0078,-1.0083,4.6387,1.0986,0.061,lying,Charlotte,small
1785662273.7318294,2361052,0.1416,-0.0054,-1.001,4.2114,1.1597,0.1831,lying,Charlotte,small
1785662273.7318366,2361102,0.1421,-0.0024,-1.0054,4.5776,1.0376,0.0,lying,Charlotte,small
1785662273.7318423,2361152,0.1421,-0.0054,-1.0,4.1504,0.8545,-0.061,lying,Charlotte,small
1785662273.7318468,2361202,0.1396,-0.0059,-0.999,4.1504,1.0376,-0.1831,lying,Charlotte,small
1785662273.7318509,2361252,0.1401,-0.0029,-1.001,4.4556,1.1597,0.1221,lying,Charlotte,small
1785662273.7318547,2361302,0.1377,0.002,-1.0005,4.3945,1.2207,-0.1221,lying,Charlotte,small
1785662273.7318587,2361352,0.145,-0.0049,-1.0083,4.1504,0.9766,0.0,lying,Charlotte,small
1785662305.011489,2389240,0.1411,-0.0034,-1.0005,4.2725,1.0376,0.1221,lying,Charlotte,small
1785662305.0115016,2389290,0.1377,-0.0068,-1.0044,3.9673,0.9766,0.0,lying,Charlotte,small
1785662305.011507,2389340,0.1367,-0.0005,-1.0078,4.4556,1.3428,0.061,lying,Charlotte,small
1785662305.0115118,2389390,0.1392,-0.0029,-1.0024,4.2114,1.1597,-0.2441,lying,Charlotte,small
1785662305.0115159,2389440,0.1411,-0.0005,-1.0039,4.2725,1.3428,-0.3052,lying,Charlotte,small
1785662305.0115194,2389490,0.1382,0.001,-1.0063,4.2114,1.0376,-0.1831,lying,Charlotte,small
1785662305.0115235,2389540,0.1431,-0.0034,-0.999,4.2114,1.2207,-0.2441,lying,Charlotte,small
1785662305.0115275,2389590,0.1421,-0.0078,-1.0029,4.2114,1.0376,-0.4272,lying,Charlotte,small
1785662305.011531,2389640,0.1416,-0.0024,-1.0063,4.3945,0.9155,-0.061,lying,Charlotte,small
1785662305.0115347,2389690,0.1396,-0.0034,-0.999,4.0283,1.0986,0.0,lying,Charlotte,small
1785662355.8577073,2459074,0.1426,-0.0068,-0.999,4.3335,1.3428,0.1831,lying,Charlotte,small
1785662355.8577237,2459124,0.1382,-0.0063,-1.0034,4.2725,1.0986,-0.061,lying,Charlotte,small
1785662355.857729,2459174,0.1396,0.0015,-1.0015,4.3335,0.9766,-0.1831,lying,Charlotte,small
1785662355.8577342,2459224,0.1367,0.0029,-0.998,4.2725,0.7935,0.061,lying,Charlotte,small
1785662355.8577383,2459274,0.1401,-0.0049,-1.0029,4.3335,1.0986,0.2441,lying,Charlotte,small
1785662355.8577423,2459324,0.144,-0.0059,-1.0073,4.3945,1.0376,-0.061,lying,Charlotte,small
1785662355.8577464,2459374,0.1392,-0.0029,-1.0059,4.2725,0.9155,0.0,lying,Charlotte,small
1785662355.8577504,2459424,0.1392,-0.0054,-1.0039,4.4556,1.0376,-0.3052,lying,Charlotte,small
1785662355.8577545,2459474,0.1401,-0.0049,-1.0039,4.3335,1.1597,0.1221,lying,Charlotte,small
1785662355.8577583,2459524,0.1416,0.001,-1.0015,4.2725,0.8545,0.1221,lying,Charlotte,small
1785662358.1551726,2464201,0.1406,-0.0029,-1.0063,4.2114,1.1597,-0.3052,lying,Charlotte,small
1785662358.1551855,2464251,0.1431,-0.0024,-1.0078,4.2114,0.9766,-0.1221,lying,Charlotte,small
1785662358.1551905,2464301,0.1387,-0.0039,-0.999,4.2725,1.1597,0.0,lying,Charlotte,small
1785662358.1551952,2464351,0.145,-0.0034,-0.9995,4.3945,0.9766,-0.061,lying,Charlotte,small
1785662358.1551993,2464401,0.1421,-0.0054,-1.0005,4.0894,1.0986,-0.061,lying,Charlotte,small
1785662358.155203,2464451,0.1406,-0.0054,-1.0059,4.3335,1.2207,0.061,lying,Charlotte,small
1785662358.1552076,2464501,0.1436,-0.0068,-1.0068,4.3335,1.2817,0.2441,lying,Charlotte,small
1785662358.1552114,2464551,0.1426,-0.0049,-1.0024,4.3945,1.2817,-0.4883,lying,Charlotte,small
1785662358.155215,2464601,0.1387,-0.0029,-1.001,4.2725,1.0376,-0.3052,lying,Charlotte,small
1785662358.1552186,2464651,0.1401,-0.0059,-1.0103,4.3945,1.0376,-0.2441,lying,Charlotte,small
1785662359.6606631,2466862,0.1401,-0.0044,-1.0068,4.3335,1.1597,0.1831,lying,Charlotte,small
1785662359.6606753,2466912,0.1436,-0.0024,-1.0039,4.7607,1.1597,0.061,lying,Charlotte,small
1785662359.6606808,2466962,0.1455,-0.0039,-1.0054,4.2725,1.0986,-0.061,lying,Charlotte,small
1785662359.6606848,2467012,0.1436,0.0005,-1.0073,4.3335,0.9766,0.0,lying,Charlotte,small
1785662359.6606894,2467062,0.1406,-0.001,-1.0029,4.3335,0.9155,-0.061,lying,Charlotte,small
1785662359.6606934,2467112,0.1382,-0.0049,-0.9966,4.3945,1.1597,0.1221,lying,Charlotte,small
1785662359.6606977,2467162,0.1401,-0.0049,-1.0083,4.5166,1.1597,-0.1831,lying,Charlotte,small
1785662359.6607015,2467212,0.1411,-0.0068,-1.0103,4.3945,1.2817,0.0,lying,Charlotte,small
1785662359.660705,2467262,0.1426,-0.0015,-1.0044,4.3335,1.1597,-0.1221,lying,Charlotte,small
1785662359.660709,2467312,0.1333,-0.0015,-0.9995,4.2725,1.0986,0.0,lying,Charlotte,small
1785662360.3950784,2468000,0.1401,-0.0054,-1.0034,4.3945,1.2207,-0.1221,lying,Charlotte,small
1785662360.3950858,2468050,0.144,-0.0073,-1.0039,4.3945,1.0376,0.1831,lying,Charlotte,small
1785662360.3950899,2468100,0.1387,-0.0049,-1.001,4.3335,1.0986,0.2441,lying,Charlotte,small
1785662360.3950932,2468150,0.1401,-0.0024,-0.9995,4.3945,1.0986,0.1831,lying,Charlotte,small
1785662360.3950965,2468200,0.1411,-0.0049,-1.0054,4.4556,1.2207,0.061,lying,Charlotte,small
1785662360.3950996,2468250,0.1396,-0.0044,-0.999,4.3335,1.2207,-0.2441,lying,Charlotte,small
1785662360.3951027,2468300,0.1421,-0.0015,-0.9985,4.5776,0.9155,0.061,lying,Charlotte,small
1785662360.395106,2468350,0.1406,-0.0059,-1.001,4.3335,1.0986,-0.1831,lying,Charlotte,small
1785662360.3951092,2468400,0.1392,-0.0024,-1.002,4.3335,1.1597,0.061,lying,Charlotte,small
1785662360.3951123,2468450,0.1421,-0.0049,-0.998,4.4556,1.0986,0.0,lying,Charlotte,small
1785662376.7502406,2473491,0.1416,-0.0034,-1.002,4.3945,1.0986,-0.061,lying,Charlotte,small
1785662376.7502532,2473541,0.1411,-0.0039,-1.0005,4.3335,0.9766,0.0,lying,Charlotte,small
1785662376.750259,2473591,0.1416,-0.0073,-0.9961,4.5166,0.9155,-0.2441,lying,Charlotte,small
1785662376.7502635,2473641,0.1411,-0.001,-1.0,4.2114,1.2207,0.1221,lying,Charlotte,small
1785662376.7502677,2473691,0.144,-0.0078,-0.9995,4.5166,1.1597,0.061,lying,Charlotte,small
1785662376.7502718,2473741,0.1431,-0.0034,-1.0034,4.3945,1.0986,-0.3052,lying,Charlotte,small
1785662376.7502756,2473791,0.144,-0.0024,-1.0024,4.2725,0.9766,0.0,lying,Charlotte,small
1785662376.7502785,2473841,0.1382,-0.0029,-1.0054,4.1504,0.9155,-0.2441,lying,Charlotte,small
1785662376.7502816,2473891,0.1416,-0.0068,-1.0039,4.4556,1.2817,0.061,lying,Charlotte,small
1785662376.7502844,2473941,0.1406,-0.0068,-1.001,4.5166,1.0986,-0.1831,lying,Charlotte,small
1785662376.8254316,2484417,0.1416,-0.0034,-1.0039,4.5776,1.2207,0.1831,lying,Charlotte,small
1785662376.8254464,2484467,0.1372,-0.0034,-1.0049,4.5166,1.1597,0.0,lying,Charlotte,small
1785662376.8254523,2484517,0.1401,-0.0029,-1.0054,4.2725,1.0986,-0.1831,lying,Charlotte,small
1785662376.8254569,2484567,0.1406,-0.0078,-0.9995,4.3945,1.1597,0.061,lying,Charlotte,small
1785662376.825461,2484617,0.1377,-0.002,-1.0034,4.3335,1.3428,-0.061,lying,Charlotte,small
1785662376.8254647,2484667,0.1431,-0.0063,-1.0044,4.3945,0.9766,-0.1221,lying,Charlotte,small
1785662376.8254693,2484717,0.1426,0.001,-1.0024,4.3335,1.0986,-0.061,lying,Charlotte,small
1785662376.8254735,2484767,0.1392,-0.0029,-0.999,4.2725,1.0376,-0.2441,lying,Charlotte,small
1785662376.8254774,2484817,0.1421,-0.0088,-1.0034,4.3945,1.0986,0.061,lying,Charlotte,small
1785662376.8254812,2484867,0.1406,-0.0049,-1.001,4.3945,1.2207,-0.3662,lying,Charlotte,small
1785662383.6605415,2485799,0.1411,-0.0024,-0.9966,4.1504,1.2207,0.061,lying,Charlotte,small
1785662383.6605537,2485849,0.144,-0.0039,-1.0034,4.1504,1.1597,0.1221,lying,Charlotte,small
1785662383.6605592,2485899,0.1387,-0.0044,-1.0024,4.2725,1.1597,0.0,lying,Charlotte,small
1785662383.6605635,2485949,0.1406,-0.0068,-1.0063,4.3335,1.0376,-0.1831,lying,Charlotte,small
1785662383.6605673,2485999,0.1382,-0.0039,-1.001,4.2114,1.2817,0.1831,lying,Charlotte,small
1785662383.660571,2486049,0.1392,-0.0029,-1.0,4.3945,1.0376,-0.061,lying,Charlotte,small
1785662383.6605752,2486099,0.1416,-0.0029,-1.002,4.2725,0.9155,0.1221,lying,Charlotte,small
1785662383.660579,2486149,0.1401,0.001,-1.0054,4.3335,1.2207,0.1221,lying,Charlotte,small
1785662383.6605833,2486199,0.1416,-0.0063,-1.0068,4.5166,1.0376,-0.3662,lying,Charlotte,small
1785662383.660587,2486249,0.1416,-0.0059,-0.9995,4.4556,1.1597,0.1221,lying,Charlotte,small
1785662386.025277,2492048,0.1406,-0.0068,-1.0044,4.2114,1.2207,-0.1831,lying,Charlotte,small
1785662386.0252898,2492098,0.1421,-0.0005,-1.0044,4.4556,1.3428,0.1221,lying,Charlotte,small
1785662386.025295,2492148,0.1416,-0.0044,-1.0044,4.1504,0.9155,0.1221,lying,Charlotte,small
1785662386.0252998,2492198,0.1387,-0.0063,-1.0029,4.3335,1.1597,-0.061,lying,Charlotte,small
1785662386.0253034,2492248,0.1387,-0.0088,-1.0059,4.2725,0.9766,0.061,lying,Charlotte,small
1785662386.0253072,2492298,0.1426,0.001,-1.0034,4.2725,1.1597,-0.1831,lying,Charlotte,small
1785662386.0253112,2492348,0.1455,-0.0049,-0.9976,4.1504,1.0376,-0.061,lying,Charlotte,small
1785662386.0253153,2492398,0.1396,-0.0039,-1.0044,4.3335,1.1597,0.1221,lying,Charlotte,small
1785662386.0253189,2492448,0.145,-0.002,-1.0127,4.3945,1.0376,-0.061,lying,Charlotte,small
1785662386.0253227,2492498,0.1406,0.0,-1.0029,4.5776,1.1597,0.0,lying,Charlotte,small
1785662391.3169186,2494386,0.1396,-0.0005,-0.998,4.3945,1.1597,-0.061,lying,Charlotte,small
1785662391.3169322,2494436,0.1406,0.0005,-0.9985,4.0894,1.1597,0.0,lying,Charlotte,small
1785662391.3169384,2494486,0.1426,-0.0068,-1.0029,4.2114,1.1597,0.2441,lying,Charlotte,small
1785662391.3169446,2494536,0.1396,-0.0063,-1.0024,4.3335,1.1597,0.1221,lying,Charlotte,small
1785662391.31695,2494586,0.1401,0.001,-1.0029,4.3335,1.0986,-0.2441,lying,Charlotte,small
1785662391.3169556,2494636,0.1421,-0.0063,-1.0083,4.2114,1.1597,0.0,lying,Charlotte,small
1785662391.3169613,2494686,0.1431,-0.0024,-1.0005,4.2114,1.0376,0.2441,lying,Charlotte,small
1785662391.316967,2494736,0.1411,-0.0039,-1.002,4.3945,1.2817,0.0,lying,Charlotte,small
1785662391.3169715,2494786,0.1431,-0.002,-1.0039,4.3335,0.9766,0.1221,lying,Charlotte,small
1785662391.3169768,2494836,0.1445,-0.0015,-1.0,4.3335,1.0376,0.061,lying,Charlotte,small
1785662393.0500362,2499679,0.1382,-0.0034,-1.0024,4.0894,1.2207,0.061,lying,Charlotte,small
1785662393.0500526,2499729,0.1387,-0.0044,-1.0024,4.3335,1.0376,0.061,lying,Charlotte,small
1785662393.0500576,2499779,0.1396,-0.0005,-0.999,4.3335,1.0376,-0.1831,lying,Charlotte,small
1785662393.0500627,2499829,0.1431,-0.0068,-1.0049,4.3335,1.0376,-0.061,lying,Charlotte,small
1785662393.0500665,2499879,0.1372,-0.0059,-1.0034,4.1504,1.0986,-0.1831,lying,Charlotte,small
1785662393.0500705,2499929,0.1392,-0.0068,-0.9995,4.5776,1.0376,-0.2441,lying,Charlotte,small
1785662393.0500748,2499979,0.1431,-0.0044,-1.0024,4.3945,0.9766,0.0,lying,Charlotte,small
1785662393.0500786,2500029,0.1401,-0.0034,-1.0024,4.2725,1.0986,0.1831,lying,Charlotte,small
1785662393.050083,2500079,0.1392,-0.0024,-1.002,4.3335,1.0986,0.1221,lying,Charlotte,small
1785662393.0500865,2500129,0.1426,-0.0039,-1.0,4.3335,1.2207,-0.2441,lying,Charlotte,small
1785662401.3463492,2501794,0.1406,-0.002,-1.0044,4.4556,1.0986,0.1221,lying,Charlotte,small
1785662401.3463614,2501844,0.1382,-0.0005,-1.0059,4.0894,1.0986,-0.1221,lying,Charlotte,small
1785662401.3463666,2501894,0.1387,-0.002,-1.0054,4.4556,1.2817,0.061,lying,Charlotte,small
1785662401.3463712,2501944,0.1406,-0.0044,-0.999,4.1504,1.0986,-0.1221,lying,Charlotte,small
1785662401.346375,2501994,0.1367,-0.0088,-1.0039,4.5166,1.0986,-0.061,lying,Charlotte,small
1785662401.3463788,2502044,0.1401,-0.0024,-1.0049,4.3945,0.8545,0.061,lying,Charlotte,small
1785662401.3463829,2502094,0.1377,-0.0015,-1.0024,4.2725,0.9766,-0.061,lying,Charlotte,small
1785662401.346387,2502144,0.1377,-0.0054,-1.0049,4.3335,0.9155,0.0,lying,Charlotte,small
1785662401.3463907,2502194,0.1401,-0.0093,-1.0005,4.3335,1.5259,-0.061,lying,Charlotte,small
1785662401.3463945,2502244,0.1396,-0.0059,-1.0039,4.2114,1.2817,0.1831,lying,Charlotte,small
1785662406.9002423,2514714,0.1396,-0.0034,-1.0059,4.2725,1.0376,-0.1221,lying,Charlotte,small
1785662406.9002573,2514764,0.1416,-0.0049,-1.0005,4.6997,1.2817,-0.061,lying,Charlotte,small
1785662406.9002626,2514814,0.1382,-0.0015,-1.0024,4.1504,1.0986,0.061,lying,Charlotte,small
1785662406.9002676,2514864,0.1401,-0.0059,-1.0039,4.2114,1.0986,0.0,lying,Charlotte,small
1785662406.9002717,2514914,0.1382,-0.0005,-1.0015,4.3335,1.0986,0.061,lying,Charlotte,small
1785662406.9002757,2514964,0.1392,-0.0029,-1.0024,4.3945,1.1597,0.0,lying,Charlotte,small
1785662406.9002795,2515014,0.1421,-0.0049,-1.0049,4.2725,1.0986,0.2441,lying,Charlotte,small
1785662406.900283,2515064,0.1406,0.0029,-0.998,4.4556,0.8545,-0.3052,lying,Charlotte,small
1785662406.900287,2515114,0.1445,-0.0024,-1.0024,4.3335,1.2207,0.061,lying,Charlotte,small
1785662406.9002905,2515164,0.1387,-0.0044,-1.0015,4.3945,1.0376,0.0,lying,Charlotte,small
1785662411.3550172,2515244,0.1436,-0.0049,-1.002,4.4556,0.9155,-0.1221,lying,Charlotte,small
1785662411.3550317,2515294,0.1387,-0.0029,-1.0024,4.3945,0.9766,-0.061,lying,Charlotte,small
1785662411.355037,2515344,0.1436,-0.0034,-1.0078,4.5166,1.0376,0.061,lying,Charlotte,small
1785662411.3550417,2515394,0.1406,-0.0034,-1.0039,4.4556,1.2207,0.2441,lying,Charlotte,small
1785662411.3550456,2515444,0.1416,-0.0015,-1.0005,4.2114,0.9155,0.0,lying,Charlotte,small
1785662411.35505,2515494,0.1426,-0.0005,-1.0005,4.3335,1.2207,0.0,lying,Charlotte,small
1785662411.3550541,2515544,0.1426,-0.0039,-1.0186,4.3945,1.0376,0.061,lying,Charlotte,small
1785662411.3550582,2515594,0.1445,-0.0059,-1.021,4.8218,1.2817,-0.1221,lying,Charlotte,small
1785662411.3550622,2515644,0.1401,-0.0083,-1.0088,4.3335,1.0986,-0.1221,lying,Charlotte,small
1785662411.355066,2515694,0.1411,-0.0059,-1.0005,4.3945,1.2207,-0.1831,lying,Charlotte,small
1785662411.9009795,2519690,0.1396,-0.002,-1.002,4.2725,1.0376,-0.1221,lying,Charlotte,small
1785662411.9009914,2519740,0.1416,-0.0015,-1.0024,4.2114,1.1597,0.061,lying,Charlotte,small
1785662411.9009972,2519790,0.1406,-0.0034,-1.0049,4.4556,1.0986,0.1221,lying,Charlotte,small
1785662411.9010015,2519840,0.1416,-0.0059,-0.9985,4.2114,1.2817,-0.061,lying,Charlotte,small
1785662411.9010055,2519890,0.1431,-0.0073,-0.998,4.4556,1.2817,-0.061,lying,Charlotte,small
1785662411.9010093,2519940,0.1401,0.001,-0.9995,4.2114,1.1597,0.0,lying,Charlotte,small
1785662411.9010131,2519990,0.1406,-0.0073,-1.002,4.3945,1.0986,-0.061,lying,Charlotte,small
1785662411.9010174,2520040,0.1411,-0.0024,-0.9985,4.3335,1.1597,0.1221,lying,Charlotte,small
1785662411.901021,2520090,0.1401,-0.0059,-1.001,4.3945,0.9155,0.061,lying,Charlotte,small
1785662411.901025,2520140,0.1411,-0.0029,-0.998,4.2114,1.0376,0.3052,lying,Charlotte,small
1785662417.2175665,2520261,0.1406,-0.0034,-1.0005,4.3335,0.8545,0.1831,lying,Charlotte,small
1785662417.2175786,2520311,0.1377,-0.001,-1.0024,4.5166,0.9766,-0.061,lying,Charlotte,small
1785662417.2175841,2520361,0.1416,-0.0044,-1.0093,4.4556,0.8545,-0.061,lying,Charlotte,small
1785662417.2175887,2520411,0.1367,-0.0044,-1.0029,4.3335,0.9766,-0.1221,lying,Charlotte,small
1785662417.2175922,2520461,0.1377,-0.0024,-1.0015,4.2114,1.0376,-0.1831,lying,Charlotte,small
1785662417.217596,2520511,0.1436,-0.0059,-1.0044,4.3335,0.9766,0.1831,lying,Charlotte,small
1785662417.2176003,2520561,0.1406,-0.0024,-1.0029,4.2114,1.0986,0.061,lying,Charlotte,small
1785662417.2176042,2520611,0.1392,-0.0059,-1.0068,4.2114,1.1597,-0.1831,lying,Charlotte,small
1785662417.2176077,2520661,0.1401,-0.0049,-1.0063,4.2114,0.9155,-0.2441,lying,Charlotte,small
1785662417.2176116,2520711,0.1406,-0.0015,-1.0039,4.3335,1.2207,-0.1221,lying,Charlotte,small
1785662422.6190872,2528901,0.1421,-0.0015,-0.9966,4.3335,1.0986,-0.1221,lying,Charlotte,small
1785662422.6190991,2528951,0.1382,-0.0063,-1.0049,4.2725,1.0986,0.061,lying,Charlotte,small
1785662422.6191046,2529001,0.1406,-0.0029,-1.0044,4.2725,1.0376,0.1831,lying,Charlotte,small
1785662422.6191094,2529051,0.1377,-0.0039,-0.9971,4.3945,1.2207,0.0,lying,Charlotte,small
1785662422.619114,2529101,0.1406,-0.0005,-1.0044,4.0894,1.0376,-0.1831,lying,Charlotte,small
1785662422.619118,2529151,0.1367,-0.002,-1.001,4.5776,0.9766,0.061,lying,Charlotte,small
1785662422.6191223,2529201,0.1387,0.0005,-1.0005,4.3335,1.0986,-0.2441,lying,Charlotte,small
1785662422.6191263,2529251,0.1426,-0.0049,-0.9976,4.3945,1.2207,0.1831,lying,Charlotte,small
1785662422.6191301,2529301,0.1343,-0.0034,-0.9966,4.5166,1.0376,-0.3662,lying,Charlotte,small
1785662422.6191337,2529351,0.1411,-0.0049,-1.0005,4.5166,1.0376,-0.1831,lying,Charlotte,small
1785662423.389197,2530962,0.1426,-0.0059,-0.9961,4.5166,1.0986,0.0,lying,Charlotte,small
1785662423.3892055,2531012,0.1353,0.0029,-0.9985,4.2725,1.0986,0.0,lying,Charlotte,small
1785662423.3892102,2531062,0.1411,-0.0054,-1.0107,4.2725,1.0376,0.061,lying,Charlotte,small
1785662423.3892148,2531112,0.1421,-0.0024,-0.9985,4.2114,1.1597,0.0,lying,Charlotte,small
1785662423.3892183,2531162,0.1411,-0.001,-1.001,4.2725,0.8545,0.2441,lying,Charlotte,small
1785662423.3892224,2531212,0.1431,-0.0034,-1.0049,4.2725,1.2817,0.1221,lying,Charlotte,small
1785662423.3892262,2531262,0.1406,-0.0044,-1.0034,4.3945,1.0376,-0.1221,lying,Charlotte,small
1785662423.38923,2531312,0.1401,-0.0044,-1.0068,4.3335,1.0376,-0.1831,lying,Charlotte,small
1785662423.3892336,2531362,0.1411,-0.0029,-1.002,4.2114,1.1597,0.061,lying,Charlotte,small
1785662423.3892374,2531412,0.1455,-0.0068,-1.0078,4.4556,1.1597,0.2441,lying,Charlotte,small
1785662431.4963276,2536433,0.1416,-0.0034,-1.0015,4.2114,1.0376,-0.3052,lying,Charlotte,small
1785662431.4963398,2536483,0.1401,-0.0049,-0.9985,4.4556,1.1597,-0.061,lying,Charlotte,small
1785662431.496345,2536533,0.1387,0.0005,-1.0034,4.1504,1.0986,-0.1831,lying,Charlotte,small
1785662431.4963503,2536583,0.1401,-0.0059,-1.0063,4.3335,1.4038,-0.1221,lying,Charlotte,small
1785662431.496354,2536633,0.1406,-0.0044,-1.0005,4.2114,1.0376,0.0,lying,Charlotte,small
1785662431.496358,2536683,0.1401,-0.0034,-1.0029,4.2725,0.9155,0.1221,lying,Charlotte,small
1785662431.4963622,2536733,0.1411,-0.0034,-0.9985,4.2114,0.9766,-0.1221,lying,Charlotte,small
1785662431.496366,2536783,0.1426,-0.0015,-1.0044,4.5166,1.0986,-0.1221,lying,Charlotte,small
1785662431.49637,2536833,0.1416,-0.0078,-1.0049,4.3335,1.2207,-0.3052,lying,Charlotte,small
1785662431.4963744,2536883,0.1396,-0.0044,-1.0,4.1504,1.0986,0.3052,lying,Charlotte,small
1785662434.5825455,2539833,0.1392,-0.0049,-0.9995,4.3335,0.9155,0.0,lying,Charlotte,small
1785662434.5825577,2539883,0.1372,-0.0005,-0.9976,4.2725,1.2817,0.1221,lying,Charlotte,small
1785662434.5825636,2539933,0.1387,-0.0044,-1.0029,4.7607,1.0986,-0.1221,lying,Charlotte,small
1785662434.5825682,2539983,0.1401,-0.0024,-1.0059,4.3945,1.0986,-0.3052,lying,Charlotte,small
1785662434.5825722,2540033,0.1367,-0.0024,-1.0039,4.3335,1.0376,-0.2441,lying,Charlotte,small
1785662434.582576,2540083,0.1392,-0.0034,-1.0,4.2725,1.0986,-0.061,lying,Charlotte,small
1785662434.5825796,2540133,0.1401,0.0,-1.0044,4.3335,1.0986,0.1221,lying,Charlotte,small
1785662434.5825837,2540183,0.1406,-0.0049,-1.0024,4.5776,0.9766,-0.1221,lying,Charlotte,small
1785662434.5825875,2540233,0.1396,-0.0049,-0.998,4.2114,0.9766,-0.1221,lying,Charlotte,small
1785662434.582591,2540283,0.1396,-0.0044,-1.0034,4.0894,1.3428,-0.1221,lying,Charlotte,small
1785662437.6150694,2542925,0.1431,-0.0044,-1.0,4.2725,1.3428,0.0,lying,Charlotte,small
1785662437.6150846,2542975,0.1411,-0.0049,-1.001,4.2114,1.0986,-0.2441,lying,Charlotte,small
1785662437.615093,2543025,0.144,-0.0107,-0.999,4.3945,1.2817,0.061,lying,Charlotte,small
1785662437.6151004,2543075,0.1401,-0.0078,-0.9995,4.2725,0.7935,0.0,lying,Charlotte,small
1785662437.615107,2543125,0.1426,0.0029,-1.0039,4.3945,1.0376,-0.061,lying,Charlotte,small
1785662437.6151137,2543175,0.1431,-0.002,-1.0083,4.3335,1.2817,0.061,lying,Charlotte,small
1785662437.615118,2543225,0.1401,-0.0044,-1.002,4.3335,0.9766,-0.3052,lying,Charlotte,small
1785662437.6151218,2543275,0.1421,-0.0083,-1.0049,4.2114,1.2207,0.061,lying,Charlotte,small
1785662437.6151257,2543325,0.1377,-0.002,-1.0044,4.2114,1.1597,-0.061,lying,Charlotte,small
1785662437.6151292,2543375,0.1436,-0.0034,-1.0049,4.2725,1.0376,-0.1221,lying,Charlotte,small
1785662439.2231228,2545993,0.1406,-0.0059,-1.0029,4.2114,1.1597,-0.1221,lying,Charlotte,small
1785662439.223135,2546043,0.1406,-0.0044,-0.9937,4.3335,1.2207,-0.1221,lying,Charlotte,small
1785662439.22314,2546093,0.1406,-0.0063,-1.0005,4.2114,1.1597,0.0,lying,Charlotte,small
1785662439.2231448,2546143,0.1372,0.0,-1.0015,4.2725,1.0986,-0.3052,lying,Charlotte,small
1785662439.2231486,2546193,0.1406,-0.0039,-1.0,4.0894,1.0986,0.061,lying,Charlotte,small
1785662439.2231524,2546243,0.1431,-0.0039,-1.0005,4.5166,1.0376,-0.1831,lying,Charlotte,small
1785662439.223157,2546293,0.1421,-0.0054,-0.998,4.4556,1.0376,-0.1831,lying,Charlotte,small
1785662439.2231607,2546343,0.1406,-0.0005,-1.0063,4.2725,1.2207,-0.1831,lying,Charlotte,small
1785662439.2231674,2546393,0.1382,-0.002,-1.0054,4.5166,1.1597,0.061,lying,Charlotte,small
1785662439.2231712,2546443,0.1431,-0.0059,-1.0039,4.3335,0.7935,-0.3052,lying,Charlotte,small
1785662439.7344832,2547556,0.1406,-0.001,-1.002,4.4556,0.7935,-0.1221,lying,Charlotte,small
1785662439.734498,2547606,0.1401,0.0029,-1.0068,4.3335,1.0986,-0.061,lying,Charlotte,small
1785662439.7345033,2547656,0.1411,0.0,-1.0059,4.2725,0.8545,0.061,lying,Charlotte,small
1785662439.734508,2547706,0.1431,-0.0054,-1.0049,4.3335,1.0376,0.0,lying,Charlotte,small
1785662439.7345119,2547756,0.1421,-0.0068,-1.0078,4.3335,1.2207,0.3052,lying,Charlotte,small
1785662439.7345157,2547806,0.1348,0.001,-1.0015,4.2725,0.9766,-0.3662,lying,Charlotte,small
1785662439.7345204,2547856,0.1401,-0.0122,-1.0083,4.2725,1.1597,0.1221,lying,Charlotte,small
1785662439.734524,2547906,0.1367,-0.0034,-1.0103,4.3335,1.0986,0.3052,lying,Charlotte,small
1785662439.7345278,2547956,0.1357,-0.0034,-0.9971,4.1504,1.1597,0.061,lying,Charlotte,small
1785662439.7345314,2548006,0.1421,-0.0063,-1.0024,4.1504,0.9155,0.1831,lying,Charlotte,small
1785662445.7422323,2548068,0.1401,-0.0059,-1.0083,4.2725,1.1597,-0.2441,lying,Charlotte,small
1785662445.7422447,2548118,0.1401,-0.002,-1.0024,4.3335,1.0376,-0.1831,lying,Charlotte,small
1785662445.7422497,2548168,0.145,-0.0054,-0.9995,4.2725,1.1597,0.1221,lying,Charlotte,small
1785662445.7422543,2548218,0.1426,-0.0063,-1.0083,4.5166,1.0986,-0.1831,lying,Charlotte,small
1785662445.742258,2548268,0.1372,-0.0034,-0.9976,4.2114,1.1597,0.0,lying,Charlotte,small
1785662445.7422624,2548318,0.1392,-0.0005,-1.0024,4.4556,1.2817,-0.1831,lying,Charlotte,small
1785662445.742267,2548368,0.1396,0.0,-0.9941,4.3335,1.0986,-0.061,lying,Charlotte,small
1785662445.7422707,2548418,0.1431,-0.0083,-1.0098,4.2725,1.1597,0.1221,lying,Charlotte,small
1785662445.7422745,2548468,0.1411,-0.0039,-1.0063,4.2725,1.0986,-0.1221,lying,Charlotte,small
1785662445.7422783,2548518,0.1396,-0.0059,-1.0103,4.2725,1.2817,-0.1221,lying,Charlotte,small
1785662445.7952821,2553606,0.1411,0.0015,-1.0,4.2725,1.0376,0.1221,lying,Charlotte,small
1785662445.7952943,2553656,0.1426,0.001,-1.0044,4.1504,1.0376,-0.4272,lying,Charlotte,small
1785662445.7952995,2553706,0.144,-0.0059,-1.0068,3.9673,0.9766,-0.1221,lying,Charlotte,small
1785662445.7953045,2553756,0.1426,-0.0029,-1.0049,4.3945,0.9155,0.1831,lying,Charlotte,small
1785662445.7953084,2553806,0.1416,-0.0039,-1.0005,4.3335,1.2817,-0.061,lying,Charlotte,small
1785662445.7953122,2553856,0.1392,-0.0059,-1.0029,4.3335,1.0986,-0.1221,lying,Charlotte,small
1785662445.7953162,2553906,0.145,-0.0049,-1.0112,4.3335,1.1597,-0.1221,lying,Charlotte,small
1785662445.79532,2553956,0.144,-0.0078,-1.0078,4.1504,1.0986,0.2441,lying,Charlotte,small
1785662445.7953236,2554006,0.1416,-0.0073,-0.9941,4.2114,1.1597,-0.3052,lying,Charlotte,small
1785662445.7953274,2554056,0.1421,-0.0015,-0.9956,4.4556,1.0376,-0.1831,lying,Charlotte,small
1785662446.3248565,2554128,0.1426,-0.0024,-1.0088,4.4556,1.0376,-0.1221,lying,Charlotte,small
1785662446.3248692,2554178,0.1416,-0.0024,-1.0068,4.2114,1.2207,-0.061,lying,Charlotte,small
1785662446.3248744,2554228,0.1416,-0.0044,-0.999,4.3945,1.0986,0.1831,lying,Charlotte,small
1785662446.3248792,2554278,0.1431,-0.0039,-1.0063,4.5776,1.0986,-0.1221,lying,Charlotte,small
1785662446.3248827,2554328,0.1416,-0.002,-1.0039,4.5166,0.8545,-0.061,lying,Charlotte,small
1785662446.3248866,2554378,0.1436,-0.0054,-1.002,4.2114,1.0986,0.1221,lying,Charlotte,small
1785662446.3248906,2554428,0.1411,-0.0059,-1.0034,4.3335,1.4038,-0.1221,lying,Charlotte,small
1785662446.3248944,2554478,0.1426,-0.0039,-1.0,4.3945,1.0986,-0.061,lying,Charlotte,small
1785662446.324898,2554528,0.1377,-0.0054,-1.0044,4.2725,1.2207,-0.4272,lying,Charlotte,small
1785662446.3249018,2554578,0.1406,-0.0063,-1.0,4.1504,0.9766,0.1831,lying,Charlotte,small
1785662447.8159919,2555632,0.1392,-0.0068,-0.9976,4.3945,0.9155,0.0,lying,Charlotte,small
1785662447.8160055,2555682,0.1392,-0.0005,-1.0029,4.3335,1.0986,-0.1831,lying,Charlotte,small
1785662447.8160126,2555732,0.1406,-0.0054,-1.002,4.3335,0.9155,0.1221,lying,Charlotte,small
1785662447.8160193,2555782,0.144,-0.0083,-1.0024,4.3945,1.0376,0.0,lying,Charlotte,small
1785662447.8160243,2555832,0.1431,-0.001,-1.0034,4.2114,1.0986,-0.1221,lying,Charlotte,small
1785662447.8160298,2555882,0.1406,-0.0024,-1.0005,4.3335,1.2817,0.061,lying,Charlotte,small
1785662447.8160353,2555932,0.1382,-0.0039,-1.0059,4.0894,0.9155,-0.061,lying,Charlotte,small
1785662447.8160408,2555982,0.1406,-0.0024,-1.0039,4.3335,1.0376,-0.2441,lying,Charlotte,small
1785662447.8160458,2556032,0.1362,-0.0093,-1.0034,4.5166,1.0986,-0.061,lying,Charlotte,small
1785662447.8160508,2556082,0.1406,-0.0098,-1.0039,4.5166,1.0986,-0.061,lying,Charlotte,small
1785662449.3976805,2557074,0.1406,-0.0039,-0.9951,4.2725,1.1597,0.1221,lying,Charlotte,small
1785662449.397693,2557124,0.1357,-0.0049,-1.0024,4.3335,1.0376,0.0,lying,Charlotte,small
1785662449.3976967,2557174,0.1396,-0.0034,-1.0073,4.0894,1.0986,-0.1831,lying,Charlotte,small
1785662449.3977005,2557224,0.1396,-0.0005,-1.0039,4.5776,1.1597,0.3052,lying,Charlotte,small
1785662449.3977041,2557274,0.1411,-0.0015,-1.0029,4.2725,1.0376,0.0,lying,Charlotte,small
1785662449.3977075,2557324,0.1411,-0.0029,-1.0059,4.1504,1.0986,0.1221,lying,Charlotte,small
1785662449.3977106,2557374,0.1431,-0.0088,-1.002,4.3335,1.0376,-0.061,lying,Charlotte,small
1785662449.397714,2557424,0.1436,-0.0088,-1.0122,4.4556,1.2207,-0.1221,lying,Charlotte,small
1785662449.3977168,2557474,0.1401,-0.0005,-1.0015,4.6997,1.2207,0.1831,lying,Charlotte,small
1785662449.39772,2557524,0.1401,-0.0029,-1.002,4.5776,1.0986,-0.3052,lying,Charlotte,small
1785662452.9367886,2560168,0.1411,-0.0044,-1.0015,4.2725,0.9766,0.0,lying,Charlotte,small
1785662452.9368007,2560218,0.1387,-0.0034,-0.9941,4.3335,1.1597,-0.1221,lying,Charlotte,small
1785662452.9368064,2560268,0.1416,-0.0054,-1.0029,4.3335,1.2817,-0.1831,lying,Charlotte,small
1785662452.9368107,2560318,0.1392,-0.0044,-1.0034,4.3335,0.9766,-0.1221,lying,Charlotte,small
1785662452.9368145,2560368,0.1436,-0.0049,-1.0024,4.3945,0.8545,0.2441,lying,Charlotte,small
1785662452.9368181,2560418,0.1411,-0.0063,-1.0098,4.3945,1.1597,0.0,lying,Charlotte,small
1785662452.9368222,2560468,0.1392,-0.0029,-1.0059,4.0894,0.9155,-0.2441,lying,Charlotte,small
1785662452.9368262,2560518,0.1401,-0.0044,-1.0054,4.3335,1.2817,0.0,lying,Charlotte,small
1785662452.9368298,2560568,0.1401,-0.0049,-1.0054,4.3945,1.0376,0.061,lying,Charlotte,small
1785662452.9368334,2560618,0.1392,-0.0059,-0.999,4.3335,1.0376,0.061,lying,Charlotte,small
1785662453.748826,2561274,0.1421,-0.0073,-1.0015,4.1504,0.9155,0.1831,lying,Charlotte,small
1785662453.7488387,2561324,0.1411,-0.0098,-1.0005,4.2114,1.2207,-0.1831,lying,Charlotte,small
1785662453.7488441,2561374,0.1421,-0.001,-1.0063,4.0894,1.0376,0.1221,lying,Charlotte,small
1785662453.748849,2561424,0.1392,-0.0054,-1.002,4.1504,1.1597,-0.1831,lying,Charlotte,small
1785662453.7488527,2561474,0.1401,-0.0015,-1.002,4.2114,0.7935,0.0,lying,Charlotte,small
1785662453.748857,2561524,0.1411,-0.0034,-1.0015,4.2114,0.9766,-0.1221,lying,Charlotte,small
1785662453.7488616,2561574,0.1421,-0.0024,-1.0029,4.3945,1.1597,-0.1831,lying,Charlotte,small
1785662453.7488656,2561624,0.1436,-0.0054,-1.0054,4.5166,1.0376,-0.2441,lying,Charlotte,small
1785662453.7488694,2561674,0.1426,-0.0024,-1.0034,4.4556,0.9766,-0.2441,lying,Charlotte,small
1785662453.748873,2561724,0.1382,-0.0044,-0.998,4.6387,1.0376,0.1831,lying,Charlotte,small
1785662454.2709098,2562089,0.1392,-0.002,-1.0039,4.2725,1.0376,-0.1831,lying,Charlotte,small
1785662454.2709272,2562139,0.1357,-0.0029,-0.999,4.2725,1.1597,0.1221,lying,Charlotte,small
1785662454.2709324,2562189,0.1382,-0.0063,-1.0,4.4556,1.2207,-0.1831,lying,Charlotte,small
1785662454.2709372,2562239,0.1406,-0.0103,-1.0068,4.2725,1.4038,-0.2441,lying,Charlotte,small
1785662454.2709415,2562289,0.1411,-0.0034,-1.0024,4.2114,1.0376,-0.061,lying,Charlotte,small
1785662454.2709458,2562339,0.1421,-0.002,-1.0059,4.3335,1.2817,0.0,lying,Charlotte,small
1785662454.2709503,2562389,0.1396,-0.0044,-1.0005,4.5166,1.2817,0.1831,lying,Charlotte,small
1785662454.2709548,2562439,0.1431,-0.0024,-1.0034,4.5776,1.0986,-0.1831,lying,Charlotte,small
1785662454.270959,2562489,0.1377,-0.0088,-1.0005,4.3945,0.9155,0.061,lying,Charlotte,small
1785662454.270963,2562539,0.1411,-0.0068,-1.0068,4.2114,1.2207,0.061,lying,Charlotte,small
1785662455.394937,2562610,0.1411,-0.0054,-1.0039,4.2725,1.3428,0.1831,lying,Charlotte,small
1785662455.394944,2562660,0.1479,-0.0088,-1.0078,4.2114,1.0376,-0.061,lying,Charlotte,small
1785662455.3949478,2562710,0.1382,-0.002,-1.0005,4.2114,1.0376,-0.1221,lying,Charlotte,small
1785662455.3949513,2562760,0.1406,-0.0054,-1.002,4.2725,1.0376,0.0,lying,Charlotte,small
1785662455.3949544,2562810,0.145,-0.0088,-1.0005,4.3335,0.9766,-0.2441,lying,Charlotte,small
1785662455.3949578,2562860,0.1406,-0.0078,-1.0083,4.3945,1.0376,0.061,lying,Charlotte,small
1785662455.3949609,2562910,0.1362,0.0015,-0.9976,4.3335,1.0986,0.0,lying,Charlotte,small
1785662455.394964,2562960,0.1436,-0.0034,-1.0054,4.5776,1.2817,0.3052,lying,Charlotte,small
1785662455.394967,2563010,0.1431,-0.0059,-1.0039,4.3335,1.1597,-0.1831,lying,Charlotte,small
1785662455.3949702,2563060,0.1392,0.0015,-1.0049,4.3335,1.0986,0.1831,lying,Charlotte,small
1785662462.4996736,2567425,0.144,-0.0044,-1.0,4.1504,1.1597,0.061,lying,Charlotte,small
1785662462.4996877,2567475,0.1426,-0.0015,-1.0034,4.2725,1.0986,-0.1831,lying,Charlotte,small
1785662462.4996965,2567525,0.1401,-0.0024,-1.0005,4.5166,1.0376,0.0,lying,Charlotte,small
1785662462.4997036,2567575,0.1421,-0.0063,-1.0034,4.2725,1.1597,0.2441,lying,Charlotte,small
1785662462.4997091,2567625,0.1411,-0.0024,-1.0,4.1504,1.0376,-0.3662,lying,Charlotte,small
1785662462.499713,2567675,0.1406,-0.002,-0.998,4.3335,0.9766,0.1221,lying,Charlotte,small
1785662462.4997175,2567725,0.1436,-0.0029,-0.9966,4.3945,0.8545,-0.061,lying,Charlotte,small
1785662462.4997213,2567775,0.1392,-0.0078,-1.0024,4.2725,1.0986,0.061,lying,Charlotte,small
1785662462.499725,2567825,0.1367,-0.0044,-1.001,4.2725,0.9155,-0.061,lying,Charlotte,small
1785662462.4997287,2567875,0.1416,-0.0034,-1.0059,4.4556,1.2207,-0.2441,lying,Charlotte,small
1785662463.5016704,2570837,0.1426,-0.0044,-1.0,4.4556,1.2207,0.061,lying,Charlotte,small
1785662463.5016818,2570887,0.1392,-0.0015,-1.0029,4.5166,0.8545,0.0,lying,Charlotte,small
1785662463.5016878,2570937,0.1401,-0.0005,-1.0078,4.3945,1.2207,-0.1221,lying,Charlotte,small
1785662463.5016928,2570987,0.1367,0.001,-1.0054,4.2725,1.1597,-0.1831,lying,Charlotte,small
1785662463.5016966,2571037,0.1396,-0.0049,-1.0054,4.0283,1.2817,0.0,lying,Charlotte,small
1785662463.5017,2571087,0.1392,-0.0005,-1.0,4.2725,1.0986,0.0,lying,Charlotte,small
1785662463.5017035,2571137,0.1401,-0.0024,-1.0024,4.5166,0.9766,-0.1221,lying,Charlotte,small
1785662463.5017076,2571187,0.1401,-0.0039,-1.0083,4.3335,1.0986,-0.061,lying,Charlotte,small
1785662463.5017114,2571237,0.1392,-0.0068,-1.0024,4.3335,1.0376,0.1221,lying,Charlotte,small
1785662463.501715,2571287,0.1421,-0.002,-1.0029,4.2114,1.1597,0.061,lying,Charlotte,small
1785662464.0192587,2571836,0.1421,-0.0034,-1.0054,4.2114,1.2207,-0.2441,lying,Charlotte,small
1785662464.0192695,2571886,0.1362,-0.0049,-1.001,4.3335,1.1597,-0.061,lying,Charlotte,small
1785662464.0192745,2571936,0.1431,-0.0034,-1.0,4.3945,1.0986,0.0,lying,Charlotte,small
1785662464.019279,2571986,0.1382,-0.0024,-1.001,4.3335,1.0376,-0.1831,lying,Charlotte,small
1785662464.019283,2572036,0.1387,-0.0044,-1.0034,4.4556,1.0986,0.0,lying,Charlotte,small
1785662464.0192866,2572086,0.1401,-0.0029,-0.9961,4.2114,0.8545,0.061,lying,Charlotte,small
1785662464.019291,2572136,0.1382,-0.0005,-1.0039,4.4556,1.0986,0.1221,lying,Charlotte,small
1785662464.019295,2572186,0.1416,-0.002,-1.0,4.3335,1.0376,-0.2441,lying,Charlotte,small
1785662464.0192986,2572236,0.1416,-0.002,-1.0068,4.3945,0.9766,0.061,lying,Charlotte,small
1785662464.0193024,2572286,0.1445,-0.0034,-1.0044,4.3335,0.9766,0.1221,lying,Charlotte,small
1785662465.537272,2572358,0.1426,-0.0005,-1.0054,4.3335,1.0376,0.1831,lying,Charlotte,small
1785662465.5372877,2572408,0.1377,-0.0015,-1.0015,4.4556,1.0986,-0.061,lying,Charlotte,small
1785662465.5372918,2572458,0.146,-0.0073,-1.0029,4.6387,1.2207,-0.1221,lying,Charlotte,small
1785662465.5372956,2572508,0.1411,-0.0059,-1.0078,4.4556,1.1597,-0.061,lying,Charlotte,small
1785662465.5372987,2572558,0.1401,-0.0068,-1.0029,4.2725,0.9155,0.2441,lying,Charlotte,small
1785662465.5373015,2572608,0.1382,-0.0059,-0.999,4.2725,1.0986,-0.2441,lying,Charlotte,small
1785662465.5373049,2572658,0.1367,-0.0039,-0.9966,4.2114,1.2817,-0.061,lying,Charlotte,small
1785662465.537308,2572708,0.1382,-0.0024,-1.0044,4.5776,1.2207,-0.1221,lying,Charlotte,small
1785662465.537311,2572758,0.1416,-0.0024,-1.0,4.2114,0.9155,-0.1221,lying,Charlotte,small
1785662465.537314,2572808,0.1406,-0.0059,-1.0073,4.5776,1.0376,-0.1221,lying,Charlotte,small
1785662467.2796745,2574266,0.1411,-0.001,-1.0024,4.2725,1.2207,-0.061,lying,Charlotte,small
1785662467.2796898,2574316,0.1455,-0.0068,-1.0024,4.1504,1.2207,-0.061,lying,Charlotte,small
1785662467.279695,2574366,0.1431,-0.0054,-1.0049,4.3945,1.2817,-0.3662,lying,Charlotte,small
1785662467.2796996,2574416,0.1396,-0.0034,-1.0,4.4556,0.9766,0.3662,lying,Charlotte,small
1785662467.2797036,2574466,0.1416,-0.0005,-1.0068,4.4556,1.0986,-0.061,lying,Charlotte,small
1785662467.2797077,2574516,0.1421,-0.0049,-1.0044,4.5166,1.2207,-0.061,lying,Charlotte,small
1785662467.2797117,2574566,0.1445,0.0,-1.002,4.2725,1.0376,0.061,lying,Charlotte,small
1785662467.2797158,2574616,0.1421,-0.0054,-1.0059,4.3335,1.2817,-0.1221,lying,Charlotte,small
1785662467.2797196,2574666,0.1445,-0.0034,-1.001,4.3945,0.8545,0.0,lying,Charlotte,small
1785662467.2797232,2574716,0.1445,-0.0024,-0.999,4.0894,1.0986,0.1831,lying,Charlotte,small
1785662467.85927,2575632,0.1396,-0.0029,-1.0039,4.0894,1.1597,-0.2441,lying,Charlotte,small
1785662467.8592832,2575682,0.1416,-0.0063,-1.0005,4.4556,1.1597,-0.1221,lying,Charlotte,small
1785662467.8592887,2575732,0.1401,0.0,-0.9985,4.2725,1.0986,-0.3662,lying,Charlotte,small
1785662467.8592932,2575782,0.1396,-0.0024,-1.0029,4.5166,1.0986,-0.061,lying,Charlotte,small
1785662467.8592973,2575832,0.1411,-0.0039,-1.0024,4.2725,1.1597,0.1221,lying,Charlotte,small
1785662467.859301,2575882,0.1416,-0.0024,-1.0049,4.4556,1.0986,0.3052,lying,Charlotte,small
1785662467.8593051,2575932,0.1445,-0.0054,-1.002,4.2114,1.0376,0.0,lying,Charlotte,small
1785662467.8593087,2575982,0.1431,-0.0063,-1.0034,4.5166,1.0986,-0.3052,lying,Charlotte,small
1785662467.8593125,2576032,0.1387,0.002,-1.0049,4.3335,1.1597,0.1221,lying,Charlotte,small
1785662467.8593166,2576082,0.1416,-0.0039,-1.0039,4.2725,1.0986,-0.2441,lying,Charlotte,small
1785662468.3987122,2576199,0.1416,-0.0063,-1.0024,4.5166,1.1597,-0.1221,lying,Charlotte,small
1785662468.3987224,2576249,0.1426,-0.0054,-1.0049,4.3335,1.0986,-0.2441,lying,Charlotte,small
1785662468.3987265,2576299,0.1406,-0.0068,-1.0093,4.2725,1.0376,-0.2441,lying,Charlotte,small
1785662468.39873,2576349,0.1411,0.0029,-1.0034,4.4556,0.9766,-0.1221,lying,Charlotte,small
1785662468.3987334,2576399,0.1406,-0.0034,-1.0054,4.3945,1.0986,-0.1831,lying,Charlotte,small
1785662468.3987365,2576449,0.1392,-0.0024,-1.0015,4.2725,1.0986,-0.3052,lying,Charlotte,small
1785662468.3987393,2576499,0.1377,-0.0044,-0.9966,4.2114,1.1597,-0.2441,lying,Charlotte,small
1785662468.3987424,2576549,0.1401,-0.0049,-1.0,4.3945,1.1597,-0.1831,lying,Charlotte,small
1785662468.3987455,2576599,0.1411,-0.0049,-0.9976,4.2114,1.0376,-0.2441,lying,Charlotte,small
1785662468.3987484,2576649,0.1431,-0.0034,-1.0005,4.2114,0.9766,-0.1221,lying,Charlotte,small
1785662472.804277,2578832,0.1396,-0.0068,-1.0049,4.2725,1.4648,0.061,lying,Charlotte,small
1785662472.8042889,2578882,0.1406,-0.0063,-1.0078,4.3335,0.9766,0.0,lying,Charlotte,small
1785662472.804294,2578932,0.1426,-0.0034,-1.0015,4.3945,1.2817,-0.1221,lying,Charlotte,small
1785662472.8042984,2578982,0.1372,-0.0024,-1.001,4.4556,1.0376,0.1221,lying,Charlotte,small
1785662472.8043027,2579032,0.1406,-0.0024,-1.0,4.2725,0.9766,0.1831,lying,Charlotte,small
1785662472.8043063,2579082,0.146,-0.0024,-1.0024,4.5166,1.2817,-0.1831,lying,Charlotte,small
1785662472.8043106,2579132,0.1392,-0.0049,-1.0029,4.2725,0.9766,-0.061,lying,Charlotte,small
1785662472.8043141,2579182,0.1401,-0.0024,-1.0005,4.3945,1.2207,0.061,lying,Charlotte,small
1785662472.804318,2579232,0.1396,-0.0059,-1.0059,4.2725,0.9766,0.061,lying,Charlotte,small
1785662472.8043215,2579282,0.1396,-0.0073,-1.0024,4.5166,0.9766,0.0,lying,Charlotte,small
1785662476.0030048,2581136,0.1426,-0.001,-1.0049,4.2114,1.0376,0.061,lying,Charlotte,small
1785662476.0030212,2581186,0.1406,-0.002,-1.0029,4.2725,1.4038,0.061,lying,Charlotte,small
1785662476.0030267,2581236,0.1426,-0.0039,-1.0,4.2725,1.0376,0.0,lying,Charlotte,small
1785662476.003031,2581286,0.1377,-0.0039,-1.0054,4.2725,1.0986,-0.061,lying,Charlotte,small
1785662476.0030353,2581336,0.1426,-0.0024,-1.0015,4.2725,1.2207,0.0,lying,Charlotte,small
1785662476.003039,2581386,0.1426,0.001,-1.0054,4.3945,0.9155,0.061,lying,Charlotte,small
1785662476.0030427,2581436,0.1401,-0.0063,-1.0029,4.2725,1.0986,0.0,lying,Charlotte,small
1785662476.0030468,2581486,0.1387,-0.0029,-0.9976,4.3335,1.2207,0.1831,lying,Charlotte,small
1785662476.0030506,2581536,0.1401,-0.0039,-0.9985,4.4556,1.3428,0.0,lying,Charlotte,small
1785662476.0030541,2581586,0.1392,-0.001,-1.0117,4.3945,0.8545,-0.061,lying,Charlotte,small
1785662476.5206938,2584339,0.1421,-0.0044,-1.0068,4.5166,1.2817,0.0,lying,Charlotte,small
1785662476.5207076,2584389,0.1387,-0.002,-1.0039,4.2114,1.2207,0.0,lying,Charlotte,small
1785662476.5207138,2584439,0.1416,-0.0029,-1.0039,4.2114,1.1597,-0.1831,lying,Charlotte,small
1785662476.5207195,2584489,0.1401,-0.001,-1.0049,4.3335,0.9766,0.2441,lying,Charlotte,small
1785662476.5207253,2584539,0.1421,-0.0024,-1.0054,4.6997,1.0986,0.0,lying,Charlotte,small
1785662476.5207307,2584589,0.1348,0.0,-1.0015,4.2725,1.0376,-0.061,lying,Charlotte,small
1785662476.5207355,2584639,0.1416,-0.0073,-1.0034,4.2114,1.0986,-0.1221,lying,Charlotte,small
1785662476.5207407,2584689,0.1416,0.0005,-1.0083,4.2114,1.0376,-0.2441,lying,Charlotte,small
1785662476.520746,2584739,0.1396,-0.0005,-1.0015,4.2114,1.0986,0.2441,lying,Charlotte,small
1785662476.520751,2584789,0.1401,-0.0049,-1.0029,4.2725,1.0986,-0.061,lying,Charlotte,small
1785662477.3885417,2584852,0.1387,-0.0049,-1.0049,4.2725,0.9155,-0.061,lying,Charlotte,small
1785662477.3885512,2584902,0.144,-0.002,-1.0068,4.3945,1.2207,0.0,lying,Charlotte,small
1785662477.388556,2584952,0.1416,-0.0088,-1.0073,4.4556,1.0986,-0.1831,lying,Charlotte,small
1785662477.3885603,2585002,0.1445,-0.0029,-1.0083,4.3945,0.9766,0.1221,lying,Charlotte,small
1785662477.3885646,2585052,0.1445,-0.0005,-1.0039,4.5776,1.0376,-0.1221,lying,Charlotte,small
1785662477.3885686,2585102,0.1455,-0.0015,-1.0054,4.4556,0.9766,-0.061,lying,Charlotte,small
1785662477.388573,2585152,0.1406,-0.0049,-1.0034,4.2725,1.0986,-0.1831,lying,Charlotte,small
1785662477.388577,2585202,0.1392,-0.0063,-1.0039,4.2725,1.1597,-0.1221,lying,Charlotte,small
1785662477.3885806,2585252,0.1416,-0.0029,-0.9961,4.4556,1.1597,-0.1221,lying,Charlotte,small
1785662477.3885844,2585302,0.1401,0.0015,-1.0039,4.2114,1.0986,0.0,lying,Charlotte,small
1785662478.690239,2586454,0.1416,-0.002,-1.0059,4.2725,1.0986,0.061,lying,Charlotte,small
1785662478.6902559,2586504,0.1401,-0.0015,-1.0015,4.5776,1.1597,-0.2441,lying,Charlotte,small
1785662478.6902645,2586554,0.1416,-0.0049,-1.002,4.0894,1.0986,0.061,lying,Charlotte,small
1785662478.6902728,2586604,0.1406,-0.002,-0.999,4.2114,1.1597,0.1221,lying,Charlotte,small
1785662478.6902804,2586654,0.1431,-0.0024,-1.0029,4.5166,1.3428,-0.1831,lying,Charlotte,small
1785662478.6902876,2586704,0.1387,-0.0034,-1.0063,4.4556,0.9766,0.2441,lying,Charlotte,small
1785662478.6902945,2586754,0.1436,-0.0073,-1.0098,4.3945,1.0376,0.0,lying,Charlotte,small
1785662478.6903017,2586804,0.1377,-0.002,-0.9995,4.6387,1.0986,0.1221,lying,Charlotte,small
1785662478.690309,2586854,0.1406,-0.0059,-1.0044,4.2114,1.3428,-0.1831,lying,Charlotte,small
1785662478.6903164,2586904,0.1392,-0.0034,-1.0024,4.2114,1.2207,-0.061,lying,Charlotte,small
1785662481.5543182,2589333,0.1426,-0.0054,-1.0,4.3945,1.2207,0.0,lying,Charlotte,small
1785662481.5543287,2589383,0.1406,-0.0034,-1.0029,4.3335,1.1597,-0.061,lying,Charlotte,small
1785662481.5543342,2589433,0.1426,-0.0029,-1.0049,4.3335,1.0986,-0.2441,lying,Charlotte,small
1785662481.554339,2589483,0.1372,-0.0015,-1.0024,4.5166,1.0376,0.0,lying,Charlotte,small
1785662481.554343,2589533,0.1426,-0.0049,-1.0024,4.4556,1.0986,-0.1221,lying,Charlotte,small
1785662481.554347,2589583,0.1367,-0.002,-0.9971,4.5166,1.0986,0.061,lying,Charlotte,small
1785662481.554351,2589633,0.1401,0.0,-0.998,4.3335,1.0986,-0.2441,lying,Charlotte,small
1785662481.554355,2589683,0.1401,-0.0083,-1.0049,4.4556,1.0376,0.3662,lying,Charlotte,small
1785662481.5543585,2589733,0.1406,-0.0063,-1.0073,4.4556,1.2817,-0.1831,lying,Charlotte,small
1785662481.5543625,2589783,0.1406,-0.0078,-1.0005,4.3335,0.9766,-0.1221,lying,Charlotte,small
1785662485.7028959,2589892,0.1411,-0.0073,-1.0034,4.3335,0.9766,0.1221,lying,Charlotte,small
1785662485.7029066,2589942,0.146,-0.0049,-1.0044,4.2114,1.1597,0.1221,lying,Charlotte,small
1785662485.702911,2589992,0.1396,-0.002,-1.0039,4.4556,1.2207,-0.1831,lying,Charlotte,small
1785662485.7029145,2590042,0.1387,0.0,-1.0005,4.3335,0.9155,0.2441,lying,Charlotte,small
1785662485.7029178,2590092,0.1421,-0.0039,-1.0024,4.3335,1.0986,-0.1221,lying,Charlotte,small
1785662485.702921,2590142,0.1431,-0.0024,-1.0029,4.3945,1.0376,0.1831,lying,Charlotte,small
1785662485.7029243,2590192,0.1387,-0.0015,-1.001,4.5776,1.1597,0.0,lying,Charlotte,small
1785662485.7029274,2590242,0.1411,-0.0044,-0.998,4.2725,1.0986,-0.1831,lying,Charlotte,small
1785662485.7029305,2590292,0.1401,-0.0049,-1.0024,4.1504,1.2207,-0.1831,lying,Charlotte,small
1785662485.7029335,2590342,0.1436,-0.0034,-1.0073,4.2114,1.2817,0.0,lying,Charlotte,small
1785662486.5251763,2594036,0.1401,-0.0039,-1.0034,4.2725,1.1597,-0.061,lying,Charlotte,small
1785662486.525187,2594086,0.1392,0.0015,-1.0054,4.2725,1.1597,-0.1221,lying,Charlotte,small
1785662486.5251913,2594136,0.1416,-0.0034,-1.0068,4.3335,0.8545,-0.1831,lying,Charlotte,small
1785662486.5251951,2594186,0.1416,-0.0068,-0.9971,4.3335,1.3428,0.061,lying,Charlotte,small
1785662486.525198,2594236,0.1401,-0.0073,-1.0034,4.2725,0.9766,0.0,lying,Charlotte,small
1785662486.525201,2594286,0.1431,-0.0034,-1.0024,4.5166,1.2207,-0.1831,lying,Charlotte,small
1785662486.5252044,2594336,0.1406,0.0015,-1.0049,4.2114,0.9766,-0.1221,lying,Charlotte,small
1785662486.5252078,2594386,0.1387,0.0029,-1.0024,4.1504,1.1597,-0.1831,lying,Charlotte,small
1785662486.5252106,2594436,0.1396,-0.0024,-1.0024,4.2114,1.0376,0.0,lying,Charlotte,small
1785662486.5252132,2594486,0.1372,-0.0029,-1.0063,4.2725,1.2207,0.061,lying,Charlotte,small
1785662487.3878698,2594868,0.1401,0.001,-1.0039,4.5166,1.0986,0.061,lying,Charlotte,small
1785662487.3878787,2594918,0.1416,-0.0034,-1.0068,4.5166,0.9766,-0.3052,lying,Charlotte,small
1785662487.3878837,2594968,0.1431,-0.0039,-1.0068,4.2114,0.9766,-0.1221,lying,Charlotte,small
1785662487.3878882,2595018,0.1411,-0.0015,-1.0005,4.2725,1.0376,0.061,lying,Charlotte,small
1785662487.3878922,2595068,0.1445,-0.0059,-1.0078,4.2114,1.0376,0.061,lying,Charlotte,small
1785662487.3878963,2595118,0.1421,-0.0103,-1.0005,4.2725,1.0376,-0.1221,lying,Charlotte,small
1785662487.3879,2595168,0.1387,-0.0068,-1.0015,4.3335,1.0986,-0.1831,lying,Charlotte,small
1785662487.3879037,2595218,0.1372,-0.0005,-1.0005,4.5166,0.9155,0.1221,lying,Charlotte,small
1785662487.3879077,2595268,0.1392,-0.0029,-1.0059,4.2114,1.0986,-0.3662,lying,Charlotte,small
1785662487.3879118,2595318,0.1411,-0.0049,-1.0083,4.5166,1.1597,0.0,lying,Charlotte,small
1785662489.6236446,2596190,0.1421,-0.0015,-1.0005,4.5776,0.9766,-0.061,lying,Charlotte,small
1785662489.6236582,2596240,0.1377,-0.002,-1.0024,4.3945,1.1597,-0.061,lying,Charlotte,small
1785662489.6236637,2596290,0.1416,-0.0015,-1.002,4.3335,1.1597,-0.1831,lying,Charlotte,small
1785662489.6236682,2596340,0.1411,-0.0034,-1.0034,4.3945,1.0986,0.061,lying,Charlotte,small
1785662489.6236722,2596390,0.1411,0.0005,-1.0049,4.6387,1.0986,-0.3052,lying,Charlotte,small
1785662489.623676,2596440,0.1387,-0.0059,-1.0034,4.4556,1.2207,0.1221,lying,Charlotte,small
1785662489.6236804,2596490,0.1392,-0.0015,-1.001,4.3945,1.1597,-0.3662,lying,Charlotte,small
1785662489.6236842,2596540,0.1431,-0.0044,-1.0024,4.3335,0.9766,-0.1221,lying,Charlotte,small
1785662489.6236877,2596590,0.1387,-0.0044,-1.0054,4.2114,1.0376,-0.1831,lying,Charlotte,small
1785662489.6236916,2596640,0.1372,-0.0029,-0.9976,4.4556,0.7324,0.1221,lying,Charlotte,small
1785662490.146951,2597962,0.1411,-0.0044,-1.0,4.3335,1.1597,0.061,lying,Charlotte,small
1785662490.1469636,2598012,0.1372,-0.0044,-1.0015,4.3945,1.0376,0.0,lying,Charlotte,small
1785662490.1469688,2598062,0.1406,-0.001,-1.0034,4.2114,0.9155,-0.1221,lying,Charlotte,small
1785662490.1469727,2598112,0.1436,-0.0063,-1.0044,4.6387,0.9766,0.3662,lying,Charlotte,small
1785662490.146976,2598162,0.1392,-0.002,-1.0034,4.3945,1.2207,-0.1831,lying,Charlotte,small
1785662490.1469793,2598212,0.1382,-0.0029,-0.9961,4.4556,0.9155,-0.1831,lying,Charlotte,small
1785662490.1469824,2598262,0.1387,-0.0073,-1.0054,4.0894,1.2207,0.061,lying,Charlotte,small
1785662490.1469855,2598312,0.1431,0.002,-1.0044,4.4556,1.1597,0.1221,lying,Charlotte,small
1785662490.1469884,2598362,0.145,-0.0049,-1.0029,4.2725,1.0986,0.061,lying,Charlotte,small
1785662490.1469913,2598412,0.1396,-0.0005,-0.9976,4.2114,1.2207,-0.2441,lying,Charlotte,small
1785662490.701878,2598483,0.1431,-0.0034,-1.001,4.5776,1.2207,-0.1831,lying,Charlotte,small
1785662490.7018888,2598533,0.1396,-0.002,-1.0029,4.2114,1.0376,-0.4272,lying,Charlotte,small
1785662490.7018938,2598583,0.1436,-0.0063,-1.0088,4.3335,1.1597,0.061,lying,Charlotte,small
1785662490.7018983,2598633,0.1411,0.0029,-1.0059,4.3335,0.8545,-0.061,lying,Charlotte,small
1785662490.7019022,2598683,0.1436,-0.0083,-1.0039,4.1504,1.1597,-0.3052,lying,Charlotte,small
1785662490.7019057,2598733,0.1372,-0.0078,-1.002,4.2114,1.2817,-0.1831,lying,Charlotte,small
1785662490.7019095,2598783,0.1392,0.002,-1.0015,4.3945,0.9766,0.061,lying,Charlotte,small
1785662490.701913,2598833,0.1372,0.002,-1.0039,4.6997,1.2207,0.061,lying,Charlotte,small
1785662490.7019167,2598883,0.1431,-0.0063,-1.0015,4.3945,1.1597,-0.061,lying,Charlotte,small
1785662490.7019203,2598933,0.1382,-0.0044,-1.0044,4.2114,0.7324,-0.1221,lying,Charlotte,small
1785662493.126747,2599033,0.1426,-0.0034,-1.0078,4.1504,1.0376,0.061,lying,Charlotte,small
1785662493.1267586,2599083,0.1421,-0.002,-1.0088,4.3335,1.2207,-0.061,lying,Charlotte,small
1785662493.126764,2599133,0.1401,-0.0073,-1.0015,4.3945,1.2207,0.1221,lying,Charlotte,small
1785662493.1267684,2599183,0.1436,0.001,-1.0088,4.2725,0.9155,-0.1831,lying,Charlotte,small
1785662493.1267724,2599233,0.1387,-0.0029,-1.0039,4.3945,1.2207,-0.1221,lying,Charlotte,small
1785662493.1267762,2599283,0.1401,-0.0059,-1.0034,4.3335,1.2817,0.061,lying,Charlotte,small
1785662493.1267805,2599333,0.1387,-0.0039,-0.9985,4.3335,1.2817,0.1831,lying,Charlotte,small
1785662493.1267843,2599383,0.1392,-0.0044,-1.0166,4.2114,1.0986,0.0,lying,Charlotte,small
1785662493.1267884,2599433,0.1411,-0.0078,-1.0034,4.2114,1.0986,-0.2441,lying,Charlotte,small
1785662493.1267922,2599483,0.1431,-0.0034,-1.0068,4.3945,1.3428,0.061,lying,Charlotte,small
1785662493.890411,2601463,0.145,-0.0039,-1.0059,4.4556,1.0986,-0.1831,lying,Charlotte,small
1785662493.890424,2601513,0.1411,-0.0005,-0.9995,4.3335,1.2817,0.1221,lying,Charlotte,small
1785662493.8904293,2601563,0.1406,-0.0024,-1.0039,4.2114,1.1597,-0.1221,lying,Charlotte,small
1785662493.890434,2601613,0.1392,-0.0034,-1.0073,4.2114,1.2817,-0.1831,lying,Charlotte,small
1785662493.8904378,2601663,0.1382,-0.002,-0.9985,4.2725,1.0376,-0.061,lying,Charlotte,small
1785662493.8904417,2601713,0.1392,-0.0029,-0.9985,4.2114,1.4038,0.061,lying,Charlotte,small
1785662493.8904455,2601763,0.1411,-0.0088,-0.9985,4.1504,1.0376,-0.1221,lying,Charlotte,small
1785662493.890449,2601813,0.1377,0.0015,-0.9985,4.2725,0.7324,-0.2441,lying,Charlotte,small
1785662493.8904533,2601863,0.1431,0.0,-1.0059,4.1504,1.2817,-0.1221,lying,Charlotte,small
1785662493.8904574,2601913,0.1392,-0.0024,-1.0039,4.3335,1.1597,0.0,lying,Charlotte,small
1785662494.407851,2602223,0.1426,-0.0039,-1.002,4.3335,1.0986,-0.1831,lying,Charlotte,small
1785662494.4078639,2602273,0.1406,-0.0039,-1.0098,4.2114,1.2817,0.1831,lying,Charlotte,small
1785662494.4078693,2602323,0.1411,-0.0054,-1.0034,4.3945,1.1597,-0.061,lying,Charlotte,small
1785662494.4078746,2602373,0.1382,0.0,-0.9995,4.3335,1.0376,-0.1831,lying,Charlotte,small
1785662494.4078796,2602423,0.1416,-0.0024,-1.0039,4.3335,1.0376,-0.1221,lying,Charlotte,small
1785662494.4078844,2602473,0.1411,-0.0054,-1.0024,4.2114,0.9155,0.1831,lying,Charlotte,small
1785662494.4078891,2602523,0.1401,-0.0015,-1.0078,4.3945,1.1597,-0.1221,lying,Charlotte,small
1785662494.4078944,2602573,0.1421,-0.0044,-1.0039,4.2725,0.9766,-0.2441,lying,Charlotte,small
1785662494.407899,2602623,0.1392,-0.002,-0.9985,4.3945,1.0986,-0.061,lying,Charlotte,small
1785662494.4079034,2602673,0.1416,0.0,-1.002,4.3335,1.0376,0.0,lying,Charlotte,small
1785662494.9447117,2602745,0.1411,-0.0054,-1.0049,4.1504,1.2817,0.061,lying,Charlotte,small
1785662494.9447222,2602795,0.1426,-0.0029,-1.0029,4.3335,1.0376,0.0,lying,Charlotte,small
1785662494.9447272,2602845,0.1426,-0.0063,-1.0029,4.3945,1.0986,-0.2441,lying,Charlotte,small
1785662494.9447322,2602895,0.1396,-0.0029,-0.9995,4.2114,1.1597,-0.1831,lying,Charlotte,small
1785662494.944736,2602945,0.145,-0.002,-1.001,4.2725,1.0376,-0.2441,lying,Charlotte,small
1785662494.9447398,2602995,0.1431,-0.002,-1.0112,4.3335,1.0376,0.061,lying,Charlotte,small
1785662494.9447439,2603045,0.1411,-0.0039,-1.0005,4.2114,1.2817,-0.1221,lying,Charlotte,small
1785662494.9447477,2603095,0.1387,-0.0039,-1.0054,4.1504,1.2207,0.0,lying,Charlotte,small
1785662494.944751,2603145,0.1387,-0.0015,-1.0107,4.0894,0.9155,-0.1221,lying,Charlotte,small
1785662494.9447556,2603195,0.1426,-0.0049,-1.0,4.3335,1.2817,-0.1831,lying,Charlotte,small
1785662496.8684251,2603277,0.1396,-0.0088,-1.0059,4.5166,0.7935,0.1831,lying,Charlotte,small
1785662496.8684402,2603327,0.1416,-0.001,-1.0024,4.3335,1.2207,-0.1221,lying,Charlotte,small
1785662496.8684459,2603377,0.1489,-0.0024,-1.0156,4.5166,1.1597,0.1831,lying,Charlotte,small
1785662496.8684504,2603427,0.1426,-0.0073,-1.0029,4.3945,1.0986,-0.061,lying,Charlotte,small
1785662496.8684545,2603477,0.1396,-0.002,-1.0,4.5166,0.9155,-0.061,lying,Charlotte,small
1785662496.868458,2603527,0.1406,-0.0039,-1.0068,4.3945,1.0986,0.3662,lying,Charlotte,small
1785662496.8684623,2603577,0.146,-0.0029,-1.0127,4.2114,0.9155,-0.1221,lying,Charlotte,small
1785662496.8684661,2603627,0.1489,-0.0039,-1.0093,4.2725,1.1597,0.1831,lying,Charlotte,small
1785662496.86847,2603677,0.147,0.0,-1.0039,4.4556,1.0376,-0.1221,lying,Charlotte,small
1785662496.8684738,2603727,0.1431,-0.0078,-0.9985,4.5776,0.9766,0.0,lying,Charlotte,small
1785662497.7078404,2605200,0.1426,-0.0054,-0.998,4.2725,0.7324,-0.061,lying,Charlotte,small
1785662497.7078524,2605250,0.1445,-0.0059,-1.0039,4.3335,1.0376,0.0,lying,Charlotte,small
1785662497.7078576,2605300,0.1421,-0.0034,-1.0005,4.2725,0.8545,0.061,lying,Charlotte,small
1785662497.7078626,2605350,0.1411,-0.001,-1.0078,4.2725,1.1597,-0.1221,lying,Charlotte,small
1785662497.707867,2605400,0.1426,0.0005,-1.0039,4.1504,1.3428,0.0,lying,Charlotte,small
1785662497.7078707,2605450,0.1382,-0.002,-0.9985,4.0894,0.9766,-0.1831,lying,Charlotte,small
1785662497.7078748,2605500,0.1387,-0.002,-1.0005,4.3945,1.2207,-0.1831,lying,Charlotte,small
1785662497.7078786,2605550,0.1436,-0.0044,-1.0034,4.2114,1.0986,-0.1221,lying,Charlotte,small
1785662497.7078824,2605600,0.1392,-0.002,-0.9937,4.3945,1.1597,-0.061,lying,Charlotte,small
1785662497.707886,2605650,0.1396,-0.002,-1.0063,4.2725,1.3428,0.061,lying,Charlotte,small
1785662501.2718472,2606735,0.1392,0.0015,-1.0029,4.3945,1.0986,-0.1831,lying,Charlotte,small
1785662501.2718618,2606785,0.1421,-0.0059,-1.0054,4.3945,1.0376,0.1221,lying,Charlotte,small
1785662501.271867,2606835,0.1396,-0.0029,-1.0034,4.4556,1.2207,-0.2441,lying,Charlotte,small
1785662501.2718716,2606885,0.1367,-0.0029,-0.9971,4.3335,1.3428,-0.061,lying,Charlotte,small
1785662501.2718754,2606935,0.1436,-0.0068,-1.0029,4.2725,0.9766,-0.061,lying,Charlotte,small
1785662501.2718792,2606985,0.1401,-0.0029,-1.0034,4.2114,1.0986,-0.3052,lying,Charlotte,small
1785662501.2718835,2607035,0.1421,-0.0039,-1.0059,4.4556,1.0986,0.0,lying,Charlotte,small
1785662501.2718873,2607085,0.1401,-0.0049,-1.0029,4.0894,1.0986,-0.1221,lying,Charlotte,small
1785662501.2718914,2607135,0.1372,-0.0044,-1.0083,4.6997,1.4038,0.0,lying,Charlotte,small
1785662501.2718954,2607185,0.1411,-0.0015,-1.0039,4.3335,1.3428,-0.3662,lying,Charlotte,small
1785662507.5023112,2609620,0.1416,-0.0054,-1.0068,4.5776,1.4038,0.061,lying,Charlotte,small
1785662507.5023255,2609670,0.1406,-0.0049,-0.998,4.2725,1.1597,-0.061,lying,Charlotte,small
1785662507.5023308,2609720,0.1367,-0.0015,-0.999,4.3335,0.9155,0.0,lying,Charlotte,small
1785662507.5023355,2609770,0.1401,-0.0059,-1.0044,4.2114,1.1597,0.1221,lying,Charlotte,small
1785662507.50234,2609820,0.1396,-0.0044,-1.001,4.3335,1.0986,-0.061,lying,Charlotte,small
1785662507.502344,2609870,0.1392,-0.0039,-0.9995,4.2114,1.1597,-0.1831,lying,Charlotte,small
1785662507.502348,2609920,0.1401,-0.0044,-1.0059,4.3945,1.0986,-0.1831,lying,Charlotte,small
1785662507.5023518,2609970,0.1392,-0.0015,-1.0024,4.3945,0.9766,0.0,lying,Charlotte,small
1785662507.5023553,2610020,0.1387,-0.0049,-1.001,4.3335,0.9766,-0.1831,lying,Charlotte,small
1785662507.5023594,2610070,0.1406,-0.0039,-1.0039,4.3335,1.1597,-0.061,lying,Charlotte,small
1785662508.0228941,2615837,0.1387,-0.0015,-1.0034,4.2725,1.0376,-0.1831,lying,Charlotte,small
1785662508.0229092,2615887,0.1392,0.001,-0.998,4.4556,1.1597,-0.3052,lying,Charlotte,small
1785662508.0229151,2615937,0.1406,-0.0044,-1.0044,4.3945,0.7935,0.0,lying,Charlotte,small
1785662508.0229197,2615987,0.1431,-0.0059,-1.0034,4.4556,1.0376,-0.1221,lying,Charlotte,small
1785662508.0229237,2616037,0.1411,-0.0044,-1.0044,4.5776,0.9155,-0.1221,lying,Charlotte,small
1785662508.0229275,2616087,0.1411,-0.0024,-1.0049,4.3335,1.1597,-0.061,lying,Charlotte,small
1785662508.0229318,2616137,0.1406,-0.0029,-1.002,4.1504,1.0376,-0.1221,lying,Charlotte,small
1785662508.0229354,2616187,0.1436,-0.0083,-1.0063,4.3945,0.9155,0.1221,lying,Charlotte,small
1785662508.0229392,2616237,0.1431,-0.0049,-1.002,4.2725,1.1597,-0.1831,lying,Charlotte,small
1785662508.0229428,2616287,0.1396,-0.0024,-1.002,4.3335,1.2207,0.0,lying,Charlotte,small
1785662511.039723,2616359,0.1396,-0.0059,-1.0049,4.4556,0.7324,0.0,lying,Charlotte,small
1785662511.0397341,2616409,0.1377,-0.0024,-1.0024,4.1504,1.1597,0.061,lying,Charlotte,small
1785662511.0397384,2616459,0.1387,-0.0049,-1.0034,4.3335,0.9766,0.1831,lying,Charlotte,small
1785662511.039742,2616509,0.1421,-0.0054,-1.0029,4.1504,1.1597,0.0,lying,Charlotte,small
1785662511.0397449,2616559,0.1382,-0.0049,-1.0059,4.2114,1.0986,-0.061,lying,Charlotte,small
1785662511.039748,2616609,0.1445,-0.0034,-1.0034,4.2725,1.0986,0.1221,lying,Charlotte,small
1785662511.0397508,2616659,0.1436,-0.0034,-1.002,4.3335,1.0986,-0.061,lying,Charlotte,small
1785662511.0397537,2616709,0.1406,0.001,-0.9995,4.1504,1.0986,0.2441,lying,Charlotte,small
1785662511.0397568,2616759,0.1416,-0.0029,-1.0024,4.3945,1.3428,-0.1831,lying,Charlotte,small
1785662511.0397599,2616809,0.1426,-0.0068,-1.0068,4.0894,1.3428,-0.1221,lying,Charlotte,small
1785662512.5381725,2619381,0.1421,0.001,-1.0,4.4556,1.0986,-0.061,lying,Charlotte,small
1785662512.538185,2619431,0.1406,-0.001,-1.002,4.2725,1.1597,0.0,lying,Charlotte,small
1785662512.5381904,2619481,0.1396,-0.0034,-1.0063,4.3945,0.9766,-0.1221,lying,Charlotte,small
1785662512.5381951,2619531,0.1401,-0.002,-0.998,4.5776,0.9155,-0.1831,lying,Charlotte,small
1785662512.5381992,2619581,0.1411,-0.0005,-1.0005,4.3945,1.0986,-0.2441,lying,Charlotte,small
1785662512.5382035,2619631,0.1411,-0.0044,-1.0049,4.0894,1.1597,0.1831,lying,Charlotte,small
1785662512.5382075,2619681,0.1416,-0.0078,-1.0015,4.2725,1.1597,-0.1831,lying,Charlotte,small
1785662512.5382113,2619731,0.1406,-0.001,-0.9951,4.5166,1.0376,0.1221,lying,Charlotte,small
1785662512.538215,2619781,0.1416,-0.0024,-0.999,4.3945,1.2207,-0.061,lying,Charlotte,small
1785662512.5382187,2619831,0.144,-0.0068,-0.9985,4.3945,1.0986,0.0,lying,Charlotte,small
1785662515.3999732,2620869,0.1401,-0.0029,-1.0024,4.2114,1.1597,-0.061,lying,Charlotte,small
1785662515.3999894,2620919,0.144,-0.0054,-1.0054,4.4556,1.2817,-0.061,lying,Charlotte,small
1785662515.3999946,2620969,0.1421,-0.0054,-1.0024,4.3335,1.1597,0.0,lying,Charlotte,small
1785662515.3999991,2621019,0.1401,-0.0093,-0.9995,4.4556,1.2207,-0.061,lying,Charlotte,small
1785662515.4000034,2621069,0.1406,-0.0034,-1.0054,4.2114,1.1597,-0.061,lying,Charlotte,small
1785662515.4000072,2621119,0.1406,-0.0054,-1.0024,4.2114,0.9766,-0.3662,lying,Charlotte,small
1785662515.4000113,2621169,0.1387,0.0005,-1.0015,4.3945,1.1597,0.061,lying,Charlotte,small
1785662515.4000154,2621219,0.1401,-0.0029,-1.0093,4.5776,0.9766,-0.061,lying,Charlotte,small
1785662515.4000192,2621269,0.1411,-0.0083,-1.0024,4.3945,1.0986,-0.3052,lying,Charlotte,small
1785662515.400023,2621319,0.1411,-0.0049,-1.0044,4.3335,1.2207,0.061,lying,Charlotte,small
1785662516.2226064,2623736,0.1392,-0.0029,-1.001,4.2725,0.9155,-0.1221,lying,Charlotte,small
1785662516.2226186,2623786,0.1396,-0.0073,-1.0034,4.5166,1.2207,0.0,lying,Charlotte,small
1785662516.2226238,2623836,0.1421,-0.0059,-1.0034,4.5166,0.9766,-0.1831,lying,Charlotte,small
1785662516.2226284,2623886,0.1426,-0.0005,-0.998,4.2725,1.1597,-0.061,lying,Charlotte,small
1785662516.2226324,2623936,0.1426,0.0015,-1.002,4.6997,0.8545,0.0,lying,Charlotte,small
1785662516.2226362,2623986,0.1411,-0.0054,-0.999,4.3945,1.2207,-0.061,lying,Charlotte,small
1785662516.222641,2624036,0.1401,-0.0029,-1.0078,4.0283,1.0376,-0.1221,lying,Charlotte,small
1785662516.222645,2624086,0.1416,-0.001,-1.0005,4.1504,1.0986,0.1831,lying,Charlotte,small
1785662516.2226489,2624136,0.1411,-0.0083,-1.0034,3.9673,1.0986,-0.2441,lying,Charlotte,small
1785662516.2226527,2624186,0.1445,-0.0049,-1.0063,4.3335,1.3428,-0.4272,lying,Charlotte,small
1785662517.0326703,2624554,0.1406,-0.0039,-1.0029,4.3945,1.0376,-0.061,lying,Charlotte,small
1785662517.0326848,2624604,0.1431,-0.0054,-1.0073,4.4556,1.1597,-0.061,lying,Charlotte,small
1785662517.0326912,2624654,0.1416,0.0034,-1.002,4.4556,0.9766,-0.061,lying,Charlotte,small
1785662517.0326967,2624704,0.1411,-0.0034,-1.0049,4.5776,0.9155,-0.3052,lying,Charlotte,small
1785662517.0327003,2624754,0.1421,0.0005,-1.0,4.4556,1.0986,0.2441,lying,Charlotte,small
1785662517.0327036,2624804,0.1382,-0.0049,-1.001,4.2114,1.0986,0.0,lying,Charlotte,small
1785662517.0327077,2624854,0.1377,-0.001,-1.0,4.5776,1.2207,0.061,lying,Charlotte,small
1785662517.032711,2624904,0.1445,-0.0049,-1.0073,4.5166,1.0376,-0.2441,lying,Charlotte,small
1785662517.032714,2624954,0.1431,-0.0029,-0.999,4.2725,1.0376,-0.3052,lying,Charlotte,small
1785662517.0327172,2625004,0.1387,-0.0049,-1.0015,4.3945,1.0376,0.1221,lying,Charlotte,small
1785662520.546516,2625366,0.1416,0.0024,-0.9932,4.0283,1.2207,0.061,lying,Charlotte,small
1785662520.546528,2625416,0.1421,-0.0034,-1.0103,4.3335,1.1597,-0.1831,lying,Charlotte,small
1785662520.5465333,2625466,0.1411,-0.0005,-1.0044,4.4556,1.2817,0.061,lying,Charlotte,small
1785662520.5465384,2625516,0.1416,-0.0054,-1.0063,4.3335,1.1597,0.1221,lying,Charlotte,small
1785662520.5465424,2625566,0.1416,-0.0059,-1.002,4.6997,1.2817,0.061,lying,Charlotte,small
1785662520.5465462,2625616,0.1411,-0.0044,-1.0049,4.3335,1.2207,-0.1831,lying,Charlotte,small
1785662520.54655,2625666,0.1416,-0.0059,-0.998,4.1504,1.2207,0.0,lying,Charlotte,small
1785662520.5465539,2625716,0.1416,-0.0103,-1.0063,4.3945,1.4038,0.061,lying,Charlotte,small
1785662520.5465577,2625766,0.1377,-0.0029,-1.0024,4.3945,1.1597,0.061,lying,Charlotte,small
1785662520.5465615,2625816,0.1372,-0.0005,-1.0,4.3945,1.1597,0.0,lying,Charlotte,small
1785662524.0095596,2628888,0.1392,-0.0024,-1.0005,4.3335,1.1597,0.1221,lying,Charlotte,small
1785662524.009576,2628938,0.1401,0.0005,-1.002,4.3945,1.0376,0.1221,lying,Charlotte,small
1785662524.0095806,2628988,0.1387,0.001,-1.0068,4.3945,1.0986,-0.4272,lying,Charlotte,small
1785662524.0095844,2629038,0.1431,-0.0029,-1.0034,4.3945,1.0986,0.1831,lying,Charlotte,small
1785662524.0095878,2629088,0.1416,-0.0083,-1.0034,4.3945,1.2207,0.0,lying,Charlotte,small
1785662524.0095909,2629138,0.1392,-0.001,-1.001,4.3335,1.1597,0.061,lying,Charlotte,small
1785662524.0095942,2629188,0.1406,-0.0068,-1.0078,4.2725,1.0986,-0.3662,lying,Charlotte,small
1785662524.0095975,2629238,0.1392,-0.0044,-1.0044,4.3335,0.9766,-0.061,lying,Charlotte,small
1785662524.0096004,2629288,0.1421,-0.0039,-0.9985,4.3335,1.0376,-0.2441,lying,Charlotte,small
1785662524.0096033,2629338,0.1401,-0.0063,-1.0034,4.4556,0.7935,0.0,lying,Charlotte,small
1785662525.54128,2632339,0.1377,-0.002,-1.0034,4.2725,1.0986,-0.1221,lying,Charlotte,small
1785662525.5412986,2632389,0.1396,-0.0029,-0.9961,4.3335,1.0376,0.1831,lying,Charlotte,small
1785662525.5413039,2632439,0.1436,-0.0054,-1.0083,4.2725,1.0986,-0.1831,lying,Charlotte,small
1785662525.5413084,2632489,0.1392,0.0005,-1.0039,4.4556,0.9155,-0.1221,lying,Charlotte,small
1785662525.5413127,2632539,0.1387,-0.0039,-0.9976,4.5166,1.0376,-0.061,lying,Charlotte,small
1785662525.5413165,2632589,0.1392,-0.0063,-0.9985,4.2114,1.0986,0.3662,lying,Charlotte,small
1785662525.5413208,2632639,0.1401,-0.0034,-0.9995,4.2725,1.2207,-0.1831,lying,Charlotte,small
1785662525.5413249,2632689,0.1416,-0.0073,-1.0068,4.3945,1.0986,0.0,lying,Charlotte,small
1785662525.541329,2632739,0.1382,-0.002,-0.9976,4.0894,1.1597,0.061,lying,Charlotte,small
1785662525.5413327,2632789,0.1353,-0.0029,-0.9995,4.3335,1.0376,-0.1831,lying,Charlotte,small
1785662526.0859864,2633874,0.1406,-0.0024,-1.0024,4.2725,1.0376,-0.2441,lying,Charlotte,small
1785662526.0860004,2633924,0.1396,-0.0029,-1.0005,4.2114,1.0986,-0.061,lying,Charlotte,small
1785662526.0860054,2633974,0.1392,-0.0029,-0.999,4.1504,0.9766,0.1221,lying,Charlotte,small
1785662526.0860105,2634024,0.1401,-0.0024,-0.9956,4.2114,1.1597,0.0,lying,Charlotte,small
1785662526.086015,2634074,0.1367,-0.0068,-1.0039,4.3335,0.9766,0.6104,lying,Charlotte,small
1785662526.086019,2634124,0.1416,-0.0044,-1.0029,4.3945,1.0986,-0.1221,lying,Charlotte,small
1785662526.0860236,2634174,0.1401,-0.0049,-1.0015,4.3945,1.0376,0.061,lying,Charlotte,small
1785662526.0860283,2634224,0.1426,-0.0029,-1.0054,4.5166,1.2817,0.061,lying,Charlotte,small
1785662526.0860324,2634274,0.1387,-0.0029,-0.9985,4.3945,1.1597,-0.1221,lying,Charlotte,small
1785662526.086037,2634324,0.145,-0.0034,-1.0088,4.3335,1.1597,-0.2441,lying,Charlotte,small
1785662530.0164907,2634417,0.1372,0.0015,-1.0015,4.3335,1.0376,0.2441,lying,Charlotte,small
1785662530.0165014,2634467,0.1401,-0.0039,-1.002,4.4556,0.9766,-0.1221,lying,Charlotte,small
1785662530.0165057,2634517,0.1392,-0.0044,-0.998,4.3945,1.2207,-0.1221,lying,Charlotte,small
1785662530.0165093,2634567,0.1426,-0.0029,-0.9971,4.5166,1.0986,-0.1831,lying,Charlotte,small
1785662530.0165124,2634617,0.1416,-0.0039,-1.0044,4.1504,1.0376,-0.061,lying,Charlotte,small
1785662530.0165155,2634667,0.1392,-0.0078,-1.0059,4.3335,1.3428,0.061,lying,Charlotte,small
1785662530.0165186,2634717,0.1396,-0.002,-0.9966,4.5776,1.2817,0.0,lying,Charlotte,small
1785662530.0165217,2634767,0.1392,-0.0049,-1.0034,4.3335,0.9155,0.061,lying,Charlotte,small
1785662530.0165248,2634817,0.1372,-0.0034,-1.0005,4.3335,1.2817,0.1221,lying,Charlotte,small
1785662530.016528,2634867,0.1387,-0.0078,-1.0063,4.2725,0.9766,-0.061,lying,Charlotte,small
1785662530.5319154,2638345,0.1416,-0.0059,-1.0068,4.3335,1.0986,-0.3052,lying,Charlotte,small
1785662530.53193,2638395,0.1401,-0.0029,-1.0049,4.3335,1.2817,-0.2441,lying,Charlotte,small
1785662530.5319364,2638445,0.1416,-0.0054,-1.0024,4.1504,1.1597,-0.1221,lying,Charlotte,small
1785662530.5319424,2638495,0.1401,-0.0054,-1.001,4.2114,1.0986,-0.1221,lying,Charlotte,small
1785662530.531948,2638545,0.1406,-0.0044,-1.0029,4.2725,1.2207,0.061,lying,Charlotte,small
1785662530.531953,2638595,0.1396,-0.0054,-0.998,4.4556,1.3428,-0.1831,lying,Charlotte,small
1785662530.531959,2638645,0.1411,-0.0024,-1.0,4.3335,1.0986,0.0,lying,Charlotte,small
1785662530.5319643,2638695,0.1396,-0.0015,-1.001,4.2114,1.0376,-0.2441,lying,Charlotte,small
1785662530.5319705,2638745,0.1396,-0.002,-0.999,4.4556,1.1597,-0.1221,lying,Charlotte,small
1785662530.5319762,2638795,0.1436,-0.0034,-1.0034,4.3945,1.0376,0.1831,lying,Charlotte,small
1785662531.3965,2638866,0.1401,0.0,-1.0005,4.2725,0.9766,-0.061,lying,Charlotte,small
1785662531.3965087,2638916,0.1392,-0.0068,-1.0,4.3945,1.2817,-0.1221,lying,Charlotte,small
1785662531.3965127,2638966,0.1401,-0.0044,-1.0024,4.1504,1.0986,0.1221,lying,Charlotte,small
1785662531.3965175,2639016,0.1362,0.0,-1.0024,4.4556,0.9766,-0.2441,lying,Charlotte,small
1785662531.396523,2639066,0.1396,-0.0063,-1.0059,4.3945,1.0986,0.0,lying,Charlotte,small
1785662531.3965278,2639116,0.1411,-0.0049,-1.0015,4.3945,0.9155,-0.1221,lying,Charlotte,small
1785662531.3965325,2639166,0.1436,-0.0044,-1.0098,4.3945,1.0376,0.061,lying,Charlotte,small
1785662531.3965354,2639216,0.1416,-0.0024,-1.0005,4.3335,1.0986,0.0,lying,Charlotte,small
1785662531.3965383,2639266,0.1411,-0.0034,-1.0059,4.5776,1.0986,0.061,lying,Charlotte,small
1785662531.3965414,2639316,0.1382,-0.0034,-1.0049,4.4556,1.1597,-0.061,lying,Charlotte,small
1785662533.3904846,2641140,0.1416,-0.0029,-1.0078,4.3945,0.9766,0.061,lying,Charlotte,small
1785662533.3904917,2641190,0.1406,-0.0034,-1.0034,4.2725,1.0986,-0.1221,lying,Charlotte,small
1785662533.3904958,2641240,0.144,0.0,-1.0117,4.2725,0.9766,-0.1221,lying,Charlotte,small
1785662533.3904994,2641290,0.1426,0.0,-1.0039,4.6387,1.0986,0.1831,lying,Charlotte,small
1785662533.3905025,2641340,0.1406,-0.001,-1.0,4.4556,0.9766,0.0,lying,Charlotte,small
1785662533.3905056,2641390,0.1396,-0.0039,-1.0068,4.2725,1.1597,-0.061,lying,Charlotte,small
1785662533.390509,2641440,0.1416,-0.0103,-1.0029,4.4556,1.4038,-0.1221,lying,Charlotte,small
1785662533.390512,2641490,0.1362,-0.0044,-1.0049,4.3335,1.0986,0.061,lying,Charlotte,small
1785662533.3905146,2641540,0.1396,-0.0044,-1.0,4.1504,0.7324,0.061,lying,Charlotte,small
1785662533.3905177,2641590,0.1396,0.0015,-1.0,4.1504,1.2207,-0.3052,lying,Charlotte,small
1785662534.4451776,2641722,0.1421,0.0,-1.0005,4.1504,1.1597,0.0,lying,Charlotte,small
1785662534.4451885,2641772,0.1401,-0.002,-1.0005,4.0894,1.0986,0.061,lying,Charlotte,small
1785662534.445194,2641822,0.1406,-0.0029,-1.0034,4.3335,1.2817,-0.061,lying,Charlotte,small
1785662534.4451997,2641872,0.1426,-0.0049,-1.001,4.3335,1.0986,-0.3052,lying,Charlotte,small
1785662534.4452038,2641922,0.1411,-0.0088,-1.001,4.3945,1.0986,-0.061,lying,Charlotte,small
1785662534.4452076,2641972,0.1387,-0.0068,-1.0015,4.3945,1.0376,0.0,lying,Charlotte,small
1785662534.445211,2642022,0.1382,-0.002,-1.0039,4.3945,0.9766,0.0,lying,Charlotte,small
1785662534.4452147,2642072,0.1377,-0.0073,-1.0063,4.2725,0.9155,-0.1831,lying,Charlotte,small
1785662534.4452183,2642122,0.1411,-0.0083,-1.001,4.2725,0.9766,0.1831,lying,Charlotte,small
1785662534.445222,2642172,0.1416,-0.0034,-0.9985,4.2114,1.0376,-0.4883,lying,Charlotte,small
1785662534.976928,2642775,0.1421,-0.001,-0.9946,4.2114,0.9155,0.0,lying,Charlotte,small
1785662534.9769385,2642825,0.1411,-0.0015,-1.0015,4.3335,1.2817,0.061,lying,Charlotte,small
1785662534.9769442,2642875,0.1411,-0.0039,-1.0044,4.5166,0.9766,-0.1831,lying,Charlotte,small
1785662534.9769485,2642925,0.1411,-0.0059,-1.0029,4.3335,1.0986,-0.1221,lying,Charlotte,small
1785662534.9769526,2642975,0.1411,-0.0083,-1.0073,4.2114,1.2207,0.0,lying,Charlotte,small
1785662534.976956,2643025,0.1392,-0.0044,-1.0034,4.5776,1.0376,0.0,lying,Charlotte,small
1785662534.97696,2643075,0.1411,0.0005,-1.002,4.3335,1.0376,-0.3052,lying,Charlotte,small
1785662534.9769638,2643125,0.1406,-0.0044,-1.0034,4.4556,0.9766,0.061,lying,Charlotte,small
1785662534.9769676,2643175,0.1426,-0.0044,-1.0024,4.1504,1.0376,0.0,lying,Charlotte,small
1785662534.976971,2643225,0.1387,0.0005,-0.9985,4.1504,1.0986,0.1831,lying,Charlotte,small
1785662535.4967694,2643313,0.1377,-0.0059,-0.9995,4.4556,0.9766,0.0,lying,Charlotte,small
1785662535.4967902,2643363,0.1411,-0.0049,-1.0063,4.0894,1.0376,-0.061,lying,Charlotte,small
1785662535.4967988,2643413,0.1387,-0.0059,-1.0044,4.5166,1.2207,0.061,lying,Charlotte,small
1785662535.4968061,2643463,0.1401,-0.0073,-1.0059,4.3945,1.1597,0.0,lying,Charlotte,small
1785662535.4968123,2643513,0.1406,-0.0029,-1.0044,4.2725,1.0376,0.1831,lying,Charlotte,small
1785662535.4968176,2643563,0.1411,-0.0059,-1.002,4.3945,1.2207,-0.1221,lying,Charlotte,small
1785662535.4968233,2643613,0.144,-0.0063,-1.0,4.7607,1.3428,-0.3052,lying,Charlotte,small
1785662535.496828,2643663,0.1392,-0.0034,-1.0015,4.1504,1.1597,0.0,lying,Charlotte,small
1785662535.4968336,2643713,0.1401,-0.0034,-1.0073,4.0894,1.0376,-0.1831,lying,Charlotte,small
1785662535.4968386,2643763,0.1406,-0.0068,-1.0098,4.4556,0.9766,0.061,lying,Charlotte,small
1785662536.0077367,2643825,0.1436,-0.0059,-0.999,4.4556,1.3428,0.0,lying,Charlotte,small
1785662536.0077512,2643875,0.1406,-0.0024,-1.0054,4.3945,1.0986,0.1221,lying,Charlotte,small
1785662536.0077596,2643925,0.1406,-0.0039,-1.0015,4.2725,1.2207,0.1831,lying,Charlotte,small
1785662536.0077672,2643975,0.1426,-0.0049,-1.0073,4.2114,1.0376,-0.3052,lying,Charlotte,small
1785662536.007774,2644025,0.1396,-0.0049,-1.0059,4.5166,1.0986,-0.1831,lying,Charlotte,small
1785662536.007781,2644075,0.1392,-0.0024,-1.0039,4.3335,1.2207,-0.2441,lying,Charlotte,small
1785662536.0077882,2644125,0.1416,-0.001,-1.001,4.3335,1.2207,0.2441,lying,Charlotte,small
1785662536.0077949,2644175,0.1396,-0.0049,-1.0034,4.3335,1.0376,0.061,lying,Charlotte,small
1785662536.0078003,2644225,0.1421,-0.0049,-1.0044,4.2114,1.2207,-0.1831,lying,Charlotte,small
1785662536.007806,2644275,0.1436,0.0005,-0.9966,4.3945,0.9766,0.1831,lying,Charlotte,small
1785662536.7171721,2644337,0.1431,-0.0024,-1.0054,4.5166,1.2207,0.1831,lying,Charlotte,small
1785662536.7171898,2644387,0.1406,-0.0078,-1.0044,4.2114,0.9766,-0.1221,lying,Charlotte,small
1785662536.717198,2644437,0.1416,-0.0073,-1.001,4.5166,1.1597,0.0,lying,Charlotte,small
1785662536.7172031,2644487,0.1406,-0.0049,-1.0049,4.2114,0.9766,-0.061,lying,Charlotte,small
1785662536.71721,2644537,0.1401,0.0,-1.0005,4.3335,1.2207,-0.3052,lying,Charlotte,small
1785662536.717215,2644587,0.1367,-0.0054,-0.9956,4.2725,1.2817,0.061,lying,Charlotte,small
1785662536.717221,2644637,0.1406,-0.002,-1.0024,4.4556,1.2207,-0.4272,lying,Charlotte,small
1785662536.7172265,2644687,0.1387,-0.0049,-1.0044,4.2725,1.0376,0.0,lying,Charlotte,small
1785662536.7172315,2644737,0.1411,-0.0015,-1.0015,4.1504,0.9766,-0.3662,lying,Charlotte,small
1785662536.7172375,2644787,0.1416,-0.0034,-1.0044,4.3335,1.1597,0.061,lying,Charlotte,small
1785662537.384725,2645049,0.1411,-0.0015,-1.002,4.4556,1.0986,-0.1831,lying,Charlotte,small
1785662537.3847337,2645099,0.1431,-0.0039,-1.0054,4.2725,0.9766,-0.061,lying,Charlotte,small
1785662537.384739,2645149,0.1372,-0.0054,-1.0024,4.3945,1.0986,-0.3662,lying,Charlotte,small
1785662537.3847432,2645199,0.1396,-0.0029,-1.0044,4.5166,0.9155,-0.061,lying,Charlotte,small
1785662537.3847473,2645249,0.1396,-0.0015,-1.002,4.0894,0.8545,-0.1831,lying,Charlotte,small
1785662537.384751,2645299,0.1396,-0.0049,-1.0034,4.5166,1.0986,0.1221,lying,Charlotte,small
1785662537.3847547,2645349,0.1392,-0.0015,-1.0039,4.2725,1.0986,0.0,lying,Charlotte,small
1785662537.3847587,2645399,0.1421,-0.0068,-1.0059,4.3945,1.4038,0.0,lying,Charlotte,small
1785662537.3847623,2645449,0.1416,-0.0034,-0.9961,4.3335,1.0376,-0.1831,lying,Charlotte,small
1785662537.384766,2645499,0.1421,-0.0005,-1.0015,4.1504,0.9155,0.061,lying,Charlotte,small
1785662537.9271104,2645741,0.1401,-0.002,-1.0054,4.3335,1.0376,-0.1831,lying,Charlotte,small
1785662537.927121,2645791,0.144,-0.0054,-1.0024,4.3335,1.2817,0.061,lying,Charlotte,small
1785662537.9271262,2645841,0.1416,-0.0044,-0.999,4.1504,1.1597,0.0,lying,Charlotte,small
1785662537.927131,2645891,0.1406,-0.0029,-1.0059,4.3335,1.2207,-0.3662,lying,Charlotte,small
1785662537.927135,2645941,0.1392,-0.0029,-1.0034,4.2725,0.9766,0.0,lying,Charlotte,small
1785662537.9271386,2645991,0.1411,-0.0005,-1.0039,4.2725,0.9766,0.0,lying,Charlotte,small
1785662537.9271426,2646041,0.1436,-0.002,-1.0059,4.2725,1.2817,-0.061,lying,Charlotte,small
1785662537.9271464,2646091,0.1392,-0.0093,-0.999,4.2725,1.1597,-0.061,lying,Charlotte,small
1785662537.92715,2646141,0.1416,-0.0029,-0.9995,4.4556,0.9766,0.1221,lying,Charlotte,small
1785662537.9271536,2646191,0.1411,-0.0073,-1.0063,4.2725,1.0986,-0.061,lying,Charlotte,small
1785662538.4502416,2646263,0.1416,-0.002,-0.998,4.0894,1.0986,-0.2441,lying,Charlotte,small
1785662538.450254,2646313,0.1445,-0.0068,-1.0005,4.2725,1.0376,-0.061,lying,Charlotte,small
1785662538.45026,2646363,0.1396,-0.0044,-1.0039,4.4556,1.0376,-0.1831,lying,Charlotte,small
1785662538.450265,2646413,0.1416,-0.0015,-1.001,4.3335,0.9155,-0.061,lying,Charlotte,small
1785662538.450269,2646463,0.1416,-0.0044,-1.0024,4.3945,1.0376,0.0,lying,Charlotte,small
1785662538.450273,2646513,0.1426,-0.0039,-1.0024,4.2114,0.7324,0.2441,lying,Charlotte,small
1785662538.450277,2646563,0.1411,-0.0054,-1.0044,4.2114,1.1597,0.061,lying,Charlotte,small
1785662538.450281,2646613,0.1392,-0.0059,-1.002,4.2725,1.0986,-0.1221,lying,Charlotte,small
1785662538.4502847,2646663,0.1401,-0.0044,-1.0029,4.1504,1.2817,-0.061,lying,Charlotte,small
1785662538.4502883,2646713,0.1411,-0.002,-0.998,4.5776,0.9155,-0.2441,lying,Charlotte,small
1785662539.1520085,2646785,0.1406,-0.0054,-1.0015,4.1504,1.0376,0.1831,lying,Charlotte,small
1785662539.152026,2646835,0.1377,-0.0049,-0.9985,4.3335,0.9155,-0.1831,lying,Charlotte,small
1785662539.152031,2646885,0.1406,-0.0059,-1.0015,4.2725,1.2207,-0.2441,lying,Charlotte,small
1785662539.1520355,2646935,0.1377,-0.0029,-0.9966,4.3945,1.2817,0.061,lying,Charlotte,small
1785662539.1520398,2646985,0.1406,-0.001,-1.0034,4.3945,0.9766,-0.2441,lying,Charlotte,small
1785662539.1520438,2647035,0.1396,-0.0005,-1.0005,4.2114,1.2817,0.061,lying,Charlotte,small
1785662539.152048,2647085,0.1411,-0.0063,-1.0005,4.2725,1.0986,-0.1831,lying,Charlotte,small
1785662539.152052,2647135,0.1411,-0.0024,-1.0044,4.3335,0.9155,-0.1221,lying,Charlotte,small
1785662539.1520555,2647185,0.1416,-0.002,-1.0034,4.3945,1.0986,-0.061,lying,Charlotte,small
1785662539.152059,2647235,0.1426,-0.0015,-1.0098,4.3335,1.2207,-0.061,lying,Charlotte,small
1785662539.8681939,2647483,0.1421,-0.0073,-1.0029,4.4556,0.9766,0.0,lying,Charlotte,small
1785662539.8682063,2647533,0.1392,-0.0049,-1.0039,4.5166,1.5259,0.0,lying,Charlotte,small
1785662539.8682115,2647583,0.1406,-0.0015,-1.0039,4.0894,0.9155,0.0,lying,Charlotte,small
1785662539.868216,2647633,0.144,-0.0083,-0.9985,4.2114,0.9766,-0.2441,lying,Charlotte,small
1785662539.86822,2647683,0.1396,-0.0054,-1.0029,4.3945,1.3428,-0.061,lying,Charlotte,small
1785662539.868224,2647733,0.1416,-0.0063,-1.0015,4.5166,1.2207,-0.1831,lying,Charlotte,small
1785662539.8682282,2647783,0.1396,-0.0034,-0.9995,4.2725,1.0376,0.061,lying,Charlotte,small
1785662539.8682323,2647833,0.1411,-0.0039,-1.0044,4.3335,1.4038,-0.1831,lying,Charlotte,small
1785662539.868236,2647883,0.1382,-0.0054,-0.9985,4.3335,0.8545,0.061,lying,Charlotte,small
1785662539.8682396,2647933,0.1475,-0.0044,-1.0059,4.0894,1.0986,-0.1221,lying,Charlotte,small
1785662540.5852919,2648195,0.1377,-0.0029,-1.0015,4.3945,1.4648,0.2441,lying,Charlotte,small
1785662540.5853028,2648245,0.1377,-0.0044,-1.0029,4.3945,0.9766,-0.2441,lying,Charlotte,small
1785662540.585307,2648295,0.144,-0.0039,-1.0044,4.2725,1.0986,0.0,lying,Charlotte,small
1785662540.5853107,2648345,0.1396,-0.0054,-1.0059,4.3945,1.1597,0.1221,lying,Charlotte,small
1785662540.585314,2648395,0.1387,-0.0034,-0.9976,4.3335,1.1597,-0.1221,lying,Charlotte,small
1785662540.5853171,2648445,0.1421,-0.0054,-1.0054,4.3335,1.0376,0.061,lying,Charlotte,small
1785662540.5853207,2648495,0.1382,-0.0049,-0.9888,4.5166,0.9155,0.0,lying,Charlotte,small
1785662540.5853238,2648545,0.1411,-0.001,-1.0,4.3945,1.2207,0.2441,lying,Charlotte,small
1785662540.5853271,2648595,0.1406,-0.0054,-1.002,4.3335,1.1597,-0.1831,lying,Charlotte,small
1785662540.5853302,2648645,0.1362,0.0005,-1.0083,4.2114,1.2207,-0.2441,lying,Charlotte,small
1785662541.397842,2648917,0.1396,-0.0029,-1.0073,4.2725,0.9155,-0.3052,lying,Charlotte,small
1785662541.3978493,2648967,0.1426,-0.0034,-1.0029,4.0894,1.2817,0.1831,lying,Charlotte,small
1785662541.3978534,2649017,0.1411,-0.0083,-1.001,4.0894,1.2207,-0.061,lying,Charlotte,small
1785662541.397857,2649067,0.1426,-0.002,-1.0029,4.2725,1.0986,0.1831,lying,Charlotte,small
1785662541.39786,2649117,0.1411,0.0005,-1.0063,4.4556,1.2817,-0.3052,lying,Charlotte,small
1785662541.3978634,2649167,0.1401,-0.0059,-1.0,4.1504,1.1597,0.1831,lying,Charlotte,small
1785662541.3978665,2649217,0.1387,-0.0039,-0.9961,4.2725,1.1597,-0.1221,lying,Charlotte,small
1785662541.3978698,2649267,0.1387,-0.0054,-1.0088,4.3945,1.0986,0.061,lying,Charlotte,small
1785662541.397873,2649317,0.1396,-0.0034,-1.0024,4.5166,1.0376,-0.061,lying,Charlotte,small
1785662541.397876,2649367,0.1411,0.0,-1.0044,4.3945,0.8545,-0.2441,lying,Charlotte,small
1785662542.4473665,2650251,0.1426,-0.0132,-1.0073,4.2114,1.0986,0.061,lying,Charlotte,small
1785662542.4473782,2650301,0.1367,-0.0015,-1.0015,4.3945,1.1597,0.0,lying,Charlotte,small
1785662542.4473839,2650351,0.1406,-0.0103,-1.0034,4.3945,1.2817,0.1831,lying,Charlotte,small
1785662542.4473886,2650401,0.1401,-0.0059,-0.9995,4.3945,1.2207,-0.1831,lying,Charlotte,small
1785662542.4473927,2650451,0.1426,0.0049,-1.0029,4.5776,1.2207,-0.1831,lying,Charlotte,small
1785662542.4473965,2650501,0.1289,-0.0117,-0.9839,4.3335,1.0986,-0.061,lying,Charlotte,small
1785662542.4474008,2650551,0.1504,-0.0107,-1.0098,4.3335,1.2207,0.0,lying,Charlotte,small
1785662542.4474044,2650601,0.1411,0.0068,-1.0098,4.3945,0.9766,0.061,lying,Charlotte,small
1785662542.4474082,2650651,0.1387,0.0024,-0.9966,4.6997,0.9155,-0.1831,lying,Charlotte,small
1785662542.447412,2650701,0.1382,0.0005,-0.9961,4.3335,1.3428,0.0,lying,Charlotte,small
1785662544.6831686,2650774,0.1377,0.0054,-0.9937,4.4556,0.9155,-0.061,lying,Charlotte,small
1785662544.6831858,2650824,0.1396,-0.0073,-0.999,4.0894,1.3428,0.1221,lying,Charlotte,small
1785662544.6831913,2650874,0.1426,-0.0103,-1.0015,4.3945,1.2207,0.1221,lying,Charlotte,small
1785662544.6831958,2650924,0.1387,0.0054,-1.0063,4.4556,0.9766,-0.1221,lying,Charlotte,small
1785662544.6832,2650974,0.1343,-0.0029,-0.9976,4.0894,0.9155,0.061,lying,Charlotte,small
1785662544.683204,2651024,0.1396,-0.0142,-1.0005,4.3335,1.2207,0.061,lying,Charlotte,small
1785662544.6832082,2651074,0.1436,-0.0034,-1.0039,4.1504,1.2817,0.1221,lying,Charlotte,small
1785662544.6832123,2651124,0.1426,-0.0117,-1.0083,4.5776,1.2207,-0.1221,lying,Charlotte,small
1785662544.683216,2651174,0.144,-0.0073,-1.0059,4.2725,1.0986,-0.2441,lying,Charlotte,small
1785662544.68322,2651224,0.1411,-0.0024,-1.0073,4.5166,1.1597,0.061,lying,Charlotte,small
1785662545.2036145,2653017,0.1421,-0.0015,-1.0039,4.2725,1.1597,-0.4883,lying,Charlotte,small
1785662545.2036235,2653067,0.1401,-0.0073,-1.001,4.2114,1.1597,-0.3052,lying,Charlotte,small
1785662545.2036278,2653117,0.1401,-0.0044,-0.998,4.3335,1.0376,0.0,lying,Charlotte,small
1785662545.2036319,2653167,0.1392,-0.0044,-1.0054,4.3945,1.3428,0.0,lying,Charlotte,small
1785662545.203635,2653217,0.1416,-0.002,-1.0024,4.3335,1.0376,0.2441,lying,Charlotte,small
1785662545.203638,2653267,0.1416,-0.0029,-1.0,4.4556,1.0986,0.0,lying,Charlotte,small
1785662545.2036412,2653317,0.1421,-0.0059,-1.0059,4.2725,1.0376,0.0,lying,Charlotte,small
1785662545.2036443,2653367,0.1367,-0.0029,-1.0005,4.3945,1.1597,0.061,lying,Charlotte,small
1785662545.203647,2653417,0.1401,-0.0039,-1.0083,4.4556,1.1597,-0.1221,lying,Charlotte,small
1785662545.2036502,2653467,0.1421,-0.0054,-0.9893,4.3335,1.0376,-0.1221,lying,Charlotte,small
1785662546.0122597,2653539,0.1406,-0.0044,-1.0034,4.3945,1.0376,-0.1831,lying,Charlotte,small
1785662546.0122726,2653589,0.144,-0.002,-1.0029,4.2114,0.9766,0.0,lying,Charlotte,small
1785662546.0122783,2653639,0.1392,-0.0059,-1.0044,4.4556,1.0986,0.1221,lying,Charlotte,small
1785662546.012283,2653689,0.1411,-0.0044,-0.9966,4.0894,0.7935,-0.061,lying,Charlotte,small
1785662546.012287,2653739,0.1421,-0.0039,-1.0005,4.0894,1.0986,0.061,lying,Charlotte,small
1785662546.012291,2653789,0.1455,-0.0068,-0.998,4.2114,0.9766,-0.2441,lying,Charlotte,small
1785662546.0122952,2653839,0.1387,0.001,-0.9902,4.5166,1.0376,-0.3052,lying,Charlotte,small
1785662546.0122995,2653889,0.1372,-0.002,-0.9897,4.3945,0.8545,0.061,lying,Charlotte,small
1785662546.0123034,2653939,0.1479,-0.0034,-0.9951,4.0283,1.0376,-0.1221,lying,Charlotte,small
1785662546.0123074,2653989,0.1392,-0.0024,-1.0146,4.1504,1.0986,-0.061,lying,Charlotte,small
1785662546.5354052,2654340,0.1416,-0.0059,-1.0034,4.3335,1.3428,-0.061,lying,Charlotte,small
1785662546.5354211,2654390,0.144,-0.002,-0.9966,4.3945,1.0376,0.1221,lying,Charlotte,small
1785662546.535429,2654440,0.1392,-0.0098,-1.0034,4.2725,1.2817,-0.1831,lying,Charlotte,small
1785662546.5354364,2654490,0.1431,-0.0117,-1.0034,4.5166,1.2207,0.0,lying,Charlotte,small
1785662546.5354435,2654540,0.1421,0.0,-0.998,4.2725,1.2817,0.0,lying,Charlotte,small
1785662546.5354502,2654590,0.1455,-0.0083,-1.0103,4.2114,1.0376,-0.1221,lying,Charlotte,small
1785662546.535456,2654640,0.1411,-0.0063,-1.0054,4.2725,1.1597,-0.1221,lying,Charlotte,small
1785662546.53546,2654690,0.1362,0.0107,-1.0059,4.4556,0.9766,0.061,lying,Charlotte,small
1785662546.5354643,2654740,0.1411,-0.0054,-0.9995,4.2725,1.1597,-0.1831,lying,Charlotte,small
1785662546.5354683,2654790,0.144,-0.0151,-1.0068,4.3335,1.3428,-0.1221,lying,Charlotte,small
1785662550.4173603,2654873,0.1499,-0.0205,-1.0068,4.5166,1.3428,-0.061,lying,Charlotte,small
1785662550.4173765,2654923,0.1372,-0.0063,-1.0059,4.3335,0.9766,0.1831,lying,Charlotte,small
1785662550.417382,2654973,0.1465,-0.019,-1.0137,4.2725,1.4648,-0.061,lying,Charlotte,small
1785662550.417386,2655023,0.1372,0.0044,-0.999,4.3335,1.0986,-0.1221,lying,Charlotte,small
1785662550.41739,2655073,0.1431,-0.0073,-0.9995,4.3335,1.1597,-0.2441,lying,Charlotte,small
1785662550.4173937,2655123,0.1372,-0.0049,-1.0034,4.3945,1.0376,0.1831,lying,Charlotte,small
1785662550.417398,2655173,0.1338,0.0098,-0.9912,4.3335,0.6714,-0.061,lying,Charlotte,small
1785662550.4174018,2655223,0.1465,-0.0112,-1.0039,4.4556,1.4038,0.0,lying,Charlotte,small
1785662550.4174058,2655273,0.1372,0.0054,-0.9995,4.3945,1.2207,-0.1831,lying,Charlotte,small
1785662550.41741,2655323,0.1377,0.002,-0.9937,4.2725,0.7935,0.0,lying,Charlotte,small
1785662550.9284015,2658744,0.1387,-0.0015,-1.0005,4.3945,1.2207,-0.1831,lying,Charlotte,small
1785662550.928412,2658794,0.1426,-0.0059,-1.0059,4.2725,1.0376,-0.061,lying,Charlotte,small
1785662550.928417,2658844,0.1396,-0.0088,-1.0,4.2725,1.3428,-0.061,lying,Charlotte,small
1785662550.9284213,2658894,0.1387,0.0015,-1.0044,4.2114,1.2817,-0.2441,lying,Charlotte,small
1785662550.9284256,2658944,0.1431,-0.0098,-1.0083,4.3945,1.2207,-0.2441,lying,Charlotte,small
1785662550.9284296,2658994,0.1401,-0.0078,-1.0034,4.2114,0.9766,-0.1831,lying,Charlotte,small
1785662550.9284337,2659044,0.1465,-0.0024,-1.0044,4.3335,1.1597,-0.1831,lying,Charlotte,small
1785662550.9284375,2659094,0.1392,-0.0034,-1.0107,4.3335,1.1597,0.1831,lying,Charlotte,small
1785662550.928441,2659144,0.1362,0.0005,-0.999,4.0283,0.8545,-0.061,lying,Charlotte,small
1785662550.928445,2659194,0.1411,-0.0029,-1.0015,4.2114,1.2207,-0.3052,lying,Charlotte,small
1785662551.4395702,2659256,0.1426,-0.0034,-1.0088,4.3335,1.1597,-0.1831,lying,Charlotte,small
1785662551.4395845,2659306,0.1455,-0.0034,-1.001,4.3945,1.0986,0.061,lying,Charlotte,small
1785662551.439591,2659356,0.1362,0.0039,-1.0015,4.4556,0.8545,-0.1221,lying,Charlotte,small
1785662551.439597,2659406,0.1421,-0.0063,-1.0049,4.3335,1.1597,0.0,lying,Charlotte,small
1785662551.4396021,2659456,0.1362,0.0034,-1.0029,4.5166,1.3428,-0.1221,lying,Charlotte,small
1785662551.4396076,2659506,0.1343,0.0088,-0.9976,4.2725,0.9766,-0.2441,lying,Charlotte,small
1785662551.439613,2659556,0.1401,-0.0088,-1.0024,4.2725,1.2207,0.1831,lying,Charlotte,small
1785662551.4396188,2659606,0.1406,-0.002,-1.0024,4.2725,1.2207,-0.1831,lying,Charlotte,small
1785662551.4396238,2659656,0.1431,-0.0044,-0.9961,4.3335,1.1597,0.4272,lying,Charlotte,small
1785662551.4396293,2659706,0.1416,-0.001,-1.0049,4.2114,1.0986,-0.061,lying,Charlotte,small
1785662552.568374,2659769,0.1401,-0.0049,-1.0039,4.3945,0.9766,-0.061,lying,Charlotte,small
1785662552.5683858,2659819,0.1421,-0.0015,-1.0039,4.2725,0.9766,-0.2441,lying,Charlotte,small
1785662552.568391,2659869,0.1333,0.0005,-1.0005,4.2114,1.0986,0.061,lying,Charlotte,small
1785662552.5683959,2659919,0.1377,-0.0049,-0.998,4.2725,1.0986,0.0,lying,Charlotte,small
1785662552.5684,2659969,0.1421,-0.0063,-0.998,4.4556,1.0376,-0.061,lying,Charlotte,small
1785662552.5684037,2660019,0.1392,-0.0015,-0.9961,4.2725,0.9155,0.0,lying,Charlotte,small
1785662552.5684078,2660069,0.1377,-0.0015,-0.9961,4.5776,1.0986,0.3662,lying,Charlotte,small
1785662552.5684116,2660119,0.144,-0.0044,-0.999,4.5776,1.0986,0.0,lying,Charlotte,small
1785662552.568415,2660169,0.1406,-0.0034,-1.0073,4.2725,1.1597,0.061,lying,Charlotte,small
1785662552.5684187,2660219,0.1421,-0.0024,-1.0098,4.3945,1.2207,-0.1221,lying,Charlotte,small
1785662553.3901415,2660901,0.1406,-0.0024,-0.9971,4.3945,0.7935,-0.061,lying,Charlotte,small
1785662553.3901486,2660951,0.144,-0.0059,-1.0112,4.4556,0.8545,0.1221,lying,Charlotte,small
1785662553.3901527,2661001,0.1392,-0.0103,-0.9976,4.5166,1.3428,-0.061,lying,Charlotte,small
1785662553.3901563,2661051,0.1411,0.0,-1.0044,4.5776,0.9155,-0.1221,lying,Charlotte,small
1785662553.3901596,2661101,0.1401,-0.0044,-1.0044,4.0894,0.9766,-0.1831,lying,Charlotte,small
1785662553.390163,2661151,0.1421,-0.0073,-1.0029,4.4556,1.4648,0.2441,lying,Charlotte,small
1785662553.390166,2661201,0.1396,-0.0029,-1.0,4.2725,1.0986,-0.2441,lying,Charlotte,small
1785662553.3901691,2661251,0.1436,-0.0034,-1.0039,4.3945,1.2207,-0.1221,lying,Charlotte,small
1785662553.3901722,2661301,0.145,-0.0024,-0.9897,4.2114,1.0376,-0.2441,lying,Charlotte,small
1785662553.3901753,2661351,0.1436,-0.0049,-1.001,4.4556,1.2207,-0.1831,lying,Charlotte,small
1785662554.0216362,2661826,0.1406,-0.0039,-1.0078,4.2725,0.9155,0.061,lying,Charlotte,small
1785662554.0216455,2661876,0.1416,-0.0015,-1.0059,4.2114,1.0376,0.0,lying,Charlotte,small
1785662554.0216498,2661926,0.1416,-0.001,-1.0083,4.3335,0.9155,-0.061,lying,Charlotte,small
1785662554.0216537,2661976,0.1406,-0.0044,-1.0044,4.5166,1.0986,-0.1221,lying,Charlotte,small
1785662554.021657,2662026,0.1411,-0.0083,-1.0063,4.3945,1.0986,-0.061,lying,Charlotte,small
1785662554.0216599,2662076,0.1396,-0.0034,-1.0083,4.2114,1.2207,0.0,lying,Charlotte,small
1785662554.021663,2662126,0.1367,-0.0024,-1.0073,4.2114,0.9766,0.0,lying,Charlotte,small
1785662554.0216658,2662176,0.1401,-0.001,-1.0068,4.5776,1.2207,-0.061,lying,Charlotte,small
1785662554.021669,2662226,0.1406,-0.0039,-1.0005,4.1504,1.1597,-0.1831,lying,Charlotte,small
1785662554.0216718,2662276,0.1411,-0.0059,-1.001,4.3335,1.0376,0.061,lying,Charlotte,small
1785662555.0655909,2662347,0.1392,-0.0063,-1.0039,4.0283,1.1597,-0.1831,lying,Charlotte,small
1785662555.0656028,2662397,0.1445,-0.0039,-1.0049,4.3335,1.1597,-0.1221,lying,Charlotte,small
1785662555.065608,2662447,0.1426,-0.0063,-0.9956,4.1504,1.3428,-0.1221,lying,Charlotte,small
1785662555.0656123,2662497,0.1411,-0.0049,-1.0088,4.4556,1.0376,-0.1221,lying,Charlotte,small
1785662555.0656164,2662547,0.1401,-0.0049,-1.0063,4.3335,1.1597,0.0,lying,Charlotte,small
1785662555.0656202,2662597,0.1382,0.0,-1.0054,4.3945,1.1597,0.1221,lying,Charlotte,small
1785662555.0656242,2662647,0.1416,-0.0005,-1.0029,4.3335,0.9155,0.0,lying,Charlotte,small
1785662555.0656285,2662697,0.1431,-0.0059,-1.0039,4.3335,1.2817,-0.061,lying,Charlotte,small
1785662555.0656323,2662747,0.1367,-0.001,-1.0034,4.2725,1.0986,0.061,lying,Charlotte,small
1785662555.0656362,2662797,0.1401,0.0,-0.9995,4.3335,1.2207,-0.1221,lying,Charlotte,small
1785662558.0102546,2663395,0.1421,-0.0029,-1.0,4.4556,1.2207,0.3052,lying,Charlotte,small
1785662558.0102665,2663445,0.1455,-0.0044,-0.998,4.3335,1.2817,-0.061,lying,Charlotte,small
1785662558.0102718,2663495,0.1392,-0.0024,-1.002,4.3335,1.2207,-0.1831,lying,Charlotte,small
1785662558.0102763,2663545,0.1416,-0.0029,-0.9961,4.3335,0.9766,0.061,lying,Charlotte,small
1785662558.0102801,2663595,0.1406,-0.002,-1.0078,4.3945,1.0986,-0.1831,lying,Charlotte,small
1785662558.0102837,2663645,0.1372,-0.0039,-1.0029,4.1504,1.1597,0.0,lying,Charlotte,small
1785662558.0102882,2663695,0.1406,-0.0039,-1.0049,4.3335,0.9155,0.061,lying,Charlotte,small
1785662558.010292,2663745,0.1396,-0.0029,-1.0015,4.2725,0.9766,0.0,lying,Charlotte,small
1785662558.0102956,2663795,0.1421,-0.0034,-1.0054,4.3945,1.2817,-0.4272,lying,Charlotte,small
1785662558.0102994,2663845,0.1377,-0.0044,-1.002,4.2725,1.0986,0.061,lying,Charlotte,small
1785662558.5326388,2666344,0.1387,-0.0044,-0.999,4.2725,1.2207,-0.1221,lying,Charlotte,small
1785662558.532649,2666394,0.1401,-0.0059,-1.0098,4.0283,0.8545,0.2441,lying,Charlotte,small
1785662558.5326543,2666444,0.1382,-0.0098,-1.0049,4.4556,1.0986,-0.4883,lying,Charlotte,small
1785662558.5326595,2666494,0.1421,-0.0029,-1.0039,4.4556,1.0986,0.1831,lying,Charlotte,small
1785662558.5326636,2666544,0.1401,-0.0044,-1.0073,4.3335,1.1597,-0.1831,lying,Charlotte,small
1785662558.5326674,2666594,0.1406,-0.0024,-1.0059,4.4556,1.0376,-0.061,lying,Charlotte,small
1785662558.5326712,2666644,0.144,-0.0034,-1.0088,4.3335,0.8545,0.1221,lying,Charlotte,small
1785662558.532675,2666694,0.1416,-0.0122,-1.0068,4.2114,1.2817,0.0,lying,Charlotte,small
1785662558.5326786,2666744,0.1411,-0.002,-1.0029,4.3335,1.1597,-0.061,lying,Charlotte,small
1785662558.5326824,2666794,0.1362,0.0024,-0.9985,4.3335,0.9155,-0.3052,lying,Charlotte,small
1785662560.259192,2666866,0.1416,-0.002,-1.0059,4.2114,1.1597,0.2441,lying,Charlotte,small
1785662560.2592068,2666916,0.1387,-0.001,-1.0015,4.1504,1.0986,0.2441,lying,Charlotte,small
1785662560.259212,2666966,0.1372,-0.0039,-1.0068,4.3945,1.0376,-0.3662,lying,Charlotte,small
1785662560.2592163,2667016,0.1406,-0.0034,-1.0005,4.0894,1.0376,-0.061,lying,Charlotte,small
1785662560.2592204,2667066,0.1392,0.0005,-1.0005,4.2114,1.0376,-0.1831,lying,Charlotte,small
1785662560.2592244,2667116,0.1401,-0.001,-1.0029,4.2114,0.9155,-0.061,lying,Charlotte,small
1785662560.2592285,2667166,0.1416,-0.0024,-1.0059,4.3945,1.0986,-0.1221,lying,Charlotte,small
1785662560.259232,2667216,0.1392,-0.002,-1.0029,4.4556,0.9155,-0.1221,lying,Charlotte,small
1785662560.2592354,2667266,0.1426,-0.0073,-1.0034,4.3335,1.0986,0.0,lying,Charlotte,small
1785662560.2592392,2667316,0.1416,-0.0039,-0.999,4.2725,1.2207,-0.1831,lying,Charlotte,small
1785662561.3891282,2668879,0.1401,-0.0029,-1.0005,4.5166,1.0986,-0.1221,lying,Charlotte,small
1785662561.3891356,2668929,0.144,-0.0059,-1.0029,4.2114,1.0376,-0.1831,lying,Charlotte,small
1785662561.3891394,2668979,0.1392,-0.0059,-1.0068,4.5166,1.0376,0.0,lying,Charlotte,small
1785662561.3891428,2669029,0.1392,-0.0034,-1.0039,4.2725,1.4648,0.1831,lying,Charlotte,small
1785662561.3891459,2669079,0.1392,-0.001,-0.999,4.3335,1.0376,-0.1221,lying,Charlotte,small
1785662561.3891492,2669129,0.145,-0.0044,-1.0024,4.5166,1.2817,0.1831,lying,Charlotte,small
1785662561.3891523,2669179,0.1411,-0.0015,-1.0034,4.6387,1.0376,-0.061,lying,Charlotte,small
1785662561.3891556,2669229,0.1416,-0.0029,-1.0015,4.5776,1.0376,-0.1831,lying,Charlotte,small
1785662561.3891587,2669279,0.1372,0.0029,-0.9966,4.3335,0.8545,0.061,lying,Charlotte,small
1785662561.3891618,2669329,0.1377,-0.0005,-1.002,4.3335,1.3428,-0.1221,lying,Charlotte,small
1785662561.9917767,2669809,0.1436,-0.0059,-1.0034,4.2114,1.2817,-0.1221,lying,Charlotte,small
1785662561.99179,2669859,0.1411,-0.0034,-1.0054,4.5166,1.0986,0.0,lying,Charlotte,small
1785662561.991795,2669909,0.1406,-0.0044,-1.001,4.2725,1.3428,0.1221,lying,Charlotte,small
1785662561.9917996,2669959,0.1416,-0.0054,-1.001,4.2725,1.0376,0.0,lying,Charlotte,small
1785662561.9918032,2670009,0.1396,-0.002,-1.0078,4.1504,0.9155,0.0,lying,Charlotte,small
1785662561.991807,2670059,0.1421,-0.0073,-1.0029,4.1504,1.0986,0.1831,lying,Charlotte,small
1785662561.991811,2670109,0.1362,-0.001,-1.0024,4.4556,1.0986,0.061,lying,Charlotte,small
1785662561.9918149,2670159,0.1396,-0.0024,-1.0015,4.4556,1.1597,0.2441,lying,Charlotte,small
1785662561.9918187,2670209,0.1396,-0.0029,-0.9985,4.3335,1.0376,-0.1221,lying,Charlotte,small
1785662561.991823,2670259,0.1421,0.0015,-1.0054,4.3945,1.1597,-0.3052,lying,Charlotte,small
1785662562.5180395,2670321,0.1401,-0.0049,-1.0024,4.3335,1.3428,0.0,lying,Charlotte,small
1785662562.5180502,2670371,0.1387,-0.0049,-1.0068,4.4556,1.3428,0.0,lying,Charlotte,small
1785662562.518055,2670421,0.1377,-0.0059,-0.998,4.3335,1.2817,-0.1221,lying,Charlotte,small
1785662562.5180595,2670471,0.1406,-0.0034,-1.0034,4.5166,1.1597,0.061,lying,Charlotte,small
1785662562.5180635,2670521,0.1406,-0.0059,-1.0039,4.3335,1.0986,0.4272,lying,Charlotte,small
1785662562.5180674,2670571,0.1392,0.0,-1.002,4.6387,1.0986,-0.061,lying,Charlotte,small
1785662562.5180714,2670621,0.1411,-0.0049,-1.0054,4.3335,0.9155,0.0,lying,Charlotte,small
1785662562.518075,2670671,0.1392,0.0,-1.0005,4.2114,1.0376,-0.2441,lying,Charlotte,small
1785662562.5180786,2670721,0.1411,-0.0034,-1.0029,4.4556,0.9766,-0.1221,lying,Charlotte,small
1785662562.5180824,2670771,0.1396,-0.0005,-1.0015,4.3335,1.2207,-0.3052,lying,Charlotte,small
1785662563.3988736,2670844,0.1411,-0.0068,-1.0015,4.3945,1.2817,0.0,lying,Charlotte,small
1785662563.3988817,2670894,0.1406,-0.0049,-0.999,4.4556,0.8545,-0.061,lying,Charlotte,small
1785662563.3988867,2670944,0.1426,-0.002,-1.0093,4.3335,1.1597,0.0,lying,Charlotte,small
1785662563.3988907,2670994,0.1416,-0.0049,-0.9941,4.2114,1.1597,0.061,lying,Charlotte,small
1785662563.3988945,2671044,0.1382,-0.002,-0.9985,4.5166,0.9155,0.0,lying,Charlotte,small
1785662563.3988984,2671094,0.1421,-0.0034,-1.0068,4.2725,0.9766,0.0,lying,Charlotte,small
1785662563.398902,2671144,0.1426,-0.0039,-1.002,4.2725,1.0986,-0.3052,lying,Charlotte,small
1785662563.3989058,2671194,0.1406,-0.0039,-1.0054,4.3335,1.2207,-0.1221,lying,Charlotte,small
1785662563.3989093,2671244,0.1421,-0.0059,-0.998,4.5166,1.4038,-0.1221,lying,Charlotte,small
1785662563.3989134,2671294,0.1392,-0.002,-1.002,4.2114,1.0986,-0.061,lying,Charlotte,small
1785662564.8677351,2671949,0.1406,-0.0034,-0.9985,4.3945,0.9766,-0.2441,lying,Charlotte,small
1785662564.8677502,2671999,0.1401,-0.0015,-1.0088,4.4556,1.0986,-0.1221,lying,Charlotte,small
1785662564.867756,2672049,0.1406,-0.0049,-1.0015,4.2114,1.2817,-0.1221,lying,Charlotte,small
1785662564.8677602,2672099,0.1396,-0.0093,-1.0049,4.0283,1.1597,-0.061,lying,Charlotte,small
1785662564.8677642,2672149,0.1406,-0.0029,-1.0068,4.2725,1.2207,-0.061,lying,Charlotte,small
1785662564.8677678,2672199,0.144,-0.0059,-1.0044,4.3945,1.2207,-0.1221,lying,Charlotte,small
1785662564.8677714,2672249,0.1392,-0.0039,-0.9956,4.3335,1.2207,0.1831,lying,Charlotte,small
1785662564.867775,2672299,0.1455,-0.0054,-1.0073,4.3945,1.0986,-0.061,lying,Charlotte,small
1785662564.8677788,2672349,0.1431,-0.0054,-1.0054,4.5776,1.0986,-0.1831,lying,Charlotte,small
1785662564.8677824,2672399,0.1406,-0.0083,-1.0039,4.6387,0.9155,-0.1221,lying,Charlotte,small
1785662565.396699,2673197,0.1396,-0.0005,-1.0005,4.2725,1.0986,-0.3662,lying,Charlotte,small
1785662565.396708,2673247,0.1431,-0.0039,-1.0068,4.4556,1.1597,0.1831,lying,Charlotte,small
1785662565.3967123,2673297,0.1431,-0.0029,-0.9961,4.2725,0.9766,0.061,lying,Charlotte,small
1785662565.3967159,2673347,0.1455,-0.0039,-1.0073,4.3335,1.0376,0.3662,lying,Charlotte,small
1785662565.3967187,2673397,0.1406,-0.0044,-1.0024,4.2725,1.1597,-0.1221,lying,Charlotte,small
1785662565.3967218,2673447,0.1406,-0.0054,-1.0044,4.3335,0.9155,0.1221,lying,Charlotte,small
1785662565.396725,2673497,0.1411,-0.0054,-0.9995,4.5166,1.2817,0.061,lying,Charlotte,small
1785662565.3967278,2673547,0.1377,0.0005,-1.0054,4.2114,0.9766,0.1221,lying,Charlotte,small
1785662565.396731,2673597,0.1406,-0.0024,-1.0015,4.4556,1.0986,-0.1221,lying,Charlotte,small
1785662565.3967338,2673647,0.1465,-0.0049,-1.0039,4.3335,1.4038,0.0,lying,Charlotte,small
1785662566.2994113,2674109,0.1411,-0.0039,-1.0078,4.3335,1.1597,0.0,lying,Charlotte,small
1785662566.29942,2674159,0.1411,-0.0049,-1.0005,4.3335,1.1597,-0.1221,lying,Charlotte,small
1785662566.299424,2674209,0.1421,-0.0034,-1.0049,4.2114,1.2207,0.0,lying,Charlotte,small
1785662566.2994275,2674259,0.1382,-0.0039,-1.0073,4.5166,1.0986,-0.1831,lying,Charlotte,small
1785662566.2994313,2674309,0.1436,-0.0083,-1.0034,4.4556,1.1597,0.3052,lying,Charlotte,small
1785662566.2994344,2674359,0.1431,-0.0044,-1.0029,4.2114,1.2207,0.1831,lying,Charlotte,small
1785662566.2994375,2674409,0.1382,-0.0049,-1.0,4.2725,1.0986,0.1221,lying,Charlotte,small
1785662566.2994404,2674459,0.1411,-0.0015,-0.9976,4.3945,1.0986,0.1221,lying,Charlotte,small
1785662566.2994437,2674509,0.1406,-0.0005,-1.001,4.2725,0.9766,-0.3052,lying,Charlotte,small
1785662566.299447,2674559,0.1411,-0.0024,-1.0063,4.3335,1.0376,-0.2441,lying,Charlotte,small
1785662566.8252745,2674633,0.1401,-0.0024,-1.0,4.3335,1.2817,0.0,lying,Charlotte,small
1785662566.8252852,2674683,0.1406,-0.0015,-1.0029,4.3335,0.9766,0.061,lying,Charlotte,small
1785662566.825291,2674733,0.1406,0.0,-0.9985,4.2114,1.0986,-0.1831,lying,Charlotte,small
1785662566.8252954,2674783,0.1401,-0.0044,-1.0029,4.5166,1.0376,-0.1221,lying,Charlotte,small
1785662566.8252993,2674833,0.1411,-0.0059,-1.0049,4.2725,0.9766,0.061,lying,Charlotte,small
1785662566.8253028,2674883,0.1445,0.0015,-1.0029,4.5166,1.1597,0.3052,lying,Charlotte,small
1785662566.825307,2674933,0.1431,-0.0059,-1.001,4.3335,1.0376,0.061,lying,Charlotte,small
1785662566.8253105,2674983,0.1416,-0.0044,-1.002,4.2725,1.2207,-0.1221,lying,Charlotte,small
1785662566.825314,2675033,0.1382,-0.0063,-1.0039,4.2725,1.0986,-0.1221,lying,Charlotte,small
1785662566.8253176,2675083,0.1416,-0.0005,-1.0093,4.3335,1.0376,-0.1221,lying,Charlotte,small
1785662567.7217486,2675436,0.1421,-0.0034,-1.0024,4.1504,1.0986,-0.2441,lying,Charlotte,small
1785662567.7217638,2675486,0.1382,-0.0039,-1.0029,4.3335,1.2817,0.061,lying,Charlotte,small
1785662567.7217693,2675536,0.1401,0.0,-1.0068,4.5166,1.0376,0.061,lying,Charlotte,small
1785662567.7217739,2675586,0.1406,-0.002,-1.0078,4.1504,1.1597,0.061,lying,Charlotte,small
1785662567.721778,2675636,0.1445,-0.0029,-1.0059,4.3945,1.0986,0.061,lying,Charlotte,small
1785662567.7217815,2675686,0.145,0.0005,-1.001,4.2114,1.0376,0.0,lying,Charlotte,small
1785662567.7217855,2675736,0.1396,0.0005,-1.0063,4.2725,1.2817,0.1221,lying,Charlotte,small
1785662567.7217896,2675786,0.1416,-0.0024,-1.0029,4.3335,0.9155,0.0,lying,Charlotte,small
1785662567.7217932,2675836,0.1406,-0.0054,-1.0015,4.4556,1.1597,-0.061,lying,Charlotte,small
1785662567.7217972,2675886,0.1426,-0.0054,-1.0083,4.6387,0.9766,0.3662,lying,Charlotte,small
1785662568.243747,2676048,0.1401,-0.0059,-0.999,4.1504,1.0376,0.1831,lying,Charlotte,small
1785662568.24376,2676098,0.1416,-0.0073,-0.998,4.5166,0.8545,0.0,lying,Charlotte,small
1785662568.2437649,2676148,0.1426,-0.0039,-1.0015,4.0894,0.9766,-0.061,lying,Charlotte,small
1785662568.2437696,2676198,0.1416,-0.0029,-1.0039,4.1504,1.0986,0.0,lying,Charlotte,small
1785662568.2437735,2676248,0.1387,-0.0034,-1.002,4.4556,1.2207,-0.061,lying,Charlotte,small
1785662568.2437773,2676298,0.1416,-0.0059,-0.998,4.2725,1.1597,-0.1221,lying,Charlotte,small
1785662568.243781,2676348,0.1436,-0.0078,-1.0054,4.4556,1.0376,-0.3052,lying,Charlotte,small
1785662568.243785,2676398,0.1426,-0.002,-1.002,4.3335,1.2207,0.0,lying,Charlotte,small
1785662568.2437885,2676448,0.1426,-0.0044,-1.0034,4.2114,0.9766,-0.3052,lying,Charlotte,small
1785662568.2437923,2676498,0.1396,-0.0015,-1.0,4.3945,1.0986,-0.061,lying,Charlotte,small
1785662568.7557857,2676572,0.1411,-0.0059,-1.0073,4.2114,1.2817,-0.1831,lying,Charlotte,small
1785662568.7557957,2676622,0.1401,-0.0024,-1.001,4.2114,0.8545,-0.061,lying,Charlotte,small
1785662568.7558007,2676672,0.1382,-0.0044,-1.0,4.3945,1.0986,-0.1831,lying,Charlotte,small
1785662568.7558055,2676722,0.1431,-0.0073,-1.0034,4.3945,1.2817,-0.061,lying,Charlotte,small
1785662568.7558093,2676772,0.1362,-0.0015,-1.0034,4.2114,0.9766,0.061,lying,Charlotte,small
1785662568.7558134,2676822,0.1465,-0.0049,-1.0093,4.2725,1.0376,-0.2441,lying,Charlotte,small
1785662568.755818,2676872,0.1396,-0.0059,-1.001,4.2114,1.4038,0.3052,lying,Charlotte,small
1785662568.7558217,2676922,0.1411,-0.0078,-1.0024,4.3335,0.9766,0.0,lying,Charlotte,small
1785662568.7558255,2676972,0.1387,-0.0044,-1.0039,4.3945,0.9766,-0.061,lying,Charlotte,small
1785662568.7558293,2677022,0.1431,0.0,-1.0005,4.3945,1.0986,-0.1221,lying,Charlotte,small
1785662569.3912156,2677084,0.1426,-0.002,-0.999,4.5166,1.0376,0.061,lying,Charlotte,small
1785662569.391226,2677134,0.1406,-0.0093,-0.9941,4.2725,1.0986,-0.1831,lying,Charlotte,small
1785662569.3912308,2677184,0.1372,-0.0039,-0.9985,4.2725,0.9155,0.1831,lying,Charlotte,small
1785662569.3912344,2677234,0.1455,-0.0059,-1.0044,4.3335,1.1597,-0.1831,lying,Charlotte,small
1785662569.3912373,2677284,0.1421,-0.0073,-1.0063,4.4556,1.0376,-0.061,lying,Charlotte,small
1785662569.3912404,2677334,0.1401,-0.0059,-1.0005,4.3945,1.2207,-0.061,lying,Charlotte,small
1785662569.3912435,2677384,0.1411,-0.0054,-1.0054,4.4556,1.2817,-0.061,lying,Charlotte,small
1785662569.3912463,2677434,0.1401,-0.0015,-1.0063,4.3335,1.0376,-0.061,lying,Charlotte,small
1785662569.3912494,2677484,0.1426,-0.0024,-1.0005,4.3945,1.1597,0.0,lying,Charlotte,small
1785662569.3912525,2677534,0.1475,-0.0151,-1.0103,4.3335,1.2207,-0.061,lying,Charlotte,small
1785662572.2269666,2679837,0.1362,-0.0015,-1.0029,4.2725,1.2817,0.1221,lying,Charlotte,small
1785662572.2269816,2679887,0.1377,-0.0044,-1.002,4.3945,1.1597,-0.061,lying,Charlotte,small
1785662572.2269857,2679937,0.1411,-0.0034,-1.0024,4.3335,0.7935,-0.3662,lying,Charlotte,small
1785662572.2269893,2679987,0.144,-0.0054,-0.9976,4.2725,1.2207,0.1221,lying,Charlotte,small
1785662572.2269924,2680037,0.1387,-0.0059,-1.0029,4.3335,1.0986,0.1221,lying,Charlotte,small
1785662572.2269952,2680087,0.144,-0.0024,-1.0049,4.4556,1.0376,0.061,lying,Charlotte,small
1785662572.2269983,2680137,0.1392,-0.0054,-1.0024,4.3945,1.2817,-0.1221,lying,Charlotte,small
1785662572.2270014,2680187,0.1362,-0.0063,-1.0044,4.4556,1.0376,-0.061,lying,Charlotte,small
1785662572.227004,2680237,0.1445,-0.0029,-0.998,4.4556,1.1597,0.0,lying,Charlotte,small
1785662572.2270072,2680287,0.1436,-0.0059,-1.0039,4.5166,1.2817,-0.1831,lying,Charlotte,small
1785662575.4048007,2680559,0.1401,-0.002,-1.0,4.4556,1.1597,-0.1831,lying,Charlotte,small
1785662575.4048185,2680609,0.1411,-0.0024,-1.0034,4.2114,1.2817,0.0,lying,Charlotte,small
1785662575.4048238,2680659,0.1421,-0.0044,-1.0029,4.4556,0.9766,0.2441,lying,Charlotte,small
1785662575.4048283,2680709,0.1396,-0.0024,-1.0015,4.3335,1.0376,0.1221,lying,Charlotte,small
1785662575.4048324,2680759,0.1372,0.001,-1.0093,4.3945,1.2817,0.1831,lying,Charlotte,small
1785662575.4048364,2680809,0.1406,-0.0024,-1.002,4.2725,0.9155,0.0,lying,Charlotte,small
1785662575.4048407,2680859,0.1421,-0.0059,-1.0024,4.2114,1.1597,0.1221,lying,Charlotte,small
1785662575.4048445,2680909,0.1401,-0.0049,-1.0015,4.3945,1.2817,0.1221,lying,Charlotte,small
1785662575.4048483,2680959,0.1421,-0.0068,-0.999,4.1504,1.2207,-0.1831,lying,Charlotte,small
1785662575.4048522,2681009,0.1416,-0.0044,-0.998,4.2114,1.1597,0.1831,lying,Charlotte,small
1785662575.9286911,2683737,0.1396,-0.0039,-0.999,4.4556,1.0376,-0.6104,lying,Charlotte,small
1785662575.9287028,2683787,0.1436,-0.0083,-1.0063,4.5166,1.1597,0.061,lying,Charlotte,small
1785662575.9287078,2683837,0.1406,-0.0068,-1.0029,4.2725,1.2817,-0.2441,lying,Charlotte,small
1785662575.9287124,2683887,0.1406,-0.0029,-1.0029,4.3945,0.9766,-0.1221,lying,Charlotte,small
1785662575.9287162,2683937,0.1406,-0.0034,-1.0049,4.3335,1.2817,-0.2441,lying,Charlotte,small
1785662575.9287198,2683987,0.1377,-0.0015,-1.0063,4.2725,1.0986,0.0,lying,Charlotte,small
1785662575.9287243,2684037,0.1406,0.0029,-1.0078,4.5776,1.0986,0.1221,lying,Charlotte,small
1785662575.9287283,2684087,0.1387,-0.0024,-1.0054,4.2114,0.9155,0.0,lying,Charlotte,small
1785662575.928732,2684137,0.1436,-0.0039,-0.9976,4.2725,0.9155,0.0,lying,Charlotte,small
1785662575.9287355,2684187,0.1431,-0.0093,-1.0015,4.3335,1.2817,-0.1831,lying,Charlotte,small
1785662579.5102906,2684558,0.1421,-0.0063,-1.0054,4.3945,0.9155,0.3052,lying,Charlotte,small
1785662579.5103028,2684608,0.1401,-0.002,-1.0054,4.3945,0.8545,-0.061,lying,Charlotte,small
1785662579.5103076,2684658,0.145,-0.0024,-1.002,4.1504,1.0986,-0.1831,lying,Charlotte,small
1785662579.510312,2684708,0.1431,0.0039,-1.0039,4.4556,1.0986,0.0,lying,Charlotte,small
1785662579.5103164,2684758,0.1465,-0.0083,-1.0093,4.2114,1.2207,0.0,lying,Charlotte,small
1785662579.5103202,2684808,0.1406,-0.0044,-0.9985,4.3945,1.3428,-0.061,lying,Charlotte,small
1785662579.5103242,2684858,0.1387,0.001,-1.0015,4.3945,0.9766,-0.2441,lying,Charlotte,small
1785662579.5103283,2684908,0.1416,-0.0044,-1.0078,4.2114,1.4648,0.3052,lying,Charlotte,small
1785662579.5103319,2684958,0.146,-0.0098,-1.0034,4.3335,1.1597,0.061,lying,Charlotte,small
1785662579.5103354,2685008,0.1382,-0.0034,-1.0044,4.1504,1.1597,0.0,lying,Charlotte,small
1785662580.2165952,2687843,0.1416,-0.0034,-1.0117,4.3945,0.9155,-0.1831,lying,Charlotte,small
1785662580.216608,2687893,0.1416,-0.0015,-1.0039,4.2114,1.2817,0.0,lying,Charlotte,small
1785662580.2166138,2687943,0.1431,-0.0015,-0.9946,4.4556,1.3428,-0.061,lying,Charlotte,small
1785662580.216619,2687993,0.1401,-0.0005,-1.0054,3.9673,0.9766,-0.1221,lying,Charlotte,small
1785662580.216623,2688043,0.1436,-0.001,-1.0059,4.3945,1.0986,-0.061,lying,Charlotte,small
1785662580.2166271,2688093,0.1426,-0.0034,-1.0,4.3945,1.2207,-0.2441,lying,Charlotte,small
1785662580.2166317,2688143,0.1392,-0.0063,-1.0,4.1504,1.2207,0.2441,lying,Charlotte,small
1785662580.2166352,2688193,0.1396,-0.002,-1.0034,4.3945,1.0376,-0.3662,lying,Charlotte,small
1785662580.216639,2688243,0.1406,-0.0044,-0.9995,4.2725,1.0986,-0.1221,lying,Charlotte,small
1785662580.2166429,2688293,0.1416,-0.0059,-0.9971,4.5776,1.2207,-0.2441,lying,Charlotte,small
1785662580.8285336,2688550,0.1382,-0.0024,-1.0059,4.3945,1.2207,0.1221,lying,Charlotte,small
1785662580.828546,2688600,0.147,-0.0117,-1.0078,4.5776,1.0986,-0.1831,lying,Charlotte,small
1785662580.8285515,2688650,0.1338,0.0015,-0.9976,4.2725,0.9766,-0.1831,lying,Charlotte,small
1785662580.8285563,2688700,0.1421,-0.0044,-1.0005,4.5166,1.0376,0.061,lying,Charlotte,small
1785662580.8285604,2688750,0.1382,0.0044,-1.0034,4.3945,0.8545,-0.4883,lying,Charlotte,small
1785662580.8285644,2688800,0.144,-0.0142,-1.0039,4.2725,1.3428,0.1831,lying,Charlotte,small
1785662580.8285685,2688850,0.1377,-0.0005,-0.9937,4.2725,1.0376,0.0,lying,Charlotte,small
1785662580.8285732,2688900,0.1436,0.0,-1.0015,4.5166,0.8545,0.1221,lying,Charlotte,small
1785662580.8285768,2688950,0.1396,-0.0034,-1.0039,4.4556,1.2817,-0.1221,lying,Charlotte,small
1785662580.8285806,2689000,0.1411,-0.0059,-1.002,4.5166,1.0376,-0.2441,lying,Charlotte,small
1785662581.3746426,2689161,0.1436,-0.001,-1.0005,4.5776,1.1597,0.0,lying,Charlotte,small
1785662581.3746514,2689211,0.1445,-0.0132,-1.0054,4.2725,1.0376,0.4272,lying,Charlotte,small
1785662581.3746555,2689261,0.1426,-0.0068,-1.0005,4.2725,1.0986,-0.2441,lying,Charlotte,small
1785662581.3746593,2689311,0.1421,-0.0029,-1.0044,4.3945,0.9155,-0.1831,lying,Charlotte,small
1785662581.3746624,2689361,0.1445,-0.0068,-1.001,4.2725,1.0986,0.0,lying,Charlotte,small
1785662581.374665,2689411,0.1411,-0.0054,-1.0039,4.3335,0.9155,-0.1831,lying,Charlotte,small
1785662581.3746688,2689461,0.1382,-0.0024,-0.998,4.2725,1.2817,0.0,lying,Charlotte,small
1785662581.3746715,2689511,0.1382,-0.0098,-1.0029,4.2725,1.0986,-0.2441,lying,Charlotte,small
1785662581.374674,2689561,0.1421,-0.0073,-1.0063,4.3335,1.1597,0.0,lying,Charlotte,small
1785662581.374677,2689611,0.1377,0.0005,-1.0039,4.3945,0.7935,-0.3052,lying,Charlotte,small
1785662581.9126103,2689706,0.1392,-0.002,-1.002,4.5776,0.9155,-0.1831,lying,Charlotte,small
1785662581.912621,2689756,0.1431,-0.0005,-1.0044,4.2725,1.0376,-0.1221,lying,Charlotte,small
1785662581.9126265,2689806,0.1367,0.001,-1.0029,4.4556,1.0986,0.1221,lying,Charlotte,small
1785662581.9126318,2689856,0.1411,-0.0044,-1.0054,4.3945,1.0986,-0.2441,lying,Charlotte,small
1785662581.9126356,2689906,0.1382,-0.0024,-1.0044,4.5776,1.0376,0.1221,lying,Charlotte,small
1785662581.9126391,2689956,0.1401,-0.0039,-1.0044,4.2114,1.1597,-0.1831,lying,Charlotte,small
1785662581.912643,2690006,0.144,-0.0044,-1.0034,4.3945,1.0986,0.1831,lying,Charlotte,small
1785662581.912647,2690056,0.1411,-0.0024,-0.998,4.2725,1.0376,0.061,lying,Charlotte,small
1785662581.9126503,2690106,0.1401,-0.002,-1.0044,4.3945,1.2817,-0.2441,lying,Charlotte,small
1785662581.9126544,2690156,0.1421,-0.001,-0.999,4.2725,1.1597,-0.2441,lying,Charlotte,small
1785662582.7739499,2690243,0.1406,-0.0083,-1.0059,4.5166,1.1597,-0.1221,lying,Charlotte,small
1785662582.773962,2690293,0.1396,-0.0049,-1.001,4.3945,1.0986,0.1831,lying,Charlotte,small
1785662582.773967,2690343,0.1411,-0.0005,-1.0044,4.3335,0.9155,-0.2441,lying,Charlotte,small
1785662582.773972,2690393,0.1406,-0.0029,-1.0015,4.2114,1.1597,-0.2441,lying,Charlotte,small
1785662582.773976,2690443,0.1392,-0.0059,-1.0068,4.3945,1.1597,0.2441,lying,Charlotte,small
1785662582.77398,2690493,0.1426,-0.0073,-1.0034,4.4556,1.1597,0.0,lying,Charlotte,small
1785662582.773984,2690543,0.145,-0.0054,-1.0073,4.1504,1.0986,-0.061,lying,Charlotte,small
1785662582.7739882,2690593,0.1387,-0.0049,-1.0049,4.4556,1.0986,-0.061,lying,Charlotte,small
1785662582.7739923,2690643,0.1411,-0.0054,-1.0,4.3335,1.1597,-0.1831,lying,Charlotte,small
1785662582.7739959,2690693,0.1367,-0.0015,-1.0063,4.2725,1.0376,0.0,lying,Charlotte,small
1785662583.3020425,2691104,0.1396,-0.0005,-0.9966,4.1504,0.7935,-0.1831,lying,Charlotte,small
1785662583.3020535,2691154,0.1387,0.001,-1.0073,4.2725,0.9155,0.061,lying,Charlotte,small
1785662583.3020575,2691204,0.1401,-0.0093,-1.0112,4.4556,1.1597,0.1221,lying,Charlotte,small
1785662583.302061,2691254,0.1401,-0.0039,-1.0005,4.3945,1.0376,0.1831,lying,Charlotte,small
1785662583.3020644,2691304,0.1396,-0.0029,-1.0,4.2725,1.1597,-0.061,lying,Charlotte,small
1785662583.3020673,2691354,0.1421,-0.0044,-0.9951,4.0894,1.2207,0.061,lying,Charlotte,small
1785662583.3020706,2691404,0.1392,-0.002,-1.002,4.2114,1.1597,0.0,lying,Charlotte,small
1785662583.302074,2691454,0.1426,-0.001,-1.0034,4.4556,1.0986,-0.061,lying,Charlotte,small
1785662583.3020768,2691504,0.144,-0.0073,-1.002,4.2725,1.2207,-0.2441,lying,Charlotte,small
1785662583.30208,2691554,0.1406,-0.0015,-1.0078,4.3335,1.0986,0.061,lying,Charlotte,small
1785662584.8223472,2691629,0.1396,0.0005,-1.0034,4.3335,1.1597,0.061,lying,Charlotte,small
1785662584.8223617,2691679,0.1436,-0.0054,-1.0073,4.3335,0.9766,-0.061,lying,Charlotte,small
1785662584.8223674,2691729,0.1445,-0.0137,-1.0029,4.2725,1.2207,-0.061,lying,Charlotte,small
1785662584.8223717,2691779,0.1416,-0.0024,-0.998,4.1504,1.2817,-0.3662,lying,Charlotte,small
1785662584.822376,2691829,0.144,-0.0005,-1.0049,4.2725,1.0376,0.0,lying,Charlotte,small
1785662584.8223803,2691879,0.1431,-0.0029,-1.0029,4.3945,1.2817,-0.2441,lying,Charlotte,small
1785662584.8223844,2691929,0.1426,-0.001,-1.0068,4.0283,1.0376,0.061,lying,Charlotte,small
1785662584.8223884,2691979,0.1396,-0.0015,-1.001,4.2114,0.7324,-0.2441,lying,Charlotte,small
1785662584.8223925,2692029,0.1436,0.0005,-1.0078,4.3335,1.1597,0.1221,lying,Charlotte,small
1785662584.8223965,2692079,0.1338,-0.002,-0.9985,4.3335,1.2207,-0.2441,lying,Charlotte,small
1785662585.3423476,2693151,0.1392,-0.0073,-0.999,4.3945,1.0376,0.1221,lying,Charlotte,small
1785662585.3423567,2693201,0.1396,-0.002,-1.0063,4.2725,1.0986,-0.3052,lying,Charlotte,small
1785662585.342361,2693251,0.1387,-0.001,-1.0015,4.3335,0.9766,0.1831,lying,Charlotte,small
1785662585.3423655,2693301,0.1401,-0.0024,-1.0103,4.3335,1.1597,-0.1221,lying,Charlotte,small
1785662585.3423688,2693351,0.1396,-0.0049,-1.0083,4.6387,1.0986,0.1831,lying,Charlotte,small
1785662585.342372,2693401,0.1436,-0.0073,-1.001,4.2725,1.0986,-0.3052,lying,Charlotte,small
1785662585.3423753,2693451,0.1401,-0.0005,-0.999,4.2114,0.9155,0.0,lying,Charlotte,small
1785662585.3423784,2693501,0.1416,-0.0054,-1.0,4.0283,0.9766,-0.1221,lying,Charlotte,small
1785662585.3423834,2693551,0.1421,-0.0049,-1.0024,4.4556,1.0376,-0.1221,lying,Charlotte,small
1785662585.3423872,2693601,0.1392,-0.0049,-1.0005,4.3945,1.2207,0.3662,lying,Charlotte,small
1785662585.8660522,2693673,0.1431,-0.0068,-1.0029,4.2114,1.0376,-0.061,lying,Charlotte,small
1785662585.866066,2693723,0.1392,-0.0044,-0.999,4.6387,1.0376,-0.1221,lying,Charlotte,small
1785662585.8660722,2693773,0.1401,-0.0024,-1.0029,4.3335,0.9155,-0.061,lying,Charlotte,small
1785662585.866078,2693823,0.1475,-0.0059,-1.0068,4.3945,0.9766,0.0,lying,Charlotte,small
1785662585.8660831,2693873,0.1426,-0.0049,-1.0049,4.3335,1.0376,-0.061,lying,Charlotte,small
1785662585.8660882,2693923,0.1387,-0.0044,-1.001,4.3335,1.0376,-0.1831,lying,Charlotte,small
1785662585.8660939,2693973,0.1396,-0.0054,-1.0098,4.2725,0.9766,-0.1221,lying,Charlotte,small
1785662585.8660986,2694023,0.1401,0.0,-1.0049,4.3335,0.9766,0.0,lying,Charlotte,small
1785662585.8661034,2694073,0.1411,-0.0054,-1.0029,4.6387,0.9766,-0.1221,lying,Charlotte,small
1785662585.866108,2694123,0.1421,-0.0015,-1.0044,4.3945,1.2207,0.1831,lying,Charlotte,small
1785662586.3879497,2694195,0.1372,-0.0088,-1.0063,4.2725,1.2817,0.0,lying,Charlotte,small
1785662586.3879566,2694245,0.1421,-0.0015,-1.0015,4.3335,1.1597,-0.1221,lying,Charlotte,small
1785662586.3879611,2694295,0.1411,-0.0054,-1.001,4.5166,1.3428,0.061,lying,Charlotte,small
1785662586.3879647,2694345,0.1416,-0.0088,-1.0034,4.3335,0.8545,0.061,lying,Charlotte,small
1785662586.3879678,2694395,0.1392,-0.0039,-1.0005,4.3945,1.2207,-0.1831,lying,Charlotte,small
1785662586.3879712,2694445,0.1367,-0.0034,-1.0039,4.5166,1.1597,-0.2441,lying,Charlotte,small
1785662586.3879743,2694495,0.1387,-0.0029,-1.0005,4.2114,1.0986,-0.061,lying,Charlotte,small
1785662586.3879771,2694545,0.1411,-0.0039,-1.0029,4.2725,1.0376,-0.1831,lying,Charlotte,small
1785662586.3879802,2694595,0.1387,0.001,-1.0034,4.3335,0.8545,-0.1831,lying,Charlotte,small
1785662586.3879833,2694645,0.1396,-0.0015,-1.0005,4.2114,1.0376,0.061,lying,Charlotte,small
1785662587.5068727,2694717,0.1382,-0.0015,-1.0054,4.2114,1.1597,0.1831,lying,Charlotte,small
1785662587.5068896,2694767,0.1392,-0.0029,-1.0054,4.2114,1.0986,0.061,lying,Charlotte,small
1785662587.5068946,2694817,0.1382,-0.0098,-1.0044,4.5166,1.0986,0.0,lying,Charlotte,small
1785662587.506899,2694867,0.1392,-0.0059,-1.0024,4.2114,1.1597,-0.3052,lying,Charlotte,small
1785662587.5069034,2694917,0.1416,0.0005,-1.0034,4.2114,1.0376,-0.1831,lying,Charlotte,small
1785662587.5069075,2694967,0.144,-0.0034,-1.002,4.2725,1.2817,-0.1221,lying,Charlotte,small
1785662587.5069115,2695017,0.1411,-0.0068,-1.0068,4.2114,1.0376,0.0,lying,Charlotte,small
1785662587.5069149,2695067,0.1401,-0.0073,-0.9961,4.3335,1.2817,-0.2441,lying,Charlotte,small
1785662587.5069187,2695117,0.1392,0.001,-1.0049,4.4556,0.7935,0.061,lying,Charlotte,small
1785662587.5069225,2695167,0.1411,-0.0024,-1.0049,4.2725,1.1597,0.1221,lying,Charlotte,small
1785662588.3840518,2695833,0.1362,-0.0044,-0.9976,4.3945,1.2207,0.0,lying,Charlotte,small
1785662588.384059,2695883,0.1401,-0.001,-0.998,4.3945,0.9766,-0.3052,lying,Charlotte,small
1785662588.3840632,2695933,0.1411,-0.0049,-1.0137,4.5166,1.1597,-0.061,lying,Charlotte,small
1785662588.384067,2695983,0.1421,-0.0039,-1.0015,4.3945,1.1597,-0.061,lying,Charlotte,small
1785662588.3840702,2696033,0.1382,-0.0015,-1.0122,4.0894,0.9766,-0.2441,lying,Charlotte,small
1785662588.3840737,2696083,0.1362,-0.0044,-0.9893,4.4556,0.9766,0.061,lying,Charlotte,small
1785662588.3840768,2696133,0.1382,-0.0024,-1.0103,4.3945,1.1597,-0.1221,lying,Charlotte,small
1785662588.38408,2696183,0.1421,-0.0044,-1.0151,4.3945,1.1597,0.2441,lying,Charlotte,small
1785662588.3840828,2696233,0.1426,-0.0054,-0.9941,4.3335,0.9766,0.061,lying,Charlotte,small
1785662588.3840861,2696283,0.1396,-0.0034,-1.0049,4.4556,0.9155,-0.1221,lying,Charlotte,small
1785662590.5566359,2697764,0.1367,-0.0068,-1.0005,4.3335,1.0986,0.1831,lying,Charlotte,small
1785662590.5566485,2697814,0.1396,-0.001,-1.002,4.2725,1.1597,-0.1831,lying,Charlotte,small
1785662590.556654,2697864,0.1392,-0.0049,-1.0068,4.1504,1.1597,0.061,lying,Charlotte,small
1785662590.5566587,2697914,0.1392,-0.0049,-0.9995,4.0894,1.1597,-0.2441,lying,Charlotte,small
1785662590.556663,2697964,0.1411,-0.0015,-1.002,4.3335,1.3428,-0.1221,lying,Charlotte,small
1785662590.5566669,2698014,0.1436,-0.0005,-1.0068,4.3945,1.0376,-0.061,lying,Charlotte,small
1785662590.5566714,2698064,0.1362,-0.002,-1.0024,4.2725,1.1597,-0.1831,lying,Charlotte,small
1785662590.556675,2698114,0.1372,-0.0054,-1.0039,4.3945,1.4038,-0.061,lying,Charlotte,small
1785662590.5566792,2698164,0.1387,-0.001,-1.0,4.3335,1.0986,0.2441,lying,Charlotte,small
1785662590.556683,2698214,0.145,-0.001,-0.9976,4.3335,0.8545,-0.1831,lying,Charlotte,small
1785662591.273279,2698885,0.1411,-0.0044,-0.9985,4.3945,1.2817,-0.1831,lying,Charlotte,small
1785662591.2732916,2698935,0.1406,-0.0015,-1.0034,4.3335,0.9766,0.1221,lying,Charlotte,small
1785662591.273297,2698985,0.1416,-0.001,-1.0024,4.1504,1.3428,-0.1221,lying,Charlotte,small
1785662591.2733023,2699035,0.1431,-0.0034,-1.0005,4.1504,1.1597,0.0,lying,Charlotte,small
1785662591.2733064,2699085,0.1416,-0.0068,-1.0039,4.2725,1.0986,-0.2441,lying,Charlotte,small
1785662591.2733104,2699135,0.1421,-0.0044,-1.0049,4.5166,0.8545,0.061,lying,Charlotte,small
1785662591.273315,2699185,0.1396,-0.0044,-1.0073,4.3335,1.0986,-0.1221,lying,Charlotte,small
1785662591.2733192,2699235,0.1382,-0.002,-1.0034,4.3335,1.3428,-0.1831,lying,Charlotte,small
1785662591.273323,2699285,0.1416,-0.0039,-1.0029,4.2725,1.2207,0.0,lying,Charlotte,small
1785662591.2733266,2699335,0.1396,-0.0059,-1.0083,4.2725,1.1597,0.0,lying,Charlotte,small
1785662591.9908931,2699599,0.1411,-0.001,-0.9995,4.3335,1.1597,-0.1221,lying,Charlotte,small
1785662591.9909074,2699649,0.1392,-0.0029,-1.0039,4.5166,1.2817,-0.1221,lying,Charlotte,small
1785662591.990912,2699699,0.1431,-0.0054,-1.0015,4.2725,1.3428,-0.1221,lying,Charlotte,small
1785662591.9909155,2699749,0.1445,-0.0083,-0.9966,4.3335,1.3428,0.0,lying,Charlotte,small
1785662591.990919,2699799,0.1431,-0.0034,-1.0044,4.2114,0.9155,-0.061,lying,Charlotte,small
1785662591.9909222,2699849,0.1401,-0.001,-1.0029,4.4556,1.2817,0.1221,lying,Charlotte,small
1785662591.9909258,2699899,0.1401,-0.0034,-1.0029,4.3335,1.0376,0.0,lying,Charlotte,small
1785662591.9909286,2699949,0.1445,-0.0024,-1.0005,4.0283,1.1597,-0.1221,lying,Charlotte,small
1785662591.9909317,2699999,0.1396,-0.001,-1.0049,4.2725,1.0986,0.1221,lying,Charlotte,small
1785662591.9909346,2700049,0.1411,-0.0029,-1.001,4.5166,1.2207,-0.061,lying,Charlotte,small
1785662592.8941061,2700320,0.1421,-0.0049,-1.0029,4.3335,1.3428,0.1831,lying,Charlotte,small
1785662592.8941195,2700370,0.1421,-0.0073,-1.0039,4.1504,1.0376,-0.1831,lying,Charlotte,small
1785662592.8941255,2700420,0.1436,-0.0015,-1.0024,4.3335,1.2207,-0.3052,lying,Charlotte,small
1785662592.8941317,2700470,0.1401,-0.0068,-1.0059,4.2725,0.7935,-0.1831,lying,Charlotte,small
1785662592.8941371,2700520,0.1421,-0.0039,-1.0098,4.5776,0.9155,-0.1831,lying,Charlotte,small
1785662592.8941424,2700570,0.1387,-0.0049,-1.0015,4.4556,1.1597,-0.061,lying,Charlotte,small
1785662592.8941479,2700620,0.1455,-0.002,-1.0034,4.3335,1.3428,0.1831,lying,Charlotte,small
1785662592.8941529,2700670,0.1406,-0.001,-1.0049,4.3335,1.0986,-0.1221,lying,Charlotte,small
1785662592.8941581,2700720,0.1416,-0.0029,-1.0034,4.5166,0.9155,-0.061,lying,Charlotte,small
1785662592.8941631,2700770,0.1421,-0.0098,-1.002,4.3335,1.0376,0.2441,lying,Charlotte,small
1785662593.4038007,2701218,0.144,-0.0039,-1.0024,4.4556,0.9155,-0.061,lying,Charlotte,small
1785662593.4038124,2701268,0.1406,-0.0088,-1.0044,4.4556,1.0986,0.061,lying,Charlotte,small
1785662593.4038174,2701318,0.1382,-0.0039,-1.0044,4.0894,1.2817,-0.061,lying,Charlotte,small
1785662593.4038222,2701368,0.1431,-0.0024,-0.9985,4.4556,1.0376,0.061,lying,Charlotte,small
1785662593.403826,2701418,0.1382,-0.0044,-1.0044,4.1504,1.0376,-0.061,lying,Charlotte,small
1785662593.4038296,2701468,0.1396,-0.0044,-1.0054,4.2114,1.0376,0.0,lying,Charlotte,small
1785662593.4038336,2701518,0.1406,-0.0063,-0.9971,4.4556,1.0376,-0.061,lying,Charlotte,small
1785662593.4038374,2701568,0.1406,-0.0054,-1.0029,4.3335,0.9155,-0.061,lying,Charlotte,small
1785662593.403841,2701618,0.1436,-0.0034,-1.0015,4.2114,1.3428,0.1221,lying,Charlotte,small
1785662593.4038448,2701668,0.1377,-0.001,-1.0,4.2114,0.9766,-0.3662,lying,Charlotte,small
1785662595.2768276,2701731,0.1382,-0.0044,-1.0015,4.3945,1.0986,0.1831,lying,Charlotte,small
1785662595.2768397,2701781,0.1445,-0.001,-1.0059,4.3335,1.1597,0.061,lying,Charlotte,small
1785662595.2768462,2701831,0.1396,-0.0034,-1.0078,4.3945,1.2817,-0.3052,lying,Charlotte,small
1785662595.2768505,2701881,0.1431,-0.0034,-1.002,4.5166,1.2207,0.1831,lying,Charlotte,small
1785662595.2768545,2701931,0.1421,-0.0024,-1.0078,4.2725,1.0376,0.3662,lying,Charlotte,small
1785662595.2768583,2701981,0.1377,-0.002,-1.0,4.5166,1.1597,-0.061,lying,Charlotte,small
1785662595.2768624,2702031,0.1401,-0.0034,-1.0005,4.2114,1.0376,-0.2441,lying,Charlotte,small
1785662595.2768667,2702081,0.1406,-0.0054,-1.002,4.2725,1.1597,0.0,lying,Charlotte,small
1785662595.2768705,2702131,0.1406,-0.0039,-0.9971,4.5166,0.9155,0.061,lying,Charlotte,small
1785662595.2768743,2702181,0.1396,-0.0044,-1.0015,4.3335,1.0376,-0.2441,lying,Charlotte,small
1785662595.7971559,2703603,0.1401,-0.0054,-1.0034,4.4556,1.2817,-0.061,lying,Charlotte,small
1785662595.7971656,2703653,0.1392,-0.0039,-1.0059,4.3335,1.2817,0.3662,lying,Charlotte,small
1785662595.7971697,2703703,0.1406,-0.0015,-0.9995,4.3945,1.0986,0.0,lying,Charlotte,small
1785662595.7971737,2703753,0.1406,-0.0029,-1.0098,4.3945,1.3428,-0.1831,lying,Charlotte,small
1785662595.797177,2703803,0.1387,0.0005,-0.9995,4.3945,1.0376,0.061,lying,Charlotte,small
1785662595.7971804,2703853,0.1377,0.0,-1.0034,4.5776,1.0986,-0.1221,lying,Charlotte,small
1785662595.7971835,2703903,0.1411,-0.0015,-1.0044,4.5166,0.9155,0.0,lying,Charlotte,small
1785662595.7971864,2703953,0.1431,-0.0034,-0.9976,4.4556,0.9766,-0.061,lying,Charlotte,small
1785662595.7971895,2704003,0.1426,-0.0068,-1.0054,4.4556,1.1597,0.0,lying,Charlotte,small
1785662595.797192,2704053,0.1387,-0.0024,-1.0039,4.5166,1.0986,0.0,lying,Charlotte,small
1785662596.3850307,2704127,0.1406,-0.0054,-1.0029,4.4556,1.0986,0.0,lying,Charlotte,small
1785662596.385038,2704177,0.1411,-0.0044,-1.0024,4.2725,0.9766,-0.2441,lying,Charlotte,small
1785662596.385042,2704227,0.1416,-0.0039,-1.001,4.0894,0.8545,-0.1831,lying,Charlotte,small
1785662596.3850453,2704277,0.1401,-0.0049,-1.0005,4.4556,1.0376,0.0,lying,Charlotte,small
1785662596.3850484,2704327,0.1387,0.0,-1.0005,4.5166,1.0376,-0.2441,lying,Charlotte,small
1785662596.3850513,2704377,0.1411,-0.0039,-1.002,4.3945,1.0376,0.1831,lying,Charlotte,small
1785662596.385054,2704427,0.1387,-0.0015,-1.0054,4.3945,0.9155,0.1221,lying,Charlotte,small
1785662596.3850572,2704477,0.1436,-0.0029,-1.0024,4.0894,1.0376,0.1221,lying,Charlotte,small
1785662596.3850603,2704527,0.1406,-0.0054,-1.0039,4.2725,1.0986,0.1831,lying,Charlotte,small
1785662596.3850634,2704577,0.1362,-0.0005,-1.0059,4.3945,0.9766,-0.3662,lying,Charlotte,small
1785662598.5639083,2704709,0.1426,-0.002,-1.0,4.0894,1.0986,0.0,lying,Charlotte,small
1785662598.5639207,2704759,0.1382,-0.0034,-1.0024,4.2725,1.1597,0.061,lying,Charlotte,small
1785662598.5639267,2704809,0.1421,-0.0029,-1.0063,4.5776,1.2207,0.2441,lying,Charlotte,small
1785662598.5639317,2704859,0.1416,-0.0054,-1.0015,4.2725,0.9155,-0.1221,lying,Charlotte,small
1785662598.563936,2704909,0.1421,-0.0054,-1.0044,4.4556,0.9155,0.1831,lying,Charlotte,small
1785662598.5639393,2704959,0.1396,-0.0044,-1.0044,4.1504,1.2207,0.1221,lying,Charlotte,small
1785662598.563943,2705009,0.1426,-0.0039,-1.0005,4.4556,1.2207,0.0,lying,Charlotte,small
1785662598.5639467,2705059,0.1377,0.002,-1.0015,4.4556,0.9766,0.061,lying,Charlotte,small
1785662598.5639503,2705109,0.1426,-0.001,-1.0044,4.3335,1.1597,0.0,lying,Charlotte,small
1785662598.563954,2705159,0.1387,-0.0044,-0.999,4.2725,1.0376,0.1831,lying,Charlotte,small
1785662599.3632743,2706894,0.1367,-0.0029,-0.9995,4.4556,1.3428,0.061,lying,Charlotte,small
1785662599.3632915,2706944,0.1436,-0.0034,-1.001,4.2725,0.9155,-0.061,lying,Charlotte,small
1785662599.3632967,2706994,0.1372,-0.0068,-1.0049,4.3945,1.2207,0.1831,lying,Charlotte,small
1785662599.363301,2707044,0.1426,-0.0015,-0.9985,4.2725,1.2207,-0.2441,lying,Charlotte,small
1785662599.3633053,2707094,0.1421,-0.0054,-1.0054,4.2114,1.0986,0.061,lying,Charlotte,small
1785662599.3633094,2707144,0.1401,-0.0024,-1.0029,4.3335,1.2207,-0.061,lying,Charlotte,small
1785662599.3633134,2707194,0.1401,-0.0029,-1.001,4.2725,0.8545,-0.1221,lying,Charlotte,small
1785662599.3633175,2707244,0.1406,-0.0044,-0.9995,4.5166,1.1597,0.1831,lying,Charlotte,small
1785662599.363321,2707294,0.1392,-0.002,-1.0088,4.3945,1.2817,0.0,lying,Charlotte,small
1785662599.3633249,2707344,0.1392,-0.0059,-1.002,4.2725,1.0986,0.1221,lying,Charlotte,small
1785662600.182828,2707689,0.1406,0.0005,-1.0015,4.2114,1.0986,-0.061,lying,Charlotte,small
1785662600.1828403,2707739,0.1387,-0.0015,-0.9985,4.2725,0.9766,-0.3662,lying,Charlotte,small
1785662600.182846,2707789,0.1382,-0.002,-1.0068,4.3335,1.0376,0.2441,lying,Charlotte,small
1785662600.1828506,2707839,0.144,-0.0029,-1.0059,4.3945,1.2207,-0.061,lying,Charlotte,small
1785662600.1828547,2707889,0.1396,-0.0054,-1.0,4.3335,1.2207,-0.1221,lying,Charlotte,small
1785662600.1828585,2707939,0.1406,-0.0103,-1.0044,4.5166,0.9766,-0.1221,lying,Charlotte,small
1785662600.1828628,2707989,0.1431,-0.0005,-1.0005,4.4556,0.9766,-0.1221,lying,Charlotte,small
1785662600.1828666,2708039,0.1367,-0.0034,-1.0093,4.0283,0.9766,-0.1221,lying,Charlotte,small
1785662600.1828704,2708089,0.1431,-0.0098,-0.998,4.3335,1.3428,-0.1831,lying,Charlotte,small
1785662600.1828742,2708139,0.1426,-0.0161,-1.0054,4.2725,1.4038,-0.061,lying,Charlotte,small
1785662601.337018,2708512,0.1387,-0.001,-1.002,4.3335,0.9766,0.1221,lying,Charlotte,small
1785662601.3370304,2708562,0.144,-0.001,-1.0078,4.5166,1.0986,0.0,lying,Charlotte,small
1785662601.3370364,2708612,0.1367,-0.0034,-1.0039,4.3335,0.8545,-0.1831,lying,Charlotte,small
1785662601.337041,2708662,0.1367,-0.0034,-1.001,4.3335,1.0376,0.3052,lying,Charlotte,small
1785662601.337045,2708712,0.1377,-0.0034,-0.9961,4.0894,1.0986,0.061,lying,Charlotte,small
1785662601.3370485,2708762,0.1338,0.0093,-0.9961,4.0894,0.9155,0.061,lying,Charlotte,small
1785662601.3370523,2708812,0.1431,-0.0171,-1.0044,4.2114,1.3428,-0.061,lying,Charlotte,small
1785662601.3370562,2708862,0.1367,0.0015,-1.0073,4.1504,0.9766,-0.2441,lying,Charlotte,small
1785662601.3370602,2708912,0.1421,-0.0059,-1.0029,4.3945,1.1597,0.061,lying,Charlotte,small
1785662601.337064,2708962,0.1431,-0.0054,-1.0073,4.1504,1.0376,-0.3052,lying,Charlotte,small
1785662601.8947456,2709665,0.1401,-0.001,-0.999,4.5166,1.1597,-0.1831,lying,Charlotte,small
1785662601.8947601,2709715,0.1401,-0.0029,-1.0044,4.3335,1.3428,-0.061,lying,Charlotte,small
1785662601.8947666,2709765,0.1382,-0.002,-1.0034,4.3335,0.9766,-0.2441,lying,Charlotte,small
1785662601.894772,2709815,0.1431,-0.0039,-1.0044,4.3335,1.1597,0.061,lying,Charlotte,small
1785662601.894777,2709865,0.1416,-0.0029,-1.0029,4.2725,1.0376,-0.1221,lying,Charlotte,small
1785662601.8947825,2709915,0.1406,-0.0044,-1.0063,4.3335,1.0376,0.2441,lying,Charlotte,small
1785662601.8947883,2709965,0.1411,-0.0024,-1.002,4.3945,0.9155,0.1221,lying,Charlotte,small
1785662601.8947937,2710015,0.1406,-0.0049,-1.0063,4.5166,1.0986,0.0,lying,Charlotte,small
1785662601.894799,2710065,0.1431,-0.0073,-1.002,4.2725,1.2817,0.1221,lying,Charlotte,small
1785662601.8948045,2710115,0.1421,-0.0034,-0.998,4.2725,1.0986,0.2441,lying,Charlotte,small
1785662602.406801,2710221,0.1426,0.0005,-0.9976,4.5166,0.9766,-0.1221,lying,Charlotte,small
1785662602.4068112,2710271,0.1392,-0.0044,-1.0034,4.3945,1.1597,-0.2441,lying,Charlotte,small
1785662602.4068165,2710321,0.1396,-0.0024,-1.0063,4.5166,0.9766,-0.3662,lying,Charlotte,small
1785662602.406821,2710371,0.1377,-0.0063,-1.0044,4.4556,1.1597,-0.1831,lying,Charlotte,small
1785662602.406825,2710421,0.1426,-0.0044,-1.0049,4.3335,1.0986,-0.1221,lying,Charlotte,small
1785662602.4068286,2710471,0.144,-0.0088,-1.0024,4.2725,1.1597,-0.2441,lying,Charlotte,small
1785662602.4068327,2710521,0.1401,0.001,-1.0,4.2114,1.0376,0.0,lying,Charlotte,small
1785662602.4068365,2710571,0.1406,-0.0049,-1.0078,4.3945,1.1597,-0.3052,lying,Charlotte,small
1785662602.4068403,2710621,0.1406,-0.0044,-1.0005,4.4556,1.0986,-0.1221,lying,Charlotte,small
1785662602.4068444,2710671,0.1377,-0.002,-0.9985,4.2725,1.2817,0.0,lying,Charlotte,small
1785662602.9554288,2710732,0.1406,-0.0039,-1.0029,4.2725,1.0986,0.0,lying,Charlotte,small
1785662602.9554393,2710782,0.1421,-0.0034,-1.0063,4.2114,0.9155,0.061,lying,Charlotte,small
1785662602.9554448,2710832,0.1387,-0.0015,-1.0029,4.2114,1.1597,0.061,lying,Charlotte,small
1785662602.9554496,2710882,0.1392,-0.0015,-0.9995,4.4556,1.0986,-0.3662,lying,Charlotte,small
1785662602.9554536,2710932,0.1396,-0.0098,-1.0015,4.0894,1.2207,-0.061,lying,Charlotte,small
1785662602.9554572,2710982,0.1401,-0.002,-1.0039,4.4556,1.2207,-0.061,lying,Charlotte,small
1785662602.9554613,2711032,0.1426,-0.0034,-1.0063,4.4556,1.2207,-0.2441,lying,Charlotte,small
1785662602.955465,2711082,0.1416,-0.0034,-1.002,4.2114,0.7935,-0.1221,lying,Charlotte,small
1785662602.9554682,2711132,0.1372,-0.0015,-1.002,4.2725,1.1597,-0.4272,lying,Charlotte,small
1785662602.9554722,2711182,0.1416,-0.0039,-0.999,4.2725,1.1597,0.3052,lying,Charlotte,small
1785662605.0053854,2712814,0.146,-0.0005,-1.0029,4.4556,0.9155,-0.061,lying,Charlotte,small
1785662605.0053942,2712864,0.1411,-0.0063,-1.0068,4.4556,1.0986,0.1221,lying,Charlotte,small
1785662605.0053983,2712914,0.1372,0.002,-1.0034,4.3945,1.2817,-0.3052,lying,Charlotte,small
1785662605.0054018,2712964,0.1367,-0.0029,-1.0063,4.3335,1.3428,0.1831,lying,Charlotte,small
1785662605.005405,2713014,0.1401,-0.0034,-1.0034,4.3335,1.0376,-0.3662,lying,Charlotte,small
1785662605.005408,2713064,0.1445,0.0034,-1.0005,4.2725,1.0986,0.1221,lying,Charlotte,small
1785662605.0054114,2713114,0.144,-0.0063,-0.9985,4.3335,1.0376,0.1221,lying,Charlotte,small
1785662605.0054147,2713164,0.1426,-0.0015,-1.0015,4.1504,0.9766,-0.3052,lying,Charlotte,small
1785662605.005418,2713214,0.1406,-0.0044,-1.0054,4.2114,1.0986,-0.061,lying,Charlotte,small
1785662605.0054207,2713264,0.1372,-0.0073,-1.0039,4.2114,1.2207,-0.1221,lying,Charlotte,small
1785662607.763056,2713336,0.1401,-0.001,-1.0059,4.5776,1.0376,-0.061,lying,Charlotte,small
1785662607.7630668,2713386,0.1382,-0.0024,-1.0063,4.5776,0.9766,0.3052,lying,Charlotte,small
1785662607.763071,2713436,0.1411,-0.0073,-1.0083,4.1504,1.2207,0.0,lying,Charlotte,small
1785662607.7630749,2713486,0.1387,-0.0083,-1.0059,4.1504,1.2207,-0.061,lying,Charlotte,small
1785662607.763078,2713536,0.1465,-0.0073,-1.0005,4.4556,0.9766,0.3052,lying,Charlotte,small
1785662607.763081,2713586,0.1406,-0.0073,-1.0068,4.4556,1.0986,-0.1221,lying,Charlotte,small
1785662607.7630842,2713636,0.1367,-0.002,-0.999,4.2114,0.9766,0.1831,lying,Charlotte,small
1785662607.7630875,2713686,0.1416,-0.0029,-1.0127,4.6997,1.0376,-0.1221,lying,Charlotte,small
1785662607.7630906,2713736,0.1421,0.0,-0.998,4.3335,1.2817,0.2441,lying,Charlotte,small
1785662607.7630935,2713786,0.1426,-0.0093,-1.0063,4.4556,1.2207,-0.2441,lying,Charlotte,small
1785662608.802121,2716086,0.1411,-0.0049,-1.0073,4.2725,1.4648,-0.2441,lying,Charlotte,small
1785662608.8021336,2716136,0.1411,-0.0005,-1.0078,4.3945,0.9155,0.0,lying,Charlotte,small
1785662608.8021393,2716186,0.1396,-0.0059,-1.0024,4.3335,1.2207,0.1831,lying,Charlotte,small
1785662608.802144,2716236,0.1416,-0.0049,-1.0024,4.4556,0.9766,0.1831,lying,Charlotte,small
1785662608.8021479,2716286,0.1392,-0.0015,-1.0039,4.3335,1.0376,0.1221,lying,Charlotte,small
1785662608.802152,2716336,0.1421,0.001,-1.0054,4.2725,0.9766,-0.1221,lying,Charlotte,small
1785662608.8021562,2716386,0.1416,-0.0034,-1.0029,4.4556,1.1597,-0.061,lying,Charlotte,small
1785662608.80216,2716436,0.1406,-0.001,-1.0029,4.0283,1.2817,-0.1221,lying,Charlotte,small
1785662608.8021636,2716486,0.1392,-0.0034,-1.0088,4.2114,1.2207,-0.061,lying,Charlotte,small
1785662608.8021677,2716536,0.1377,-0.0059,-1.0049,4.3335,0.9766,-0.1831,lying,Charlotte,small
1785662609.3255086,2717128,0.1426,-0.0015,-0.999,4.2725,0.9155,-0.061,lying,Charlotte,small
1785662609.3255198,2717178,0.1406,-0.0005,-1.0024,4.3945,1.2207,0.0,lying,Charlotte,small
1785662609.3255255,2717228,0.1426,-0.002,-1.0015,4.2725,0.8545,0.1221,lying,Charlotte,small
1785662609.32553,2717278,0.1392,0.0,-1.0005,4.2725,1.1597,0.1831,lying,Charlotte,small
1785662609.3255339,2717328,0.1387,-0.0103,-0.999,4.5166,1.0376,-0.1221,lying,Charlotte,small
1785662609.3255382,2717378,0.1401,-0.0068,-1.0005,4.3335,0.9766,0.1221,lying,Charlotte,small
1785662609.325542,2717428,0.1421,-0.0039,-0.999,4.3335,1.0376,-0.1831,lying,Charlotte,small
1785662609.3255455,2717478,0.1426,-0.0049,-1.0029,4.1504,1.0986,0.3662,lying,Charlotte,small
1785662609.3255494,2717528,0.1396,0.0015,-1.0049,4.3945,1.2817,0.061,lying,Charlotte,small
1785662609.3255532,2717578,0.1372,-0.0044,-1.002,4.2725,1.0986,-0.1831,lying,Charlotte,small
1785662613.0379298,2717655,0.1392,-0.0044,-1.0015,4.3335,1.2207,0.1221,lying,Charlotte,small
1785662613.0379405,2717705,0.146,-0.001,-1.0054,4.0894,1.0986,-0.061,lying,Charlotte,small
1785662613.0379462,2717755,0.1416,-0.0039,-1.0015,4.3335,0.9155,-0.1831,lying,Charlotte,small
1785662613.0379508,2717805,0.1421,-0.0049,-1.0024,4.2114,1.2817,-0.2441,lying,Charlotte,small
1785662613.0379548,2717855,0.1372,-0.0039,-1.001,4.2725,0.8545,-0.1831,lying,Charlotte,small
1785662613.0379584,2717905,0.1396,-0.0073,-1.0015,4.3945,1.2207,0.1831,lying,Charlotte,small
1785662613.0379624,2717955,0.1406,-0.001,-1.0034,4.3945,0.8545,0.0,lying,Charlotte,small
1785662613.0379663,2718005,0.1406,-0.0049,-1.0029,4.2725,1.2207,-0.061,lying,Charlotte,small
1785662613.03797,2718055,0.1421,-0.0024,-1.0059,4.2725,1.2207,-0.3052,lying,Charlotte,small
1785662613.037974,2718105,0.1421,-0.0039,-1.0034,4.2725,1.2207,0.1221,lying,Charlotte,small
1785662614.678815,2721363,0.1406,-0.0068,-1.0068,4.5776,1.0986,0.2441,lying,Charlotte,small
1785662614.6788247,2721413,0.1382,-0.0049,-0.999,4.0894,1.1597,0.061,lying,Charlotte,small
1785662614.67883,2721463,0.1426,-0.002,-1.0,4.3945,1.0986,0.0,lying,Charlotte,small
1785662614.6788342,2721513,0.1426,-0.0063,-1.0024,4.4556,1.2817,-0.1831,lying,Charlotte,small
1785662614.6788383,2721563,0.1431,-0.0015,-0.999,4.2114,1.0376,-0.1831,lying,Charlotte,small
1785662614.6788425,2721613,0.1421,-0.0059,-1.0083,4.4556,1.0376,0.061,lying,Charlotte,small
1785662614.6788464,2721663,0.1416,-0.0015,-1.0068,4.3335,0.9766,-0.3662,lying,Charlotte,small
1785662614.6788507,2721713,0.1426,-0.001,-1.0054,4.4556,1.2207,-0.061,lying,Charlotte,small
1785662614.6788545,2721763,0.1392,-0.0044,-1.0015,4.1504,1.0376,-0.1831,lying,Charlotte,small
1785662614.6788585,2721813,0.1396,-0.0054,-1.0049,4.5776,1.2207,-0.3052,lying,Charlotte,small
1785662615.1925974,2723003,0.144,-0.0024,-0.999,4.2725,1.2207,0.1831,lying,Charlotte,small
1785662615.1926067,2723053,0.1387,0.0015,-0.9888,4.3335,1.0376,-0.1221,lying,Charlotte,small
1785662615.192611,2723103,0.1431,-0.0054,-1.002,4.3945,1.0986,-0.1221,lying,Charlotte,small
1785662615.1926143,2723153,0.1436,-0.0054,-0.9971,4.4556,0.9766,-0.1831,lying,Charlotte,small
1785662615.1926177,2723203,0.1421,0.0,-0.998,4.3945,1.0376,0.061,lying,Charlotte,small
1785662615.1926208,2723253,0.1396,-0.0063,-1.0059,4.5776,1.0986,0.061,lying,Charlotte,small
1785662615.192624,2723303,0.1411,-0.0073,-1.0044,4.2114,1.2207,-0.3662,lying,Charlotte,small
1785662615.1926272,2723353,0.1372,0.0,-1.0049,4.3945,1.0986,-0.061,lying,Charlotte,small
1785662615.19263,2723403,0.1426,-0.0078,-1.0054,4.3335,1.0986,-0.1831,lying,Charlotte,small
1785662615.192633,2723453,0.1406,-0.0063,-1.0103,4.3945,0.9766,0.0,lying,Charlotte,small
1785662620.0141249,2723524,0.1421,-0.0039,-0.9946,4.5166,1.0986,0.0,lying,Charlotte,small
1785662620.0141406,2723574,0.1396,-0.0029,-1.0068,4.4556,1.1597,0.0,lying,Charlotte,small
1785662620.0141459,2723624,0.1431,0.001,-1.0078,4.3945,1.2207,-0.1831,lying,Charlotte,small
1785662620.0141509,2723674,0.1416,-0.0015,-1.002,4.3945,1.1597,0.0,lying,Charlotte,small
1785662620.0141547,2723724,0.1436,-0.0054,-1.0024,4.2725,1.0376,-0.3662,lying,Charlotte,small
1785662620.0141585,2723774,0.1401,-0.0063,-1.0039,4.4556,1.0986,0.4883,lying,Charlotte,small
1785662620.0141628,2723824,0.1392,-0.0063,-1.0024,4.3335,1.2207,0.0,lying,Charlotte,small
1785662620.0141664,2723874,0.1392,-0.0024,-1.0039,4.3335,0.9766,-0.1831,lying,Charlotte,small
1785662620.0141702,2723924,0.1436,-0.0054,-1.0034,4.4556,1.2207,0.1831,lying,Charlotte,small
1785662620.0141737,2723974,0.1406,-0.0005,-1.0005,4.3945,1.3428,-0.061,lying,Charlotte,small
1785662620.8903425,2728343,0.1436,-0.0054,-1.0034,4.3335,1.0986,-0.061,lying,Charlotte,small
1785662620.8903584,2728393,0.1401,-0.0034,-0.9995,4.4556,1.1597,0.1221,lying,Charlotte,small
1785662620.8903642,2728443,0.144,-0.0029,-1.002,4.4556,1.0376,-0.1221,lying,Charlotte,small
1785662620.890369,2728493,0.1387,-0.0034,-1.0005,4.3335,1.0376,-0.2441,lying,Charlotte,small
1785662620.8903725,2728543,0.1411,0.0,-1.0005,4.4556,0.8545,0.1221,lying,Charlotte,small
1785662620.8903768,2728593,0.1431,-0.0024,-1.0015,4.1504,0.9766,-0.1221,lying,Charlotte,small
1785662620.8903809,2728643,0.1377,-0.0059,-1.002,4.4556,1.1597,0.1221,lying,Charlotte,small
1785662620.8903847,2728693,0.1411,-0.0049,-1.0015,4.4556,1.2207,0.061,lying,Charlotte,small
1785662620.8903885,2728743,0.1426,-0.0015,-1.0039,4.2114,1.0376,0.1221,lying,Charlotte,small
1785662620.8903923,2728793,0.1426,-0.002,-1.002,4.3335,1.3428,0.061,lying,Charlotte,small
1785662621.4715898,2729256,0.1387,-0.0044,-0.9985,4.3335,0.8545,0.1831,lying,Charlotte,small
1785662621.4715993,2729306,0.144,-0.001,-1.0059,4.4556,1.3428,0.0,lying,Charlotte,small
1785662621.4716048,2729356,0.1372,0.002,-1.0024,4.3945,0.8545,-0.061,lying,Charlotte,small
1785662621.4716096,2729406,0.1387,-0.0015,-1.001,4.3945,1.1597,-0.061,lying,Charlotte,small
1785662621.4716136,2729456,0.1372,-0.0029,-1.0029,4.3945,1.0376,0.2441,lying,Charlotte,small
1785662621.4716175,2729506,0.1426,-0.0024,-1.0029,4.3945,1.0376,0.1221,lying,Charlotte,small
1785662621.4716213,2729556,0.1357,-0.0039,-1.0044,4.4556,1.4038,-0.061,lying,Charlotte,small
1785662621.4716253,2729606,0.1377,-0.0063,-0.9966,4.3335,1.0376,-0.061,lying,Charlotte,small
1785662621.471629,2729656,0.1416,-0.0063,-0.9971,4.4556,1.0986,-0.061,lying,Charlotte,small
1785662621.4716325,2729706,0.145,-0.002,-1.0054,4.2725,0.7935,-0.1221,lying,Charlotte,small
1785662622.0145535,2729820,0.1421,-0.0029,-1.002,4.3945,1.1597,-0.061,lying,Charlotte,small
1785662622.0145636,2729870,0.1377,-0.0059,-1.0,4.4556,1.2207,0.2441,lying,Charlotte,small
1785662622.0145688,2729920,0.1401,-0.0059,-1.0015,4.2725,0.9155,-0.1221,lying,Charlotte,small
1785662622.0145733,2729970,0.1401,-0.0054,-1.0044,4.0894,1.0986,0.0,lying,Charlotte,small
1785662622.014577,2730020,0.1387,-0.0083,-1.0034,4.3335,1.0376,-0.3052,lying,Charlotte,small
1785662622.0145807,2730070,0.1382,0.0024,-1.002,4.3335,1.0376,-0.1831,lying,Charlotte,small
1785662622.0145848,2730120,0.1377,-0.0039,-0.998,4.2725,1.2817,-0.2441,lying,Charlotte,small
1785662622.0145884,2730170,0.1421,-0.0034,-0.9971,4.3335,1.3428,-0.1831,lying,Charlotte,small
1785662622.014592,2730220,0.144,-0.0034,-1.002,4.3945,0.9155,-0.2441,lying,Charlotte,small
1785662622.0145957,2730270,0.144,-0.0063,-1.0044,4.5776,0.9766,-0.4883,lying,Charlotte,small
1785662622.539126,2730344,0.1372,-0.0049,-1.002,4.3945,1.1597,-0.2441,lying,Charlotte,small
1785662622.5391383,2730394,0.1401,-0.0044,-0.9985,4.2725,1.0986,-0.1221,lying,Charlotte,small
1785662622.5391443,2730444,0.1387,-0.0044,-1.001,4.5166,1.2207,-0.061,lying,Charlotte,small
1785662622.5391486,2730494,0.1396,-0.0063,-1.0083,4.2725,1.3428,-0.3052,lying,Charlotte,small
1785662622.5391526,2730544,0.1362,-0.0063,-1.0015,4.2114,0.9766,0.0,lying,Charlotte,small
1785662622.5391564,2730594,0.1421,-0.0029,-1.0024,4.2114,1.1597,0.0,lying,Charlotte,small
1785662622.5391603,2730644,0.1431,-0.0059,-1.0024,4.2725,1.1597,-0.3052,lying,Charlotte,small
1785662622.539164,2730694,0.1401,-0.0015,-0.9985,4.2725,1.3428,-0.061,lying,Charlotte,small
1785662622.5391684,2730744,0.1396,-0.0054,-1.0049,4.4556,1.0986,0.0,lying,Charlotte,small
1785662622.5391722,2730794,0.1401,-0.0015,-1.0068,4.5166,1.1597,-0.061,lying,Charlotte,small
1785662623.3886552,2731137,0.1411,-0.0059,-1.0054,4.3335,1.2817,0.1221,lying,Charlotte,small
1785662623.3886623,2731187,0.1401,-0.0034,-1.0005,4.3945,0.9155,0.3662,lying,Charlotte,small
1785662623.3886662,2731237,0.1411,-0.0024,-0.9976,4.3335,1.0986,-0.3662,lying,Charlotte,small
1785662623.3886697,2731287,0.1411,-0.0044,-1.001,4.2114,1.0986,0.061,lying,Charlotte,small
1785662623.3886786,2731337,0.146,-0.0054,-1.0059,4.3945,1.0376,-0.2441,lying,Charlotte,small
1785662623.388682,2731387,0.1401,-0.0039,-1.0,4.2725,0.8545,-0.2441,lying,Charlotte,small
1785662623.3886852,2731437,0.1411,-0.0049,-1.0073,4.2725,1.2817,0.0,lying,Charlotte,small
1785662623.3886883,2731487,0.1401,-0.0044,-1.001,4.2114,1.2207,-0.2441,lying,Charlotte,small
1785662623.3886914,2731537,0.1392,-0.0044,-1.0044,4.2725,0.9766,-0.1221,lying,Charlotte,small
1785662623.3886945,2731587,0.1401,-0.0068,-0.998,4.3335,1.4648,-0.1831,lying,Charlotte,small
1785662623.937522,2731712,0.1416,-0.001,-1.0029,4.3335,0.9766,0.0,lying,Charlotte,small
1785662623.937532,2731762,0.1416,-0.0059,-1.0063,4.2114,1.0376,-0.2441,lying,Charlotte,small
1785662623.937537,2731812,0.1406,-0.0034,-1.002,4.2725,1.0376,0.061,lying,Charlotte,small
1785662623.9375415,2731862,0.1416,-0.0044,-0.999,4.3945,0.8545,0.061,lying,Charlotte,small
1785662623.9375455,2731912,0.1406,-0.0029,-1.0024,4.5166,1.2207,-0.1831,lying,Charlotte,small
1785662623.9375494,2731962,0.1421,-0.0059,-0.999,4.2725,1.0986,-0.1221,lying,Charlotte,small
1785662623.9375534,2732012,0.1421,-0.0054,-1.001,4.2725,1.0376,-0.3662,lying,Charlotte,small
1785662623.9375572,2732062,0.1411,-0.0039,-0.9961,4.2725,1.1597,0.1221,lying,Charlotte,small
1785662623.9375608,2732112,0.1416,-0.0073,-1.0073,4.3335,1.0986,-0.1831,lying,Charlotte,small
1785662623.9375646,2732162,0.1406,-0.0068,-1.0024,4.3945,1.2207,-0.3662,lying,Charlotte,small
1785662624.9667172,2732289,0.1421,0.002,-1.0068,4.3335,1.2207,-0.1831,lying,Charlotte,small
1785662624.9667294,2732339,0.1396,-0.0024,-1.002,4.2725,0.9155,-0.061,lying,Charlotte,small
1785662624.9667346,2732389,0.1416,-0.0039,-1.0015,4.4556,0.9766,0.061,lying,Charlotte,small
1785662624.9667392,2732439,0.1411,-0.0029,-1.0039,4.2725,1.0376,0.1221,lying,Charlotte,small
1785662624.966743,2732489,0.1426,-0.0015,-0.9985,4.3945,0.9766,0.061,lying,Charlotte,small
1785662624.966747,2732539,0.1426,-0.0073,-1.0059,4.2114,1.0376,-0.1221,lying,Charlotte,small
1785662624.9667516,2732589,0.1426,-0.0034,-1.0059,4.1504,1.2817,-0.4883,lying,Charlotte,small
1785662624.9667554,2732639,0.1436,0.0,-1.0029,4.3335,1.1597,0.2441,lying,Charlotte,small
1785662624.9667592,2732689,0.1421,-0.0059,-1.0044,4.3335,1.2817,-0.1221,lying,Charlotte,small
1785662624.966763,2732739,0.1416,-0.0068,-1.0068,4.5166,1.1597,0.1221,lying,Charlotte,small
1785662626.1997619,2733291,0.1406,-0.0063,-0.9995,4.3945,1.2207,-0.061,lying,Charlotte,small
1785662626.199776,2733341,0.1411,-0.0024,-1.001,4.3335,1.2207,0.0,lying,Charlotte,small
1785662626.1997812,2733391,0.1401,-0.0039,-1.0029,4.5776,1.0376,-0.3662,lying,Charlotte,small
1785662626.1997862,2733441,0.1406,-0.0059,-1.002,4.3335,1.0376,-0.1831,lying,Charlotte,small
1785662626.19979,2733491,0.1431,-0.0044,-1.0068,4.5166,1.1597,-0.1221,lying,Charlotte,small
1785662626.1997938,2733541,0.1396,-0.0059,-1.0049,4.2725,1.1597,-0.3052,lying,Charlotte,small
1785662626.1997979,2733591,0.1387,-0.0024,-1.0127,4.4556,0.9766,-0.1221,lying,Charlotte,small
1785662626.1998017,2733641,0.1401,-0.0005,-1.0049,4.3945,1.2207,0.061,lying,Charlotte,small
1785662626.1998057,2733691,0.1411,-0.0029,-1.0059,4.5776,1.1597,-0.3052,lying,Charlotte,small
1785662626.1998098,2733741,0.1421,-0.0068,-1.0015,4.2114,1.1597,-0.061,lying,Charlotte,small
1785662626.7167122,2734524,0.1426,-0.0044,-1.0083,4.3335,0.9155,-0.1831,lying,Charlotte,small
1785662626.7167232,2734574,0.1431,-0.0044,-1.0039,4.3335,1.1597,0.0,lying,Charlotte,small
1785662626.7167292,2734624,0.1416,0.0,-1.0005,4.3335,1.2207,0.1221,lying,Charlotte,small
1785662626.7167337,2734674,0.1416,-0.0059,-1.0,4.2114,1.1597,-0.2441,lying,Charlotte,small
1785662626.7167377,2734724,0.1421,-0.0034,-1.0024,4.4556,1.1597,0.061,lying,Charlotte,small
1785662626.7167416,2734774,0.1421,-0.0034,-1.0005,4.2725,0.9766,-0.061,lying,Charlotte,small
1785662626.7167456,2734824,0.1401,-0.0073,-1.0063,4.2725,0.9155,0.0,lying,Charlotte,small
1785662626.7167497,2734874,0.1396,-0.0068,-1.0039,4.2725,1.0986,-0.1831,lying,Charlotte,small
1785662626.7167535,2734924,0.1426,-0.0024,-1.0029,4.2114,1.0376,0.061,lying,Charlotte,small
1785662626.7167568,2734974,0.1392,-0.0054,-1.0068,4.3945,1.0986,-0.061,lying,Charlotte,small
1785662627.397647,2735039,0.1377,-0.0049,-0.9985,4.3945,1.2207,-0.061,lying,Charlotte,small
1785662627.397654,2735089,0.1416,-0.0015,-1.0044,4.5166,1.2207,-0.061,lying,Charlotte,small
1785662627.397658,2735139,0.1406,-0.0063,-1.0044,4.3945,1.0376,0.0,lying,Charlotte,small
1785662627.3976617,2735189,0.1401,-0.002,-1.0024,4.2725,1.1597,0.0,lying,Charlotte,small
1785662627.3976645,2735239,0.1431,-0.001,-1.002,4.3945,1.1597,-0.1221,lying,Charlotte,small
1785662627.397668,2735289,0.1406,-0.0063,-1.0059,4.3335,1.0376,0.1221,lying,Charlotte,small
1785662627.397671,2735339,0.1411,-0.0059,-1.0039,4.5166,1.2207,-0.061,lying,Charlotte,small
1785662627.3976738,2735389,0.1421,-0.0044,-0.9971,4.3945,1.0986,0.061,lying,Charlotte,small
1785662627.3976767,2735439,0.1416,-0.0073,-1.0063,4.4556,1.0986,-0.1831,lying,Charlotte,small
1785662627.3976798,2735489,0.1396,-0.0068,-1.0005,4.3945,1.2207,0.1221,lying,Charlotte,small
1785662628.0829103,2735850,0.1416,-0.0054,-1.0054,4.3945,1.1597,0.061,lying,Charlotte,small
1785662628.0829198,2735900,0.1382,-0.0029,-1.0059,4.2725,0.9766,-0.1831,lying,Charlotte,small
1785662628.0829253,2735950,0.1445,-0.0044,-1.001,4.3945,1.1597,-0.1831,lying,Charlotte,small
1785662628.0829296,2736000,0.1406,-0.0034,-1.002,4.3945,1.3428,-0.2441,lying,Charlotte,small
1785662628.0829334,2736050,0.1455,-0.0054,-1.0059,4.3945,0.8545,0.1831,lying,Charlotte,small
1785662628.082937,2736100,0.1362,0.001,-1.0015,4.4556,1.1597,-0.3052,lying,Charlotte,small
1785662628.0829415,2736150,0.1421,-0.0015,-1.0029,4.3945,1.0986,0.0,lying,Charlotte,small
1785662628.0829456,2736200,0.1445,-0.001,-1.0039,4.3945,1.1597,0.0,lying,Charlotte,small
1785662628.0829494,2736250,0.1387,-0.0063,-1.0029,4.5166,1.4038,-0.4272,lying,Charlotte,small
1785662628.0829532,2736300,0.1421,-0.0034,-1.0024,4.3335,1.0986,-0.061,lying,Charlotte,small
1785662629.163629,2736408,0.1382,-0.0029,-1.002,4.3945,1.2817,0.061,lying,Charlotte,small
1785662629.1636436,2736458,0.1396,-0.001,-1.0034,4.2725,1.1597,0.1831,lying,Charlotte,small
1785662629.163649,2736508,0.1431,-0.0024,-1.0068,4.2725,1.0376,-0.1831,lying,Charlotte,small
1785662629.1636536,2736558,0.1416,-0.0005,-0.999,4.3335,0.8545,0.061,lying,Charlotte,small
1785662629.1636577,2736608,0.1396,-0.0068,-0.9971,4.3335,1.1597,-0.061,lying,Charlotte,small
1785662629.1636615,2736658,0.1401,-0.0015,-1.0029,4.1504,0.9155,-0.1221,lying,Charlotte,small
1785662629.1636658,2736708,0.1436,-0.0024,-1.0015,4.3335,0.9155,0.1831,lying,Charlotte,small
1785662629.1636696,2736758,0.1455,-0.0034,-1.0,4.2725,0.9766,-0.4272,lying,Charlotte,small
1785662629.1636734,2736808,0.1401,-0.0049,-1.0044,4.4556,0.9766,0.1831,lying,Charlotte,small
1785662629.1636772,2736858,0.1436,-0.0054,-1.0059,4.4556,0.7935,-0.3662,lying,Charlotte,small
1785662629.8895855,2737490,0.1401,-0.001,-1.0029,4.4556,0.9155,0.0,lying,Charlotte,small
1785662629.889597,2737540,0.1421,-0.0015,-1.0029,4.5776,1.1597,0.1221,lying,Charlotte,small
1785662629.8896015,2737590,0.1416,-0.001,-0.998,4.2725,1.3428,0.1221,lying,Charlotte,small
1785662629.8896067,2737640,0.1421,-0.0029,-0.998,4.2114,1.1597,-0.1831,lying,Charlotte,small
1785662629.88961,2737690,0.1421,-0.001,-1.002,4.3335,1.0376,0.0,lying,Charlotte,small
1785662629.8896136,2737740,0.1411,-0.002,-1.0034,4.3335,1.2817,-0.1831,lying,Charlotte,small
1785662629.8896165,2737790,0.1421,-0.0039,-1.0034,4.3945,0.8545,0.1221,lying,Charlotte,small
1785662629.8896198,2737840,0.144,-0.0044,-1.0015,4.3335,1.0376,-0.3052,lying,Charlotte,small
1785662629.8896227,2737890,0.1426,-0.0039,-1.0034,4.2114,1.0986,0.0,lying,Charlotte,small
1785662629.8896255,2737940,0.1372,-0.0039,-1.0024,4.4556,1.0986,0.0,lying,Charlotte,small
1785662630.4116066,2738219,0.1411,-0.0029,-1.0049,4.2725,1.1597,0.0,lying,Charlotte,small
1785662630.4116194,2738269,0.1416,-0.001,-1.0044,4.2114,1.0986,0.061,lying,Charlotte,small
1785662630.4116254,2738319,0.1392,-0.0015,-1.0039,4.2725,1.0986,0.1221,lying,Charlotte,small
1785662630.411631,2738369,0.1406,-0.0034,-1.0,4.3335,0.9155,-0.061,lying,Charlotte,small
1785662630.411636,2738419,0.1396,0.0,-1.0034,4.4556,0.9155,-0.061,lying,Charlotte,small
1785662630.411641,2738469,0.1396,-0.0029,-1.002,4.2725,1.2817,-0.2441,lying,Charlotte,small
1785662630.411646,2738519,0.1426,-0.0078,-1.0039,4.0283,1.0376,0.2441,lying,Charlotte,small
1785662630.411651,2738569,0.1387,0.0,-0.9951,4.3335,1.2207,-0.1221,lying,Charlotte,small
1785662630.4116554,2738619,0.1372,-0.0073,-1.002,4.2725,1.2817,0.2441,lying,Charlotte,small
1785662630.4116602,2738669,0.147,-0.0137,-1.0044,4.4556,1.4038,-0.1831,lying,Charlotte,small
1785662631.1092513,2738735,0.1392,0.0039,-0.9985,4.3945,0.9155,-0.061,lying,Charlotte,small
1785662631.1092646,2738785,0.1401,-0.0112,-1.0,4.2725,1.0986,-0.3662,lying,Charlotte,small
1785662631.10927,2738835,0.1382,-0.0034,-0.9971,4.2114,1.1597,-0.061,lying,Charlotte,small
1785662631.1092744,2738885,0.1401,-0.0039,-1.0015,4.2725,1.1597,-0.1831,lying,Charlotte,small
1785662631.1092787,2738935,0.1426,-0.0093,-1.0024,4.4556,1.2207,0.0,lying,Charlotte,small
1785662631.1092825,2738985,0.1387,-0.0024,-1.0083,4.3945,0.9155,-0.061,lying,Charlotte,small
1785662631.1092863,2739035,0.1396,-0.0029,-0.9937,4.5166,1.1597,0.0,lying,Charlotte,small
1785662631.10929,2739085,0.1377,0.0,-1.0063,4.1504,1.0376,0.061,lying,Charlotte,small
1785662631.1092935,2739135,0.1431,-0.0098,-1.0083,4.3945,1.2207,-0.1221,lying,Charlotte,small
1785662631.1092975,2739185,0.1396,0.001,-1.0068,4.3335,1.1597,-0.1221,lying,Charlotte,small
1785662631.8539848,2739438,0.1426,-0.0059,-1.0059,4.2725,1.1597,0.2441,lying,Charlotte,small
1785662631.8540003,2739488,0.1401,-0.0024,-1.0068,4.4556,0.9155,-0.061,lying,Charlotte,small
1785662631.854007,2739538,0.1416,-0.0029,-1.001,4.3335,1.4648,-0.1831,lying,Charlotte,small
1785662631.854013,2739588,0.1396,-0.0039,-1.002,4.1504,1.2207,-0.3662,lying,Charlotte,small
1785662631.854018,2739638,0.1455,-0.0029,-1.0049,4.3335,1.2817,-0.5493,lying,Charlotte,small
1785662631.854023,2739688,0.1372,-0.001,-1.0093,4.2725,1.2817,0.2441,lying,Charlotte,small
1785662631.8540285,2739738,0.1406,-0.0044,-1.0049,4.4556,0.9766,0.1221,lying,Charlotte,small
1785662631.854034,2739788,0.1382,0.0039,-1.001,4.1504,0.8545,-0.061,lying,Charlotte,small
1785662631.8540387,2739838,0.1431,-0.0059,-1.0059,4.6387,1.1597,0.061,lying,Charlotte,small
1785662631.854044,2739888,0.1396,-0.0015,-0.9976,4.5166,1.1597,0.3052,lying,Charlotte,small
1785662632.3689444,2740178,0.1406,-0.0039,-1.0044,4.4556,1.2207,-0.1221,lying,Charlotte,small
1785662632.368957,2740228,0.1431,-0.0015,-1.0029,4.4556,1.0376,0.1831,lying,Charlotte,small
1785662632.3689632,2740278,0.1392,0.0015,-1.0098,4.1504,1.0986,-0.1221,lying,Charlotte,small
1785662632.3689694,2740328,0.1416,-0.0039,-1.0054,4.5776,1.1597,-0.1221,lying,Charlotte,small
1785662632.3689747,2740378,0.1436,-0.0005,-1.001,4.2725,0.7935,-0.061,lying,Charlotte,small
1785662632.3689797,2740428,0.1436,-0.0029,-0.9985,4.5776,1.1597,-0.3052,lying,Charlotte,small
1785662632.3689857,2740478,0.1392,-0.0024,-1.002,4.2114,1.2207,0.1831,lying,Charlotte,small
1785662632.3689907,2740528,0.1401,-0.0059,-1.0015,4.4556,1.2207,0.1831,lying,Charlotte,small
1785662632.3689961,2740578,0.1416,-0.0044,-1.0034,4.4556,1.0986,-0.1831,lying,Charlotte,small
1785662632.3690012,2740628,0.1406,-0.0083,-1.0044,4.2725,0.7935,0.0,lying,Charlotte,small
1785662699.6793447,2806145,0.145,0.0005,-1.0063,4.2725,1.0376,0.0,lying,Charlotte,small
1785662699.6793544,2806195,0.1396,-0.0029,-1.002,4.3945,0.9155,-0.1831,lying,Charlotte,small
1785662699.6793597,2806245,0.1401,-0.0039,-0.9995,4.5776,1.0376,0.0,lying,Charlotte,small
1785662699.6793642,2806295,0.1416,-0.0039,-1.0078,4.3945,1.2207,-0.2441,lying,Charlotte,small
1785662699.679368,2806345,0.1416,-0.0005,-0.999,4.5166,1.0376,-0.061,lying,Charlotte,small
1785662699.6793718,2806395,0.1372,-0.0029,-1.0034,4.5776,1.1597,-0.1831,lying,Charlotte,small
1785662699.6793761,2806445,0.1421,-0.0054,-1.0049,4.5776,1.0986,0.1831,lying,Charlotte,small
1785662699.6793802,2806495,0.1416,-0.0068,-1.0078,4.2725,1.1597,-0.1831,lying,Charlotte,small
1785662699.6793838,2806545,0.1421,-0.0054,-1.0029,4.2114,1.5259,-0.2441,lying,Charlotte,small
1785662699.6793876,2806595,0.1382,-0.0063,-1.0054,4.3335,1.1597,-0.061,lying,Charlotte,small
1785662851.9366224,2955276,0.1401,0.002,-0.9971,4.5166,1.0376,0.061,lying,Charlotte,small
1785662851.9366326,2955326,0.1411,-0.0029,-1.0063,4.5776,0.9766,0.061,lying,Charlotte,small
1785662851.9366379,2955376,0.1348,0.0049,-1.0005,4.3335,1.0986,-0.061,lying,Charlotte,small
1785662851.936643,2955426,0.1367,-0.0049,-1.0029,4.4556,1.2817,-0.2441,lying,Charlotte,small
1785662851.9366472,2955476,0.1416,-0.002,-1.0059,4.6387,1.1597,0.1221,lying,Charlotte,small
1785662851.936651,2955526,0.1387,-0.0073,-1.0015,4.3335,1.1597,0.0,lying,Charlotte,small
1785662851.936655,2955576,0.1387,-0.002,-1.001,4.2725,1.3428,-0.061,lying,Charlotte,small
1785662851.9366589,2955626,0.1411,-0.0034,-1.002,4.3945,1.0986,0.061,lying,Charlotte,small
1785662851.9366627,2955676,0.1411,-0.0034,-0.999,4.3945,1.0986,-0.1831,lying,Charlotte,small
1785662851.9366667,2955726,0.1401,-0.0034,-0.9995,4.3945,1.0376,0.061,lying,Charlotte,small
1785662852.4584212,2960251,0.1421,-0.0034,-1.0005,4.2725,1.0376,0.1831,lying,Charlotte,small
1785662852.4584317,2960301,0.1411,-0.0059,-1.001,4.4556,1.0986,0.1221,lying,Charlotte,small
1785662852.458437,2960351,0.1406,0.0,-0.9971,4.3945,1.4648,-0.1221,lying,Charlotte,small
1785662852.4584413,2960401,0.1421,0.001,-1.0024,4.4556,1.0376,0.061,lying,Charlotte,small
1785662852.4584453,2960451,0.1401,-0.0068,-0.9946,4.3335,1.3428,-0.1831,lying,Charlotte,small
1785662852.4584494,2960501,0.1406,-0.0044,-1.0,4.3945,1.2207,0.1221,lying,Charlotte,small
1785662852.458453,2960551,0.1436,-0.0068,-1.0029,4.3335,1.0376,-0.3052,lying,Charlotte,small
1785662852.4584568,2960601,0.1377,-0.002,-1.001,4.3945,1.4038,-0.061,lying,Charlotte,small
1785662852.4584603,2960651,0.1372,-0.002,-1.001,4.2725,0.9766,-0.1831,lying,Charlotte,small
1785662852.458464,2960701,0.1406,-0.0044,-1.0034,4.4556,1.1597,-0.1221,lying,Charlotte,small
1785662852.9835205,2960772,0.1377,-0.0024,-1.0024,4.3335,1.4038,-0.2441,lying,Charlotte,small
1785662852.9835305,2960822,0.1392,-0.0049,-1.0029,4.3335,1.1597,-0.1221,lying,Charlotte,small
1785662852.9835353,2960872,0.1401,-0.0063,-1.0024,4.3945,1.1597,-0.1221,lying,Charlotte,small
1785662852.9835398,2960922,0.1411,-0.001,-0.9966,4.3945,1.2817,-0.3052,lying,Charlotte,small
1785662852.9835439,2960972,0.1372,-0.002,-1.0,4.3945,0.9766,0.0,lying,Charlotte,small
1785662852.983548,2961022,0.1401,0.0,-1.0005,4.2725,1.0986,-0.1221,lying,Charlotte,small
1785662852.9835515,2961072,0.1426,-0.0054,-1.002,4.3335,1.2207,0.1221,lying,Charlotte,small
1785662852.9835556,2961122,0.1382,-0.0024,-1.0059,4.3335,1.0376,-0.061,lying,Charlotte,small
1785662852.9835596,2961172,0.1421,-0.0029,-1.0073,4.5776,1.3428,0.1831,lying,Charlotte,small
1785662852.9835632,2961222,0.1411,-0.002,-0.9995,4.2725,1.1597,0.1221,lying,Charlotte,small
1785662853.5204985,2961313,0.145,-0.0049,-0.9966,4.2114,1.1597,-0.2441,lying,Charlotte,small
1785662853.520509,2961363,0.1431,-0.0034,-0.9971,4.2725,0.9155,-0.1831,lying,Charlotte,small
1785662853.5205138,2961413,0.1396,-0.002,-0.9976,4.5776,1.1597,0.061,lying,Charlotte,small
1785662853.520518,2961463,0.1401,-0.0049,-1.0015,4.2114,1.1597,-0.1221,lying,Charlotte,small
1785662853.5205224,2961513,0.1401,-0.0044,-1.0054,4.3335,0.9766,0.0,lying,Charlotte,small
1785662853.5205264,2961563,0.1421,-0.0044,-1.0,4.0894,1.2207,-0.2441,lying,Charlotte,small
1785662853.5205305,2961613,0.1392,-0.0005,-1.0054,4.3335,1.2817,0.061,lying,Charlotte,small
1785662853.5205348,2961663,0.1406,0.0,-1.0029,4.3335,1.0986,0.1221,lying,Charlotte,small
1785662853.5205386,2961713,0.1411,-0.0073,-1.0073,4.1504,1.4038,-0.4272,lying,Charlotte,small
1785662853.5205424,2961763,0.1401,-0.0059,-1.0024,4.5776,1.1597,-0.1831,lying,Charlotte,small
1785662854.3882792,2961835,0.1416,-0.0049,-0.9976,4.2725,1.2817,0.0,lying,Charlotte,small
1785662854.388286,2961885,0.1426,-0.0073,-1.0039,4.3945,1.2207,0.061,lying,Charlotte,small
1785662854.3882902,2961935,0.1436,-0.0049,-1.0029,4.3945,1.4648,0.1221,lying,Charlotte,small
1785662854.388294,2961985,0.1387,0.0029,-0.9995,4.2725,1.0376,0.1221,lying,Charlotte,small
1785662854.3882966,2962035,0.146,-0.0005,-0.9995,4.2725,1.2207,-0.1831,lying,Charlotte,small
1785662854.3883002,2962085,0.1392,0.0068,-0.998,4.2725,1.1597,-0.061,lying,Charlotte,small
1785662854.3883033,2962135,0.1387,-0.0005,-0.9985,4.4556,1.1597,0.0,lying,Charlotte,small
1785662854.3883061,2962185,0.1401,0.0029,-0.9995,4.3335,1.2817,-0.1221,lying,Charlotte,small
1785662854.3883095,2962235,0.1396,-0.0078,-1.0039,4.3335,1.0986,0.061,lying,Charlotte,small
1785662854.3883126,2962285,0.1416,-0.0024,-1.002,4.6387,1.1597,-0.3662,lying,Charlotte,small
1785662855.1670861,2962757,0.1387,-0.0049,-1.0034,4.2114,0.9766,-0.1221,lying,Charlotte,small
1785662855.1670957,2962807,0.1362,-0.0039,-1.0024,4.2725,1.3428,0.1221,lying,Charlotte,small
1785662855.1671,2962857,0.1401,-0.0034,-1.0029,4.3945,0.9766,-0.2441,lying,Charlotte,small
1785662855.1671033,2962907,0.1431,-0.0059,-0.9976,4.2114,1.2207,-0.1831,lying,Charlotte,small
1785662855.1671066,2962957,0.1411,-0.0049,-1.0054,4.2114,1.1597,-0.2441,lying,Charlotte,small
1785662855.1671097,2963007,0.1421,-0.0015,-1.0029,4.3945,0.9766,0.0,lying,Charlotte,small
1785662855.1671133,2963057,0.1382,0.0015,-0.9961,4.2725,0.9155,-0.1831,lying,Charlotte,small
1785662855.1671166,2963107,0.1436,0.0029,-0.9995,4.3335,1.2817,0.1221,lying,Charlotte,small
1785662855.1671195,2963157,0.1411,-0.0063,-1.0083,4.3335,1.2207,-0.2441,lying,Charlotte,small
1785662855.1671226,2963207,0.1421,-0.0078,-1.0,4.3945,1.1597,-0.1221,lying,Charlotte,small
1785662855.6860776,2963478,0.1396,-0.0054,-1.0005,4.2725,1.2817,-0.061,lying,Charlotte,small
1785662855.6860874,2963528,0.1421,-0.0044,-1.0034,4.2725,1.1597,0.0,lying,Charlotte,small
1785662855.6860933,2963578,0.1411,-0.0049,-0.999,4.5776,0.9766,-0.1221,lying,Charlotte,small
1785662855.6860986,2963628,0.1426,-0.0049,-1.0024,4.3335,1.2207,-0.1831,lying,Charlotte,small
1785662855.686103,2963678,0.1421,-0.002,-0.9995,4.4556,0.7935,-0.3052,lying,Charlotte,small
1785662855.686107,2963728,0.1416,-0.0029,-1.0039,4.2725,1.1597,-0.1221,lying,Charlotte,small
1785662855.686111,2963778,0.1382,-0.0059,-0.9966,4.4556,1.3428,-0.061,lying,Charlotte,small
1785662855.6861148,2963828,0.1431,-0.0039,-1.0034,4.3335,1.2817,0.0,lying,Charlotte,small
1785662855.6861181,2963878,0.1416,-0.0029,-1.0039,4.3335,1.0376,-0.3052,lying,Charlotte,small
1785662855.686122,2963928,0.1411,-0.0015,-1.002,4.4556,1.2207,-0.061,lying,Charlotte,small
1785662856.3871074,2964002,0.1382,-0.002,-0.9971,4.4556,1.0376,-0.1831,lying,Charlotte,small
1785662856.3871145,2964052,0.1387,-0.0088,-1.0049,4.6997,1.3428,0.1831,lying,Charlotte,small
1785662856.3871183,2964102,0.1387,-0.0049,-1.0015,4.3945,1.0986,-0.4272,lying,Charlotte,small
1785662856.387122,2964152,0.1416,0.0005,-1.001,4.4556,1.1597,-0.1221,lying,Charlotte,small
1785662856.3871253,2964202,0.1421,-0.0034,-1.0029,4.2114,1.2207,-0.2441,lying,Charlotte,small
1785662856.3871286,2964252,0.1416,-0.0049,-1.0015,4.2114,1.0376,-0.2441,lying,Charlotte,small
1785662856.3871315,2964302,0.1377,-0.0063,-1.0029,4.2725,0.9766,-0.1831,lying,Charlotte,small
1785662856.3871346,2964352,0.1372,-0.0015,-0.9961,4.3945,1.2207,0.0,lying,Charlotte,small
1785662856.3871377,2964402,0.1421,-0.0039,-0.9985,4.5166,1.2207,0.061,lying,Charlotte,small
1785662856.3871408,2964452,0.1387,-0.0044,-0.9971,4.3335,1.1597,-0.3662,lying,Charlotte,small
1785662857.0135307,2964804,0.1416,0.0005,-1.0063,4.3335,1.0376,-0.1831,lying,Charlotte,small
1785662857.0135396,2964854,0.1401,-0.0039,-0.998,4.5776,1.2817,-0.1831,lying,Charlotte,small
1785662857.0135436,2964904,0.1392,-0.0068,-1.0078,4.4556,0.9155,0.061,lying,Charlotte,small
1785662857.0135472,2964954,0.1406,-0.001,-1.0103,4.1504,0.9766,-0.061,lying,Charlotte,small
1785662857.0135505,2965004,0.1362,-0.0054,-0.998,4.3945,1.1597,-0.061,lying,Charlotte,small
1785662857.0135534,2965054,0.1401,-0.0063,-1.0,4.1504,1.1597,0.0,lying,Charlotte,small
1785662857.0135565,2965104,0.1396,-0.0005,-1.0,4.2725,1.1597,-0.2441,lying,Charlotte,small
1785662857.0135596,2965154,0.1421,-0.0049,-1.0029,4.5166,1.1597,0.0,lying,Charlotte,small
1785662857.0135627,2965204,0.1382,-0.0059,-1.002,4.3945,1.2817,-0.061,lying,Charlotte,small
1785662857.0135655,2965254,0.1401,-0.0029,-1.0078,4.6387,0.9766,0.0,lying,Charlotte,small
1785662857.9417117,2965626,0.1416,-0.0063,-1.0044,4.5166,1.3428,-0.2441,lying,Charlotte,small
1785662857.9417226,2965676,0.1411,-0.0034,-1.0029,4.3945,1.2817,0.1221,lying,Charlotte,small
1785662857.9417274,2965726,0.1387,0.0,-1.0,4.3335,1.0986,0.061,lying,Charlotte,small
1785662857.941732,2965776,0.1396,0.0039,-1.002,4.2725,0.9155,-0.1221,lying,Charlotte,small
1785662857.941736,2965826,0.1436,-0.0078,-0.9985,4.3945,1.0986,0.061,lying,Charlotte,small
1785662857.9417398,2965876,0.145,0.002,-1.0015,4.2725,1.0986,-0.2441,lying,Charlotte,small
1785662857.9417436,2965926,0.1411,-0.0015,-1.0015,4.3945,1.2817,0.1221,lying,Charlotte,small
1785662857.941748,2965976,0.1382,-0.0039,-0.999,4.3945,1.1597,-0.1221,lying,Charlotte,small
1785662857.9417517,2966026,0.1387,-0.0015,-0.9927,4.1504,0.9766,0.1831,lying,Charlotte,small
1785662857.941756,2966076,0.1392,-0.0049,-1.0054,4.3335,1.3428,-0.2441,lying,Charlotte,small
1785662858.4689686,2966258,0.1426,-0.001,-1.0117,4.5166,0.9766,-0.1831,lying,Charlotte,small
1785662858.4689786,2966308,0.1421,-0.0059,-1.001,4.4556,1.2207,0.061,lying,Charlotte,small
1785662858.4689841,2966358,0.1382,-0.0034,-0.9971,4.1504,1.0986,-0.3662,lying,Charlotte,small
1785662858.468989,2966408,0.1387,-0.0068,-1.0078,4.2725,0.9155,0.1221,lying,Charlotte,small
1785662858.468993,2966458,0.1396,-0.0005,-1.0005,4.5166,1.0376,-0.061,lying,Charlotte,small
1785662858.468997,2966508,0.1401,-0.0029,-1.0005,4.2725,1.1597,-0.1221,lying,Charlotte,small
1785662858.4690013,2966558,0.1392,-0.0005,-1.002,4.4556,1.1597,0.0,lying,Charlotte,small
1785662858.469005,2966608,0.1377,-0.0078,-1.0044,4.3945,1.1597,-0.3052,lying,Charlotte,small
1785662858.469009,2966658,0.1421,-0.0024,-1.0015,4.3335,1.4038,-0.3052,lying,Charlotte,small
1785662858.4690127,2966708,0.1401,0.0,-1.0005,4.3335,1.0986,0.061,lying,Charlotte,small
1785662859.3793511,2967051,0.1372,-0.0059,-0.9966,4.3335,1.0986,-0.1831,lying,Charlotte,small
1785662859.3793614,2967101,0.1387,-0.0078,-1.001,4.4556,1.2207,-0.1831,lying,Charlotte,small
1785662859.3793664,2967151,0.1377,-0.0039,-1.002,4.5166,1.0376,-0.1831,lying,Charlotte,small
1785662859.3793714,2967201,0.1416,-0.001,-0.9985,4.3335,0.9766,-0.1831,lying,Charlotte,small
1785662859.3793757,2967251,0.1436,-0.0044,-0.998,4.5166,1.0986,0.0,lying,Charlotte,small
1785662859.3793795,2967301,0.1396,-0.0054,-1.002,4.3335,1.0986,-0.061,lying,Charlotte,small
1785662859.3793836,2967351,0.1396,-0.0015,-1.0068,4.1504,1.2207,-0.3052,lying,Charlotte,small
1785662859.3793879,2967401,0.1401,-0.0015,-0.9941,4.5166,1.0376,0.061,lying,Charlotte,small
1785662859.3793917,2967451,0.1406,-0.0034,-1.0015,4.6997,1.1597,0.0,lying,Charlotte,small
1785662859.3793955,2967501,0.1387,0.0005,-0.9985,4.5166,0.9155,-0.061,lying,Charlotte,small
1785662859.9979155,2967694,0.1421,-0.0034,-1.0068,4.3945,1.3428,-0.1831,lying,Charlotte,small
1785662859.997926,2967744,0.1392,-0.0034,-1.0093,4.1504,1.2207,-0.1831,lying,Charlotte,small
1785662859.997931,2967794,0.1421,0.0,-1.0015,4.4556,1.2207,0.0,lying,Charlotte,small
1785662859.997935,2967844,0.1387,-0.0029,-1.002,4.5166,0.9766,-0.1831,lying,Charlotte,small
1785662859.9979393,2967894,0.1396,-0.0029,-1.0,4.3945,1.2207,-0.1221,lying,Charlotte,small
1785662859.997943,2967944,0.1367,-0.0059,-1.0005,4.5776,1.2207,0.1221,lying,Charlotte,small
1785662859.997947,2967994,0.1401,0.001,-0.9976,4.5166,1.0376,-0.2441,lying,Charlotte,small
1785662859.9979513,2968044,0.1421,-0.0068,-1.0059,4.3335,1.2207,0.2441,lying,Charlotte,small
1785662859.997955,2968094,0.1416,-0.0049,-1.0029,4.2114,1.1597,-0.1221,lying,Charlotte,small
1785662859.997959,2968144,0.1396,-0.0029,-0.999,4.2725,1.3428,0.1221,lying,Charlotte,small
1785662860.6148462,2968307,0.1382,-0.0029,-0.999,4.3945,1.1597,0.0,lying,Charlotte,small
1785662860.6148577,2968357,0.1436,-0.0054,-1.0044,4.5166,1.4648,0.061,lying,Charlotte,small
1785662860.6148632,2968407,0.1387,-0.002,-0.9976,4.4556,1.1597,-0.2441,lying,Charlotte,small
1785662860.6148677,2968457,0.1411,-0.0039,-1.0024,4.3945,1.0376,-0.1831,lying,Charlotte,small
1785662860.6148717,2968507,0.1401,-0.0083,-1.0029,4.2725,1.4038,-0.1221,lying,Charlotte,small
1785662860.6148753,2968557,0.1401,-0.002,-1.0,4.2114,0.9766,-0.061,lying,Charlotte,small
1785662860.6148794,2968607,0.1387,-0.0039,-0.998,4.3945,1.0986,-0.1221,lying,Charlotte,small
1785662860.6148834,2968657,0.1411,-0.0024,-1.0044,4.4556,1.1597,-0.061,lying,Charlotte,small
1785662860.614887,2968707,0.1416,-0.0039,-1.0015,4.6387,1.2207,-0.1831,lying,Charlotte,small
1785662860.6148908,2968757,0.1421,-0.0034,-1.0,4.3945,0.9155,-0.1831,lying,Charlotte,small
1785662861.1784494,2968930,0.1426,-0.0063,-1.0059,4.5166,1.5259,0.061,lying,Charlotte,small
1785662861.1784596,2968980,0.1431,-0.0039,-0.9951,4.4556,1.2817,-0.2441,lying,Charlotte,small
1785662861.1784651,2969030,0.1426,-0.0049,-1.001,4.2725,1.1597,-0.061,lying,Charlotte,small
1785662861.1784704,2969080,0.1382,0.0044,-0.9946,4.0894,1.0376,-0.1221,lying,Charlotte,small
1785662861.1784744,2969130,0.1392,-0.002,-1.002,4.2114,1.2207,-0.061,lying,Charlotte,small
1785662861.178478,2969180,0.1392,-0.0024,-1.0029,4.3335,1.5259,-0.061,lying,Charlotte,small
1785662861.1784823,2969230,0.1421,-0.0088,-1.0054,4.5166,1.2207,-0.061,lying,Charlotte,small
1785662861.1784859,2969280,0.1396,-0.0054,-1.0029,4.4556,1.0376,-0.1221,lying,Charlotte,small
1785662861.1784894,2969330,0.1406,-0.0039,-1.0049,4.3945,1.2207,-0.3052,lying,Charlotte,small
1785662861.1784933,2969380,0.1411,-0.0093,-1.0005,4.3945,1.2207,0.2441,lying,Charlotte,small
1785662862.1106017,2969494,0.144,-0.0034,-0.998,4.2725,1.3428,0.061,lying,Charlotte,small
1785662862.1106157,2969544,0.1406,-0.0063,-1.0,4.1504,1.0376,0.1831,lying,Charlotte,small
1785662862.1106215,2969594,0.1421,-0.0024,-0.9966,4.3945,1.1597,0.1221,lying,Charlotte,small
1785662862.1106262,2969644,0.1411,0.0,-0.999,4.3945,1.2207,0.061,lying,Charlotte,small
1785662862.1106305,2969694,0.1411,-0.0034,-0.9985,4.3335,1.2817,-0.061,lying,Charlotte,small
1785662862.1106343,2969744,0.1392,-0.0044,-1.0039,4.5166,0.8545,-0.061,lying,Charlotte,small
1785662862.1106384,2969794,0.1406,-0.002,-0.999,4.5166,1.2207,0.061,lying,Charlotte,small
1785662862.110642,2969844,0.1421,-0.0112,-1.0083,4.5166,1.0376,0.0,lying,Charlotte,small
1785662862.1106455,2969894,0.1396,-0.0068,-1.0015,4.5166,1.2207,-0.1831,lying,Charlotte,small
1785662862.1106496,2969944,0.1401,-0.0015,-1.0059,4.3335,0.8545,-0.061,lying,Charlotte,small
1785662862.6345978,2970428,0.1406,-0.0015,-1.0015,4.3945,1.1597,-0.1221,lying,Charlotte,small
1785662862.6346078,2970478,0.1392,0.001,-0.9937,4.4556,1.0376,0.1831,lying,Charlotte,small
1785662862.6346133,2970528,0.1431,-0.001,-1.0005,4.3945,0.7935,0.0,lying,Charlotte,small
1785662862.6346178,2970578,0.1431,-0.0059,-1.0015,4.3945,1.1597,0.061,lying,Charlotte,small
1785662862.6346219,2970628,0.1411,-0.0029,-0.999,4.1504,0.9766,-0.061,lying,Charlotte,small
1785662862.6346257,2970678,0.1411,-0.0034,-1.0024,4.5166,1.0376,-0.061,lying,Charlotte,small
1785662862.6346297,2970728,0.1406,0.002,-1.0034,4.2725,1.2207,-0.061,lying,Charlotte,small
1785662862.6346335,2970778,0.1426,-0.002,-1.0029,4.2725,1.0986,-0.1221,lying,Charlotte,small
1785662862.6346374,2970828,0.1387,0.002,-1.0039,4.6387,1.2207,-0.061,lying,Charlotte,small
1785662862.634641,2970878,0.1416,-0.001,-0.999,4.3335,1.1597,0.0,lying,Charlotte,small
1785662863.1687293,2970950,0.1353,0.001,-0.999,4.6387,1.3428,-0.2441,lying,Charlotte,small
1785662863.1687398,2971000,0.1392,0.0015,-0.9961,4.3335,1.1597,0.1831,lying,Charlotte,small
1785662863.1687453,2971050,0.1348,0.0039,-1.002,4.5166,0.9155,-0.3052,lying,Charlotte,small
1785662863.1687498,2971100,0.1416,-0.0054,-1.0039,4.2725,1.0986,0.1221,lying,Charlotte,small
1785662863.1687536,2971150,0.1396,0.0,-0.9971,4.5166,1.2817,-0.1831,lying,Charlotte,small
1785662863.1687574,2971200,0.1426,-0.0039,-1.002,4.3945,1.1597,-0.1831,lying,Charlotte,small
1785662863.1687615,2971250,0.1416,-0.0044,-1.0005,4.2725,1.2817,-0.1221,lying,Charlotte,small
1785662863.1687655,2971300,0.1416,-0.0015,-1.0,4.3335,1.2207,0.0,lying,Charlotte,small
1785662863.1687694,2971350,0.1431,-0.0029,-0.9971,4.3335,1.0376,-0.1221,lying,Charlotte,small
1785662863.1687732,2971400,0.1392,-0.0044,-1.0063,4.5776,1.1597,-0.2441,lying,Charlotte,small
1785662863.9673922,2971482,0.1406,-0.0024,-1.0005,4.5166,1.1597,-0.1221,lying,Charlotte,small
1785662863.9674075,2971532,0.1431,-0.0059,-1.0093,4.5166,1.3428,0.2441,lying,Charlotte,small
1785662863.9674127,2971582,0.1396,-0.0044,-0.9985,4.3945,0.9766,-0.1831,lying,Charlotte,small
1785662863.967417,2971632,0.1382,-0.0039,-1.0015,4.3335,1.2817,0.1831,lying,Charlotte,small
1785662863.9674213,2971682,0.1396,-0.0024,-1.0005,4.5166,1.0376,-0.1221,lying,Charlotte,small
1785662863.9674253,2971732,0.1396,-0.0044,-1.0039,4.4556,0.8545,-0.1221,lying,Charlotte,small
1785662863.9674294,2971782,0.1396,-0.0049,-1.0044,4.5166,1.1597,-0.2441,lying,Charlotte,small
1785662863.9674332,2971832,0.1401,-0.0015,-0.998,4.3335,0.9155,-0.1221,lying,Charlotte,small
1785662863.9674373,2971882,0.1416,-0.0063,-1.0083,4.4556,1.2207,0.0,lying,Charlotte,small
1785662863.967441,2971932,0.1367,-0.0063,-0.998,4.4556,1.2817,-0.1221,lying,Charlotte,small
1785662864.484602,2972274,0.1392,-0.001,-1.0049,4.2114,0.9766,-0.3052,lying,Charlotte,small
1785662864.484612,2972324,0.1372,-0.002,-1.0103,4.3335,1.1597,-0.1221,lying,Charlotte,small
1785662864.4846172,2972374,0.1411,0.001,-1.0073,4.3335,1.0376,0.061,lying,Charlotte,small
1785662864.4846222,2972424,0.1392,-0.0024,-1.0068,4.4556,1.0376,-0.2441,lying,Charlotte,small
1785662864.4846268,2972474,0.1426,-0.0078,-1.0059,4.5166,1.2817,-0.2441,lying,Charlotte,small
1785662864.4846306,2972524,0.1411,-0.0103,-1.0049,4.6387,1.0376,0.1221,lying,Charlotte,small
1785662864.4846346,2972574,0.1377,-0.0024,-0.9932,4.4556,1.0986,-0.1831,lying,Charlotte,small
1785662864.4846382,2972624,0.1396,0.0024,-0.9995,4.3335,1.1597,-0.3052,lying,Charlotte,small
1785662864.484642,2972674,0.1392,-0.0015,-0.9971,4.6387,1.1597,-0.061,lying,Charlotte,small
1785662864.4846458,2972724,0.1392,0.0015,-0.9941,4.4556,1.1597,0.3662,lying,Charlotte,small
1785662865.2987018,2972835,0.1411,-0.0034,-1.0054,4.3945,1.0986,-0.1831,lying,Charlotte,small
1785662865.2987154,2972885,0.1416,-0.0063,-1.0078,4.2114,1.5259,-0.061,lying,Charlotte,small
1785662865.2987206,2972935,0.1372,-0.0039,-1.0078,4.3335,1.1597,0.1831,lying,Charlotte,small
1785662865.2987251,2972985,0.1382,-0.0015,-1.0044,4.3945,1.2207,-0.061,lying,Charlotte,small
1785662865.2987292,2973035,0.1416,0.0029,-1.0024,4.3945,1.0376,-0.1221,lying,Charlotte,small
1785662865.2987332,2973085,0.1411,-0.0029,-0.999,4.6387,1.2207,-0.061,lying,Charlotte,small
1785662865.2987375,2973135,0.1396,-0.0039,-1.0044,4.3945,1.0986,-0.061,lying,Charlotte,small
1785662865.2987413,2973185,0.1377,-0.0015,-1.0044,4.5166,0.9155,0.3052,lying,Charlotte,small
1785662865.298745,2973235,0.1401,-0.0044,-1.0068,4.4556,1.0986,-0.1831,lying,Charlotte,small
1785662865.298749,2973285,0.1416,-0.0059,-1.0034,4.6997,1.2207,0.1221,lying,Charlotte,small
1785662865.8433409,2973609,0.1411,-0.0029,-1.0049,4.4556,1.2207,0.061,lying,Charlotte,small
1785662865.8433502,2973659,0.1396,-0.0063,-1.0039,4.3945,1.2207,-0.1831,lying,Charlotte,small
1785662865.843356,2973709,0.1401,-0.0083,-1.0034,4.2725,1.0986,0.0,lying,Charlotte,small
1785662865.8433611,2973759,0.1411,0.001,-1.0015,4.3335,1.1597,0.1221,lying,Charlotte,small
1785662865.8433657,2973809,0.1362,-0.0049,-0.998,4.5776,1.1597,0.0,lying,Charlotte,small
1785662865.8433695,2973859,0.1436,-0.0068,-1.002,4.3945,1.3428,-0.061,lying,Charlotte,small
1785662865.8433733,2973909,0.1426,-0.001,-1.0034,4.3945,1.1597,-0.061,lying,Charlotte,small
1785662865.8433769,2973959,0.1421,-0.0063,-1.0059,4.0894,1.2817,-0.1831,lying,Charlotte,small
1785662865.8433807,2974009,0.1411,-0.0044,-1.0054,4.3335,1.0376,-0.061,lying,Charlotte,small
1785662865.8433843,2974059,0.1426,-0.0063,-1.0068,4.3945,1.2207,-0.061,lying,Charlotte,small
1785662866.3966608,2974156,0.1445,-0.0044,-1.0024,4.3335,1.2817,-0.1221,lying,Charlotte,small
1785662866.39667,2974206,0.1436,-0.0044,-1.001,4.3945,1.4648,-0.2441,lying,Charlotte,small
1785662866.3966758,2974256,0.1406,-0.0029,-0.9976,4.5166,1.2207,-0.061,lying,Charlotte,small
1785662866.3966818,2974306,0.1401,-0.0039,-1.0029,4.5776,1.1597,-0.1831,lying,Charlotte,small
1785662866.396687,2974356,0.1382,0.0,-1.0029,4.1504,1.4038,-0.2441,lying,Charlotte,small
1785662866.3966923,2974406,0.1392,-0.002,-1.0024,4.1504,1.2207,-0.1831,lying,Charlotte,small
1785662866.3966975,2974456,0.1421,-0.0029,-1.001,4.3335,1.2817,-0.1221,lying,Charlotte,small
1785662866.3967028,2974506,0.1372,-0.002,-1.0039,4.5166,1.3428,-0.1221,lying,Charlotte,small
1785662866.396708,2974556,0.1362,-0.001,-1.0029,4.5776,0.9766,0.061,lying,Charlotte,small
1785662866.3967135,2974606,0.1421,-0.0024,-1.0029,4.5776,1.0376,0.1221,lying,Charlotte,small
1785662866.9146132,2974708,0.1401,-0.0039,-0.9971,4.3945,1.2207,0.061,lying,Charlotte,small
1785662866.9146235,2974758,0.1377,0.002,-1.0044,4.3335,1.0376,-0.1831,lying,Charlotte,small
1785662866.9146285,2974808,0.1372,-0.0029,-0.998,4.2725,1.2817,0.0,lying,Charlotte,small
1785662866.914633,2974858,0.1416,-0.0078,-1.0044,4.3945,1.0986,-0.1831,lying,Charlotte,small
1785662866.914637,2974908,0.1396,-0.0054,-1.0005,4.4556,1.4038,-0.061,lying,Charlotte,small
1785662866.914641,2974958,0.1431,-0.0015,-1.0034,4.5776,1.1597,-0.061,lying,Charlotte,small
1785662866.9146452,2975008,0.1411,-0.0015,-1.0024,4.4556,0.9766,-0.061,lying,Charlotte,small
1785662866.914649,2975058,0.1416,-0.0034,-1.0024,4.3945,1.1597,0.1221,lying,Charlotte,small
1785662866.9146526,2975108,0.1401,-0.0059,-1.002,4.1504,0.7935,-0.2441,lying,Charlotte,small
1785662866.9146564,2975158,0.1411,-0.0039,-1.001,4.4556,1.0986,0.1831,lying,Charlotte,small
1785662867.524698,2975229,0.1406,-0.001,-1.0059,4.4556,1.2817,0.061,lying,Charlotte,small
1785662867.5247078,2975279,0.1421,-0.0029,-1.0044,4.3945,1.2207,0.1221,lying,Charlotte,small
1785662867.5247133,2975329,0.1387,-0.001,-1.0049,4.5166,0.9766,-0.1221,lying,Charlotte,small
1785662867.5247183,2975379,0.1387,-0.0039,-1.0005,4.4556,1.1597,0.061,lying,Charlotte,small
1785662867.5247226,2975429,0.1416,-0.0034,-1.0049,4.7607,1.2817,-0.1221,lying,Charlotte,small
1785662867.5247264,2975479,0.1401,-0.0049,-0.9956,4.2725,1.2207,-0.061,lying,Charlotte,small
1785662867.5247302,2975529,0.1416,-0.0063,-0.9956,4.3945,1.1597,0.0,lying,Charlotte,small
1785662867.5247338,2975579,0.1431,-0.001,-0.998,4.2114,1.4648,-0.2441,lying,Charlotte,small
1785662867.5247378,2975629,0.1401,0.0,-1.0059,4.3335,1.2207,-0.1221,lying,Charlotte,small
1785662867.5247414,2975679,0.1401,-0.002,-1.0098,4.4556,0.8545,-0.3052,lying,Charlotte,small
1785662868.394162,2975843,0.1406,0.0015,-0.998,4.2114,0.9766,-0.061,lying,Charlotte,small
1785662868.39417,2975893,0.1436,-0.0015,-1.0073,4.4556,1.2817,-0.2441,lying,Charlotte,small
1785662868.3941753,2975943,0.1392,-0.0063,-1.0044,4.3945,1.4038,-0.1831,lying,Charlotte,small
1785662868.3941796,2975993,0.1401,-0.0024,-0.999,4.3945,1.2817,-0.1831,lying,Charlotte,small
1785662868.3941836,2976043,0.1411,0.0044,-1.0015,4.5776,1.2817,-0.1221,lying,Charlotte,small
1785662868.3941875,2976093,0.1406,0.0,-1.0054,4.6997,1.0986,0.2441,lying,Charlotte,small
1785662868.3941913,2976143,0.1396,-0.0088,-1.0068,4.5166,1.0986,-0.1221,lying,Charlotte,small
1785662868.3941953,2976193,0.1416,-0.0073,-1.0034,4.5166,1.0986,0.061,lying,Charlotte,small
1785662868.3941991,2976243,0.1392,-0.0044,-1.0029,4.2114,1.0986,-0.1221,lying,Charlotte,small
1785662868.394203,2976293,0.1401,-0.0059,-1.0024,4.3335,1.2817,-0.2441,lying,Charlotte,small
1785662869.0086203,2976784,0.1401,-0.0024,-1.001,4.5166,1.0376,-0.1221,lying,Charlotte,small
1785662869.008631,2976834,0.1406,-0.002,-1.0005,4.5166,1.2207,-0.061,lying,Charlotte,small
1785662869.0086362,2976884,0.1387,-0.0015,-1.0005,4.5166,1.2207,0.1221,lying,Charlotte,small
1785662869.008641,2976934,0.1416,-0.001,-1.001,4.3335,1.5869,-0.1831,lying,Charlotte,small
1785662869.0086453,2976984,0.1426,-0.002,-1.0005,4.5166,1.2817,0.061,lying,Charlotte,small
1785662869.0086489,2977034,0.1421,-0.0034,-1.0049,4.2725,0.9766,-0.2441,lying,Charlotte,small
1785662869.0086532,2977084,0.1421,-0.0078,-1.0049,4.3335,1.1597,-0.1221,lying,Charlotte,small
1785662869.008657,2977134,0.1411,-0.0059,-0.9985,4.5166,1.0986,0.1221,lying,Charlotte,small
1785662869.0086606,2977184,0.1416,-0.001,-0.9995,4.1504,1.2817,-0.061,lying,Charlotte,small
1785662869.0086646,2977234,0.1377,0.0,-1.0088,4.3335,0.9766,-0.3662,lying,Charlotte,small
1785662869.5836668,2977315,0.1396,-0.0068,-0.998,4.5776,1.2817,0.0,lying,Charlotte,small
1785662869.5836756,2977365,0.144,-0.0093,-1.0029,4.4556,1.2817,0.0,lying,Charlotte,small
1785662869.5836806,2977415,0.1396,-0.001,-0.9995,4.4556,1.2207,0.0,lying,Charlotte,small
1785662869.583685,2977465,0.1377,-0.0044,-0.999,4.4556,1.2817,-0.061,lying,Charlotte,small
1785662869.5836892,2977515,0.1431,-0.0049,-1.0078,4.5776,1.0986,-0.1831,lying,Charlotte,small
1785662869.5836933,2977565,0.1401,0.0,-1.0068,4.3335,1.2207,-0.1831,lying,Charlotte,small
1785662869.583697,2977615,0.1411,-0.0005,-0.999,4.4556,1.2817,-0.2441,lying,Charlotte,small
1785662869.5837007,2977665,0.1411,0.001,-1.002,4.5166,1.0986,0.061,lying,Charlotte,small
1785662869.5837045,2977715,0.1377,-0.0044,-1.0024,4.3335,1.2207,-0.2441,lying,Charlotte,small
1785662869.5837085,2977765,0.1392,-0.0049,-1.0039,4.3945,1.0986,0.0,lying,Charlotte,small
1785662870.4498847,2977893,0.1382,-0.0044,-1.0015,4.2725,1.0986,-0.2441,lying,Charlotte,small
1785662870.4498954,2977943,0.1426,0.001,-0.9985,4.2725,1.0986,-0.1221,lying,Charlotte,small
1785662870.4499013,2977993,0.1411,-0.0054,-1.0015,4.1504,1.1597,-0.1831,lying,Charlotte,small
1785662870.4499059,2978043,0.1401,-0.0059,-1.0054,4.3335,1.1597,-0.1831,lying,Charlotte,small
1785662870.44991,2978093,0.1372,-0.002,-1.0068,4.5776,1.1597,0.0,lying,Charlotte,small
1785662870.4499135,2978143,0.1396,-0.0044,-1.0034,4.3335,1.3428,-0.2441,lying,Charlotte,small
1785662870.4499183,2978193,0.1387,-0.0015,-1.0015,4.3945,1.2207,-0.1221,lying,Charlotte,small
1785662870.4499223,2978243,0.1436,-0.0029,-1.0005,4.6387,0.9766,-0.1221,lying,Charlotte,small
1785662870.4499261,2978293,0.1426,-0.0049,-0.9971,4.6387,1.0986,-0.061,lying,Charlotte,small
1785662870.44993,2978343,0.1406,-0.001,-0.9922,4.5776,1.0376,0.0,lying,Charlotte,small
1785662870.9780028,2978765,0.1406,-0.0059,-1.0039,4.3945,1.0376,-0.2441,lying,Charlotte,small
1785662870.9780123,2978815,0.1426,-0.0049,-1.0044,4.4556,1.2207,-0.1221,lying,Charlotte,small
1785662870.9780176,2978865,0.1392,-0.0044,-1.0039,4.5166,1.0986,0.0,lying,Charlotte,small
1785662870.9780216,2978915,0.1401,0.0039,-0.9995,4.3945,1.2207,-0.061,lying,Charlotte,small
1785662870.978026,2978965,0.1416,-0.0029,-1.0034,4.4556,1.0986,0.061,lying,Charlotte,small
1785662870.9780297,2979015,0.1416,-0.0049,-1.0044,4.3945,1.0376,-0.2441,lying,Charlotte,small
1785662870.978034,2979065,0.1396,-0.0103,-0.9976,4.0894,0.9766,0.0,lying,Charlotte,small
1785662870.9780376,2979115,0.145,-0.0015,-0.9971,4.4556,1.2817,0.0,lying,Charlotte,small
1785662870.9780414,2979165,0.1406,-0.0034,-0.9961,4.4556,1.3428,0.3052,lying,Charlotte,small
1785662870.9780452,2979215,0.1396,-0.0073,-1.0078,4.5166,1.0986,-0.3052,lying,Charlotte,small
1785662871.5846655,2979327,0.1377,-0.0015,-1.0049,4.4556,1.0376,0.2441,lying,Charlotte,small
1785662871.584676,2979377,0.1411,-0.0049,-1.0054,4.5166,1.1597,0.0,lying,Charlotte,small
1785662871.584681,2979427,0.1406,-0.002,-1.0029,4.3335,1.0376,0.1221,lying,Charlotte,small
1785662871.5846856,2979477,0.1406,-0.0054,-0.999,4.4556,1.2207,0.0,lying,Charlotte,small
1785662871.5846894,2979527,0.1382,-0.0015,-1.0073,4.4556,1.1597,-0.061,lying,Charlotte,small
1785662871.5846932,2979577,0.1445,-0.0054,-1.0083,4.3335,0.9766,-0.061,lying,Charlotte,small
1785662871.584697,2979627,0.1401,-0.0068,-1.0034,4.4556,1.3428,-0.1831,lying,Charlotte,small
1785662871.5847008,2979677,0.1396,-0.0029,-1.0005,4.5166,1.0376,-0.3662,lying,Charlotte,small
1785662871.5847049,2979727,0.1401,0.002,-1.0044,4.4556,1.1597,-0.1221,lying,Charlotte,small
1785662871.5847085,2979777,0.1406,-0.0049,-1.0,4.3945,1.1597,-0.1221,lying,Charlotte,small
1785662872.495927,2979895,0.1401,-0.0034,-1.0005,4.2725,1.0376,-0.3662,lying,Charlotte,small
1785662872.4959388,2979945,0.1382,-0.0005,-1.0024,4.5166,1.1597,-0.2441,lying,Charlotte,small
1785662872.4959445,2979995,0.1396,-0.001,-1.0039,4.1504,1.0986,-0.2441,lying,Charlotte,small
1785662872.4959488,2980045,0.1416,-0.0039,-1.0034,4.5166,1.2207,-0.1221,lying,Charlotte,small
1785662872.4959526,2980095,0.1401,-0.0034,-1.0005,4.2725,1.0376,-0.1831,lying,Charlotte,small
1785662872.4959564,2980145,0.1411,-0.0005,-0.9995,4.3945,1.3428,-0.3052,lying,Charlotte,small
1785662872.4959605,2980195,0.1411,-0.002,-1.0015,4.3945,1.0376,0.0,lying,Charlotte,small
1785662872.4959645,2980245,0.1392,0.0029,-1.0024,4.1504,1.1597,-0.3662,lying,Charlotte,small
1785662872.4959683,2980295,0.1392,-0.0029,-1.0005,4.2725,1.2817,0.1221,lying,Charlotte,small
1785662872.495972,2980345,0.1411,-0.0063,-0.9995,4.2725,1.5869,-0.1221,lying,Charlotte,small
1785662949.3775167,3019009,0.1387,-0.0049,-1.0015,4.6997,1.1597,0.0,lying,Charlotte,small
1785662949.3775332,3019059,0.1411,-0.0034,-1.0024,4.3945,1.4648,-0.1831,lying,Charlotte,small
1785662949.3775384,3019109,0.1353,-0.0039,-1.0044,4.2114,1.1597,-0.1831,lying,Charlotte,small
1785662949.377543,3019159,0.1426,-0.001,-0.9995,4.3335,1.0376,-0.061,lying,Charlotte,small
1785662949.377547,3019209,0.1392,-0.0034,-1.002,4.4556,1.1597,-0.1831,lying,Charlotte,small
1785662949.3775508,3019259,0.1445,0.0005,-0.9912,4.3945,0.9155,0.0,lying,Charlotte,small
1785662949.3775551,3019309,0.1431,-0.0029,-1.002,4.3335,1.2817,-0.1831,lying,Charlotte,small
1785662949.377559,3019359,0.1377,-0.002,-0.998,4.3945,0.8545,-0.061,lying,Charlotte,small
1785662949.3775628,3019409,0.1406,-0.0044,-0.999,4.4556,1.0376,0.061,lying,Charlotte,small
1785662949.377567,3019459,0.1382,-0.002,-1.0,4.2114,1.0986,-0.1831,lying,Charlotte,small
1785662949.6373563,3057428,0.1411,-0.0024,-1.0054,4.5166,0.9766,-0.1831,lying,Charlotte,small
1785662949.6373668,3057478,0.145,0.001,-1.001,4.3335,1.3428,-0.3662,lying,Charlotte,small
1785662949.6373725,3057528,0.1416,-0.0049,-0.9995,4.2114,1.2817,0.1831,lying,Charlotte,small
1785662949.637377,3057578,0.1411,-0.0049,-0.9976,4.4556,1.1597,-0.1221,lying,Charlotte,small
1785662949.6373808,3057628,0.1431,-0.0024,-1.0039,4.3335,1.2207,-0.061,lying,Charlotte,small
1785662949.6373847,3057678,0.1431,-0.0063,-1.0,4.2725,1.0986,-0.061,lying,Charlotte,small
1785662949.6373885,3057728,0.1406,-0.0054,-0.998,4.5166,1.1597,0.1221,lying,Charlotte,small
1785662949.6373923,3057778,0.1411,-0.0044,-1.0015,4.3335,1.0986,-0.2441,lying,Charlotte,small
1785662949.6373963,3057828,0.1387,-0.002,-0.999,4.5166,1.1597,-0.061,lying,Charlotte,small
1785662949.6374,3057878,0.1396,-0.0015,-0.9976,4.5166,1.2817,0.061,lying,Charlotte,small
1785662951.319408,3057939,0.1387,-0.0034,-0.9966,4.2114,1.2207,0.061,lying,Charlotte,small
1785662951.3194196,3057989,0.1411,0.001,-1.0034,4.4556,1.2207,0.061,lying,Charlotte,small
1785662951.3194253,3058039,0.1436,-0.0044,-1.0068,4.4556,1.2207,-0.1221,lying,Charlotte,small
1785662951.3194299,3058089,0.1411,-0.0059,-0.999,4.4556,1.2207,0.1831,lying,Charlotte,small
1785662951.3194337,3058139,0.1445,-0.002,-0.999,4.5166,1.0986,0.0,lying,Charlotte,small
1785662951.3194377,3058189,0.1392,-0.0034,-1.0044,4.2114,1.2207,-0.1221,lying,Charlotte,small
1785662951.319442,3058239,0.1392,-0.0039,-0.9966,4.2725,1.0376,-0.1221,lying,Charlotte,small
1785662951.3194456,3058289,0.1387,-0.0024,-1.0059,4.3945,1.0376,0.061,lying,Charlotte,small
1785662951.3194492,3058339,0.1377,-0.0029,-1.0,4.3945,0.9766,-0.1831,lying,Charlotte,small
1785662951.3194528,3058389,0.1401,-0.0034,-1.0039,4.4556,1.0376,0.0,lying,Charlotte,small
1785662951.8500621,3059624,0.1396,-0.0059,-1.0034,4.3945,1.2207,0.1831,lying,Charlotte,small
1785662951.8500724,3059674,0.1431,-0.0054,-1.0044,4.4556,1.4648,0.061,lying,Charlotte,small
1785662951.8500774,3059724,0.1401,-0.0005,-1.002,4.3945,1.1597,0.0,lying,Charlotte,small
1785662951.8500822,3059774,0.1416,-0.0015,-0.999,4.6387,1.2817,-0.061,lying,Charlotte,small
1785662951.8500865,3059824,0.1401,-0.0005,-0.9917,4.6387,1.0376,-0.3052,lying,Charlotte,small
1785662951.8500907,3059874,0.1411,-0.0015,-1.0063,4.5166,1.2817,-0.061,lying,Charlotte,small
1785662951.850095,3059924,0.1411,-0.0054,-1.0015,4.2114,1.1597,-0.1221,lying,Charlotte,small
1785662951.8500986,3059974,0.1401,0.0015,-1.0024,4.2725,1.0376,-0.3662,lying,Charlotte,small
1785662951.8501024,3060024,0.1392,-0.0039,-1.0044,4.5776,0.9155,0.061,lying,Charlotte,small
1785662951.8501065,3060074,0.1416,-0.0054,-1.0049,4.4556,0.8545,-0.061,lying,Charlotte,small
1785662952.8342316,3060542,0.1416,0.002,-1.0,4.2725,1.0986,-0.1221,lying,Charlotte,small
1785662952.8342416,3060592,0.1426,-0.002,-1.0,4.5166,1.2817,-0.3052,lying,Charlotte,small
1785662952.8342464,3060642,0.1406,-0.0107,-0.9995,4.2725,1.2207,0.061,lying,Charlotte,small
1785662952.834251,3060692,0.1392,-0.0083,-1.0088,4.5776,1.2817,-0.1831,lying,Charlotte,small
1785662952.8342547,3060742,0.1357,-0.001,-0.9956,4.2114,1.1597,-0.061,lying,Charlotte,small
1785662952.8342588,3060792,0.1416,-0.0005,-0.9971,4.2114,1.1597,-0.1221,lying,Charlotte,small
1785662952.8342633,3060842,0.1328,0.0044,-0.9863,4.5166,1.2207,-0.2441,lying,Charlotte,small
1785662952.8342671,3060892,0.145,-0.0034,-0.9985,4.2114,1.1597,-0.4272,lying,Charlotte,small
1785662952.834271,3060942,0.1455,-0.0068,-1.0093,4.2725,1.2817,-0.061,lying,Charlotte,small
1785662952.8342748,3060992,0.1445,-0.0078,-1.0044,4.6387,1.2817,0.1831,lying,Charlotte,small
1785662953.6300397,3061378,0.1367,0.0063,-0.9976,4.5166,0.9155,-0.1221,lying,Charlotte,small
1785662953.6300497,3061428,0.1328,0.0059,-1.0,4.3945,0.9155,-0.1221,lying,Charlotte,small
1785662953.6300554,3061478,0.145,-0.0166,-1.0044,4.3335,1.4648,-0.061,lying,Charlotte,small
1785662953.6300604,3061528,0.1348,0.0142,-0.9893,4.7607,1.0376,-0.1831,lying,Charlotte,small
1785662953.6300647,3061578,0.1372,-0.0049,-1.0098,4.2114,1.2207,-0.1221,lying,Charlotte,small
1785662953.6300685,3061628,0.1436,-0.0117,-1.0083,4.5166,1.2207,-0.1221,lying,Charlotte,small
1785662953.630072,3061678,0.1479,-0.0156,-1.0049,4.5166,1.4648,0.0,lying,Charlotte,small
1785662953.6300757,3061728,0.144,-0.0112,-1.0063,4.3945,1.4038,-0.1221,lying,Charlotte,small
1785662953.6300793,3061778,0.1479,-0.0142,-1.0034,4.4556,1.4038,-0.061,lying,Charlotte,small
1785662953.6300828,3061828,0.1367,0.0059,-0.9966,4.2114,0.9766,-0.061,lying,Charlotte,small
1785662954.2020128,3061961,0.1396,-0.0073,-1.0015,4.4556,1.2817,0.061,lying,Charlotte,small
1785662954.2020216,3062011,0.1396,0.0005,-1.0015,4.3945,1.2817,-0.1831,lying,Charlotte,small
1785662954.202027,3062061,0.1382,-0.0049,-1.0034,4.2114,1.3428,0.2441,lying,Charlotte,small
1785662954.2020319,3062111,0.1421,-0.0005,-1.0005,4.6387,1.2817,-0.4272,lying,Charlotte,small
1785662954.202036,3062161,0.1372,-0.0068,-1.0005,4.3335,1.0986,0.1221,lying,Charlotte,small
1785662954.2020397,3062211,0.1445,0.0024,-0.9995,4.3945,1.0986,0.0,lying,Charlotte,small
1785662954.2020435,3062261,0.1401,-0.0059,-0.9976,4.3945,1.1597,-0.061,lying,Charlotte,small
1785662954.2020478,3062311,0.1416,-0.0024,-1.0,4.5776,1.4648,-0.061,lying,Charlotte,small
1785662954.2020514,3062361,0.1396,-0.0039,-1.0015,4.3945,1.0376,-0.061,lying,Charlotte,small
1785662954.2020552,3062411,0.1401,-0.0039,-1.001,4.2114,1.2817,-0.1221,lying,Charlotte,small
1785662955.930337,3062529,0.1392,-0.0005,-0.999,4.6997,0.9766,0.061,lying,Charlotte,small
1785662955.9303493,3062579,0.1416,-0.0063,-0.9922,4.6387,1.0986,0.0,lying,Charlotte,small
1785662955.9303546,3062629,0.1431,0.0,-1.001,4.3945,1.1597,0.0,lying,Charlotte,small
1785662955.9303591,3062679,0.1426,0.001,-0.999,4.3945,1.0376,0.0,lying,Charlotte,small
1785662955.930363,3062729,0.1396,-0.0015,-1.0005,4.2114,1.3428,-0.061,lying,Charlotte,small
1785662955.930367,3062779,0.1416,-0.0049,-1.0,4.3945,1.0376,0.1221,lying,Charlotte,small
1785662955.9303708,3062829,0.1406,-0.001,-1.0034,4.5166,1.3428,-0.1221,lying,Charlotte,small
1785662955.9303749,3062879,0.1406,-0.0024,-1.0024,4.4556,0.9155,-0.4883,lying,Charlotte,small
1785662955.9303787,3062929,0.1392,-0.0034,-0.9941,4.3945,1.4038,-0.1221,lying,Charlotte,small
1785662955.9303825,3062979,0.1396,0.0005,-1.0024,4.3945,1.2207,0.0,lying,Charlotte,small
1785662956.7083373,3064231,0.1421,-0.001,-1.0029,4.1504,1.0986,0.061,lying,Charlotte,small
1785662956.708351,3064281,0.1392,-0.0083,-1.0039,4.3945,1.1597,-0.2441,lying,Charlotte,small
1785662956.7083564,3064331,0.1382,-0.0024,-1.0005,4.5166,1.3428,-0.1221,lying,Charlotte,small
1785662956.7083611,3064381,0.145,-0.002,-1.001,4.6997,1.4038,-0.3662,lying,Charlotte,small
1785662956.708365,3064431,0.1367,-0.001,-0.9966,4.2725,1.0986,0.3052,lying,Charlotte,small
1785662956.7083693,3064481,0.1362,0.0024,-0.999,4.4556,1.3428,0.061,lying,Charlotte,small
1785662956.7083733,3064531,0.145,-0.0034,-1.001,4.2725,1.2817,0.0,lying,Charlotte,small
1785662956.7083771,3064581,0.1362,0.0024,-0.999,4.5166,1.0986,0.0,lying,Charlotte,small
1785662956.7083807,3064631,0.1406,-0.0054,-0.9966,4.5776,1.4038,-0.1221,lying,Charlotte,small
1785662956.7083845,3064681,0.1406,-0.0029,-0.9956,4.3335,1.0376,0.1221,lying,Charlotte,small
1785662957.39509,3065018,0.1416,-0.0049,-1.0063,4.2114,1.1597,-0.3052,lying,Charlotte,small
1785662957.3951035,3065068,0.1392,0.002,-0.9961,4.4556,1.0376,0.1221,lying,Charlotte,small
1785662957.3951075,3065118,0.146,-0.0117,-1.0034,4.3335,0.8545,-0.061,lying,Charlotte,small
1785662957.3951113,3065168,0.1392,-0.0127,-1.0049,4.2114,0.9766,-0.061,lying,Charlotte,small
1785662957.3951144,3065218,0.1348,0.0034,-1.002,4.3945,1.2207,-0.1221,lying,Charlotte,small
1785662957.3951178,3065268,0.1445,-0.0156,-1.0073,4.4556,1.1597,-0.3052,lying,Charlotte,small
1785662957.3951209,3065318,0.1421,-0.0078,-0.9956,4.5776,1.3428,-0.061,lying,Charlotte,small
1785662957.395124,3065368,0.1489,-0.0088,-1.0005,4.5166,1.0376,-0.061,lying,Charlotte,small
1785662957.3951268,3065418,0.1377,0.0049,-0.9951,4.3335,1.0376,-0.1221,lying,Charlotte,small
1785662957.3951302,3065468,0.1372,-0.0068,-1.0039,4.4556,1.0986,-0.3052,lying,Charlotte,small
1785662962.6198518,3067854,0.1382,-0.0024,-1.0034,4.4556,1.1597,0.1831,lying,Charlotte,small
1785662962.6198616,3067904,0.1382,-0.0005,-1.002,4.3335,0.9155,-0.061,lying,Charlotte,small
1785662962.6198668,3067954,0.1372,0.0,-0.9863,4.2114,0.9155,0.1221,lying,Charlotte,small
1785662962.6198711,3068004,0.1445,-0.0059,-1.0029,4.2114,1.5259,-0.061,lying,Charlotte,small
1785662962.6198754,3068054,0.1392,-0.0049,-0.998,4.3335,1.2817,0.0,lying,Charlotte,small
1785662962.619879,3068104,0.1392,-0.001,-1.002,4.6997,1.0376,-0.3052,lying,Charlotte,small
1785662962.6198835,3068154,0.1392,-0.0005,-0.9971,4.1504,1.5259,-0.1221,lying,Charlotte,small
1785662962.6198876,3068204,0.1426,-0.0054,-1.0063,4.1504,1.1597,-0.1831,lying,Charlotte,small
1785662962.6198912,3068254,0.1406,-0.0005,-1.001,4.3945,1.1597,-0.5493,lying,Charlotte,small
1785662962.619895,3068304,0.1401,-0.0049,-1.0059,4.4556,1.1597,-0.061,lying,Charlotte,small
1785662965.8687844,3073347,0.1499,-0.019,-1.0068,4.4556,1.3428,0.061,lying,Charlotte,small
1785662965.868798,3073397,0.1499,-0.0103,-1.0044,4.6387,1.5869,-0.061,lying,Charlotte,small
1785662965.868803,3073447,0.1343,0.0142,-1.0029,4.3335,1.0376,-0.1831,lying,Charlotte,small
1785662965.8688078,3073497,0.1426,-0.0112,-1.0034,4.1504,1.2817,0.061,lying,Charlotte,small
1785662965.8688118,3073547,0.1455,-0.0112,-1.002,4.5166,1.2817,-0.1831,lying,Charlotte,small
1785662965.8688157,3073597,0.1426,-0.0107,-1.0024,4.2725,1.4038,0.1831,lying,Charlotte,small
1785662965.86882,3073647,0.1353,-0.0015,-0.999,4.5776,1.0986,0.0,lying,Charlotte,small
1785662965.8688242,3073697,0.1377,-0.0029,-0.998,4.5776,1.4038,-0.1831,lying,Charlotte,small
1785662965.8688285,3073747,0.1431,-0.0044,-1.0015,4.3945,1.0376,0.1831,lying,Charlotte,small
1785662965.8688323,3073797,0.1362,-0.001,-0.998,4.5776,1.0986,-0.061,lying,Charlotte,small
1785662966.385109,3074173,0.1416,-0.0083,-1.001,4.2725,1.3428,-0.1221,lying,Charlotte,small
1785662966.3851182,3074223,0.1411,-0.0073,-1.0024,4.6387,1.3428,0.0,lying,Charlotte,small
1785662966.3851247,3074273,0.1426,-0.0039,-0.9917,4.5166,1.2817,0.061,lying,Charlotte,small
1785662966.38513,3074323,0.1392,-0.0029,-1.0044,4.5166,1.2207,-0.1831,lying,Charlotte,small
1785662966.3851337,3074373,0.144,-0.0059,-1.001,4.4556,1.2817,-0.1221,lying,Charlotte,small
1785662966.3851376,3074423,0.1431,-0.0039,-1.0054,4.2725,1.1597,-0.061,lying,Charlotte,small
1785662966.385142,3074473,0.1416,-0.0049,-1.0049,4.7607,1.1597,0.0,lying,Charlotte,small
1785662966.385146,3074523,0.1411,-0.0054,-1.0049,4.3945,1.0986,-0.1831,lying,Charlotte,small
1785662966.3851495,3074573,0.1396,-0.001,-0.9956,4.5166,1.0986,-0.2441,lying,Charlotte,small
1785662966.3851535,3074623,0.1436,-0.0029,-1.0029,4.1504,1.1597,0.4272,lying,Charlotte,small
1785662968.1309335,3074686,0.1421,-0.0034,-1.0024,4.0894,1.1597,-0.061,lying,Charlotte,small
1785662968.1309457,3074736,0.1416,-0.0029,-1.001,4.3945,1.0986,-0.2441,lying,Charlotte,small
1785662968.1309512,3074786,0.1416,-0.0015,-1.0078,4.4556,1.2207,-0.1221,lying,Charlotte,small
1785662968.1309557,3074836,0.1406,-0.0005,-1.002,4.3335,1.1597,-0.061,lying,Charlotte,small
1785662968.1309602,3074886,0.1372,-0.0049,-1.0015,4.3945,0.9155,0.061,lying,Charlotte,small
1785662968.1309643,3074936,0.1392,-0.0029,-1.0024,4.2114,1.2817,0.0,lying,Charlotte,small
1785662968.130968,3074986,0.1416,0.0,-0.9985,4.2114,1.0376,-0.061,lying,Charlotte,small
1785662968.130972,3075036,0.1426,-0.0044,-1.0,4.4556,1.0986,-0.1831,lying,Charlotte,small
1785662968.1309755,3075086,0.1475,-0.0024,-1.0,4.3335,1.2817,-0.1831,lying,Charlotte,small
1785662968.1309793,3075136,0.1426,-0.0024,-1.0034,4.4556,1.0986,-0.1221,lying,Charlotte,small
1785662968.8514578,3076439,0.1426,-0.0083,-1.0059,4.3335,1.0376,-0.2441,lying,Charlotte,small
1785662968.8514695,3076489,0.1479,-0.0161,-0.9985,4.6387,1.4038,-0.1831,lying,Charlotte,small
1785662968.8514748,3076539,0.1431,-0.0029,-1.0059,4.4556,1.4648,0.061,lying,Charlotte,small
1785662968.8514793,3076589,0.1348,0.0024,-0.9941,4.3945,1.0986,-0.1221,lying,Charlotte,small
1785662968.8514833,3076639,0.1436,0.0024,-1.0015,4.2725,1.0986,-0.061,lying,Charlotte,small
1785662968.851487,3076689,0.1396,-0.001,-1.0059,4.3335,1.4648,-0.061,lying,Charlotte,small
1785662968.8514912,3076739,0.1382,0.0049,-1.0029,4.3335,0.9155,0.061,lying,Charlotte,small
1785662968.8514953,3076789,0.1406,-0.001,-1.0,4.5776,1.2207,0.1831,lying,Charlotte,small
1785662968.851499,3076839,0.1411,-0.0073,-0.9985,4.1504,1.2207,-0.061,lying,Charlotte,small
1785662968.851503,3076889,0.145,-0.0059,-0.9956,4.1504,1.2207,-0.061,lying,Charlotte,small
1785662972.607109,3077555,0.1396,-0.0098,-1.0029,4.2114,1.4038,-0.061,lying,Charlotte,small
1785662972.607119,3077605,0.1421,-0.0068,-1.0,4.3945,1.2207,-0.3662,lying,Charlotte,small
1785662972.6071243,3077655,0.1377,-0.0015,-1.002,4.6997,1.1597,-0.1221,lying,Charlotte,small
1785662972.6071296,3077705,0.1406,0.0044,-1.0015,4.2725,1.0376,-0.061,lying,Charlotte,small
1785662972.6071336,3077755,0.1436,-0.0078,-1.0005,4.2725,1.2207,0.061,lying,Charlotte,small
1785662972.6071374,3077805,0.1421,-0.0103,-1.0059,4.5776,1.2817,0.061,lying,Charlotte,small
1785662972.6071415,3077855,0.1421,-0.0034,-1.0078,4.5776,1.1597,-0.1831,lying,Charlotte,small
1785662972.6071453,3077905,0.1406,-0.0024,-1.0029,4.3945,1.2207,0.061,lying,Charlotte,small
1785662972.6071486,3077955,0.1416,-0.0024,-1.0049,4.5776,1.2817,-0.2441,lying,Charlotte,small
1785662972.6071522,3078005,0.1387,0.0,-0.9961,4.2725,1.2817,-0.1831,lying,Charlotte,small
1785662976.227011,3080915,0.1421,-0.001,-0.9951,4.4556,1.0376,-0.1831,lying,Charlotte,small
1785662976.227023,3080965,0.1367,-0.001,-0.9966,4.3945,1.3428,-0.1221,lying,Charlotte,small
1785662976.2270277,3081015,0.1411,0.0,-0.9966,4.5776,1.0986,0.0,lying,Charlotte,small
1785662976.2270324,3081065,0.1416,-0.002,-0.9995,4.5166,1.2817,-0.4272,lying,Charlotte,small
1785662976.2270367,3081115,0.1416,-0.0093,-1.002,4.3945,1.2817,-0.1221,lying,Charlotte,small
1785662976.2270405,3081165,0.1411,-0.0034,-0.9995,4.3945,0.9766,-0.061,lying,Charlotte,small
1785662976.2270443,3081215,0.1392,-0.002,-1.0024,4.2114,1.0376,0.061,lying,Charlotte,small
1785662976.2270484,3081265,0.1416,-0.0039,-1.0039,4.3945,1.2207,0.0,lying,Charlotte,small
1785662976.227052,3081315,0.1396,-0.0068,-1.0078,4.5166,1.0986,-0.3052,lying,Charlotte,small
1785662976.2270558,3081365,0.1377,0.0015,-1.0034,4.4556,1.2817,0.061,lying,Charlotte,small
1785662978.814067,3084535,0.1377,0.0005,-0.9995,4.5776,0.8545,0.0,lying,Charlotte,small
1785662978.8140888,3084585,0.1377,-0.0073,-0.999,4.3335,1.4038,-0.1831,lying,Charlotte,small
1785662978.8140976,3084635,0.1445,-0.001,-1.002,4.5166,1.0986,0.0,lying,Charlotte,small
1785662978.814105,3084685,0.1392,-0.0039,-1.0039,4.5776,1.2207,-0.061,lying,Charlotte,small
1785662978.814112,3084735,0.1396,-0.002,-1.001,4.1504,1.1597,-0.1831,lying,Charlotte,small
1785662978.8141186,3084785,0.1382,-0.0049,-1.0015,4.4556,1.2817,0.0,lying,Charlotte,small
1785662978.8141258,3084835,0.1436,-0.0034,-1.001,4.5166,1.1597,-0.2441,lying,Charlotte,small
1785662978.8141327,3084885,0.1396,-0.0015,-0.9995,4.4556,0.9766,-0.1831,lying,Charlotte,small
1785662978.8141394,3084935,0.1436,-0.0073,-0.9941,4.4556,1.1597,0.0,lying,Charlotte,small
1785662978.8141463,3084985,0.1406,-0.0015,-1.0054,4.5166,1.1597,-0.061,lying,Charlotte,small
1785662981.9415617,3087822,0.1455,-0.002,-0.9937,4.3335,1.2207,0.0,lying,Charlotte,small
1785662981.941572,3087872,0.1421,-0.002,-0.9976,4.4556,1.0376,-0.061,lying,Charlotte,small
1785662981.9415767,3087922,0.1426,0.0024,-1.0034,4.4556,1.0376,-0.1831,lying,Charlotte,small
1785662981.9415812,3087972,0.144,-0.0059,-1.0029,4.3335,1.0376,-0.1831,lying,Charlotte,small
1785662981.9415853,3088022,0.1421,-0.0063,-1.0083,4.5166,1.0986,-0.2441,lying,Charlotte,small
1785662981.9415894,3088072,0.1372,-0.0039,-1.0044,4.2725,1.2817,-0.061,lying,Charlotte,small
1785662981.9415936,3088122,0.1445,-0.0054,-1.0034,4.3945,1.0986,-0.1221,lying,Charlotte,small
1785662981.9415975,3088172,0.1387,-0.002,-0.9946,4.5776,0.9155,-0.061,lying,Charlotte,small
1785662981.941601,3088222,0.1392,0.001,-1.001,4.2725,1.2207,-0.061,lying,Charlotte,small
1785662981.941605,3088272,0.1396,0.0005,-0.9941,4.5166,1.0986,-0.061,lying,Charlotte,small
1785662985.177319,3090250,0.1406,-0.0093,-1.0049,4.5776,1.2817,-0.1221,lying,Charlotte,small
1785662985.1773336,3090300,0.1382,-0.002,-1.0049,4.2114,1.1597,0.1221,lying,Charlotte,small
1785662985.1773386,3090350,0.1382,-0.0029,-1.001,4.3335,1.2817,0.1221,lying,Charlotte,small
1785662985.1773427,3090400,0.1421,-0.0015,-1.0063,4.3945,1.2207,-0.061,lying,Charlotte,small
1785662985.1773472,3090450,0.1362,0.0015,-0.9912,4.3335,0.9155,-0.061,lying,Charlotte,small
1785662985.177351,3090500,0.1357,-0.001,-0.9927,4.3945,1.0986,0.1831,lying,Charlotte,small
1785662985.1773553,3090550,0.1421,0.0,-1.0015,4.3945,1.0986,-0.1221,lying,Charlotte,small
1785662985.1773596,3090600,0.1406,-0.0049,-0.9946,4.5776,1.1597,-0.1831,lying,Charlotte,small
1785662985.1773632,3090650,0.1426,-0.0024,-0.9976,4.3945,1.2817,-0.1831,lying,Charlotte,small
1785662985.177367,3090700,0.1421,-0.0034,-1.0,4.2725,1.0376,-0.1221,lying,Charlotte,small
1785662987.2028341,3094863,0.1401,-0.0005,-1.0024,4.4556,1.2207,-0.1221,lying,Charlotte,small
1785662987.2028444,3094913,0.1426,-0.0068,-1.0024,4.3945,1.2817,-0.061,lying,Charlotte,small
1785662987.2028494,3094963,0.1406,-0.002,-1.0039,4.2725,1.2207,-0.061,lying,Charlotte,small
1785662987.202854,3095013,0.1362,0.0034,-0.9971,4.5166,0.9155,-0.1221,lying,Charlotte,small
1785662987.202858,3095063,0.1401,-0.0049,-1.0005,4.5166,1.0986,0.061,lying,Charlotte,small
1785662987.202862,3095113,0.1411,-0.0024,-1.002,4.7607,1.0986,-0.2441,lying,Charlotte,small
1785662987.2028673,3095163,0.1401,-0.0029,-1.0039,4.3945,1.2207,-0.1831,lying,Charlotte,small
1785662987.202871,3095213,0.1392,-0.0015,-0.9976,4.3335,1.3428,0.1221,lying,Charlotte,small
1785662987.202875,3095263,0.1411,-0.0049,-1.0073,4.2725,1.0986,0.0,lying,Charlotte,small
1785662987.2028787,3095313,0.1392,-0.0029,-1.0088,4.5776,1.2207,-0.1831,lying,Charlotte,small
1785662992.701351,3095551,0.1387,-0.002,-0.9995,4.5166,1.2207,-0.061,lying,Charlotte,small
1785662992.7013628,3095601,0.1367,-0.0044,-1.0015,4.5776,1.0986,-0.3052,lying,Charlotte,small
1785662992.7013686,3095651,0.1416,-0.002,-1.0049,4.3335,0.9155,-0.1221,lying,Charlotte,small
1785662992.701373,3095701,0.1367,-0.0024,-1.0044,4.5776,1.0986,-0.1221,lying,Charlotte,small
1785662992.701377,3095751,0.1392,-0.0029,-1.0,4.4556,1.1597,-0.1831,lying,Charlotte,small
1785662992.7013805,3095801,0.1406,-0.0024,-1.0049,4.5166,1.2207,0.2441,lying,Charlotte,small
1785662992.701385,3095851,0.1416,0.0029,-1.002,4.5166,1.0376,-0.3052,lying,Charlotte,small
1785662992.7013888,3095901,0.1372,-0.0078,-1.0024,4.5166,1.3428,0.1831,lying,Charlotte,small
1785662992.7013924,3095951,0.1357,-0.0024,-0.9951,4.3335,1.1597,-0.2441,lying,Charlotte,small
1785662992.7013962,3096001,0.1421,-0.0029,-0.9956,4.3335,1.0376,-0.1221,lying,Charlotte,small
1785663049.456637,3102711,0.1426,-0.0029,-1.0015,4.4556,1.2207,-0.3662,lying,Charlotte,small
1785663049.4566493,3102761,0.1416,0.0005,-1.002,4.3945,1.1597,-0.2441,lying,Charlotte,small
1785663049.4566543,3102811,0.1382,-0.0015,-1.0024,4.6387,1.2207,-0.061,lying,Charlotte,small
1785663049.4566593,3102861,0.1382,-0.002,-0.9985,4.3945,1.0986,-0.061,lying,Charlotte,small
1785663049.4566631,3102911,0.1421,-0.0029,-0.9985,4.2725,1.0376,0.1831,lying,Charlotte,small
1785663049.4566667,3102961,0.1431,-0.0039,-1.0,4.3335,1.2207,-0.2441,lying,Charlotte,small
1785663049.456671,3103011,0.1392,-0.0044,-1.0034,4.5166,1.0986,-0.3052,lying,Charlotte,small
1785663049.456675,3103061,0.1431,-0.0034,-1.0029,4.5776,1.2817,-0.1221,lying,Charlotte,small
1785663049.4566789,3103111,0.1406,-0.0049,-1.0034,4.3945,0.9766,-0.2441,lying,Charlotte,small
1785663049.456683,3103161,0.1392,-0.0049,-1.0005,4.3335,1.0986,-0.1831,lying,Charlotte,small
1785663053.5118985,3157289,0.1387,-0.001,-1.0049,4.3945,0.9766,-0.4272,lying,Charlotte,small
1785663053.5119116,3157339,0.1396,-0.0005,-1.0,4.5776,1.2207,-0.1831,lying,Charlotte,small
1785663053.511917,3157389,0.1426,-0.001,-1.002,4.3945,1.0986,-0.061,lying,Charlotte,small
1785663053.5119214,3157439,0.1396,-0.0034,-1.0073,4.5166,1.2207,-0.3662,lying,Charlotte,small
1785663053.5119257,3157489,0.1392,-0.002,-1.002,4.3335,1.1597,0.4272,lying,Charlotte,small
1785663053.5119293,3157539,0.1367,-0.0039,-0.9985,4.3335,1.3428,-0.3662,lying,Charlotte,small
1785663053.5119333,3157589,0.1436,-0.0044,-1.0034,4.4556,1.1597,-0.1221,lying,Charlotte,small
1785663053.5119371,3157639,0.1416,-0.0059,-1.0063,4.3945,1.2817,0.0,lying,Charlotte,small
1785663053.5119412,3157689,0.1396,-0.0024,-1.0034,4.2725,1.0986,-0.2441,lying,Charlotte,small
1785663053.511945,3157739,0.144,-0.0073,-0.9985,4.5776,1.3428,-0.061,lying,Charlotte,small
1785663054.0290492,3161815,0.1411,-0.0054,-1.0024,4.2725,0.9155,-0.1831,lying,Charlotte,small
1785663054.029059,3161865,0.144,-0.0107,-1.001,4.6997,1.0376,-0.3662,lying,Charlotte,small
1785663054.0290637,3161915,0.1401,-0.0029,-0.9956,4.3335,1.0986,-0.2441,lying,Charlotte,small
1785663054.0290687,3161965,0.1372,-0.0015,-0.9995,4.5776,1.0376,-0.061,lying,Charlotte,small
1785663054.029073,3162015,0.1406,-0.0039,-0.9976,4.3335,1.0986,-0.1221,lying,Charlotte,small
1785663054.029077,3162065,0.146,-0.0039,-1.0029,4.5776,1.2817,-0.1221,lying,Charlotte,small
1785663054.0290806,3162115,0.1382,-0.0005,-0.9941,4.5166,1.1597,-0.1831,lying,Charlotte,small
1785663054.0290847,3162165,0.1421,-0.0039,-0.9971,4.3945,1.0376,0.061,lying,Charlotte,small
1785663054.0290883,3162215,0.1421,-0.0034,-1.0049,4.3945,1.0986,0.0,lying,Charlotte,small
1785663054.0290918,3162265,0.1426,-0.0039,-0.9966,4.4556,1.1597,-0.1831,lying,Charlotte,small
1785663054.6415832,3162327,0.1411,-0.0015,-1.0029,4.4556,1.2207,0.1831,lying,Charlotte,small
1785663054.641593,3162377,0.1377,-0.0034,-1.0034,4.5166,1.3428,0.0,lying,Charlotte,small
1785663054.6415985,3162427,0.1362,-0.0049,-0.9985,4.3945,1.2207,-0.2441,lying,Charlotte,small
1785663054.6416032,3162477,0.1436,-0.0063,-1.0054,4.3945,1.2817,-0.061,lying,Charlotte,small
1785663054.6416075,3162527,0.1372,0.002,-0.9976,4.5166,1.0376,-0.2441,lying,Charlotte,small
1785663054.6416113,3162577,0.1416,-0.0029,-1.0024,4.5166,1.1597,0.0,lying,Charlotte,small
1785663054.641615,3162627,0.1387,-0.002,-1.0005,4.2725,0.9766,-0.1831,lying,Charlotte,small
1785663054.6416187,3162677,0.1411,-0.0034,-1.0049,4.6387,1.0986,-0.2441,lying,Charlotte,small
1785663054.6416223,3162727,0.1406,-0.0049,-0.9946,4.2114,1.4038,0.0,lying,Charlotte,small
1785663054.6416256,3162777,0.1387,-0.001,-1.0024,4.3945,1.1597,0.061,lying,Charlotte,small
1785663055.1523252,3162939,0.1377,-0.0044,-1.0024,4.4556,1.3428,-0.2441,lying,Charlotte,small
1785663055.152333,3162989,0.1372,-0.0049,-1.0,4.4556,1.1597,0.061,lying,Charlotte,small
1785663055.152337,3163039,0.1406,-0.0024,-0.9971,4.3945,1.1597,-0.5493,lying,Charlotte,small
1785663055.1523407,3163089,0.1406,-0.001,-0.9985,4.2114,1.2817,0.1221,lying,Charlotte,small
1785663055.152344,3163139,0.144,0.0005,-1.0029,4.5166,1.2817,-0.061,lying,Charlotte,small
1785663055.1523473,3163189,0.1392,-0.0073,-1.0015,4.3945,1.1597,-0.1221,lying,Charlotte,small
1785663055.1523507,3163239,0.144,-0.001,-1.0,4.2114,1.3428,-0.061,lying,Charlotte,small
1785663055.1523538,3163289,0.1392,-0.0005,-1.0078,4.2114,1.0986,-0.2441,lying,Charlotte,small
1785663055.1523566,3163339,0.1367,-0.001,-1.001,4.4556,1.2207,-0.1221,lying,Charlotte,small
1785663055.1523597,3163389,0.1396,0.0005,-1.001,4.3945,1.0986,-0.1221,lying,Charlotte,small
1785663055.6732283,3163452,0.1421,-0.0015,-0.9995,4.3945,1.0376,0.0,lying,Charlotte,small
1785663055.6732368,3163502,0.1367,-0.0044,-1.0015,4.2725,1.0376,0.1831,lying,Charlotte,small
1785663055.673241,3163552,0.1411,-0.0044,-0.9995,4.3335,1.2817,-0.3662,lying,Charlotte,small
1785663055.6732445,3163602,0.1406,-0.0015,-1.0005,4.3335,1.1597,0.0,lying,Charlotte,small
1785663055.6732476,3163652,0.1406,-0.0088,-1.0049,4.6387,1.1597,-0.061,lying,Charlotte,small
1785663055.6732502,3163702,0.1382,-0.0015,-1.0054,4.2114,1.0986,-0.3052,lying,Charlotte,small
1785663055.6732533,3163752,0.1431,-0.0029,-1.0039,4.5166,1.1597,-0.1221,lying,Charlotte,small
1785663055.6732562,3163802,0.1431,-0.0015,-1.001,4.2114,1.3428,-0.2441,lying,Charlotte,small
1785663055.6732593,3163852,0.1372,-0.0049,-0.998,4.4556,1.0376,0.061,lying,Charlotte,small
1785663055.6732621,3163902,0.1396,-0.0015,-0.999,4.3945,1.1597,0.1831,lying,Charlotte,small
1785663056.2118814,3163993,0.1387,-0.0034,-1.001,4.2725,1.0986,0.0,lying,Charlotte,small
1785663056.211891,3164043,0.1411,-0.0024,-1.001,4.2114,1.2207,-0.1831,lying,Charlotte,small
1785663056.2118964,3164093,0.1411,0.0015,-1.0039,4.5166,0.9766,-0.1831,lying,Charlotte,small
1785663056.2119017,3164143,0.1406,-0.0015,-0.999,4.4556,1.0986,0.1221,lying,Charlotte,small
1785663056.2119062,3164193,0.1411,0.0,-1.0054,4.0894,0.8545,0.061,lying,Charlotte,small
1785663056.2119098,3164243,0.1416,0.0015,-1.0039,4.3945,1.0376,-0.1831,lying,Charlotte,small
1785663056.211914,3164293,0.1396,-0.001,-1.0015,4.3945,1.0376,0.1831,lying,Charlotte,small
1785663056.2119179,3164343,0.1392,-0.0024,-1.002,4.4556,1.2207,0.0,lying,Charlotte,small
1785663056.2119215,3164393,0.1377,-0.0039,-1.002,4.6997,0.9766,-0.061,lying,Charlotte,small
1785663056.211925,3164443,0.1382,-0.0054,-1.0029,4.3335,1.2817,-0.3662,lying,Charlotte,small
1785663056.7327514,3164515,0.1416,-0.001,-0.9995,4.5166,1.3428,-0.2441,lying,Charlotte,small
1785663056.7327611,3164565,0.1387,-0.0015,-1.001,4.2725,1.1597,-0.3662,lying,Charlotte,small
1785663056.7327662,3164615,0.1382,0.0005,-1.0029,4.3335,1.2817,0.061,lying,Charlotte,small
1785663056.732771,3164665,0.1372,-0.0039,-0.9961,4.2725,1.0986,0.0,lying,Charlotte,small
1785663056.732775,3164715,0.1411,-0.0039,-0.998,4.5776,1.1597,-0.1831,lying,Charlotte,small
1785663056.7327788,3164765,0.1396,-0.0044,-0.9995,4.6387,1.2207,-0.4272,lying,Charlotte,small
1785663056.732783,3164815,0.1387,-0.001,-1.002,4.5776,1.4648,0.061,lying,Charlotte,small
1785663056.7327867,3164865,0.1401,0.001,-0.998,4.3945,1.1597,-0.2441,lying,Charlotte,small
1785663056.7327902,3164915,0.1416,0.0,-1.0029,4.4556,1.0986,-0.2441,lying,Charlotte,small
1785663056.732794,3164965,0.1377,-0.0059,-1.002,4.5776,1.3428,0.0,lying,Charlotte,small
1785663057.4046335,3165029,0.1387,-0.0068,-1.001,4.3945,0.9155,-0.1221,lying,Charlotte,small
1785663057.404647,3165079,0.1401,-0.0024,-0.9956,4.4556,1.2207,-0.1221,lying,Charlotte,small
1785663057.4046526,3165129,0.1406,-0.0034,-1.0039,4.2725,1.1597,-0.3662,lying,Charlotte,small
1785663057.4046571,3165179,0.1396,-0.0044,-0.9966,4.5166,1.1597,-0.1221,lying,Charlotte,small
1785663057.404661,3165229,0.1416,-0.002,-0.9976,4.5776,1.0986,-0.3052,lying,Charlotte,small
1785663057.4046648,3165279,0.1426,-0.0015,-1.0015,4.3945,1.0376,0.0,lying,Charlotte,small
1785663057.4046693,3165329,0.1406,-0.0054,-1.0,4.1504,1.2817,-0.2441,lying,Charlotte,small
1785663057.4046736,3165379,0.1411,-0.001,-1.0049,4.5166,1.2817,-0.061,lying,Charlotte,small
1785663057.4046774,3165429,0.1421,0.0,-0.9995,4.4556,1.0376,-0.1831,lying,Charlotte,small
1785663057.4046812,3165479,0.1396,-0.0044,-1.0034,4.2725,1.1597,-0.061,lying,Charlotte,small
1785663057.9175324,3165704,0.1367,0.0015,-1.0029,4.2114,1.1597,0.0,lying,Charlotte,small
1785663057.917543,3165754,0.1396,-0.0024,-1.0107,4.6387,1.2817,0.0,lying,Charlotte,small
1785663057.9175477,3165804,0.1401,-0.0044,-1.0049,4.4556,1.4038,-0.2441,lying,Charlotte,small
1785663057.9175525,3165854,0.1406,0.0005,-0.9956,4.3945,1.0376,0.1221,lying,Charlotte,small
1785663057.9175568,3165904,0.1392,0.001,-1.0024,4.3335,0.9766,-0.4883,lying,Charlotte,small
1785663057.9175606,3165954,0.1382,-0.0029,-1.0073,4.4556,1.0986,-0.1221,lying,Charlotte,small
1785663057.9175644,3166004,0.1406,-0.0112,-1.0015,4.4556,1.3428,0.0,lying,Charlotte,small
1785663057.9175682,3166054,0.1401,-0.0005,-0.9971,4.3945,1.4038,-0.1221,lying,Charlotte,small
1785663057.917572,3166104,0.1401,-0.0034,-1.0049,4.1504,1.4038,-0.061,lying,Charlotte,small
1785663057.9175756,3166154,0.1401,-0.0112,-1.0063,4.4556,1.1597,-0.2441,lying,Charlotte,small
1785663058.436599,3166216,0.1445,-0.0049,-0.998,4.2114,1.3428,0.0,lying,Charlotte,small
1785663058.436609,3166266,0.1372,0.0024,-0.9907,4.5166,1.2207,0.1831,lying,Charlotte,small
1785663058.436614,3166316,0.1421,-0.0059,-0.9966,4.4556,0.9155,-0.2441,lying,Charlotte,small
1785663058.4366186,3166366,0.1382,0.0005,-1.0015,4.4556,0.9766,-0.3052,lying,Charlotte,small
1785663058.436623,3166416,0.1406,-0.0034,-1.0034,4.5776,1.3428,-0.1221,lying,Charlotte,small
1785663058.436627,3166466,0.1396,-0.0039,-1.0059,4.2725,1.0986,0.061,lying,Charlotte,small
1785663058.4366307,3166516,0.1406,-0.0005,-1.0005,4.3335,1.2817,-0.1221,lying,Charlotte,small
1785663058.4366348,3166566,0.1387,0.0029,-0.999,4.5166,1.1597,-0.3052,lying,Charlotte,small
1785663058.4366384,3166616,0.1421,-0.0044,-1.002,4.4556,1.3428,0.061,lying,Charlotte,small
1785663058.436642,3166666,0.1362,-0.0054,-0.9946,4.5166,1.3428,-0.1221,lying,Charlotte,small
1785663058.957971,3166737,0.1367,0.002,-0.999,4.4556,1.0376,-0.4272,lying,Charlotte,small
1785663058.9579809,3166787,0.1411,0.0,-1.0034,4.2725,1.0986,-0.1831,lying,Charlotte,small
1785663058.9579864,3166837,0.1353,-0.002,-0.9985,4.4556,0.9766,-0.3662,lying,Charlotte,small
1785663058.957991,3166887,0.1416,-0.0005,-0.9995,4.2725,1.1597,0.061,lying,Charlotte,small
1785663058.9579954,3166937,0.1396,-0.0093,-1.001,4.3335,0.8545,0.1221,lying,Charlotte,small
1785663058.9579995,3166987,0.1401,-0.0059,-0.9985,4.6387,1.0986,0.0,lying,Charlotte,small
1785663058.9580033,3167037,0.1416,-0.0054,-1.002,4.5166,1.0986,0.2441,lying,Charlotte,small
1785663058.9580069,3167087,0.1382,-0.0024,-1.001,4.3945,0.9155,0.2441,lying,Charlotte,small
1785663058.9580104,3167137,0.1362,0.002,-1.0039,4.5166,1.2817,-0.2441,lying,Charlotte,small
1785663058.958014,3167187,0.1426,-0.001,-1.0049,4.2725,1.4648,-0.2441,lying,Charlotte,small
1785663060.167966,3167259,0.144,-0.0005,-1.0098,4.3335,1.2207,-0.061,lying,Charlotte,small
1785663060.1679811,3167309,0.1367,-0.0044,-1.0,4.3945,1.0376,-0.061,lying,Charlotte,small
1785663060.1679862,3167359,0.1426,-0.001,-1.0029,4.3945,1.0986,0.061,lying,Charlotte,small
1785663060.1679907,3167409,0.1406,-0.0034,-0.9951,4.4556,1.1597,-0.1831,lying,Charlotte,small
1785663060.1679952,3167459,0.1396,0.0,-1.002,4.5776,1.0986,-0.1831,lying,Charlotte,small
1785663060.1679993,3167509,0.1416,-0.0015,-0.998,4.3335,1.4038,0.1831,lying,Charlotte,small
1785663060.1680033,3167559,0.1396,-0.0068,-1.0054,4.6387,1.2207,-0.061,lying,Charlotte,small
1785663060.1680074,3167609,0.1401,-0.0049,-1.0015,4.5166,1.2817,-0.061,lying,Charlotte,small
1785663060.168011,3167659,0.1392,0.0024,-1.0029,4.3945,1.0986,-0.061,lying,Charlotte,small
1785663060.1680148,3167709,0.1411,-0.0054,-1.0039,4.2725,1.2207,-0.061,lying,Charlotte,small
1785663060.6898208,3168471,0.144,-0.0029,-0.9985,4.5166,1.0986,-0.1221,lying,Charlotte,small
1785663060.6898305,3168521,0.1411,-0.002,-1.0015,4.6387,1.1597,-0.1221,lying,Charlotte,small
1785663060.6898358,3168571,0.1377,-0.002,-1.0024,4.3335,1.0986,-0.061,lying,Charlotte,small
1785663060.6898408,3168621,0.1387,-0.0024,-1.0024,4.3335,1.0376,-0.061,lying,Charlotte,small
1785663060.6898448,3168671,0.1382,-0.002,-0.998,4.5166,1.1597,-0.1831,lying,Charlotte,small
1785663060.6898484,3168721,0.1377,-0.0039,-0.9995,4.3945,1.0376,-0.1831,lying,Charlotte,small
1785663060.689852,3168771,0.1421,-0.0059,-1.0024,4.5166,1.2817,0.0,lying,Charlotte,small
1785663060.6898558,3168821,0.1396,-0.001,-1.0044,4.4556,1.1597,0.0,lying,Charlotte,small
1785663060.6898596,3168871,0.1416,-0.0078,-1.0024,4.5166,1.2817,-0.2441,lying,Charlotte,small
1785663060.6898637,3168921,0.1372,-0.0005,-1.0039,4.3335,1.1597,0.0,lying,Charlotte,small
1785663064.0515256,3168992,0.1367,-0.0034,-1.0,4.5166,1.2207,0.1221,lying,Charlotte,small
1785663064.051539,3169042,0.1401,-0.0015,-0.9995,4.3335,1.2207,-0.1221,lying,Charlotte,small
1785663064.0515447,3169092,0.1411,0.0,-1.0088,4.5166,0.9766,-0.2441,lying,Charlotte,small
1785663064.0515492,3169142,0.1357,0.0039,-0.998,4.4556,1.4038,-0.1831,lying,Charlotte,small
1785663064.0515532,3169192,0.1382,-0.0034,-1.002,4.5776,1.4648,-0.1221,lying,Charlotte,small
1785663064.051557,3169242,0.1406,-0.002,-1.0044,4.4556,1.0986,0.1221,lying,Charlotte,small
1785663064.051561,3169292,0.1401,-0.0039,-1.002,4.4556,1.2817,-0.061,lying,Charlotte,small
1785663064.0515652,3169342,0.1401,-0.0015,-0.998,4.5166,1.1597,-0.1221,lying,Charlotte,small
1785663064.051569,3169392,0.1406,-0.0005,-1.001,4.0894,1.0376,-0.2441,lying,Charlotte,small
1785663064.0515728,3169442,0.1431,-0.0054,-1.0,4.5166,1.3428,-0.3052,lying,Charlotte,small
1785663064.5741901,3172354,0.1387,-0.0024,-1.0005,4.3945,1.2207,-0.1221,lying,Charlotte,small
1785663064.5742004,3172404,0.1382,0.0049,-0.9932,4.5776,1.0986,-0.1221,lying,Charlotte,small
1785663064.5742052,3172454,0.1382,-0.001,-1.0024,4.4556,0.9766,-0.1831,lying,Charlotte,small
1785663064.5742102,3172504,0.1377,-0.0049,-0.9995,4.4556,1.1597,0.061,lying,Charlotte,small
1785663064.5742142,3172554,0.1387,-0.0054,-1.0,4.4556,1.4648,0.0,lying,Charlotte,small
1785663064.574218,3172604,0.144,0.0,-0.9951,4.5166,1.2817,0.1831,lying,Charlotte,small
1785663064.574222,3172654,0.1392,0.0,-1.0049,4.3945,1.1597,0.061,lying,Charlotte,small
1785663064.5742257,3172704,0.1416,-0.002,-1.0024,4.4556,1.1597,-0.3052,lying,Charlotte,small
1785663064.5742292,3172754,0.1411,-0.0049,-1.0005,4.3335,1.2817,0.0,lying,Charlotte,small
1785663064.574233,3172804,0.1421,-0.0068,-1.0,4.2114,1.0986,-0.1221,lying,Charlotte,small
1785663067.5511653,3172875,0.1377,0.0,-0.9922,4.4556,1.0376,-0.3052,lying,Charlotte,small
1785663067.551178,3172925,0.1357,-0.0063,-1.0005,4.3945,1.2207,0.1831,lying,Charlotte,small
1785663067.551183,3172975,0.1357,0.0,-0.998,4.5776,1.0986,0.061,lying,Charlotte,small
1785663067.5511878,3173025,0.1392,0.002,-1.002,4.4556,1.1597,-0.3052,lying,Charlotte,small
1785663067.5511916,3173075,0.1436,-0.0039,-1.0122,4.3945,1.0986,-0.061,lying,Charlotte,small
1785663067.5511954,3173125,0.1372,-0.0044,-0.999,4.3945,1.2207,-0.1221,lying,Charlotte,small
1785663067.5511992,3173175,0.1377,-0.0015,-1.002,4.4556,1.0986,-0.061,lying,Charlotte,small
1785663067.5512035,3173225,0.1411,-0.0034,-1.0024,4.4556,1.1597,-0.1221,lying,Charlotte,small
1785663067.5512078,3173275,0.1426,-0.0063,-1.0068,4.5776,1.4038,-0.2441,lying,Charlotte,small
1785663067.5512114,3173325,0.1406,-0.0029,-0.9976,4.5776,1.1597,-0.4272,lying,Charlotte,small
1785663068.6729705,3175847,0.1411,0.0044,-1.0034,4.5166,1.1597,-0.061,lying,Charlotte,small
1785663068.6729846,3175897,0.1411,-0.0068,-1.001,4.2725,1.0986,0.0,lying,Charlotte,small
1785663068.6729896,3175947,0.1411,-0.0068,-0.9995,4.4556,1.2817,-0.2441,lying,Charlotte,small
1785663068.6729944,3175997,0.1431,-0.0034,-0.9971,4.4556,1.1597,-0.1221,lying,Charlotte,small
1785663068.6729982,3176047,0.1387,-0.002,-1.002,4.3945,0.9766,-0.3052,lying,Charlotte,small
1785663068.673002,3176097,0.1392,-0.0044,-0.998,4.0894,0.9155,-0.1221,lying,Charlotte,small
1785663068.6730063,3176147,0.1406,-0.0039,-1.0024,4.3945,1.1597,-0.061,lying,Charlotte,small
1785663068.67301,3176197,0.1396,-0.0034,-0.9995,4.3335,1.1597,0.061,lying,Charlotte,small
1785663068.673014,3176247,0.1387,-0.002,-1.0015,4.5166,1.0376,0.1831,lying,Charlotte,small
1785663068.6730175,3176297,0.1411,-0.0029,-1.002,4.5166,1.1597,0.061,lying,Charlotte,small
1785663069.3921735,3176969,0.1387,-0.0059,-1.0029,4.4556,1.1597,0.1831,lying,Charlotte,small
1785663069.3921804,3177019,0.1445,0.0005,-1.0,4.6387,1.2207,-0.061,lying,Charlotte,small
1785663069.3921845,3177069,0.1406,-0.0049,-1.002,4.2725,1.2207,-0.061,lying,Charlotte,small
1785663069.392188,3177119,0.1392,-0.0054,-1.0034,4.5166,1.2817,0.0,lying,Charlotte,small
1785663069.3921971,3177169,0.1396,0.0005,-0.998,4.7607,1.2817,-0.061,lying,Charlotte,small
1785663069.3922002,3177219,0.1421,-0.0054,-1.002,4.4556,1.3428,-0.061,lying,Charlotte,small
1785663069.3922036,3177269,0.1416,-0.002,-1.0039,4.5776,1.0376,-0.1221,lying,Charlotte,small
1785663069.3922067,3177319,0.1406,-0.0059,-1.0005,4.3335,1.2817,-0.1831,lying,Charlotte,small
1785663069.3922098,3177369,0.1416,-0.0044,-0.9995,4.2725,1.4648,0.0,lying,Charlotte,small
1785663069.3922124,3177419,0.1406,-0.0015,-0.9976,4.4556,1.2207,0.0,lying,Charlotte,small
1785663071.741224,3178711,0.1396,-0.0063,-1.0024,4.5166,0.8545,-0.3052,lying,Charlotte,small
1785663071.741236,3178761,0.1406,-0.0029,-1.0,4.5776,1.1597,0.0,lying,Charlotte,small
1785663071.741241,3178811,0.1401,-0.0015,-1.0029,4.4556,1.0986,-0.061,lying,Charlotte,small
1785663071.741246,3178861,0.1392,-0.0015,-1.0063,4.3335,1.4038,0.2441,lying,Charlotte,small
1785663071.7412498,3178911,0.1411,-0.0073,-0.999,4.5166,1.4038,-0.061,lying,Charlotte,small
1785663071.7412539,3178961,0.1372,-0.0029,-0.998,4.5776,1.2817,-0.3052,lying,Charlotte,small
1785663071.7412577,3179011,0.1392,-0.0029,-1.0039,4.3335,1.3428,-0.061,lying,Charlotte,small
1785663071.7412612,3179061,0.1343,-0.0034,-1.0029,4.3945,1.2817,-0.1831,lying,Charlotte,small
1785663071.741265,3179111,0.1382,-0.0039,-1.0015,4.5166,1.2207,-0.061,lying,Charlotte,small
1785663071.7412689,3179161,0.1416,0.001,-1.0059,4.5776,1.2817,-0.1831,lying,Charlotte,small
1785663072.25768,3180043,0.1392,-0.001,-1.002,4.4556,1.1597,-0.061,lying,Charlotte,small
1785663072.2576892,3180093,0.1382,-0.0024,-1.0059,4.3945,1.0986,-0.2441,lying,Charlotte,small
1785663072.2576952,3180143,0.1387,-0.0024,-1.0039,4.5776,1.0986,-0.061,lying,Charlotte,small
1785663072.2576995,3180193,0.1401,-0.0068,-0.9971,4.3335,1.2207,-0.2441,lying,Charlotte,small
1785663072.257704,3180243,0.1387,-0.0005,-0.9966,4.3335,1.1597,-0.1221,lying,Charlotte,small
1785663072.2577078,3180293,0.1411,-0.0034,-1.0088,4.2725,1.0376,-0.1221,lying,Charlotte,small
1785663072.257712,3180343,0.1392,-0.0005,-1.0005,4.2114,1.2207,0.0,lying,Charlotte,small
1785663072.2577157,3180393,0.1372,-0.0044,-0.9971,4.3335,1.1597,-0.2441,lying,Charlotte,small
1785663072.2577198,3180443,0.1416,-0.002,-0.9966,4.3945,1.3428,-0.061,lying,Charlotte,small
1785663072.2577236,3180493,0.1431,-0.0015,-0.9995,4.4556,1.0376,-0.061,lying,Charlotte,small
1785663072.8510468,3180554,0.1382,-0.0049,-0.999,4.3335,1.1597,0.1221,lying,Charlotte,small
1785663072.851057,3180604,0.1382,-0.0039,-1.0049,4.3335,1.0986,-0.1221,lying,Charlotte,small
1785663072.8510625,3180654,0.1411,-0.0005,-0.9966,4.5776,1.1597,0.061,lying,Charlotte,small
1785663072.8510683,3180704,0.1401,-0.0049,-1.0,4.4556,1.4038,-0.1221,lying,Charlotte,small
1785663072.8510723,3180754,0.1436,-0.0015,-1.0024,4.3945,0.9766,0.061,lying,Charlotte,small
1785663072.8510764,3180804,0.1382,-0.002,-1.0005,4.2114,0.9766,-0.1221,lying,Charlotte,small
1785663072.8510807,3180854,0.1396,-0.0044,-0.999,4.3945,1.4038,0.0,lying,Charlotte,small
1785663072.8510842,3180904,0.1436,-0.0015,-1.0015,4.4556,1.1597,0.2441,lying,Charlotte,small
1785663072.851088,3180954,0.1396,-0.0044,-0.9946,4.2114,1.0376,0.061,lying,Charlotte,small
1785663072.8510919,3181004,0.1396,-0.0015,-0.9946,4.3335,1.0986,0.0,lying,Charlotte,small
1785663073.3946564,3181145,0.1431,-0.0044,-1.0005,4.5166,1.3428,-0.3052,lying,Charlotte,small
1785663073.394664,3181195,0.1411,-0.0068,-0.999,4.3945,1.0986,-0.061,lying,Charlotte,small
1785663073.3946679,3181245,0.144,-0.0054,-0.998,4.3945,1.0986,-0.2441,lying,Charlotte,small
1785663073.3946714,3181295,0.1396,-0.0015,-1.0034,4.5166,1.0986,-0.1831,lying,Charlotte,small
1785663073.394675,3181345,0.1401,-0.0054,-1.001,4.3945,1.1597,-0.061,lying,Charlotte,small
1785663073.394678,3181395,0.1392,-0.0034,-1.0,4.5166,1.1597,-0.1221,lying,Charlotte,small
1785663073.394681,3181445,0.1401,-0.0005,-1.001,4.2114,1.0376,-0.2441,lying,Charlotte,small
1785663073.3946843,3181495,0.1387,-0.0034,-1.0049,4.5166,1.2207,0.061,lying,Charlotte,small
1785663073.3946874,3181545,0.1406,-0.0059,-0.998,4.3335,1.2817,0.1221,lying,Charlotte,small
1785663073.3946905,3181595,0.1411,-0.0034,-0.9976,4.7607,1.4038,0.1221,lying,Charlotte,small
1785663073.9179633,3181697,0.1416,-0.0054,-1.0054,4.5166,1.4648,-0.061,lying,Charlotte,small
1785663073.9179733,3181747,0.1421,0.0005,-1.001,4.3335,1.0986,0.0,lying,Charlotte,small
1785663073.9179788,3181797,0.1367,-0.002,-0.9932,4.5166,1.2207,0.2441,lying,Charlotte,small
1785663073.9179835,3181847,0.1426,-0.0005,-1.0005,4.6387,1.0986,-0.1221,lying,Charlotte,small
1785663073.9179878,3181897,0.1401,-0.0024,-1.0039,4.4556,1.0376,-0.061,lying,Charlotte,small
1785663073.9179916,3181947,0.1406,0.001,-1.0005,4.3945,1.2207,0.0,lying,Charlotte,small
1785663073.9179957,3181997,0.1357,0.0029,-1.0049,4.3335,0.9766,-0.1221,lying,Charlotte,small
1785663073.918,3182047,0.1416,-0.0015,-0.9946,4.1504,1.2817,-0.061,lying,Charlotte,small
1785663073.9180038,3182097,0.1411,-0.001,-1.002,4.6387,1.2207,0.0,lying,Charlotte,small
1785663073.9180076,3182147,0.1431,-0.0039,-1.0005,4.2114,1.1597,-0.1831,lying,Charlotte,small
1785663074.440142,3182220,0.1421,-0.0044,-1.0059,4.2725,1.0986,0.061,lying,Charlotte,small
1785663074.4401515,3182270,0.1362,-0.0073,-1.0024,4.2114,1.3428,0.0,lying,Charlotte,small
1785663074.4401567,3182320,0.1401,-0.0015,-0.999,4.3335,1.2207,-0.5493,lying,Charlotte,small
1785663074.4401617,3182370,0.1382,-0.0063,-0.9971,4.4556,1.1597,0.0,lying,Charlotte,small
1785663074.440166,3182420,0.1387,-0.0034,-0.9951,4.4556,1.2207,-0.2441,lying,Charlotte,small
1785663074.4401696,3182470,0.1392,-0.0044,-1.0054,4.5776,1.3428,0.0,lying,Charlotte,small
1785663074.4401734,3182520,0.1396,-0.0005,-0.9995,4.3335,1.1597,0.0,lying,Charlotte,small
1785663074.440177,3182570,0.1362,-0.0039,-0.9971,4.3945,1.0986,-0.061,lying,Charlotte,small
1785663074.4401805,3182620,0.1411,-0.002,-1.0054,4.5166,1.0986,0.0,lying,Charlotte,small
1785663074.440184,3182670,0.1416,-0.0039,-1.0044,4.2725,1.0986,-0.061,lying,Charlotte,small
1785663075.649894,3182743,0.1406,0.002,-1.0044,4.6387,1.0376,-0.1831,lying,Charlotte,small
1785663075.6499057,3182793,0.1392,-0.0015,-0.998,4.5166,0.9766,-0.1221,lying,Charlotte,small
1785663075.6499114,3182843,0.1436,-0.0059,-1.001,4.3945,1.3428,-0.3662,lying,Charlotte,small
1785663075.6499157,3182893,0.1431,-0.0059,-1.0059,4.4556,1.2817,-0.1831,lying,Charlotte,small
1785663075.6499197,3182943,0.1401,-0.0024,-1.002,4.3945,1.2817,0.2441,lying,Charlotte,small
1785663075.6499233,3182993,0.1411,-0.0005,-1.002,4.3945,1.3428,0.1221,lying,Charlotte,small
1785663075.6499274,3183043,0.1406,0.0,-1.0029,4.2725,1.0376,-0.4883,lying,Charlotte,small
1785663075.6499314,3183093,0.1416,-0.0034,-1.0,4.1504,1.1597,-0.1221,lying,Charlotte,small
1785663075.6499357,3183143,0.1406,-0.0049,-1.0005,4.5166,0.9766,0.0,lying,Charlotte,small
1785663075.6499393,3183193,0.1411,0.0,-1.0029,4.3335,1.0986,-0.1831,lying,Charlotte,small
1785663076.1705284,3183949,0.1396,-0.0034,-1.0015,4.3945,0.9766,0.061,lying,Charlotte,small
1785663076.1705387,3183999,0.1416,-0.0049,-1.0015,4.3945,1.0376,0.061,lying,Charlotte,small
1785663076.1705437,3184049,0.1377,-0.0005,-1.0039,4.3335,1.0986,0.061,lying,Charlotte,small
1785663076.170548,3184099,0.1406,0.0015,-1.0,4.4556,1.1597,-0.2441,lying,Charlotte,small
1785663076.170552,3184149,0.1431,-0.0059,-1.0029,4.1504,1.0986,-0.4272,lying,Charlotte,small
1785663076.1705558,3184199,0.1387,0.001,-0.9976,4.5166,1.0376,0.0,lying,Charlotte,small
1785663076.17056,3184249,0.1401,-0.002,-1.0054,4.5166,1.0986,-0.061,lying,Charlotte,small
1785663076.1705642,3184299,0.1396,-0.0034,-1.0039,4.4556,1.1597,-0.1221,lying,Charlotte,small
1785663076.1705678,3184349,0.1392,-0.001,-0.9966,4.4556,1.1597,0.061,lying,Charlotte,small
1785663076.1705716,3184399,0.1416,-0.001,-1.0015,4.5166,1.2207,-0.1831,lying,Charlotte,small
1785663076.6927512,3184471,0.1421,-0.0029,-0.9966,4.6387,1.2207,-0.2441,lying,Charlotte,small
1785663076.6927612,3184521,0.1396,-0.0024,-1.0034,4.3335,1.3428,0.1831,lying,Charlotte,small
1785663076.692766,3184571,0.1431,-0.0063,-1.0044,4.3945,1.2207,-0.061,lying,Charlotte,small
1785663076.6927705,3184621,0.145,-0.0034,-0.9966,4.1504,0.9766,-0.1831,lying,Charlotte,small
1785663076.6927748,3184671,0.1372,-0.0029,-1.001,4.5166,1.0986,0.061,lying,Charlotte,small
1785663076.6927786,3184721,0.1411,-0.001,-0.9995,4.3335,0.9766,0.0,lying,Charlotte,small
1785663076.6927829,3184771,0.1406,-0.0054,-0.999,4.5166,1.0376,0.1221,lying,Charlotte,small
1785663076.692787,3184821,0.1396,-0.0024,-1.0,4.6387,0.9766,-0.2441,lying,Charlotte,small
1785663076.6927907,3184871,0.1343,0.0,-0.9946,4.6387,1.0986,0.1221,lying,Charlotte,small
1785663076.6927946,3184921,0.1401,-0.001,-1.0,4.3945,1.3428,-0.3662,lying,Charlotte,small
1785663077.3865087,3184993,0.1436,0.0015,-1.0034,4.4556,1.0986,-0.2441,lying,Charlotte,small
1785663077.3865163,3185043,0.1396,0.0034,-1.0034,4.6387,1.2207,-0.2441,lying,Charlotte,small
1785663077.3865204,3185093,0.1406,-0.0024,-1.0015,4.6387,1.1597,-0.061,lying,Charlotte,small
1785663077.3865237,3185143,0.1426,-0.0024,-0.9995,4.2725,1.0986,0.1831,lying,Charlotte,small
1785663077.386527,3185193,0.1406,0.0005,-1.0005,4.3335,0.9155,0.1831,lying,Charlotte,small
1785663077.3865304,3185243,0.1416,0.0015,-0.9995,4.3335,1.2817,0.4272,lying,Charlotte,small
1785663077.3865333,3185293,0.1401,-0.0005,-0.999,4.4556,1.2817,0.061,lying,Charlotte,small
1785663077.3865364,3185343,0.1396,0.0005,-1.0103,4.3335,1.0376,-0.1831,lying,Charlotte,small
1785663077.386546,3185393,0.1411,0.0044,-0.998,4.3945,1.1597,0.1221,lying,Charlotte,small
1785663077.386549,3185443,0.1426,-0.0005,-1.0,4.4556,1.1597,-0.3662,lying,Charlotte,small
1785663078.1990724,3185984,0.1431,0.001,-1.0015,4.4556,1.2817,-0.2441,lying,Charlotte,small
1785663078.1990826,3186034,0.1406,-0.0068,-1.0068,4.4556,1.2817,-0.061,lying,Charlotte,small
1785663078.1990876,3186084,0.1396,0.0024,-1.0024,4.2114,1.2207,0.0,lying,Charlotte,small
1785663078.199092,3186134,0.1406,-0.002,-1.001,4.4556,0.9155,-0.3662,lying,Charlotte,small
1785663078.199096,3186184,0.1421,-0.0093,-1.0015,4.5166,1.2207,-0.061,lying,Charlotte,small
1785663078.1991,3186234,0.1411,-0.0059,-0.999,4.6997,1.2207,-0.061,lying,Charlotte,small
1785663078.1991038,3186284,0.1387,-0.0015,-1.0044,4.3945,1.4038,-0.1221,lying,Charlotte,small
1785663078.199108,3186334,0.1401,-0.0015,-1.0029,4.2725,1.1597,0.061,lying,Charlotte,small
1785663078.1991115,3186384,0.1396,-0.0063,-1.0005,4.5166,1.0376,-0.1831,lying,Charlotte,small
1785663078.1991153,3186434,0.1372,0.001,-1.001,4.5776,1.2207,-0.061,lying,Charlotte,small
1785663079.1280527,3186497,0.1411,-0.0068,-1.0015,4.3945,1.0986,0.0,lying,Charlotte,small
1785663079.1280699,3186547,0.1377,0.0024,-0.9985,4.4556,1.0986,0.1221,lying,Charlotte,small
1785663079.1280751,3186597,0.1431,0.001,-0.998,4.3945,1.0986,0.1221,lying,Charlotte,small
1785663079.1280797,3186647,0.1426,-0.0059,-0.9937,4.4556,1.2817,0.061,lying,Charlotte,small
1785663079.128084,3186697,0.1411,0.0,-1.0088,4.4556,1.3428,0.1221,lying,Charlotte,small
1785663079.1280875,3186747,0.1406,-0.0034,-1.0,4.5776,1.0986,-0.3052,lying,Charlotte,small
1785663079.1280918,3186797,0.1436,-0.0073,-1.0034,4.2725,1.1597,-0.061,lying,Charlotte,small
1785663079.1280956,3186847,0.1401,0.0015,-1.0034,4.6387,1.4038,-0.3662,lying,Charlotte,small
1785663079.1280997,3186897,0.1396,-0.0005,-0.9951,4.4556,1.2817,-0.061,lying,Charlotte,small
1785663079.1281037,3186947,0.1426,-0.001,-1.0005,4.3945,1.1597,-0.1831,lying,Charlotte,small
1785663079.6480463,3187429,0.147,-0.0039,-0.9985,4.5776,1.0376,-0.1831,lying,Charlotte,small
1785663079.648061,3187479,0.1377,-0.0024,-0.9966,4.3335,1.0376,-0.2441,lying,Charlotte,small
1785663079.6480672,3187529,0.1421,-0.0054,-0.9902,4.5166,1.1597,0.061,lying,Charlotte,small
1785663079.6480732,3187579,0.1401,0.002,-1.001,4.3335,1.0376,0.1831,lying,Charlotte,small
1785663079.6480787,3187629,0.1348,-0.002,-0.9995,4.4556,1.2817,-0.3662,lying,Charlotte,small
1785663079.6480837,3187679,0.1372,-0.0005,-1.0029,4.4556,1.0986,-0.1221,lying,Charlotte,small
1785663079.6480896,3187729,0.1401,-0.0024,-1.0063,4.3335,1.1597,-0.2441,lying,Charlotte,small
1785663079.648095,3187779,0.1401,-0.0029,-0.9985,4.2114,1.2817,-0.1221,lying,Charlotte,small
1785663079.6481001,3187829,0.1411,-0.0059,-0.9971,4.5776,1.0986,-0.4883,lying,Charlotte,small
1785663079.6481054,3187879,0.1392,0.0005,-1.0039,4.3335,1.1597,-0.2441,lying,Charlotte,small
1785663083.0534964,3187942,0.1411,-0.0034,-0.998,4.5166,1.3428,0.0,lying,Charlotte,small
1785663083.053508,3187992,0.1411,0.0005,-1.001,4.3335,1.2207,-0.1831,lying,Charlotte,small
1785663083.0535138,3188042,0.1387,0.0024,-1.0073,4.4556,1.2207,0.061,lying,Charlotte,small
1785663083.053518,3188092,0.1401,-0.002,-0.9976,4.3335,1.0986,-0.1831,lying,Charlotte,small
1785663083.0535219,3188142,0.1401,-0.0044,-0.998,4.3945,1.0986,0.1831,lying,Charlotte,small
1785663083.0535254,3188192,0.1411,-0.0024,-0.9995,4.5776,1.2817,-0.1221,lying,Charlotte,small
1785663083.0535297,3188242,0.1362,0.0029,-0.9976,4.2114,1.1597,0.0,lying,Charlotte,small
1785663083.0535336,3188292,0.1357,-0.002,-1.0,4.2114,1.0376,-0.061,lying,Charlotte,small
1785663083.0535371,3188342,0.1416,-0.0024,-1.0,4.2725,1.0986,-0.1221,lying,Charlotte,small
1785663083.0535407,3188392,0.1387,-0.0034,-1.0063,4.2725,1.0986,-0.3052,lying,Charlotte,small
1785663083.5687227,3191353,0.1353,0.0054,-0.999,4.3945,1.0986,0.061,lying,Charlotte,small
1785663083.5687327,3191403,0.1416,0.0039,-0.999,4.3945,1.0986,-0.3662,lying,Charlotte,small
1785663083.5687377,3191453,0.1431,-0.001,-1.0054,4.4556,1.0986,0.0,lying,Charlotte,small
1785663083.568742,3191503,0.1392,-0.0029,-1.0005,4.2725,1.0376,-0.1221,lying,Charlotte,small
1785663083.5687463,3191553,0.1416,-0.002,-0.9995,4.2114,1.2817,-0.2441,lying,Charlotte,small
1785663083.5687501,3191603,0.1382,-0.0024,-0.9995,4.4556,1.0376,0.1221,lying,Charlotte,small
1785663083.5687542,3191653,0.1392,-0.0078,-1.001,4.4556,1.0986,-0.1831,lying,Charlotte,small
1785663083.568758,3191703,0.1416,-0.0029,-1.0073,4.2725,1.0986,-0.061,lying,Charlotte,small
1785663083.5687616,3191753,0.1401,-0.0034,-0.9985,4.4556,1.2207,-0.2441,lying,Charlotte,small
1785663083.5687652,3191803,0.1401,-0.002,-1.0,4.4556,1.0986,0.061,lying,Charlotte,small
1785663084.3844337,3191864,0.1416,-0.0068,-0.9985,4.3335,1.0986,0.061,lying,Charlotte,small
1785663084.3844469,3191914,0.1401,-0.0029,-0.9976,4.3945,1.0376,-0.2441,lying,Charlotte,small
1785663084.3844512,3191964,0.1387,-0.002,-1.0049,4.5166,1.4038,-0.1221,lying,Charlotte,small
1785663084.384455,3192014,0.1401,-0.0049,-1.0044,4.3335,1.2817,-0.061,lying,Charlotte,small
1785663084.384458,3192064,0.1406,-0.0005,-1.0029,4.2725,0.7935,-0.1221,lying,Charlotte,small
1785663084.3844614,3192114,0.1421,-0.001,-0.9985,4.2114,0.9766,-0.3662,lying,Charlotte,small
1785663084.3844645,3192164,0.1396,-0.0039,-1.0054,4.5166,1.2207,0.1831,lying,Charlotte,small
1785663084.3844676,3192214,0.1406,-0.0024,-0.998,4.5166,1.1597,-0.1221,lying,Charlotte,small
1785663084.3844705,3192264,0.1401,-0.0049,-0.999,4.4556,1.0986,0.061,lying,Charlotte,small
1785663084.3844736,3192314,0.1431,-0.0029,-1.001,4.2114,1.0986,-0.2441,lying,Charlotte,small
1785663087.11651,3194900,0.1445,0.001,-0.9961,4.3335,1.2207,-0.4272,lying,Charlotte,small
1785663087.1165211,3194950,0.1396,-0.0024,-1.002,4.4556,1.2207,-0.3662,lying,Charlotte,small
1785663087.1165266,3195000,0.1392,-0.0054,-0.9985,4.5166,1.2817,0.2441,lying,Charlotte,small
1785663087.1165311,3195050,0.1416,-0.0015,-0.9956,4.7607,1.4038,-0.2441,lying,Charlotte,small
1785663087.1165357,3195100,0.1401,-0.002,-0.9956,4.3335,1.1597,-0.061,lying,Charlotte,small
1785663087.1165395,3195150,0.1406,-0.0054,-1.0044,4.3945,0.9766,-0.3662,lying,Charlotte,small
1785663087.1165435,3195200,0.1406,-0.002,-0.9976,4.3945,1.2817,-0.3662,lying,Charlotte,small
1785663087.1165473,3195250,0.1367,-0.0044,-1.0024,4.3945,1.1597,-0.061,lying,Charlotte,small
1785663087.116551,3195300,0.1387,-0.0093,-1.0054,4.3335,1.1597,-0.061,lying,Charlotte,small
1785663087.1165545,3195350,0.1357,-0.0005,-1.0005,4.3335,1.2207,0.1831,lying,Charlotte,small
1785663088.0249395,3195413,0.1431,0.0,-1.0029,4.3945,1.1597,-0.3052,lying,Charlotte,small
1785663088.0249517,3195463,0.1392,-0.0024,-1.002,4.3335,1.0376,-0.1221,lying,Charlotte,small
1785663088.0249572,3195513,0.1475,-0.0122,-1.0093,4.5166,1.3428,0.0,lying,Charlotte,small
1785663088.0249615,3195563,0.1396,0.0024,-1.0005,4.3945,1.1597,0.0,lying,Charlotte,small
1785663088.024965,3195613,0.1357,-0.0054,-1.0029,4.4556,1.0376,-0.1831,lying,Charlotte,small
1785663088.0249689,3195663,0.1431,-0.0049,-0.9937,4.2114,1.1597,-0.3662,lying,Charlotte,small
1785663088.0249732,3195713,0.1382,-0.0063,-1.0059,4.3945,1.2817,0.1221,lying,Charlotte,small
1785663088.024977,3195763,0.1392,-0.0044,-1.0039,4.5166,1.3428,-0.1831,lying,Charlotte,small
1785663088.0249805,3195813,0.1372,-0.0044,-0.9966,4.5776,1.1597,-0.061,lying,Charlotte,small
1785663088.0249844,3195863,0.1431,-0.0029,-1.0,4.3945,1.0986,0.061,lying,Charlotte,small
1785663088.543491,3196323,0.1421,-0.0054,-0.9985,4.3945,1.1597,-0.061,lying,Charlotte,small
1785663088.543501,3196373,0.1421,-0.0059,-1.0029,4.6387,1.0986,-0.2441,lying,Charlotte,small
1785663088.543506,3196423,0.1421,0.0005,-1.0049,4.3335,1.2817,0.061,lying,Charlotte,small
1785663088.5435104,3196473,0.144,-0.0005,-1.0024,4.6387,0.9155,-0.1831,lying,Charlotte,small
1785663088.543515,3196523,0.1396,0.0005,-0.999,4.5166,1.3428,-0.061,lying,Charlotte,small
1785663088.5435188,3196573,0.1416,-0.002,-1.0005,4.5166,1.2207,-0.1221,lying,Charlotte,small
1785663088.5435228,3196623,0.1436,-0.002,-0.999,4.5776,1.1597,0.061,lying,Charlotte,small
1785663088.5435264,3196673,0.1401,-0.0005,-1.002,4.2114,1.1597,-0.1831,lying,Charlotte,small
1785663088.5435302,3196723,0.1382,-0.0015,-1.002,4.5166,1.0376,0.061,lying,Charlotte,small
1785663088.543534,3196773,0.1426,-0.0054,-1.0,4.4556,1.1597,0.061,lying,Charlotte,small
1785663089.197089,3196844,0.1411,-0.0015,-1.0024,4.6997,1.1597,-0.061,lying,Charlotte,small
1785663089.1970992,3196894,0.1401,-0.0029,-1.0,4.5166,1.2207,-0.1831,lying,Charlotte,small
1785663089.1971047,3196944,0.1426,-0.0024,-1.001,4.0894,1.2817,-0.3052,lying,Charlotte,small
1785663089.1971095,3196994,0.1401,-0.0029,-1.002,4.6387,1.4038,0.061,lying,Charlotte,small
1785663089.1971133,3197044,0.1416,-0.0039,-1.002,4.3335,1.1597,0.2441,lying,Charlotte,small
1785663089.1971169,3197094,0.1401,-0.0059,-1.0005,4.2114,1.2817,0.0,lying,Charlotte,small
1785663089.197121,3197144,0.1411,-0.0015,-1.0005,4.5776,1.0376,-0.1221,lying,Charlotte,small
1785663089.197125,3197194,0.1421,-0.0044,-0.998,4.4556,1.1597,0.061,lying,Charlotte,small
1785663089.1971288,3197244,0.1426,-0.0015,-0.9966,4.5166,0.9766,-0.3052,lying,Charlotte,small
1785663089.1971326,3197294,0.1401,-0.0024,-0.9995,4.4556,1.4648,-0.4272,lying,Charlotte,small
1785663089.8875241,3197496,0.1382,-0.001,-0.9971,4.3335,1.2207,-0.1831,lying,Charlotte,small
1785663089.8875341,3197546,0.144,-0.0039,-1.0015,4.4556,0.9155,-0.1221,lying,Charlotte,small
1785663089.8875396,3197596,0.146,-0.001,-1.001,4.4556,1.0986,0.2441,lying,Charlotte,small
1785663089.8875446,3197646,0.145,-0.0068,-1.002,4.2114,1.1597,-0.2441,lying,Charlotte,small
1785663089.8875484,3197696,0.1401,0.0015,-1.0029,4.2725,1.0986,-0.3662,lying,Charlotte,small
1785663089.8875523,3197746,0.1353,0.0015,-0.998,4.5166,1.2817,-0.061,lying,Charlotte,small
1785663089.8875563,3197796,0.1416,-0.0049,-1.0029,4.3335,1.2817,-0.3662,lying,Charlotte,small
1785663089.8875601,3197846,0.146,-0.0068,-0.998,4.2725,1.4038,-0.1221,lying,Charlotte,small
1785663089.887564,3197896,0.1431,-0.001,-1.0005,4.4556,1.4038,-0.1221,lying,Charlotte,small
1785663089.8875678,3197946,0.1411,-0.0039,-1.0005,4.3335,1.2817,-0.1831,lying,Charlotte,small
1785663090.4587889,3198202,0.1411,-0.0005,-1.0034,4.6997,1.0376,-0.1221,lying,Charlotte,small
1785663090.458802,3198252,0.1411,-0.0015,-0.9971,4.4556,0.9766,-0.1221,lying,Charlotte,small
1785663090.4588075,3198302,0.1436,-0.0034,-1.002,4.3335,1.0376,0.1221,lying,Charlotte,small
1785663090.4588125,3198352,0.1436,0.001,-0.9995,4.6997,1.2207,0.1221,lying,Charlotte,small
1785663090.4588165,3198402,0.1372,0.0049,-0.9995,4.7607,1.1597,-0.061,lying,Charlotte,small
1785663090.45882,3198452,0.1377,-0.0015,-0.9961,4.2725,1.0986,-0.3662,lying,Charlotte,small
1785663090.4588242,3198502,0.1396,-0.0083,-1.0034,4.3335,1.1597,0.061,lying,Charlotte,small
1785663090.4588277,3198552,0.1436,-0.0015,-1.001,4.5166,1.2817,-0.1831,lying,Charlotte,small
1785663090.4588315,3198602,0.1396,-0.0024,-0.9961,4.5166,1.5259,0.0,lying,Charlotte,small
1785663090.4588354,3198652,0.1392,-0.0029,-1.001,4.3335,1.0376,-0.1831,lying,Charlotte,small
1785663091.0050519,3198788,0.1426,-0.0107,-1.0005,4.0894,1.3428,0.0,lying,Charlotte,small
1785663091.0050614,3198838,0.1411,0.002,-1.0083,4.6387,1.1597,0.061,lying,Charlotte,small
1785663091.0050666,3198888,0.1421,-0.0024,-0.9941,4.5776,1.2207,-0.2441,lying,Charlotte,small
1785663091.0050716,3198938,0.1411,-0.0029,-1.001,4.3335,1.3428,-0.061,lying,Charlotte,small
1785663091.0050755,3198988,0.1382,-0.002,-1.0029,4.1504,0.9766,-0.2441,lying,Charlotte,small
1785663091.0050793,3199038,0.1406,-0.0015,-1.002,4.3335,1.0376,0.0,lying,Charlotte,small
1785663091.0050833,3199088,0.1362,0.0,-0.9976,4.5166,1.3428,-0.3662,lying,Charlotte,small
1785663091.0050874,3199138,0.1416,-0.002,-1.0029,4.3945,1.0986,0.0,lying,Charlotte,small
1785663091.0050907,3199188,0.1377,-0.0024,-0.9995,4.2114,1.2207,-0.061,lying,Charlotte,small
1785663091.0050948,3199238,0.1406,-0.0063,-1.0049,4.3945,1.0376,-0.3052,lying,Charlotte,small
1785663092.1188636,3199300,0.1377,0.0044,-0.9971,4.6387,1.0376,-0.061,lying,Charlotte,small
1785663092.1188762,3199350,0.1431,0.0005,-1.0,4.5776,1.2817,0.1831,lying,Charlotte,small
1785663092.1188815,3199400,0.1411,-0.0015,-1.0015,4.5776,1.2207,-0.1221,lying,Charlotte,small
1785663092.1188867,3199450,0.1406,-0.0063,-1.0,4.4556,1.1597,-0.1221,lying,Charlotte,small
1785663092.1188905,3199500,0.1436,-0.0083,-1.0024,4.5166,1.1597,-0.3662,lying,Charlotte,small
1785663092.1188943,3199550,0.1426,0.0054,-1.001,4.5166,1.0986,-0.2441,lying,Charlotte,small
1785663092.1188982,3199600,0.1396,-0.0044,-0.9956,4.3945,1.0376,0.1221,lying,Charlotte,small
1785663092.118902,3199650,0.144,-0.0039,-1.0005,4.5776,1.0986,-0.1221,lying,Charlotte,small
1785663092.1189055,3199700,0.1392,0.0029,-1.0005,4.2725,1.0986,-0.2441,lying,Charlotte,small
1785663092.1189094,3199750,0.1392,0.0005,-1.0054,4.5166,1.2817,-0.2441,lying,Charlotte,small
1785663093.045423,3200412,0.1411,-0.0015,-1.0024,4.5166,1.1597,0.0,lying,Charlotte,small
1785663093.0454352,3200462,0.1411,0.0,-1.0029,4.4556,1.0376,-0.061,lying,Charlotte,small
1785663093.0454402,3200512,0.1392,-0.002,-0.9937,4.4556,1.2207,-0.2441,lying,Charlotte,small
1785663093.045445,3200562,0.1436,-0.0029,-0.9995,4.3335,1.2817,0.061,lying,Charlotte,small
1785663093.0454488,3200612,0.1382,-0.0039,-1.0068,4.3945,1.1597,-0.3052,lying,Charlotte,small
1785663093.0454526,3200662,0.1401,-0.0049,-1.0054,4.4556,1.1597,-0.1831,lying,Charlotte,small
1785663093.0454564,3200712,0.1382,0.0015,-1.0005,4.3945,1.2207,0.1221,lying,Charlotte,small
1785663093.0454602,3200762,0.1401,-0.0059,-1.0,4.5776,1.2207,0.0,lying,Charlotte,small
1785663093.0454636,3200812,0.145,-0.0063,-1.0015,4.2725,1.1597,0.1221,lying,Charlotte,small
1785663093.0454674,3200862,0.1431,0.0,-0.9966,4.4556,1.0986,-0.1221,lying,Charlotte,small
1785663096.0598533,3201344,0.1387,-0.001,-1.0015,4.5166,0.9766,-0.061,lying,Charlotte,small
1785663096.0598662,3201394,0.1401,-0.0015,-1.0,4.2114,1.2207,-0.1221,lying,Charlotte,small
1785663096.0598712,3201444,0.1426,-0.0103,-1.0063,4.4556,1.3428,-0.061,lying,Charlotte,small
1785663096.0598762,3201494,0.1406,0.0024,-1.002,4.5776,1.0986,-0.2441,lying,Charlotte,small
1785663096.05988,3201544,0.1348,-0.002,-1.002,4.2725,1.1597,-0.4272,lying,Charlotte,small
1785663096.0598836,3201594,0.145,-0.0054,-1.0039,4.6387,1.0376,-0.1221,lying,Charlotte,small
1785663096.0598876,3201644,0.1411,-0.0029,-0.9927,4.5166,1.2207,-0.1221,lying,Charlotte,small
1785663096.0598912,3201694,0.1421,-0.0044,-1.0024,4.5776,0.8545,0.1221,lying,Charlotte,small
1785663096.059895,3201744,0.1392,0.0,-1.001,4.3945,1.0986,-0.2441,lying,Charlotte,small
1785663096.059899,3201794,0.1377,-0.0015,-0.9946,4.3335,1.2207,-0.1831,lying,Charlotte,small
1785663096.5717137,3204356,0.1421,-0.0024,-1.0049,4.5166,1.1597,-0.061,lying,Charlotte,small
1785663096.5717232,3204406,0.1396,-0.0029,-1.0034,4.3335,1.0986,-0.061,lying,Charlotte,small
1785663096.5717285,3204456,0.1396,-0.0039,-1.0029,4.1504,1.2207,0.0,lying,Charlotte,small
1785663096.5717325,3204506,0.1382,-0.0024,-0.999,4.6387,1.4038,0.061,lying,Charlotte,small
1785663096.5717366,3204556,0.1396,0.0015,-1.0044,4.4556,1.1597,-0.1221,lying,Charlotte,small
1785663096.5717406,3204606,0.1396,-0.0029,-1.0,4.1504,1.0986,0.1221,lying,Charlotte,small
1785663096.571745,3204656,0.1392,0.0015,-1.0015,4.3945,1.1597,-0.061,lying,Charlotte,small
1785663096.571749,3204706,0.1392,-0.0049,-1.0,4.5166,1.2207,-0.3662,lying,Charlotte,small
1785663096.5717525,3204756,0.1436,0.0,-1.0083,4.4556,1.3428,0.1831,lying,Charlotte,small
1785663096.5717561,3204806,0.1396,-0.002,-0.9956,4.3335,0.9766,-0.2441,lying,Charlotte,small
1785663099.5566742,3204868,0.1401,-0.0054,-1.0049,4.5166,1.2207,-0.1221,lying,Charlotte,small
1785663099.5566869,3204918,0.1411,-0.0029,-0.999,4.5166,1.0986,-0.061,lying,Charlotte,small
1785663099.5566921,3204968,0.1421,-0.0034,-1.0034,4.4556,1.1597,-0.3662,lying,Charlotte,small
1785663099.5566967,3205018,0.1382,-0.0015,-1.0,4.4556,1.0986,-0.1221,lying,Charlotte,small
1785663099.5567007,3205068,0.1416,-0.001,-1.0015,4.3335,1.1597,-0.3052,lying,Charlotte,small
1785663099.556705,3205118,0.1392,-0.0049,-1.0054,4.5166,1.0376,-0.1831,lying,Charlotte,small
1785663099.5567093,3205168,0.1396,-0.0024,-1.0034,4.3945,1.1597,0.0,lying,Charlotte,small
1785663099.556713,3205218,0.1392,-0.0015,-1.0049,4.3945,1.5259,0.0,lying,Charlotte,small
1785663099.556717,3205268,0.1421,-0.0034,-0.9995,4.2725,1.2817,-0.3052,lying,Charlotte,small
1785663099.5567205,3205318,0.1406,-0.0049,-0.9951,4.3335,1.0986,-0.4272,lying,Charlotte,small
1785663102.5581489,3207850,0.1396,-0.0034,-1.0015,4.2114,1.2207,0.061,lying,Charlotte,small
1785663102.5581608,3207900,0.1377,-0.0034,-1.0024,4.6387,1.2207,0.1831,lying,Charlotte,small
1785663102.558166,3207950,0.1411,0.0005,-1.0039,4.5166,1.0986,0.1831,lying,Charlotte,small
1785663102.5581708,3208000,0.1431,-0.0034,-0.9971,4.4556,1.2817,-0.1831,lying,Charlotte,small
1785663102.5581746,3208050,0.1406,-0.002,-0.9985,4.5166,1.2817,-0.061,lying,Charlotte,small
1785663102.558179,3208100,0.1416,0.001,-0.9995,4.3945,1.2207,-0.3662,lying,Charlotte,small
1785663102.5581832,3208150,0.1401,-0.0024,-0.9956,4.6387,1.0376,-0.3662,lying,Charlotte,small
1785663102.5581872,3208200,0.1421,-0.0044,-0.9995,4.3945,1.2207,0.1221,lying,Charlotte,small
1785663102.5581908,3208250,0.1392,-0.0049,-1.0073,4.4556,0.8545,0.0,lying,Charlotte,small
1785663102.5581946,3208300,0.1392,-0.0044,-1.0034,4.3945,1.2817,-0.061,lying,Charlotte,small
1785663103.083593,3210862,0.1426,-0.001,-1.0029,4.2725,1.1597,-0.1221,lying,Charlotte,small
1785663103.0836027,3210912,0.1431,-0.002,-0.9966,4.4556,1.0376,-0.1831,lying,Charlotte,small
1785663103.0836084,3210962,0.1416,-0.0039,-1.0103,4.4556,1.0986,-0.1221,lying,Charlotte,small
1785663103.0836132,3211012,0.1421,-0.0049,-0.999,4.4556,1.2817,0.0,lying,Charlotte,small
1785663103.0836172,3211062,0.1396,-0.0024,-1.0024,4.4556,1.0376,-0.2441,lying,Charlotte,small
1785663103.0836213,3211112,0.1382,0.0015,-1.0,4.5166,0.9766,0.0,lying,Charlotte,small
1785663103.0836253,3211162,0.1421,-0.0054,-1.0015,4.3335,1.1597,-0.1831,lying,Charlotte,small
1785663103.0836296,3211212,0.1436,-0.0059,-1.0024,4.6387,1.2817,0.0,lying,Charlotte,small
1785663103.0836332,3211262,0.1396,0.0015,-0.999,4.3335,0.9766,-0.1221,lying,Charlotte,small
1785663103.083637,3211312,0.1392,0.001,-1.0049,4.1504,1.2817,-0.1831,lying,Charlotte,small
1785663103.6480973,3211384,0.1406,0.0034,-1.0059,4.5166,1.2817,-0.1831,lying,Charlotte,small
1785663103.6481104,3211434,0.1406,-0.0034,-1.0005,4.6387,1.1597,0.0,lying,Charlotte,small
1785663103.6481166,3211484,0.1377,0.0015,-0.9976,4.5776,1.0986,-0.1221,lying,Charlotte,small
1785663103.6481216,3211534,0.1396,-0.0029,-1.002,4.6997,1.2817,0.1831,lying,Charlotte,small
1785663103.6481256,3211584,0.1382,-0.0029,-1.0034,4.2114,1.1597,0.0,lying,Charlotte,small
1785663103.6481292,3211634,0.1401,-0.0039,-1.002,4.4556,1.0376,0.061,lying,Charlotte,small
1785663103.648133,3211684,0.144,-0.0054,-1.0049,4.3335,1.0376,-0.061,lying,Charlotte,small
1785663103.6481369,3211734,0.1436,0.0,-1.0015,4.3945,1.1597,-0.1221,lying,Charlotte,small
1785663103.6481404,3211784,0.1411,0.0,-1.0024,4.2725,1.0376,-0.1831,lying,Charlotte,small
1785663103.6481438,3211834,0.1411,-0.0039,-0.9971,4.5166,1.1597,-0.3662,lying,Charlotte,small
1785663105.636705,3211945,0.1392,-0.0059,-1.001,4.4556,1.2207,-0.1831,lying,Charlotte,small
1785663105.636717,3211995,0.1372,0.0,-0.999,4.2725,1.1597,0.3052,lying,Charlotte,small
1785663105.6367228,3212045,0.1445,-0.002,-0.9971,4.4556,0.9766,0.0,lying,Charlotte,small
1785663105.6367273,3212095,0.145,-0.0068,-1.0024,4.4556,1.4038,-0.061,lying,Charlotte,small
1785663105.6367314,3212145,0.1411,-0.0039,-0.9995,4.6387,1.2817,-0.1221,lying,Charlotte,small
1785663105.6367352,3212195,0.1401,-0.0054,-1.0,4.4556,1.0376,-0.1221,lying,Charlotte,small
1785663105.6367395,3212245,0.1392,-0.0059,-1.0,4.4556,1.0376,-0.1831,lying,Charlotte,small
1785663105.6367428,3212295,0.1377,-0.002,-0.9985,4.3945,1.1597,-0.1221,lying,Charlotte,small
1785663105.6367466,3212345,0.1392,-0.0015,-0.9985,4.5166,1.0986,-0.1221,lying,Charlotte,small
1785663105.6367507,3212395,0.1406,-0.0015,-1.001,4.6387,1.0986,-0.1221,lying,Charlotte,small
1785663106.1479442,3213928,0.1367,-0.002,-1.0068,4.5166,0.9766,-0.3662,lying,Charlotte,small
1785663106.1479542,3213978,0.1396,-0.0049,-1.0078,4.5776,1.2207,0.2441,lying,Charlotte,small
1785663106.1479592,3214028,0.1401,-0.0005,-0.9985,4.3945,1.0986,-0.3052,lying,Charlotte,small
1785663106.147964,3214078,0.1396,-0.0054,-0.999,4.2114,1.2207,0.0,lying,Charlotte,small
1785663106.147968,3214128,0.1411,-0.0059,-1.0015,4.4556,1.2817,0.1831,lying,Charlotte,small
1785663106.1479719,3214178,0.1396,-0.001,-0.9985,4.5776,1.3428,0.2441,lying,Charlotte,small
1785663106.147976,3214228,0.1338,-0.0005,-1.0,4.3335,1.2207,-0.1831,lying,Charlotte,small
1785663106.1479797,3214278,0.1396,0.0,-1.001,4.4556,1.1597,-0.1831,lying,Charlotte,small
1785663106.1479833,3214328,0.1396,-0.002,-1.0015,4.5166,1.1597,-0.1221,lying,Charlotte,small
1785663106.1479871,3214378,0.1416,-0.0068,-1.0044,4.3335,0.9766,-0.061,lying,Charlotte,small
1785663106.6594884,3214440,0.1426,-0.0054,-1.0049,4.2725,1.0376,-0.2441,lying,Charlotte,small
1785663106.6594975,3214490,0.1411,0.001,-0.998,4.6387,1.0986,-0.061,lying,Charlotte,small
1785663106.6595027,3214540,0.1387,-0.0024,-1.001,4.3335,1.0986,-0.3052,lying,Charlotte,small
1785663106.6595075,3214590,0.1401,-0.0034,-0.9956,4.3945,1.1597,0.0,lying,Charlotte,small
1785663106.6595116,3214640,0.1392,-0.0034,-1.001,4.3945,1.2207,0.2441,lying,Charlotte,small
1785663106.6595154,3214690,0.1392,-0.0059,-1.0063,4.4556,1.1597,-0.1831,lying,Charlotte,small
1785663106.6595194,3214740,0.1411,0.0,-1.0015,4.3945,1.0986,0.0,lying,Charlotte,small
1785663106.6595228,3214790,0.1426,0.0,-0.9971,4.5166,1.1597,-0.2441,lying,Charlotte,small
1785663106.6595263,3214840,0.1431,-0.0024,-1.0039,4.3335,1.0376,0.0,lying,Charlotte,small
1785663106.65953,3214890,0.1406,0.001,-0.9966,4.4556,1.0986,-0.1221,lying,Charlotte,small
1785663110.0558705,3214952,0.1401,-0.0015,-1.001,4.0894,1.0986,-0.3052,lying,Charlotte,small
1785663110.0558841,3215002,0.1382,-0.001,-1.0063,4.2114,1.3428,-0.1221,lying,Charlotte,small
1785663110.0558896,3215052,0.1387,-0.0005,-1.0044,4.4556,0.9766,-0.061,lying,Charlotte,small
1785663110.055894,3215102,0.1431,-0.0024,-1.0034,4.2725,1.1597,-0.1221,lying,Charlotte,small
1785663110.0558982,3215152,0.1411,-0.0039,-0.9995,4.6387,1.4038,0.061,lying,Charlotte,small
1785663110.0559022,3215202,0.144,-0.0034,-1.0044,4.4556,1.0376,-0.2441,lying,Charlotte,small
1785663110.055906,3215252,0.1406,0.0015,-1.0029,4.3335,1.2207,-0.061,lying,Charlotte,small
1785663110.0559099,3215302,0.1401,-0.002,-1.0005,4.3945,1.2207,0.061,lying,Charlotte,small
1785663110.0559137,3215352,0.1416,-0.0054,-1.0005,4.5166,1.0376,0.1831,lying,Charlotte,small
1785663110.0559175,3215402,0.1426,-0.0039,-1.0044,4.4556,1.2817,-0.1831,lying,Charlotte,small
1785663111.3695953,3218354,0.1455,-0.0029,-1.0059,4.4556,1.1597,0.061,lying,Charlotte,small
1785663111.3696074,3218404,0.1406,-0.0024,-1.0044,4.4556,1.4038,-0.1831,lying,Charlotte,small
1785663111.3696127,3218454,0.1411,0.002,-1.0029,4.6387,1.1597,-0.1831,lying,Charlotte,small
1785663111.3696175,3218504,0.1426,-0.002,-0.999,4.3335,1.0376,0.1221,lying,Charlotte,small
1785663111.3696215,3218554,0.1401,-0.0024,-0.9976,4.2725,1.3428,0.0,lying,Charlotte,small
1785663111.3696256,3218604,0.1416,-0.002,-1.0039,4.4556,1.2207,-0.3662,lying,Charlotte,small
1785663111.3696299,3218654,0.1416,-0.0034,-1.0,4.3335,1.2817,0.1221,lying,Charlotte,small
1785663111.3696334,3218704,0.1406,-0.0029,-1.0015,4.5166,1.2817,-0.1221,lying,Charlotte,small
1785663111.369637,3218754,0.1406,-0.0054,-0.9961,4.2725,1.1597,-0.061,lying,Charlotte,small
1785663111.369641,3218804,0.1367,0.0005,-0.9946,4.3945,0.9155,0.1221,lying,Charlotte,small
1785663111.8854096,3219662,0.1445,-0.0049,-1.002,4.3945,1.1597,0.0,lying,Charlotte,small
1785663111.8854196,3219712,0.1411,-0.0083,-1.0059,4.3945,1.2207,-0.2441,lying,Charlotte,small
1785663111.8854249,3219762,0.1396,-0.0029,-1.0029,4.3945,1.3428,0.1831,lying,Charlotte,small
1785663111.885429,3219812,0.1392,-0.0005,-0.998,4.4556,1.2207,-0.1221,lying,Charlotte,small
1785663111.8854334,3219862,0.1367,-0.001,-1.0005,4.3945,1.2817,0.0,lying,Charlotte,small
1785663111.8854373,3219912,0.1396,-0.0029,-1.0029,4.3335,1.2207,0.2441,lying,Charlotte,small
1785663111.885441,3219962,0.1426,-0.0034,-1.0005,4.3335,1.2817,0.1831,lying,Charlotte,small
1785663111.8854446,3220012,0.1382,-0.0044,-1.0015,4.3945,0.9766,-0.061,lying,Charlotte,small
1785663111.8854485,3220062,0.1377,-0.0029,-1.0,4.2725,1.2207,-0.1221,lying,Charlotte,small
1785663111.885452,3220112,0.1377,-0.0034,-0.9941,4.3335,1.1597,-0.061,lying,Charlotte,small
1785663112.4068444,3220184,0.1387,0.0005,-0.9976,4.6387,1.2207,-0.1221,lying,Charlotte,small
1785663112.4068532,3220234,0.1343,-0.0034,-1.0039,4.2725,1.2207,0.0,lying,Charlotte,small
1785663112.4068573,3220284,0.1421,0.0005,-0.9932,4.6997,1.3428,0.061,lying,Charlotte,small
1785663112.4068608,3220334,0.1406,-0.0024,-0.9927,4.3335,1.3428,0.0,lying,Charlotte,small
1785663112.406864,3220384,0.1411,-0.0024,-0.9951,4.3335,1.1597,-0.1221,lying,Charlotte,small
1785663112.4068668,3220434,0.1392,-0.0034,-1.0005,4.5166,1.1597,-0.3052,lying,Charlotte,small
1785663112.4068701,3220484,0.1426,-0.0024,-1.0024,4.4556,1.4038,-0.2441,lying,Charlotte,small
1785663112.406873,3220534,0.1416,-0.0015,-1.0054,4.5166,1.0986,-0.2441,lying,Charlotte,small
1785663112.4068758,3220584,0.145,-0.0029,-0.9985,4.5166,1.0986,-0.1221,lying,Charlotte,small
1785663112.406879,3220634,0.1426,-0.0024,-0.9971,4.5776,1.4038,0.0,lying,Charlotte,small
1785663112.929797,3220706,0.144,-0.0024,-1.0039,4.3335,1.0376,0.0,lying,Charlotte,small
1785663112.9298072,3220756,0.1416,-0.0063,-1.0034,4.4556,1.2207,0.0,lying,Charlotte,small
1785663112.9298124,3220806,0.1392,-0.0068,-1.0063,4.5166,1.1597,-0.4272,lying,Charlotte,small
1785663112.9298172,3220856,0.1406,-0.0054,-0.9937,4.5776,1.1597,0.0,lying,Charlotte,small
1785663112.929821,3220906,0.1382,-0.0054,-1.0005,4.3335,1.0376,-0.2441,lying,Charlotte,small
1785663112.9298248,3220956,0.1401,-0.0049,-0.9976,4.2725,1.0376,-0.3662,lying,Charlotte,small
1785663112.929829,3221006,0.1421,-0.0015,-1.0034,4.2725,1.0986,-0.2441,lying,Charlotte,small
1785663112.929833,3221056,0.144,-0.0005,-1.0044,4.3945,1.2817,-0.061,lying,Charlotte,small
1785663112.929837,3221106,0.1387,-0.0039,-1.0029,4.5166,1.4038,-0.1221,lying,Charlotte,small
1785663112.9298408,3221156,0.1416,-0.0068,-1.0,4.2114,1.2207,0.1221,lying,Charlotte,small
1785663113.4531713,3221228,0.1377,-0.0034,-1.0029,4.5776,1.1597,-0.1221,lying,Charlotte,small
1785663113.4531848,3221278,0.1396,-0.0024,-0.9966,4.3335,1.2207,-0.2441,lying,Charlotte,small
1785663113.45319,3221328,0.1411,-0.0068,-1.0039,4.2725,1.2207,0.0,lying,Charlotte,small
1785663113.4531949,3221378,0.1406,-0.0059,-1.0005,4.3335,1.1597,-0.1831,lying,Charlotte,small
1785663113.453199,3221428,0.145,-0.0034,-0.998,4.3945,1.2817,-0.1221,lying,Charlotte,small
1785663113.4532027,3221478,0.1401,-0.0029,-0.998,4.3945,1.2817,-0.1831,lying,Charlotte,small
1785663113.4532068,3221528,0.1387,-0.0034,-1.0063,4.4556,1.0986,-0.061,lying,Charlotte,small
1785663113.4532106,3221578,0.1445,0.002,-1.0029,4.4556,1.2207,0.1221,lying,Charlotte,small
1785663113.4532142,3221628,0.145,0.0015,-1.0005,4.3945,1.1597,0.1831,lying,Charlotte,small
1785663113.4532182,3221678,0.1396,-0.002,-1.0,4.3335,1.2207,0.1831,lying,Charlotte,small
1785663113.9800394,3221750,0.1372,-0.0034,-1.0049,4.3335,1.0986,0.0,lying,Charlotte,small
1785663113.9800494,3221800,0.1421,-0.0005,-1.002,4.5166,1.2207,-0.061,lying,Charlotte,small
1785663113.9800553,3221850,0.1411,-0.0034,-0.9995,4.3945,1.0986,-0.1221,lying,Charlotte,small
1785663113.9800606,3221900,0.1396,-0.0034,-0.9956,4.5776,0.9766,-0.061,lying,Charlotte,small
1785663113.9800649,3221950,0.1362,-0.0063,-0.9941,4.3945,1.1597,0.1221,lying,Charlotte,small
1785663113.9800684,3222000,0.1372,-0.001,-0.9976,4.4556,1.2207,-0.3662,lying,Charlotte,small
1785663113.9800725,3222050,0.1362,-0.0039,-1.002,4.5776,1.0986,-0.1221,lying,Charlotte,small
1785663113.9800763,3222100,0.1392,-0.0029,-1.0024,4.4556,1.1597,0.0,lying,Charlotte,small
1785663113.9800797,3222150,0.1387,-0.0015,-0.9922,4.6387,1.0376,-0.2441,lying,Charlotte,small
1785663113.9800837,3222200,0.1382,-0.0063,-0.999,4.5776,1.1597,-0.1221,lying,Charlotte,small
1785663114.5043097,3222279,0.1406,-0.0034,-1.0063,4.2114,1.2817,-0.2441,lying,Charlotte,small
1785663114.504319,3222329,0.1416,-0.0024,-1.0,4.5776,1.1597,-0.2441,lying,Charlotte,small
1785663114.5043237,3222379,0.1387,-0.0024,-1.0029,4.3335,1.0986,-0.1831,lying,Charlotte,small
1785663114.5043287,3222429,0.1392,-0.0034,-1.001,4.3945,1.2817,0.0,lying,Charlotte,small
1785663114.5043323,3222479,0.1357,-0.0005,-1.0063,4.2725,1.1597,-0.3052,lying,Charlotte,small
1785663114.5043364,3222529,0.1401,-0.0029,-1.0068,4.4556,1.2817,-0.2441,lying,Charlotte,small
1785663114.5043404,3222579,0.1387,-0.0015,-1.0039,4.4556,1.0986,-0.1831,lying,Charlotte,small
1785663114.5043445,3222629,0.1416,-0.002,-0.9956,4.3945,1.4038,-0.061,lying,Charlotte,small
1785663114.5043485,3222679,0.1392,-0.0024,-1.0034,4.4556,1.0376,-0.061,lying,Charlotte,small
1785663114.5043523,3222729,0.1416,-0.0059,-1.0024,4.3335,1.2207,-0.061,lying,Charlotte,small
1785663115.3943763,3222802,0.1392,-0.0015,-1.0044,4.2725,1.1597,-0.2441,lying,Charlotte,small
1785663115.3943872,3222852,0.1387,-0.0024,-1.0024,4.3945,0.9766,-0.061,lying,Charlotte,small
1785663115.3943915,3222902,0.1396,-0.0015,-0.9985,4.3335,0.9766,-0.1831,lying,Charlotte,small
1785663115.394396,3222952,0.1436,-0.0015,-0.9966,4.3335,1.0376,0.061,lying,Charlotte,small
1785663115.394401,3223002,0.1372,-0.0015,-0.9976,4.5776,1.0986,-0.1831,lying,Charlotte,small
1785663115.3944042,3223052,0.1377,-0.0044,-1.001,4.5166,1.2207,-0.1831,lying,Charlotte,small
1785663115.3944075,3223102,0.1431,-0.0039,-1.0029,4.3335,1.0376,-0.1221,lying,Charlotte,small
1785663115.3944106,3223152,0.1392,-0.0039,-1.0068,4.3945,1.3428,0.061,lying,Charlotte,small
1785663115.3944135,3223202,0.1367,0.0024,-1.0044,4.3335,1.0376,0.1221,lying,Charlotte,small
1785663115.3944166,3223252,0.1421,-0.0049,-1.002,4.2725,1.2817,-0.4272,lying,Charlotte,small
1785663120.4912357,3224784,0.1416,-0.0005,-1.0005,4.0894,1.3428,0.061,lying,Charlotte,small
1785663120.4912484,3224834,0.1387,-0.0054,-1.002,4.1504,1.1597,-0.2441,lying,Charlotte,small
1785663120.4912539,3224884,0.1401,-0.0054,-1.0127,4.2725,1.1597,0.0,lying,Charlotte,small
1785663120.4912581,3224934,0.1401,-0.0044,-1.0005,4.2114,1.1597,-0.061,lying,Charlotte,small
1785663120.4912622,3224984,0.1431,-0.0039,-1.0029,4.5166,1.2817,-0.1831,lying,Charlotte,small
1785663120.4912663,3225034,0.1382,-0.001,-0.999,4.2725,1.0986,-0.2441,lying,Charlotte,small
1785663120.4912705,3225084,0.1353,-0.0029,-0.9907,4.5166,1.3428,-0.061,lying,Charlotte,small
1785663120.4912746,3225134,0.1426,-0.0068,-1.0039,4.4556,0.9766,-0.1221,lying,Charlotte,small
1785663120.4912784,3225184,0.1396,-0.0083,-1.0044,4.5166,1.4648,0.1831,lying,Charlotte,small
1785663120.491282,3225234,0.1387,0.0024,-1.0034,4.3945,1.2817,-0.061,lying,Charlotte,small
1785663132.7280107,3228793,0.1406,-0.0029,-0.9995,4.3945,1.2817,0.061,lying,Charlotte,small
1785663132.7280223,3228843,0.1396,-0.0044,-0.9971,4.3945,1.4038,-0.1831,lying,Charlotte,small
1785663132.7280266,3228893,0.1387,-0.0005,-0.9976,4.4556,1.3428,-0.1221,lying,Charlotte,small
1785663132.7280302,3228943,0.1411,-0.0039,-1.0039,4.2725,1.2817,0.061,lying,Charlotte,small
1785663132.7280335,3228993,0.1392,-0.0039,-0.9985,4.5166,1.2817,0.061,lying,Charlotte,small
1785663132.7280364,3229043,0.1401,-0.0005,-1.0029,4.2725,1.2817,-0.061,lying,Charlotte,small
1785663132.7280397,3229093,0.1382,-0.0015,-1.001,4.2725,1.2207,-0.061,lying,Charlotte,small
1785663132.7280428,3229143,0.1421,-0.0024,-1.0059,4.3945,1.2207,0.061,lying,Charlotte,small
1785663132.728046,3229193,0.1396,-0.0039,-0.9961,4.5166,1.2207,-0.1221,lying,Charlotte,small
1785663132.7280488,3229243,0.1401,-0.001,-0.9961,4.3945,1.1597,0.0,lying,Charlotte,small
1785663132.8957756,3239721,0.1421,-0.0059,-1.0073,4.5166,1.1597,-0.061,lying,Charlotte,small
1785663132.8957863,3239771,0.1426,-0.0044,-0.9995,4.2725,1.1597,-0.2441,lying,Charlotte,small
1785663132.8957915,3239821,0.1421,-0.0029,-0.999,4.3335,1.0986,-0.061,lying,Charlotte,small
1785663132.895796,3239871,0.1431,-0.002,-1.0029,4.3945,1.0986,-0.061,lying,Charlotte,small
1785663132.8957999,3239921,0.1382,-0.0029,-1.0015,4.4556,1.4038,-0.2441,lying,Charlotte,small
1785663132.8958035,3239971,0.1416,-0.0015,-1.001,4.4556,1.0986,0.0,lying,Charlotte,small
1785663132.8958077,3240021,0.1426,-0.0088,-1.002,4.3945,1.4648,0.1221,lying,Charlotte,small
1785663132.895812,3240071,0.1426,-0.0029,-1.0034,4.2725,1.0986,-0.3052,lying,Charlotte,small
1785663132.8958158,3240121,0.1426,-0.0059,-0.9995,4.4556,1.2207,-0.1831,lying,Charlotte,small
1785663132.8958194,3240171,0.1401,-0.0034,-1.0049,4.3945,1.3428,-0.1831,lying,Charlotte,small
1785663144.3629386,3252131,0.1367,-0.0034,-0.999,4.3945,1.1597,0.1221,lying,Charlotte,small
1785663144.3629484,3252181,0.1387,0.0024,-1.0005,4.3945,1.1597,-0.1221,lying,Charlotte,small
1785663144.3629525,3252231,0.1421,-0.0044,-0.9995,4.3335,1.2817,-0.1831,lying,Charlotte,small
1785663144.3629558,3252281,0.1387,0.0,-1.001,4.3945,1.0986,-0.061,lying,Charlotte,small
1785663144.3629591,3252331,0.1426,0.0024,-0.998,4.2725,1.2817,0.1221,lying,Charlotte,small
1785663144.3629622,3252381,0.1392,0.0005,-1.002,4.6387,1.2817,0.0,lying,Charlotte,small
1785663144.3629656,3252431,0.1392,-0.002,-0.9927,4.5776,1.4648,0.0,lying,Charlotte,small
1785663144.3629682,3252481,0.1382,0.0029,-1.0005,4.5166,1.1597,0.061,lying,Charlotte,small
1785663144.3629713,3252531,0.1392,0.0015,-0.9961,4.3335,1.1597,-0.1221,lying,Charlotte,small
1785663144.3629744,3252581,0.1436,-0.002,-0.9995,4.3335,1.0376,-0.061,lying,Charlotte,small
1785663145.1484854,3252662,0.1396,0.0024,-1.0,4.3945,1.0376,-0.2441,lying,Charlotte,small
1785663145.1484945,3252712,0.1387,-0.0015,-1.0034,4.3945,1.0376,-0.3662,lying,Charlotte,small
1785663145.1484993,3252762,0.1426,-0.0034,-0.9961,4.3945,1.1597,-0.1221,lying,Charlotte,small
1785663145.1485028,3252812,0.1377,-0.0024,-1.0059,4.4556,1.1597,0.061,lying,Charlotte,small
1785663145.1485057,3252862,0.1377,-0.0044,-1.0,4.3945,1.2207,-0.2441,lying,Charlotte,small
1785663145.1485088,3252912,0.1372,-0.001,-1.0049,4.4556,1.1597,0.0,lying,Charlotte,small
1785663145.1485114,3252962,0.1362,-0.0015,-1.0024,4.7607,1.0986,-0.2441,lying,Charlotte,small
1785663145.1485147,3253012,0.1436,-0.0068,-1.0005,4.5776,0.9766,0.061,lying,Charlotte,small
1785663145.1485178,3253062,0.1431,0.0015,-1.0015,4.3945,1.0376,-0.1221,lying,Charlotte,small
1785663145.148521,3253112,0.1421,-0.0024,-1.0029,4.3945,1.5869,-0.1831,lying,Charlotte,small
1785663150.3509903,3258134,0.1392,0.0024,-0.9956,4.5166,1.2817,-0.1831,lying,Charlotte,small
1785663150.3510003,3258184,0.1338,-0.0015,-1.0024,4.5166,1.0376,0.061,lying,Charlotte,small
1785663150.3510065,3258234,0.1455,-0.0044,-0.999,4.4556,0.9155,0.0,lying,Charlotte,small
1785663150.3510115,3258284,0.1367,-0.0029,-1.002,4.3335,1.1597,-0.1831,lying,Charlotte,small
1785663150.3510153,3258334,0.1426,-0.0063,-0.9995,4.5776,1.1597,-0.061,lying,Charlotte,small
1785663150.3510194,3258384,0.1382,-0.0049,-0.9985,4.5166,1.2207,-0.061,lying,Charlotte,small
1785663150.3510232,3258434,0.1401,-0.002,-1.0024,4.5166,1.0986,-0.061,lying,Charlotte,small
1785663150.351027,3258484,0.1392,0.0024,-1.0044,4.3335,1.2207,-0.1221,lying,Charlotte,small
1785663150.3510306,3258534,0.1367,-0.0029,-0.9971,4.4556,1.2207,-0.1221,lying,Charlotte,small
1785663150.3510342,3258584,0.1377,-0.0059,-0.9976,4.4556,1.0986,0.0,lying,Charlotte,small
1785663153.5619035,3258646,0.1411,-0.0049,-0.9927,4.3945,1.4648,-0.061,lying,Charlotte,small
1785663153.5619214,3258696,0.1313,-0.0015,-1.0,4.3945,1.2817,0.0,lying,Charlotte,small
1785663153.5619266,3258746,0.1392,-0.0034,-1.0,4.4556,1.2207,-0.1221,lying,Charlotte,small
1785663153.5619314,3258796,0.1401,-0.0073,-1.0044,4.5166,1.0986,-0.1221,lying,Charlotte,small
1785663153.5619354,3258846,0.1377,0.0005,-1.0024,4.4556,1.0376,-0.061,lying,Charlotte,small
1785663153.5619395,3258896,0.1421,-0.0078,-1.0,4.3945,1.1597,-0.061,lying,Charlotte,small
1785663153.5619433,3258946,0.1416,-0.0034,-1.0083,4.3945,1.0986,-0.1221,lying,Charlotte,small
1785663153.5619469,3258996,0.1377,-0.0015,-0.9956,4.4556,1.2207,0.0,lying,Charlotte,small
1785663153.5619504,3259046,0.1406,-0.002,-1.0049,4.2725,1.0376,0.0,lying,Charlotte,small
1785663153.561954,3259096,0.1421,-0.0044,-1.0039,4.3335,1.2207,-0.1831,lying,Charlotte,small
1785663154.079583,3261858,0.1382,-0.0049,-0.9966,4.5776,1.4648,-0.1221,lying,Charlotte,small
1785663154.0795932,3261908,0.1387,-0.0049,-0.9976,4.2725,1.2817,-0.061,lying,Charlotte,small
1785663154.0795991,3261958,0.1416,-0.0054,-1.0005,4.5166,1.2207,-0.061,lying,Charlotte,small
1785663154.0796041,3262008,0.1387,-0.0015,-0.9956,4.3335,0.8545,-0.1221,lying,Charlotte,small
1785663154.0796087,3262058,0.1431,-0.0063,-0.9961,4.4556,1.3428,-0.1831,lying,Charlotte,small
1785663154.0796127,3262108,0.1357,0.0015,-0.9961,4.5166,1.0376,-0.2441,lying,Charlotte,small
1785663154.0796168,3262158,0.1426,-0.0049,-1.0029,4.2725,1.2817,-0.061,lying,Charlotte,small
1785663154.0796204,3262208,0.1465,-0.0039,-1.0039,4.3945,1.1597,-0.1221,lying,Charlotte,small
1785663154.0796242,3262258,0.1406,0.001,-1.002,4.5166,1.0986,-0.2441,lying,Charlotte,small
1785663154.0796282,3262308,0.1387,-0.0093,-1.001,4.5776,0.9766,0.1831,lying,Charlotte,small
1785663154.5907192,3262371,0.1396,0.001,-0.998,4.3335,1.2207,-0.2441,lying,Charlotte,small
1785663154.5907288,3262421,0.1431,-0.0039,-0.9956,4.4556,1.3428,-0.1831,lying,Charlotte,small
1785663154.5907338,3262471,0.1416,-0.0029,-1.0059,4.3335,1.0376,-0.1221,lying,Charlotte,small
1785663154.5907385,3262521,0.1387,0.0024,-0.998,4.6997,1.2207,-0.1221,lying,Charlotte,small
1785663154.5907426,3262571,0.1401,-0.0049,-1.0024,4.2114,1.3428,-0.1221,lying,Charlotte,small
1785663154.5907464,3262621,0.1416,-0.0039,-1.0098,4.3335,1.1597,-0.2441,lying,Charlotte,small
1785663154.5907505,3262671,0.1377,0.002,-1.0029,4.6387,1.1597,0.1221,lying,Charlotte,small
1785663154.5907543,3262721,0.1387,-0.001,-1.0015,4.3335,1.2207,-0.1221,lying,Charlotte,small
1785663154.5907583,3262771,0.1426,-0.0029,-1.0044,4.3945,1.2817,-0.061,lying,Charlotte,small
1785663154.590762,3262821,0.1392,-0.002,-1.0029,4.3335,1.4648,-0.061,lying,Charlotte,small
1785663155.6785023,3262882,0.1406,-0.002,-1.0029,4.4556,1.0986,-0.2441,lying,Charlotte,small
1785663155.678515,3262932,0.1357,-0.0059,-1.0044,4.4556,1.1597,0.0,lying,Charlotte,small
1785663155.67852,3262982,0.1406,0.001,-0.9932,4.6997,1.3428,-0.1221,lying,Charlotte,small
1785663155.678525,3263032,0.1416,-0.002,-1.0029,4.4556,1.1597,-0.1831,lying,Charlotte,small
1785663155.678529,3263082,0.1426,-0.0054,-1.0034,4.4556,1.2207,-0.2441,lying,Charlotte,small
1785663155.678533,3263132,0.1401,-0.001,-0.9951,4.3945,1.3428,-0.061,lying,Charlotte,small
1785663155.6785371,3263182,0.1372,0.002,-1.002,4.6387,1.0986,-0.3052,lying,Charlotte,small
1785663155.6785414,3263232,0.1362,-0.0063,-0.9995,4.3945,1.3428,0.1831,lying,Charlotte,small
1785663155.6785452,3263282,0.1421,-0.0015,-1.0049,4.4556,1.2817,-0.061,lying,Charlotte,small
1785663155.678549,3263332,0.1392,-0.0059,-1.001,4.6387,1.2817,-0.1221,lying,Charlotte,small
1785663156.4314537,3263974,0.1392,-0.001,-1.0034,4.3945,1.2817,0.061,lying,Charlotte,small
1785663156.4314678,3264024,0.1387,-0.0073,-1.0054,4.6387,1.1597,-0.061,lying,Charlotte,small
1785663156.431474,3264074,0.1401,-0.0044,-1.0063,4.5776,0.9155,-0.1221,lying,Charlotte,small
1785663156.4314795,3264124,0.1406,-0.0073,-1.002,4.3335,1.1597,-0.061,lying,Charlotte,small
1785663156.4314847,3264174,0.1396,-0.0063,-1.0034,4.3335,1.1597,-0.3052,lying,Charlotte,small
1785663156.4314897,3264224,0.1367,0.0015,-1.0015,4.4556,1.1597,0.1831,lying,Charlotte,small
1785663156.4314954,3264274,0.1372,-0.0034,-1.0044,4.4556,1.2207,-0.3052,lying,Charlotte,small
1785663156.4315004,3264324,0.1401,0.001,-1.0024,4.0894,0.8545,-0.061,lying,Charlotte,small
1785663156.431506,3264374,0.1406,0.0,-1.0015,4.2725,1.1597,-0.1831,lying,Charlotte,small
1785663156.431511,3264424,0.1396,-0.0024,-0.9985,4.2114,1.0986,-0.1221,lying,Charlotte,small
1785663165.5675008,3265997,0.1357,0.0005,-1.002,4.4556,1.0986,0.1831,lying,Charlotte,small
1785663165.5675123,3266047,0.1387,-0.0015,-1.0029,4.3945,1.0986,-0.061,lying,Charlotte,small
1785663165.5675163,3266097,0.1411,-0.0034,-1.0015,4.1504,1.0986,-0.061,lying,Charlotte,small
1785663165.5675201,3266147,0.1392,-0.002,-1.002,4.5166,0.9155,-0.1221,lying,Charlotte,small
1785663165.5675235,3266197,0.1431,-0.0054,-1.0049,4.3945,1.0986,-0.1831,lying,Charlotte,small
1785663165.5675266,3266247,0.1392,-0.0034,-0.999,4.6387,1.2207,0.0,lying,Charlotte,small
1785663165.5675309,3266297,0.1421,-0.0005,-1.0044,4.5776,1.0986,-0.1221,lying,Charlotte,small
1785663165.567534,3266347,0.1396,-0.0059,-1.0,4.3335,1.4648,0.1221,lying,Charlotte,small
1785663165.5675368,3266397,0.1421,-0.0029,-1.0034,4.6997,0.9766,-0.2441,lying,Charlotte,small
1785663165.56754,3266447,0.1406,0.0005,-1.0029,4.3945,1.3428,-0.061,lying,Charlotte,small
1785663168.9720652,3273864,0.144,-0.0093,-1.0,4.2725,1.2817,-0.061,lying,Charlotte,small
1785663168.9720798,3273914,0.1411,-0.0024,-1.0029,4.3335,1.2817,-0.2441,lying,Charlotte,small
1785663168.9720843,3273964,0.1406,-0.0029,-1.0015,4.3335,1.2817,-0.1831,lying,Charlotte,small
1785663168.9720879,3274014,0.1387,0.001,-0.9976,4.3945,0.9766,-0.061,lying,Charlotte,small
1785663168.972091,3274064,0.1382,-0.0039,-1.002,4.4556,1.2817,-0.1221,lying,Charlotte,small
1785663168.9720943,3274114,0.1416,-0.0093,-1.0,4.3335,1.4038,-0.1221,lying,Charlotte,small
1785663168.9720974,3274164,0.1362,0.0034,-1.0005,4.5776,0.9766,-0.1221,lying,Charlotte,small
1785663168.9721003,3274214,0.1353,0.0044,-0.999,4.3945,1.1597,0.0,lying,Charlotte,small
1785663168.9721036,3274264,0.1436,-0.0068,-0.9995,4.4556,1.1597,-0.3052,lying,Charlotte,small
1785663168.972107,3274314,0.1396,-0.0088,-0.999,4.2725,1.4038,0.1831,lying,Charlotte,small
1785663173.5373418,3277262,0.1426,-0.0034,-1.0024,4.6997,1.0376,-0.2441,lying,Charlotte,small
1785663173.5373545,3277312,0.1445,-0.0068,-1.0029,4.3335,1.4038,-0.2441,lying,Charlotte,small
1785663173.5373597,3277362,0.1431,-0.0034,-1.0034,4.3335,1.1597,0.2441,lying,Charlotte,small
1785663173.5373638,3277412,0.1377,-0.001,-1.0093,4.6387,1.0986,-0.2441,lying,Charlotte,small
1785663173.5373678,3277462,0.145,-0.0034,-1.002,4.5776,1.2207,0.0,lying,Charlotte,small
1785663173.5373719,3277512,0.1411,-0.001,-1.002,4.3945,1.0376,-0.3052,lying,Charlotte,small
1785663173.5373764,3277562,0.1401,-0.001,-1.0024,4.4556,1.1597,-0.1831,lying,Charlotte,small
1785663173.5373805,3277612,0.1406,0.0015,-1.0,4.5166,1.0376,-0.4272,lying,Charlotte,small
1785663173.5373843,3277662,0.1392,-0.0029,-1.0015,4.5776,1.1597,-0.2441,lying,Charlotte,small
1785663173.5373883,3277712,0.1382,0.0,-1.0,4.5166,1.0376,0.0,lying,Charlotte,small
1785663176.3545482,3281826,0.1445,-0.0015,-1.0,4.4556,1.1597,-0.061,lying,Charlotte,small
1785663176.3545592,3281876,0.1431,-0.0073,-1.0083,4.5166,1.5869,-0.3052,lying,Charlotte,small
1785663176.3545635,3281926,0.1406,0.0049,-1.0044,4.6997,1.0986,-0.1831,lying,Charlotte,small
1785663176.354567,3281976,0.1406,-0.0024,-0.9961,4.3945,1.2817,-0.061,lying,Charlotte,small
1785663176.3545704,3282026,0.1392,-0.0044,-1.002,4.2725,1.2817,-0.2441,lying,Charlotte,small
1785663176.3545737,3282076,0.1426,-0.0015,-1.0034,4.3945,1.2817,-0.1221,lying,Charlotte,small
1785663176.354577,3282126,0.1392,0.002,-1.0005,4.2114,1.0376,-0.1831,lying,Charlotte,small
1785663176.3545802,3282176,0.1401,-0.0005,-1.0005,4.5166,0.7935,0.0,lying,Charlotte,small
1785663176.3545837,3282226,0.1406,-0.001,-1.0049,4.5166,1.2207,-0.2441,lying,Charlotte,small
1785663176.3545868,3282276,0.1445,-0.0029,-0.9985,4.5776,1.2207,-0.061,lying,Charlotte,small
1785663177.5213864,3285214,0.1367,-0.0039,-1.0015,4.4556,1.1597,-0.2441,lying,Charlotte,small
1785663177.5213988,3285264,0.1392,-0.0029,-1.0029,4.3945,1.1597,-0.1221,lying,Charlotte,small
1785663177.5214043,3285314,0.1416,0.0024,-1.0,4.5166,1.1597,0.1221,lying,Charlotte,small
1785663177.5214086,3285364,0.1392,-0.002,-1.0015,4.3335,1.1597,-0.1221,lying,Charlotte,small
1785663177.5214126,3285414,0.1392,-0.0005,-1.0039,4.2725,1.0376,-0.061,lying,Charlotte,small
1785663177.5214167,3285464,0.1396,-0.002,-1.002,4.4556,1.2207,-0.1221,lying,Charlotte,small
1785663177.521421,3285514,0.1445,-0.0029,-1.0005,4.2725,1.2207,-0.3052,lying,Charlotte,small
1785663177.5214245,3285564,0.1411,0.0,-1.0024,4.3945,0.9766,0.0,lying,Charlotte,small
1785663177.5214286,3285614,0.1431,-0.0034,-1.0103,4.5166,1.0986,-0.3662,lying,Charlotte,small
1785663177.5214326,3285664,0.1367,-0.001,-0.9995,4.4556,1.2817,0.0,lying,Charlotte,small
1785663178.1363804,3285818,0.1416,-0.0049,-1.0068,4.4556,1.3428,-0.1221,lying,Charlotte,small
1785663178.136397,3285868,0.1387,-0.0083,-1.0063,4.4556,1.4038,0.0,lying,Charlotte,small
1785663178.136402,3285918,0.1431,-0.001,-0.9961,4.5166,1.0376,0.0,lying,Charlotte,small
1785663178.1364064,3285968,0.1416,0.0005,-0.9995,4.4556,1.0376,-0.1221,lying,Charlotte,small
1785663178.1364112,3286018,0.1401,-0.0029,-1.001,4.5776,1.3428,-0.061,lying,Charlotte,small
1785663178.1364152,3286068,0.1411,-0.0059,-1.0005,4.3335,1.0986,-0.1221,lying,Charlotte,small
1785663178.1364193,3286118,0.1411,-0.0049,-1.0005,4.4556,1.1597,0.1831,lying,Charlotte,small
1785663178.1364229,3286168,0.1357,-0.002,-1.002,4.5776,1.3428,-0.3052,lying,Charlotte,small
1785663178.1364264,3286218,0.1387,-0.0015,-1.0049,4.3335,1.4038,-0.1221,lying,Charlotte,small
1785663178.1364305,3286268,0.1401,-0.0034,-1.0039,4.2114,1.3428,-0.1221,lying,Charlotte,small
1785663178.6634135,3286441,0.1436,0.001,-1.0024,4.5166,1.1597,0.1221,lying,Charlotte,small
1785663178.6634235,3286491,0.1392,-0.0039,-0.9995,4.5776,1.0376,-0.3662,lying,Charlotte,small
1785663178.6634285,3286541,0.1406,-0.0039,-1.0029,4.1504,1.0376,0.061,lying,Charlotte,small
1785663178.663433,3286591,0.1392,-0.0024,-1.0039,4.5776,1.1597,0.0,lying,Charlotte,small
1785663178.663437,3286641,0.1396,-0.0005,-1.0044,4.3945,1.2207,-0.1221,lying,Charlotte,small
1785663178.663441,3286691,0.1431,-0.0005,-1.0044,4.5166,1.2817,-0.1221,lying,Charlotte,small
1785663178.6634452,3286741,0.1382,-0.002,-0.9971,4.4556,1.0376,-0.1831,lying,Charlotte,small
1785663178.663449,3286791,0.1406,0.001,-1.0015,4.3945,1.1597,0.0,lying,Charlotte,small
1785663178.6634526,3286841,0.1426,0.0005,-0.9966,4.3945,1.0376,-0.061,lying,Charlotte,small
1785663178.6634567,3286891,0.1411,-0.0015,-1.0005,4.3335,1.3428,-0.061,lying,Charlotte,small
1785663179.4684818,3286954,0.1387,-0.002,-0.9922,4.5166,1.2817,0.0,lying,Charlotte,small
1785663179.4684947,3287004,0.1348,-0.0063,-1.0024,4.5776,1.0376,-0.3662,lying,Charlotte,small
1785663179.4685001,3287054,0.1411,-0.0073,-0.998,4.2725,1.2817,0.2441,lying,Charlotte,small
1785663179.4685047,3287104,0.1406,-0.0024,-0.9995,4.4556,1.4038,0.2441,lying,Charlotte,small
1785663179.4685087,3287154,0.1338,-0.0024,-1.0034,4.4556,1.1597,-0.061,lying,Charlotte,small
1785663179.4685123,3287204,0.1372,0.0015,-1.0029,4.6387,1.2207,-0.1221,lying,Charlotte,small
1785663179.4685168,3287254,0.1382,-0.0029,-0.9995,4.6997,1.2207,-0.3052,lying,Charlotte,small
1785663179.4685206,3287304,0.1401,0.0034,-1.0024,4.4556,1.2207,0.1221,lying,Charlotte,small
1785663179.4685242,3287354,0.1426,-0.0078,-0.9951,4.4556,1.3428,-0.061,lying,Charlotte,small
1785663179.468528,3287404,0.1382,-0.0044,-0.9956,4.4556,1.0376,0.1831,lying,Charlotte,small
1785663180.0385807,3287766,0.1431,-0.0054,-0.9976,4.3945,0.9766,-0.061,lying,Charlotte,small
1785663180.038593,3287816,0.1406,0.0005,-0.9966,4.4556,1.0986,-0.1831,lying,Charlotte,small
1785663180.0385983,3287866,0.1377,0.0,-1.0005,4.3335,0.9766,-0.1831,lying,Charlotte,small
1785663180.038603,3287916,0.1392,-0.0024,-0.9976,4.3335,1.1597,-0.1831,lying,Charlotte,small
1785663180.0386071,3287966,0.1416,0.001,-0.9995,4.3945,1.0986,-0.3052,lying,Charlotte,small
1785663180.0386112,3288016,0.1396,-0.0049,-1.0,4.6997,1.1597,-0.1221,lying,Charlotte,small
1785663180.0386152,3288066,0.1392,0.0015,-0.999,4.2725,1.0376,0.1831,lying,Charlotte,small
1785663180.038619,3288116,0.1426,-0.0015,-1.0044,4.5776,1.2207,0.1221,lying,Charlotte,small
1785663180.038623,3288166,0.1387,-0.0039,-1.0,4.2725,1.2207,-0.061,lying,Charlotte,small
1785663180.038627,3288216,0.1392,-0.002,-0.9976,4.5166,1.3428,-0.1831,lying,Charlotte,small
1785663187.0551863,3288333,0.1377,-0.0054,-1.0039,4.4556,1.2817,0.1221,lying,Charlotte,small
1785663187.0551984,3288383,0.1377,-0.0039,-0.998,4.6997,1.0986,-0.1221,lying,Charlotte,small
1785663187.0552037,3288433,0.1401,-0.0029,-1.0005,4.4556,1.3428,-0.1831,lying,Charlotte,small
1785663187.0552082,3288483,0.1436,-0.0039,-0.9961,4.1504,1.0376,-0.3052,lying,Charlotte,small
1785663187.055212,3288533,0.1455,-0.0083,-1.0015,4.5776,1.0986,-0.1221,lying,Charlotte,small
1785663187.0552158,3288583,0.1416,-0.0029,-1.0015,4.6387,1.1597,0.0,lying,Charlotte,small
1785663187.0552201,3288633,0.1392,-0.0029,-0.9971,4.2725,1.0376,-0.3052,lying,Charlotte,small
1785663187.0552242,3288683,0.1367,0.001,-0.9961,4.1504,1.1597,0.0,lying,Charlotte,small
1785663187.055228,3288733,0.1367,0.001,-1.0049,4.4556,1.1597,-0.4272,lying,Charlotte,small
1785663187.0552342,3288783,0.1377,0.002,-1.0,4.3945,1.1597,-0.2441,lying,Charlotte,small
1785663190.3691247,3293804,0.1406,-0.0054,-0.9932,4.3945,1.1597,0.3662,lying,Charlotte,small
1785663190.369136,3293854,0.1392,-0.0015,-1.001,4.2725,1.0376,-0.1831,lying,Charlotte,small
1785663190.3691404,3293904,0.1401,-0.0029,-1.001,4.3945,1.2207,-0.3052,lying,Charlotte,small
1785663190.369144,3293954,0.1401,-0.0005,-0.999,4.3945,1.2207,0.061,lying,Charlotte,small
1785663190.369147,3294004,0.1455,-0.0049,-1.0054,4.4556,1.3428,-0.3662,lying,Charlotte,small
1785663190.3691502,3294054,0.1406,-0.0054,-0.9941,4.3335,1.4038,-0.1221,lying,Charlotte,small
1785663190.3691535,3294104,0.1392,0.0,-0.9985,4.3945,0.9766,-0.2441,lying,Charlotte,small
1785663190.3691568,3294154,0.1372,-0.0005,-1.0005,4.1504,1.0986,-0.1831,lying,Charlotte,small
1785663190.36916,3294204,0.1431,-0.0049,-0.9966,4.3335,1.4038,-0.061,lying,Charlotte,small
1785663190.369163,3294254,0.1406,0.0015,-0.9976,4.4556,1.2207,0.0,lying,Charlotte,small
1785663191.2846842,3298701,0.1416,0.002,-1.0054,4.3335,1.1597,-0.061,lying,Charlotte,small
1785663191.284697,3298751,0.1387,-0.0015,-1.0005,4.6387,1.0986,-0.2441,lying,Charlotte,small
1785663191.2847025,3298801,0.1392,-0.0029,-0.999,4.6387,1.0986,0.061,lying,Charlotte,small
1785663191.2847073,3298851,0.1411,-0.0029,-1.002,4.4556,1.0376,-0.061,lying,Charlotte,small
1785663191.2847111,3298901,0.1401,-0.0039,-0.9976,4.5166,1.0986,-0.3662,lying,Charlotte,small
1785663191.284715,3298951,0.1411,-0.0005,-1.0049,4.5776,1.2817,0.0,lying,Charlotte,small
1785663191.2847195,3299001,0.1431,-0.0039,-1.0005,4.6387,1.0986,-0.1831,lying,Charlotte,small
1785663191.2847235,3299051,0.1367,-0.002,-0.999,4.3945,1.2207,0.1221,lying,Charlotte,small
1785663191.2847273,3299101,0.1392,-0.0034,-0.9917,4.4556,1.0986,-0.4272,lying,Charlotte,small
1785663191.284731,3299151,0.1387,-0.0054,-1.0063,4.4556,1.0986,-0.1831,lying,Charlotte,small
1785663195.099282,3299864,0.1392,-0.0078,-1.001,4.3945,1.2207,0.0,lying,Charlotte,small
1785663195.0992944,3299914,0.1431,-0.0039,-1.0039,4.5166,1.2207,-0.061,lying,Charlotte,small
1785663195.0993,3299964,0.1426,-0.0029,-1.0063,4.3335,0.9155,-0.1831,lying,Charlotte,small
1785663195.0993047,3300014,0.1406,-0.0083,-1.0063,4.5166,1.2817,0.061,lying,Charlotte,small
1785663195.0993085,3300064,0.1426,-0.0063,-1.0059,4.5166,1.3428,0.0,lying,Charlotte,small
1785663195.099312,3300114,0.1401,-0.0039,-1.0049,4.0894,1.1597,-0.1221,lying,Charlotte,small
1785663195.0993161,3300164,0.1401,-0.0005,-0.9976,4.3945,1.2207,-0.2441,lying,Charlotte,small
1785663195.0993204,3300214,0.1401,-0.0034,-0.9956,4.6387,1.1597,0.1221,lying,Charlotte,small
1785663195.0993242,3300264,0.1406,0.0078,-1.002,4.4556,0.8545,-0.1831,lying,Charlotte,small
1785663195.099328,3300314,0.1362,0.0024,-1.0015,4.4556,1.1597,-0.1831,lying,Charlotte,small
1785663198.616452,3303393,0.1431,-0.0073,-1.0063,4.3335,0.9155,-0.1221,lying,Charlotte,small
1785663198.6164632,3303443,0.1362,0.0015,-1.0,4.4556,1.4648,-0.2441,lying,Charlotte,small
1785663198.6164675,3303493,0.1416,-0.0063,-1.002,4.5166,1.1597,-0.2441,lying,Charlotte,small
1785663198.616471,3303543,0.1392,0.0,-0.9932,4.3945,1.0986,-0.3052,lying,Charlotte,small
1785663198.6164744,3303593,0.1406,0.0,-1.0044,4.3335,1.1597,-0.061,lying,Charlotte,small
1785663198.6164775,3303643,0.146,-0.0015,-1.0029,4.0894,1.0376,-0.1221,lying,Charlotte,small
1785663198.6164808,3303693,0.1421,-0.0015,-1.0005,4.6387,1.0376,-0.3662,lying,Charlotte,small
1785663198.616484,3303743,0.1401,-0.002,-1.0063,4.5166,1.1597,-0.3662,lying,Charlotte,small
1785663198.616487,3303793,0.1416,-0.001,-1.0,4.3335,1.1597,-0.2441,lying,Charlotte,small
1785663198.61649,3303843,0.1387,-0.0015,-1.001,4.5166,1.2207,0.1221,lying,Charlotte,small
1785663202.0002334,3308885,0.1426,-0.0059,-1.0034,4.3945,1.3428,-0.061,lying,Charlotte,small
1785663202.0002475,3308935,0.1382,-0.0029,-1.0024,4.3335,1.0986,-0.061,lying,Charlotte,small
1785663202.0002527,3308985,0.1396,0.001,-0.9966,4.3335,0.9766,-0.061,lying,Charlotte,small
1785663202.000257,3309035,0.1396,-0.0063,-0.9966,4.3945,1.4648,-0.061,lying,Charlotte,small
1785663202.0002608,3309085,0.1392,0.0,-1.0024,4.4556,0.9766,0.1221,lying,Charlotte,small
1785663202.000265,3309135,0.1406,-0.002,-0.9946,4.5776,1.0986,-0.3662,lying,Charlotte,small
1785663202.0002694,3309185,0.1411,-0.0015,-0.9956,4.2114,1.0376,-0.1221,lying,Charlotte,small
1785663202.0002732,3309235,0.1416,-0.0029,-0.998,4.0894,1.2817,-0.2441,lying,Charlotte,small
1785663202.000277,3309285,0.1416,-0.0044,-1.0005,4.3335,0.9766,-0.1831,lying,Charlotte,small
1785663202.0002809,3309335,0.1416,-0.0039,-1.0015,4.5166,1.0986,-0.2441,lying,Charlotte,small
1785663205.084758,3310291,0.1382,0.0005,-1.0054,4.4556,1.0376,-0.1831,lying,Charlotte,small
1785663205.0847692,3310341,0.1411,-0.0015,-1.0,4.2725,1.1597,-0.1831,lying,Charlotte,small
1785663205.0847738,3310391,0.1377,-0.0005,-1.0005,4.3335,0.9766,0.0,lying,Charlotte,small
1785663205.0847778,3310441,0.1406,0.0,-1.0063,4.4556,1.0376,-0.061,lying,Charlotte,small
1785663205.0847821,3310491,0.1396,-0.0039,-0.9946,4.3335,1.3428,0.1831,lying,Charlotte,small
1785663205.0847874,3310541,0.1421,-0.0034,-1.002,4.5166,1.0376,0.0,lying,Charlotte,small
1785663205.0847926,3310591,0.1396,0.0005,-1.0015,4.5776,1.0376,0.0,lying,Charlotte,small
1785663205.084797,3310641,0.1406,-0.0063,-1.0054,4.5776,1.1597,-0.061,lying,Charlotte,small
1785663205.0848,3310691,0.1392,-0.0044,-0.9956,4.5776,1.2817,-0.1221,lying,Charlotte,small
1785663205.084803,3310741,0.1387,0.0005,-1.001,4.5166,1.3428,-0.1831,lying,Charlotte,small
1785663208.570757,3313385,0.1411,-0.002,-0.9976,4.6387,1.2817,-0.1221,lying,Charlotte,small
1785663208.5707688,3313435,0.1387,-0.0034,-1.001,4.2725,1.2207,-0.1831,lying,Charlotte,small
1785663208.5707743,3313485,0.1406,-0.0049,-1.0034,4.3945,1.4038,-0.061,lying,Charlotte,small
1785663208.5707786,3313535,0.1411,0.001,-1.0107,4.4556,1.2207,-0.061,lying,Charlotte,small
1785663208.5707827,3313585,0.1436,-0.002,-1.0015,4.5166,1.2207,-0.061,lying,Charlotte,small
1785663208.5707865,3313635,0.1387,-0.0024,-1.0039,4.4556,1.2817,0.061,lying,Charlotte,small
1785663208.5707908,3313685,0.1396,-0.0039,-1.0005,4.6997,1.2207,0.0,lying,Charlotte,small
1785663208.5707948,3313735,0.1411,0.0,-1.0024,4.3945,1.2207,-0.2441,lying,Charlotte,small
1785663208.5707984,3313785,0.1362,-0.0054,-1.0049,4.5776,1.2207,-0.061,lying,Charlotte,small
1785663208.5708022,3313835,0.1401,-0.0015,-0.9971,4.4556,1.3428,-0.061,lying,Charlotte,small
1785663209.0936487,3316862,0.1392,0.0015,-0.9995,4.5776,1.2817,-0.3662,lying,Charlotte,small
1785663209.093657,3316912,0.1367,0.002,-1.0039,4.5166,1.0986,-0.061,lying,Charlotte,small
1785663209.093661,3316962,0.1401,-0.001,-1.0024,4.2114,1.1597,0.2441,lying,Charlotte,small
1785663209.0936651,3317012,0.1416,-0.0005,-1.0015,4.5166,1.2207,0.061,lying,Charlotte,small
1785663209.093668,3317062,0.1426,-0.0015,-1.0034,4.2114,1.0986,0.3052,lying,Charlotte,small
1785663209.0936713,3317112,0.1416,-0.0063,-1.002,4.5166,1.1597,-0.1221,lying,Charlotte,small
1785663209.0936747,3317162,0.1426,-0.0029,-0.9971,4.3945,1.4038,0.0,lying,Charlotte,small
1785663209.0936778,3317212,0.1387,0.0,-0.9985,4.1504,1.1597,-0.3052,lying,Charlotte,small
1785663209.0936806,3317262,0.1416,-0.0098,-1.0039,4.4556,1.2817,-0.2441,lying,Charlotte,small
1785663209.0936837,3317312,0.1431,-0.002,-1.0024,4.5776,0.9766,0.3052,lying,Charlotte,small
1785663212.1329398,3317388,0.1382,0.0049,-0.9951,4.3335,1.1597,-0.2441,lying,Charlotte,small
1785663212.1329498,3317438,0.1353,0.001,-0.999,4.1504,1.1597,0.0,lying,Charlotte,small
1785663212.1329553,3317488,0.1357,-0.0054,-0.9971,4.0894,1.1597,0.1831,lying,Charlotte,small
1785663212.13296,3317538,0.1436,-0.0054,-0.9985,4.6997,1.2207,-0.1221,lying,Charlotte,small
1785663212.1329641,3317588,0.1387,-0.0005,-0.999,4.4556,1.0376,-0.061,lying,Charlotte,small
1785663212.132968,3317638,0.1377,-0.0034,-1.002,4.2114,1.1597,-0.1221,lying,Charlotte,small
1785663212.132972,3317688,0.1416,-0.0034,-1.0005,4.3945,1.1597,-0.061,lying,Charlotte,small
1785663212.1329756,3317738,0.1426,-0.002,-1.0,4.4556,1.2817,0.1221,lying,Charlotte,small
1785663212.1329792,3317788,0.1406,-0.0039,-1.0034,4.4556,1.4038,-0.3052,lying,Charlotte,small
1785663212.1329832,3317838,0.1416,-0.0039,-0.9985,4.5776,1.0986,0.0,lying,Charlotte,small
1785663213.0628638,3320488,0.1406,-0.001,-1.0,4.3945,1.0986,-0.1831,lying,Charlotte,small
1785663213.0628772,3320538,0.1377,0.0,-1.0005,4.4556,1.2207,-0.4272,lying,Charlotte,small
1785663213.0628831,3320588,0.1416,-0.0039,-1.002,4.3335,1.2817,-0.061,lying,Charlotte,small
1785663213.0628874,3320638,0.1411,0.0039,-0.998,4.4556,0.9155,-0.1831,lying,Charlotte,small
1785663213.0628915,3320688,0.1406,0.0,-1.0005,4.2114,1.0986,0.1221,lying,Charlotte,small
1785663213.062895,3320738,0.1396,-0.0024,-1.0015,4.3945,1.2817,-0.2441,lying,Charlotte,small
1785663213.062899,3320788,0.1406,0.0005,-1.002,4.3335,1.0376,0.061,lying,Charlotte,small
1785663213.062903,3320838,0.1362,0.001,-0.9995,4.3335,1.0376,-0.1831,lying,Charlotte,small
1785663213.062907,3320888,0.1338,-0.0015,-0.9888,4.3945,1.3428,-0.2441,lying,Charlotte,small
1785663213.062911,3320938,0.1406,-0.0068,-1.0063,4.4556,1.2817,-0.061,lying,Charlotte,small
1785663213.5823321,3321356,0.1392,0.0,-0.9985,4.4556,1.0986,-0.1221,lying,Charlotte,small
1785663213.5823665,3321406,0.1411,-0.0073,-1.001,4.3945,1.2207,-0.3662,lying,Charlotte,small
1785663213.582372,3321456,0.1421,-0.0029,-1.0049,4.3945,1.0986,0.0,lying,Charlotte,small
1785663213.5823762,3321506,0.144,-0.0034,-1.0059,4.4556,1.1597,-0.2441,lying,Charlotte,small
1785663213.5823803,3321556,0.1377,-0.0034,-1.0,4.5776,1.0986,0.2441,lying,Charlotte,small
1785663213.582384,3321606,0.1416,-0.0073,-1.0044,4.3945,1.2207,-0.2441,lying,Charlotte,small
1785663213.5823882,3321656,0.1401,0.0015,-1.0,4.5776,1.2207,0.061,lying,Charlotte,small
1785663213.5823922,3321706,0.1392,0.0,-0.9971,4.2725,1.0376,-0.2441,lying,Charlotte,small
1785663213.5823965,3321756,0.1396,-0.001,-0.9985,4.2114,1.1597,-0.2441,lying,Charlotte,small
1785663213.5824003,3321806,0.1416,-0.0024,-0.9922,4.2725,1.1597,-0.1831,lying,Charlotte,small
1785663214.0994036,3321868,0.1377,-0.0034,-0.9971,4.3335,1.1597,-0.1221,lying,Charlotte,small
1785663214.0994139,3321918,0.1357,-0.0044,-0.998,4.3335,1.2207,-0.2441,lying,Charlotte,small
1785663214.0994189,3321968,0.1411,-0.0005,-1.0068,4.4556,1.2207,-0.061,lying,Charlotte,small
1785663214.0994236,3322018,0.1387,-0.0024,-0.9966,4.5776,1.0986,-0.3662,lying,Charlotte,small
1785663214.0994282,3322068,0.1421,-0.001,-0.999,4.4556,1.0376,-0.061,lying,Charlotte,small
1785663214.0994322,3322118,0.1392,-0.0029,-0.9971,4.3945,0.8545,-0.3052,lying,Charlotte,small
1785663214.099436,3322168,0.1411,0.0005,-1.0024,4.4556,1.2817,-0.1831,lying,Charlotte,small
1785663214.0994399,3322218,0.1406,-0.0029,-0.999,4.4556,1.2817,-0.061,lying,Charlotte,small
1785663214.0994434,3322268,0.1377,-0.002,-1.0034,4.4556,1.2817,-0.2441,lying,Charlotte,small
1785663214.099447,3322318,0.1372,0.002,-1.0059,4.2725,1.2817,-0.061,lying,Charlotte,small
1785663217.071995,3322387,0.1401,-0.002,-0.998,4.5166,1.0986,-0.061,lying,Charlotte,small
1785663217.0720072,3322437,0.1377,-0.001,-0.998,4.5166,1.0986,0.0,lying,Charlotte,small
1785663217.072013,3322487,0.1416,-0.0024,-1.0029,4.4556,1.0376,-0.1221,lying,Charlotte,small
1785663217.0720174,3322537,0.1416,-0.0068,-1.0005,4.6387,1.3428,-0.061,lying,Charlotte,small
1785663217.0720215,3322587,0.144,-0.0024,-0.9961,4.3335,0.9155,0.061,lying,Charlotte,small
1785663217.0720253,3322637,0.1421,-0.0068,-1.0088,4.5166,1.0376,-0.061,lying,Charlotte,small
1785663217.0720294,3322687,0.1401,-0.0063,-1.0005,4.2725,1.4038,-0.061,lying,Charlotte,small
1785663217.0720332,3322737,0.1401,-0.0083,-0.9995,4.4556,1.2207,-0.2441,lying,Charlotte,small
1785663217.072037,3322787,0.1362,-0.002,-1.0005,4.3945,1.0376,-0.061,lying,Charlotte,small
1785663217.0720406,3322837,0.1416,-0.0049,-1.0,4.3335,1.1597,-0.3662,lying,Charlotte,small
1785663217.5989013,3325360,0.1426,0.0029,-1.001,4.2114,1.2817,-0.061,lying,Charlotte,small
1785663217.5989115,3325410,0.1377,0.0005,-1.0044,4.5166,1.2207,-0.1831,lying,Charlotte,small
1785663217.5989175,3325460,0.1357,-0.001,-1.0049,4.4556,1.0376,0.1221,lying,Charlotte,small
1785663217.5989223,3325510,0.144,-0.0044,-1.0034,4.3945,1.4038,-0.3052,lying,Charlotte,small
1785663217.598926,3325560,0.1406,-0.001,-0.9995,4.4556,1.2817,-0.061,lying,Charlotte,small
1785663217.59893,3325610,0.1406,0.001,-0.9951,4.6387,1.2207,0.0,lying,Charlotte,small
1785663217.598934,3325660,0.1367,-0.001,-0.998,4.4556,1.2207,-0.3052,lying,Charlotte,small
1785663217.5989382,3325710,0.1396,-0.002,-1.0029,4.3945,1.2817,-0.2441,lying,Charlotte,small
1785663217.5989418,3325760,0.1445,-0.0107,-0.9932,4.4556,0.9766,0.0,lying,Charlotte,small
1785663217.5989454,3325810,0.1396,-0.001,-1.0054,4.3945,1.1597,-0.061,lying,Charlotte,small
1785663218.122237,3325891,0.1421,-0.0044,-0.9985,4.5776,1.0376,-0.1831,lying,Charlotte,small
1785663218.1222477,3325941,0.1426,-0.0029,-1.0024,4.3335,1.2207,-0.3052,lying,Charlotte,small
1785663218.1222534,3325991,0.1396,-0.0005,-1.001,4.5776,1.0376,0.061,lying,Charlotte,small
1785663218.1222582,3326041,0.1421,-0.002,-1.0,4.2114,1.0376,-0.1221,lying,Charlotte,small
1785663218.1222622,3326091,0.1367,-0.0049,-0.9966,4.4556,1.0986,-0.3052,lying,Charlotte,small
1785663218.122266,3326141,0.1411,0.0,-0.9971,4.3945,1.3428,-0.061,lying,Charlotte,small
1785663218.12227,3326191,0.1406,-0.0054,-1.001,4.2725,1.3428,-0.3662,lying,Charlotte,small
1785663218.1222737,3326241,0.1406,-0.0029,-1.001,4.6387,1.3428,0.0,lying,Charlotte,small
1785663218.1222773,3326291,0.1392,-0.001,-1.0029,4.5776,1.3428,-0.2441,lying,Charlotte,small
1785663218.1222813,3326341,0.1377,0.0,-1.0,4.4556,1.0986,-0.061,lying,Charlotte,small
1785663218.6464503,3326409,0.1392,-0.002,-0.9971,4.3335,1.2207,0.0,lying,Charlotte,small
1785663218.64646,3326459,0.1411,-0.0029,-0.999,4.4556,1.4648,0.1221,lying,Charlotte,small
1785663218.6464653,3326509,0.1421,-0.0015,-0.998,4.3945,1.0986,-0.3662,lying,Charlotte,small
1785663218.64647,3326559,0.1396,-0.0005,-0.9985,4.6387,0.9155,-0.2441,lying,Charlotte,small
1785663218.6464746,3326609,0.144,-0.0034,-1.0029,4.4556,1.2817,0.1221,lying,Charlotte,small
1785663218.6464784,3326659,0.1416,-0.0029,-1.0034,4.6387,1.1597,0.1221,lying,Charlotte,small
1785663218.6464822,3326709,0.1401,-0.0063,-0.999,4.2725,1.0376,-0.2441,lying,Charlotte,small
1785663218.646486,3326759,0.1416,0.0005,-1.0039,4.3335,1.2207,-0.1831,lying,Charlotte,small
1785663218.6464896,3326809,0.1411,-0.002,-1.002,4.3945,1.2207,-0.3052,lying,Charlotte,small
1785663218.6464932,3326859,0.1377,-0.0054,-0.999,4.3945,1.0986,-0.1221,lying,Charlotte,small
1785663219.538185,3326951,0.1406,-0.0034,-0.9966,4.2725,1.2207,0.2441,lying,Charlotte,small
1785663219.5382025,3327001,0.1372,-0.0024,-1.0029,4.3945,1.2207,-0.1831,lying,Charlotte,small
1785663219.538208,3327051,0.1416,0.001,-1.0054,4.5166,0.9766,0.061,lying,Charlotte,small
1785663219.5382128,3327101,0.1426,0.0029,-0.999,4.5166,1.0986,-0.1221,lying,Charlotte,small
1785663219.5382166,3327151,0.1387,0.0005,-1.0015,4.6387,1.0986,-0.1831,lying,Charlotte,small
1785663219.538221,3327201,0.1411,-0.0029,-1.0005,4.2114,1.1597,-0.1221,lying,Charlotte,small
1785663219.538225,3327251,0.1426,-0.0015,-1.002,4.2725,1.2817,0.0,lying,Charlotte,small
1785663219.5382288,3327301,0.1377,-0.0015,-0.9971,4.3945,1.3428,0.1831,lying,Charlotte,small
1785663219.5382328,3327351,0.1396,0.0044,-1.0054,4.5166,0.9155,-0.5493,lying,Charlotte,small
1785663219.538237,3327401,0.1406,-0.002,-0.9966,4.5166,1.1597,-0.1221,lying,Charlotte,small
1785663220.0661027,3327826,0.1431,0.0063,-0.9956,4.5166,1.4038,-0.1831,lying,Charlotte,small
1785663220.0661125,3327876,0.1377,-0.0029,-0.9995,4.2725,1.4038,-0.061,lying,Charlotte,small
1785663220.066118,3327926,0.1387,-0.0059,-1.0098,4.3945,1.0376,-0.061,lying,Charlotte,small
1785663220.0661232,3327976,0.1392,0.0005,-1.0015,4.5166,0.9155,-0.2441,lying,Charlotte,small
1785663220.0661273,3328026,0.1382,0.0054,-1.0,4.3945,0.9766,-0.4272,lying,Charlotte,small
1785663220.066131,3328076,0.1392,-0.0005,-1.0029,4.3945,1.1597,0.0,lying,Charlotte,small
1785663220.066135,3328126,0.1455,-0.0024,-1.0063,4.5166,1.1597,-0.1831,lying,Charlotte,small
1785663220.066139,3328176,0.1411,-0.001,-0.999,4.6387,1.0986,0.1831,lying,Charlotte,small
1785663220.066143,3328226,0.1396,0.0,-1.0039,4.3335,1.3428,0.061,lying,Charlotte,small
1785663220.0661466,3328276,0.1377,-0.0068,-1.0015,4.4556,1.4038,-0.1221,lying,Charlotte,small
1785663220.5778663,3328354,0.1431,-0.0044,-0.9966,4.6387,1.3428,-0.1831,lying,Charlotte,small
1785663220.5778766,3328404,0.1392,-0.0044,-0.998,4.6387,1.4038,0.0,lying,Charlotte,small
1785663220.5778813,3328454,0.1382,-0.0029,-1.0029,4.5166,1.2207,-0.2441,lying,Charlotte,small
1785663220.5778856,3328504,0.1348,0.0034,-0.998,4.6387,1.1597,0.0,lying,Charlotte,small
1785663220.5778894,3328554,0.1401,-0.0083,-1.002,4.4556,1.1597,-0.3052,lying,Charlotte,small
1785663220.5778933,3328604,0.144,-0.002,-1.0049,4.5166,1.0986,0.0,lying,Charlotte,small
1785663220.5778973,3328654,0.1406,-0.0005,-1.0039,4.5166,1.0376,-0.1221,lying,Charlotte,small
1785663220.5779016,3328704,0.1367,-0.0015,-1.0015,4.6387,1.2207,0.0,lying,Charlotte,small
1785663220.5779054,3328754,0.1431,0.0034,-1.0005,4.3335,1.0376,-0.1831,lying,Charlotte,small
1785663220.577909,3328804,0.1396,-0.001,-1.0005,4.3945,0.9766,-0.1221,lying,Charlotte,small
1785663221.140339,3328865,0.1372,-0.0034,-0.9961,4.5166,1.2817,-0.061,lying,Charlotte,small
1785663221.1403484,3328915,0.1377,-0.0044,-0.9946,4.3945,1.3428,-0.1221,lying,Charlotte,small
1785663221.1403534,3328965,0.1406,-0.0015,-0.9951,4.5776,1.1597,-0.1831,lying,Charlotte,small
1785663221.1403587,3329015,0.1426,-0.0024,-1.0024,4.4556,1.0986,0.061,lying,Charlotte,small
1785663221.1403627,3329065,0.1396,-0.0068,-1.0034,4.2725,1.0376,-0.1831,lying,Charlotte,small
1785663221.1403666,3329115,0.1406,-0.0054,-0.9995,4.5166,1.0376,-0.2441,lying,Charlotte,small
1785663221.1403706,3329165,0.1367,0.0024,-0.998,4.4556,1.2207,0.0,lying,Charlotte,small
1785663221.1403744,3329215,0.1431,-0.0049,-1.0068,4.3945,1.0986,-0.1221,lying,Charlotte,small
1785663221.1403785,3329265,0.1416,-0.001,-0.9976,4.4556,1.2817,0.061,lying,Charlotte,small
1785663221.1403823,3329315,0.1362,-0.0049,-0.9995,4.2725,1.0986,0.1221,lying,Charlotte,small
1785663221.6565728,3329430,0.1436,0.0005,-0.9961,4.6387,1.2207,-0.3052,lying,Charlotte,small
1785663221.656583,3329480,0.1382,0.001,-0.9985,4.3945,0.8545,-0.1221,lying,Charlotte,small
1785663221.6565886,3329530,0.1411,-0.0005,-0.9971,4.5166,1.3428,-0.1831,lying,Charlotte,small
1785663221.6565933,3329580,0.1431,-0.0054,-1.0024,4.4556,1.3428,-0.061,lying,Charlotte,small
1785663221.6565971,3329630,0.1411,-0.0054,-0.999,4.3335,1.0986,-0.1831,lying,Charlotte,small
1785663221.6566012,3329680,0.1392,0.0,-1.0,4.2725,1.1597,-0.1831,lying,Charlotte,small
1785663221.656605,3329730,0.1401,-0.002,-1.0024,4.2114,1.0376,-0.1221,lying,Charlotte,small
1785663221.656609,3329780,0.1392,0.002,-1.0005,4.4556,1.0376,-0.2441,lying,Charlotte,small
1785663221.6566126,3329830,0.1431,-0.0059,-1.0063,4.5166,1.3428,0.3052,lying,Charlotte,small
1785663221.6566162,3329880,0.1411,-0.0029,-1.001,4.2114,1.2817,-0.2441,lying,Charlotte,small
1785663227.5968904,3329943,0.1445,-0.0049,-1.0,4.3945,1.4038,-0.1831,lying,Charlotte,small
1785663227.5969028,3329993,0.1396,0.0049,-1.002,4.3945,1.3428,-0.1221,lying,Charlotte,small
1785663227.596908,3330043,0.1392,0.0005,-1.0029,4.2114,0.9155,-0.3662,lying,Charlotte,small
1785663227.5969129,3330093,0.1436,-0.002,-1.0044,4.3945,1.1597,-0.3052,lying,Charlotte,small
1785663227.5969172,3330143,0.1372,-0.0049,-1.001,4.5776,1.2817,-0.061,lying,Charlotte,small
1785663227.5969212,3330193,0.1372,-0.002,-0.9976,4.5166,1.2207,-0.1831,lying,Charlotte,small
1785663227.5969253,3330243,0.1392,-0.0034,-1.001,4.5166,1.0986,-0.1221,lying,Charlotte,small
1785663227.596929,3330293,0.1392,-0.0024,-1.0005,4.4556,1.0376,-0.061,lying,Charlotte,small
1785663227.5969326,3330343,0.1396,-0.0015,-0.9985,4.2114,1.1597,0.061,lying,Charlotte,small
1785663227.5969367,3330393,0.1416,-0.0039,-1.001,4.5166,1.0376,-0.1221,lying,Charlotte,small
1785663230.5732806,3335415,0.1411,0.0005,-1.002,4.5166,1.2817,0.0,lying,Charlotte,small
1785663230.573293,3335465,0.1431,-0.0063,-1.0078,4.6387,1.4648,0.1831,lying,Charlotte,small
1785663230.5732982,3335515,0.1392,-0.0059,-1.001,4.5776,1.1597,-0.1831,lying,Charlotte,small
1785663230.573303,3335565,0.1401,0.0029,-0.9995,4.5166,1.0376,0.1221,lying,Charlotte,small
1785663230.5733068,3335615,0.1416,-0.0005,-1.0029,4.3335,1.1597,-0.061,lying,Charlotte,small
1785663230.573311,3335665,0.1392,-0.0034,-0.9951,4.5776,1.0986,0.061,lying,Charlotte,small
1785663230.5733151,3335715,0.1406,0.0029,-1.0054,4.4556,1.0986,0.061,lying,Charlotte,small
1785663230.5733187,3335765,0.145,0.0015,-0.999,4.5776,1.0376,-0.4883,lying,Charlotte,small
1785663230.5733225,3335815,0.1445,0.0024,-1.002,4.2725,1.2207,-0.3662,lying,Charlotte,small
1785663230.5733266,3335865,0.1406,-0.0005,-0.999,4.5776,0.9766,-0.061,lying,Charlotte,small
1785663231.284192,3338864,0.1401,-0.0034,-1.0078,4.3335,1.1597,-0.061,lying,Charlotte,small
1785663231.2842045,3338914,0.1396,-0.002,-1.0005,4.2725,1.2207,-0.1221,lying,Charlotte,small
1785663231.28421,3338964,0.1392,-0.0015,-0.9971,4.3945,1.0986,-0.2441,lying,Charlotte,small
1785663231.2842147,3339014,0.1367,0.0,-0.9956,4.5776,1.2207,0.061,lying,Charlotte,small
1785663231.284219,3339064,0.1382,-0.0005,-1.002,4.5166,1.2817,0.061,lying,Charlotte,small
1785663231.284223,3339114,0.1367,-0.0049,-1.0015,4.3945,1.2817,-0.3052,lying,Charlotte,small
1785663231.2842274,3339164,0.1392,-0.0015,-1.0,4.5166,1.2207,0.061,lying,Charlotte,small
1785663231.284231,3339214,0.1411,0.0015,-0.9937,4.4556,1.0986,-0.2441,lying,Charlotte,small
1785663231.2842348,3339264,0.1387,-0.0005,-0.999,4.2725,1.1597,-0.1221,lying,Charlotte,small
1785663231.2842386,3339314,0.1377,-0.0034,-0.9951,4.2725,1.4038,-0.1221,lying,Charlotte,small
1785663235.285006,3339571,0.1392,0.0015,-0.9966,4.4556,1.0986,-0.4272,lying,Charlotte,small
1785663235.28502,3339621,0.1426,-0.0059,-1.0054,4.5776,1.0986,-0.061,lying,Charlotte,small
1785663235.2850254,3339671,0.1382,-0.0024,-1.001,4.5776,1.4038,0.061,lying,Charlotte,small
1785663235.28503,3339721,0.1387,0.0034,-1.0029,4.3335,1.2817,-0.2441,lying,Charlotte,small
1785663235.285034,3339771,0.1392,0.001,-1.0034,4.6387,1.2817,0.061,lying,Charlotte,small
1785663235.2850378,3339821,0.1372,0.0005,-0.9985,4.4556,0.9155,-0.1221,lying,Charlotte,small
1785663235.2850418,3339871,0.1436,-0.0005,-0.9946,4.5166,0.9766,-0.061,lying,Charlotte,small
1785663235.2850459,3339921,0.1436,-0.0015,-1.0,4.4556,1.0376,0.0,lying,Charlotte,small
1785663235.28505,3339971,0.1411,-0.0049,-1.0024,4.3335,1.4648,-0.1831,lying,Charlotte,small
1785663235.2850537,3340021,0.1401,0.002,-0.9961,4.6387,1.2817,0.061,lying,Charlotte,small
1785663236.1015997,3343572,0.1431,-0.0034,-0.998,4.6387,1.1597,0.1831,lying,Charlotte,small
1785663236.1016123,3343622,0.1392,0.0039,-1.001,4.4556,1.2817,0.061,lying,Charlotte,small
1785663236.101617,3343672,0.1431,-0.0088,-1.0054,4.2725,1.2207,-0.1831,lying,Charlotte,small
1785663236.1016219,3343722,0.146,-0.0068,-1.001,4.3335,1.1597,-0.3052,lying,Charlotte,small
1785663236.1016262,3343772,0.1421,-0.0034,-1.0063,4.3945,1.1597,-0.061,lying,Charlotte,small
1785663236.1016302,3343822,0.1426,-0.0039,-1.0029,4.3335,1.1597,-0.3052,lying,Charlotte,small
1785663236.1016345,3343872,0.1382,-0.0049,-0.9971,4.4556,1.0986,-0.3052,lying,Charlotte,small
1785663236.1016386,3343922,0.1392,-0.001,-1.0015,4.3335,1.0376,-0.1221,lying,Charlotte,small
1785663236.101643,3343972,0.1392,-0.0078,-1.0044,4.3335,1.3428,-0.3052,lying,Charlotte,small
1785663236.1016474,3344022,0.1396,-0.0054,-1.0029,4.5776,1.2817,-0.061,lying,Charlotte,small
1785663236.6212192,3344394,0.1382,-0.0088,-1.0063,4.5776,1.3428,-0.061,lying,Charlotte,small
1785663236.6212294,3344444,0.1382,0.0005,-0.998,4.3945,1.0986,0.061,lying,Charlotte,small
1785663236.6212347,3344494,0.1406,-0.0015,-1.0015,4.4556,1.1597,-0.2441,lying,Charlotte,small
1785663236.6212397,3344544,0.1396,-0.0024,-0.9995,4.6387,1.0376,0.1221,lying,Charlotte,small
1785663236.6212437,3344594,0.1401,-0.002,-0.998,4.3945,1.2207,-0.2441,lying,Charlotte,small
1785663236.6212475,3344644,0.1392,-0.002,-1.0068,4.5776,1.2817,0.0,lying,Charlotte,small
1785663236.6212516,3344694,0.1406,-0.002,-0.9956,4.3335,1.2207,-0.2441,lying,Charlotte,small
1785663236.6212554,3344744,0.1392,-0.0015,-1.0054,4.5166,1.2207,-0.3052,lying,Charlotte,small
1785663236.6212595,3344794,0.1436,-0.0005,-1.0,4.3945,1.0376,-0.061,lying,Charlotte,small
1785663236.621263,3344844,0.1445,-0.0044,-1.0059,4.6997,1.0986,-0.2441,lying,Charlotte,small
1785663237.1311164,3344906,0.1362,-0.002,-1.0083,4.6387,1.4648,0.1221,lying,Charlotte,small
1785663237.131126,3344956,0.1406,-0.0029,-0.999,4.5166,1.2207,0.3052,lying,Charlotte,small
1785663237.131131,3345006,0.1416,-0.0015,-0.998,4.3335,1.0986,-0.5493,lying,Charlotte,small
1785663237.1311355,3345056,0.1406,-0.0049,-0.9971,4.5166,1.1597,-0.3052,lying,Charlotte,small
1785663237.1311395,3345106,0.1382,-0.0034,-1.0,4.2114,1.0376,-0.1221,lying,Charlotte,small
1785663237.1311433,3345156,0.1372,-0.0024,-1.0063,4.4556,1.3428,0.1221,lying,Charlotte,small
1785663237.1311476,3345206,0.1421,-0.0024,-1.0039,4.3945,1.1597,-0.3052,lying,Charlotte,small
1785663237.1311512,3345256,0.1367,-0.0015,-0.9917,4.3335,1.0376,-0.3662,lying,Charlotte,small
1785663237.131155,3345306,0.1445,-0.0034,-1.002,4.5166,1.0986,0.0,lying,Charlotte,small
1785663237.1311586,3345356,0.1411,0.0029,-1.0,4.2725,1.0986,-0.2441,lying,Charlotte,small
1785663240.5775995,3345418,0.1396,0.0,-1.0034,4.5166,1.2207,-0.2441,lying,Charlotte,small
1785663240.5776114,3345468,0.1421,-0.0078,-1.0029,4.4556,1.2817,-0.1831,lying,Charlotte,small
1785663240.577617,3345518,0.1416,0.0039,-1.002,4.5776,0.9766,-0.3662,lying,Charlotte,small
1785663240.5776215,3345568,0.1392,-0.0015,-1.0,4.2725,1.1597,-0.2441,lying,Charlotte,small
1785663240.5776255,3345618,0.1392,-0.0005,-1.0039,4.5166,1.2817,-0.3052,lying,Charlotte,small
1785663240.57763,3345668,0.1382,-0.0039,-0.998,4.4556,1.3428,-0.1221,lying,Charlotte,small
1785663240.577634,3345718,0.1382,-0.0024,-0.9995,4.3335,1.2817,0.1221,lying,Charlotte,small
1785663240.577638,3345768,0.1392,-0.0034,-1.0034,4.4556,1.0986,-0.2441,lying,Charlotte,small
1785663240.5776415,3345818,0.1392,-0.0049,-1.001,4.3335,1.3428,-0.3052,lying,Charlotte,small
1785663240.5776453,3345868,0.1416,0.0039,-0.9961,4.4556,0.9155,-0.2441,lying,Charlotte,small
1785663242.9603963,3348866,0.1353,0.0024,-0.9995,4.3945,1.2817,0.061,lying,Charlotte,small
1785663242.9604118,3348916,0.1416,0.0,-1.0024,4.5776,1.1597,-0.1831,lying,Charlotte,small
1785663242.9604173,3348966,0.1406,0.0,-0.998,4.2725,1.3428,0.0,lying,Charlotte,small
1785663242.9604213,3349016,0.1431,-0.0029,-1.0,4.6387,1.2207,-0.3662,lying,Charlotte,small
1785663242.9604254,3349066,0.1396,-0.0015,-1.0,4.5776,1.3428,0.0,lying,Charlotte,small
1785663242.9604294,3349116,0.1387,-0.0034,-0.9995,4.6997,1.1597,-0.3052,lying,Charlotte,small
1785663242.9604332,3349166,0.1396,-0.0044,-0.9956,4.3945,1.1597,-0.2441,lying,Charlotte,small
1785663242.960437,3349216,0.1436,-0.0005,-1.002,4.2725,1.2207,-0.061,lying,Charlotte,small
1785663242.9604409,3349266,0.1406,-0.002,-1.002,4.4556,1.1597,-0.1831,lying,Charlotte,small
1785663242.9604445,3349316,0.1377,-0.002,-1.0024,4.5166,1.0376,0.061,lying,Charlotte,small
1785663243.4788268,3351244,0.1401,-0.001,-0.999,4.4556,1.1597,-0.4272,lying,Charlotte,small
1785663243.478837,3351294,0.1362,-0.0024,-0.9976,4.3335,1.1597,0.0,lying,Charlotte,small
1785663243.478842,3351344,0.1396,-0.0049,-1.0,4.3335,1.0376,-0.2441,lying,Charlotte,small
1785663243.4788465,3351394,0.1401,-0.0034,-0.9976,4.4556,1.2817,-0.061,lying,Charlotte,small
1785663243.4788506,3351444,0.1377,0.002,-0.999,4.7607,1.2817,-0.1221,lying,Charlotte,small
1785663243.4788544,3351494,0.1406,-0.0015,-1.0039,4.4556,1.0986,-0.3662,lying,Charlotte,small
1785663243.4788585,3351544,0.1396,-0.002,-1.0,4.2114,1.2207,0.0,lying,Charlotte,small
1785663243.478862,3351594,0.1411,-0.0029,-0.9985,4.6387,1.1597,-0.2441,lying,Charlotte,small
1785663243.4788659,3351644,0.1421,-0.0029,-0.9995,4.3945,1.2207,-0.061,lying,Charlotte,small
1785663243.4788694,3351694,0.1396,-0.0054,-0.999,4.5166,1.0376,-0.2441,lying,Charlotte,small
1785663269.9837008,3369451,0.1401,-0.0029,-1.0015,4.3335,1.2207,-0.2441,lying,Charlotte,small
1785663269.9837143,3369501,0.1401,-0.0044,-1.0015,4.4556,1.0986,-0.1221,lying,Charlotte,small
1785663269.9837196,3369551,0.1392,-0.0015,-0.9917,4.5166,1.2817,-0.3662,lying,Charlotte,small
1785663269.983724,3369601,0.1406,-0.0039,-1.0054,4.5166,1.0986,0.0,lying,Charlotte,small
1785663269.9837282,3369651,0.1416,0.0015,-1.002,4.4556,1.1597,0.0,lying,Charlotte,small
1785663269.9837322,3369701,0.1416,-0.0044,-0.9966,4.5776,1.2817,0.061,lying,Charlotte,small
1785663269.9837363,3369751,0.1411,-0.0015,-0.9995,4.3945,1.1597,-0.1221,lying,Charlotte,small
1785663269.9837399,3369801,0.1426,-0.002,-1.0,4.3945,1.0986,-0.2441,lying,Charlotte,small
1785663269.9837437,3369851,0.1377,0.0005,-1.0029,4.5776,1.0986,-0.3662,lying,Charlotte,small
1785663269.9837475,3369901,0.1401,-0.0005,-1.002,4.5166,1.0986,-0.2441,lying,Charlotte,small
1785663299.7219188,3379562,0.1392,-0.0073,-1.0044,4.3335,0.9766,0.0,lying,Charlotte,small
1785663299.7219312,3379612,0.1426,-0.0039,-1.0029,4.2114,1.2207,-0.1221,lying,Charlotte,small
1785663299.7219367,3379662,0.1411,-0.0059,-0.9985,4.4556,1.0986,-0.1831,lying,Charlotte,small
1785663299.7219408,3379712,0.1406,-0.0024,-1.0,4.5166,1.3428,-0.1221,lying,Charlotte,small
1785663299.7219446,3379762,0.1406,-0.0063,-0.9976,4.3335,1.2207,-0.4272,lying,Charlotte,small
1785663299.7219484,3379812,0.1406,-0.0015,-0.999,4.4556,0.8545,0.0,lying,Charlotte,small
1785663299.7219524,3379862,0.1392,-0.0054,-0.999,4.5166,1.2817,-0.1221,lying,Charlotte,small
1785663299.7219565,3379912,0.1382,-0.0039,-0.9966,4.4556,0.8545,-0.1831,lying,Charlotte,small
1785663299.7219605,3379962,0.1426,-0.0024,-1.0083,4.6387,1.2207,0.061,lying,Charlotte,small
1785663299.7219644,3380012,0.1431,-0.0029,-1.0049,4.2725,1.2207,-0.1221,lying,Charlotte,small
1785663312.9053159,3420198,0.1396,-0.0034,-0.9966,4.5776,1.1597,-0.4272,lying,Charlotte,small
1785663312.905326,3420248,0.1406,-0.001,-0.9951,4.3945,1.2207,0.0,lying,Charlotte,small
1785663312.9053316,3420298,0.1377,-0.0024,-0.9961,4.5166,1.0986,-0.2441,lying,Charlotte,small
1785663312.9053364,3420348,0.1426,-0.0039,-1.001,4.6387,1.1597,-0.4272,lying,Charlotte,small
1785663312.9053404,3420398,0.1431,-0.0034,-1.0034,4.3945,1.2817,-0.1831,lying,Charlotte,small
1785663312.9053442,3420448,0.1377,-0.0005,-0.998,4.4556,0.9766,-0.3662,lying,Charlotte,small
1785663312.9053485,3420498,0.1401,-0.002,-0.9946,4.3335,1.1597,-0.2441,lying,Charlotte,small
1785663312.905352,3420548,0.1431,-0.0029,-1.0098,4.2725,1.2817,-0.3052,lying,Charlotte,small
1785663312.905356,3420598,0.1421,-0.0049,-1.0015,4.4556,1.0376,-0.3662,lying,Charlotte,small
1785663312.90536,3420648,0.1401,-0.0015,-0.999,4.3945,1.2207,-0.3052,lying,Charlotte,small
1785663313.430021,3421186,0.1387,-0.001,-1.002,4.3335,1.1597,0.0,lying,Charlotte,small
1785663313.430031,3421236,0.1445,-0.0063,-0.9966,4.3335,1.1597,-0.061,lying,Charlotte,small
1785663313.4300368,3421286,0.1382,-0.0029,-1.0015,4.3335,1.2817,-0.3052,lying,Charlotte,small
1785663313.430042,3421336,0.1401,-0.0063,-0.9971,4.2725,1.3428,0.0,lying,Charlotte,small
1785663313.4300458,3421386,0.1406,-0.0073,-0.9966,4.6997,1.1597,-0.3052,lying,Charlotte,small
1785663313.43005,3421436,0.1426,-0.0029,-0.999,4.6997,1.0986,0.061,lying,Charlotte,small
1785663313.430054,3421486,0.1353,0.001,-0.9966,4.3335,0.9155,-0.3052,lying,Charlotte,small
1785663313.4300578,3421536,0.1445,-0.0044,-1.0063,4.4556,1.2207,-0.6104,lying,Charlotte,small
1785663313.4300616,3421586,0.1367,0.0034,-0.9951,4.2725,1.0986,-0.5493,lying,Charlotte,small
1785663313.4300654,3421636,0.1411,-0.0054,-0.998,4.5166,1.2817,-0.1831,lying,Charlotte,small
1785663313.9589796,3421717,0.1367,-0.0005,-1.0024,4.0894,1.1597,-0.2441,lying,Charlotte,small
1785663313.9589899,3421767,0.1406,0.0,-0.9976,4.3945,0.9155,0.0,lying,Charlotte,small
1785663313.9589944,3421817,0.1392,-0.0063,-1.001,4.4556,0.9766,-0.3052,lying,Charlotte,small
1785663313.9589992,3421867,0.1416,-0.002,-1.0034,4.6387,1.2817,-0.2441,lying,Charlotte,small
1785663313.9590032,3421917,0.1421,-0.0078,-0.9995,4.2114,1.0376,0.2441,lying,Charlotte,small
1785663313.959007,3421967,0.1348,-0.0044,-1.0049,4.2114,1.2817,-0.3052,lying,Charlotte,small
1785663313.9590106,3422017,0.1392,-0.0054,-0.998,4.3945,1.3428,0.2441,lying,Charlotte,small
1785663313.959015,3422067,0.1406,-0.0039,-1.0044,4.5166,1.0376,-0.1831,lying,Charlotte,small
1785663313.9590187,3422117,0.1362,-0.002,-0.9995,4.5776,1.4038,-0.1831,lying,Charlotte,small
1785663313.9590225,3422167,0.1372,0.002,-0.9966,4.5166,1.2207,-0.3052,lying,Charlotte,small
1785663314.9456522,3422239,0.1421,-0.0034,-1.0039,4.2725,1.1597,-0.1831,lying,Charlotte,small
1785663314.945665,3422289,0.1421,-0.0024,-1.0063,4.3335,1.1597,-0.061,lying,Charlotte,small
1785663314.94567,3422339,0.1396,-0.0015,-1.0044,4.3945,1.0376,-0.3662,lying,Charlotte,small
1785663314.9456747,3422389,0.1387,-0.0005,-1.0039,4.5166,1.1597,0.061,lying,Charlotte,small
1785663314.945679,3422439,0.1406,-0.0029,-1.002,4.4556,1.3428,-0.1221,lying,Charlotte,small
1785663314.945683,3422489,0.1392,0.0015,-0.9966,4.2725,1.0376,-0.3052,lying,Charlotte,small
1785663314.9456873,3422539,0.1411,-0.002,-1.0034,4.1504,1.0986,0.0,lying,Charlotte,small
1785663314.945691,3422589,0.1416,-0.002,-1.0039,4.5776,1.1597,-0.1831,lying,Charlotte,small
1785663314.945695,3422639,0.1396,0.0005,-1.0005,4.3335,1.5259,0.061,lying,Charlotte,small
1785663314.945699,3422689,0.1426,-0.0034,-0.9971,4.5776,1.4038,-0.2441,lying,Charlotte,small
1785663315.66423,3423224,0.1401,-0.0039,-0.9995,4.5166,1.2817,0.1221,lying,Charlotte,small
1785663315.6642468,3423274,0.1372,0.0005,-1.002,4.3945,1.0986,-0.061,lying,Charlotte,small
1785663315.664252,3423324,0.1406,0.0,-1.0015,4.5166,1.4038,-0.1221,lying,Charlotte,small
1785663315.664257,3423374,0.1406,-0.0024,-1.0039,4.5166,1.3428,-0.2441,lying,Charlotte,small
1785663315.664261,3423424,0.1382,-0.0005,-0.9966,4.4556,1.1597,-0.1221,lying,Charlotte,small
1785663315.664265,3423474,0.1401,-0.0073,-1.0015,4.7607,1.2207,0.1221,lying,Charlotte,small
1785663315.6642687,3423524,0.1406,-0.0024,-1.002,4.8218,1.4038,0.061,lying,Charlotte,small
1785663315.6642725,3423574,0.1392,-0.0024,-1.0024,4.5166,1.1597,-0.1831,lying,Charlotte,small
1785663315.6642761,3423624,0.1416,-0.0049,-1.0005,4.4556,1.2817,-0.061,lying,Charlotte,small
1785663315.6642804,3423674,0.1406,-0.0039,-1.002,4.5166,1.2817,-0.061,lying,Charlotte,small
1785663317.9213433,3423947,0.1392,-0.0024,-0.9985,4.3335,1.1597,0.0,lying,Charlotte,small
1785663317.9213583,3423997,0.1367,0.0,-1.0015,4.5776,1.2207,-0.1831,lying,Charlotte,small
1785663317.9213643,3424047,0.1416,-0.0044,-1.0039,4.4556,1.1597,-0.3052,lying,Charlotte,small
1785663317.921369,3424097,0.1411,-0.0049,-1.001,4.3945,1.1597,-0.1221,lying,Charlotte,small
1785663317.921373,3424147,0.1392,-0.002,-0.9971,4.5776,1.2207,-0.061,lying,Charlotte,small
1785663317.9213767,3424197,0.1416,0.0,-1.0068,4.3945,1.2817,0.0,lying,Charlotte,small
1785663317.92138,3424247,0.1401,0.0015,-1.0073,4.2725,1.1597,-0.061,lying,Charlotte,small
1785663317.9213843,3424297,0.1426,-0.0049,-1.0049,4.4556,1.0376,0.061,lying,Charlotte,small
1785663317.9213884,3424347,0.1421,-0.0044,-0.999,4.5776,1.3428,-0.3662,lying,Charlotte,small
1785663317.9213924,3424397,0.1406,-0.0029,-0.9951,4.3335,1.2207,-0.1831,lying,Charlotte,small
1785663318.4427533,3426207,0.1396,-0.0034,-1.0,4.5776,1.0376,-0.1221,lying,Charlotte,small
1785663318.442764,3426257,0.1421,-0.0005,-0.9971,4.3945,1.1597,0.061,lying,Charlotte,small
1785663318.442769,3426307,0.1396,-0.002,-0.9961,4.5166,1.0376,-0.1221,lying,Charlotte,small
1785663318.4427736,3426357,0.1401,-0.0034,-0.9976,4.4556,1.2207,0.1221,lying,Charlotte,small
1785663318.4427776,3426407,0.1426,-0.0005,-1.0005,4.3945,1.3428,0.0,lying,Charlotte,small
1785663318.4427817,3426457,0.144,0.0015,-1.0029,4.4556,1.2207,-0.3662,lying,Charlotte,small
1785663318.4427857,3426507,0.1387,-0.0034,-1.0039,4.3335,1.0376,-0.5493,lying,Charlotte,small
1785663318.4427898,3426557,0.1382,-0.002,-1.002,4.2114,1.0376,-0.1221,lying,Charlotte,small
1785663318.4427938,3426607,0.1377,-0.0005,-1.0024,4.3945,0.9766,0.0,lying,Charlotte,small
1785663318.4427974,3426657,0.1421,-0.0024,-1.0054,4.3945,1.1597,-0.3052,lying,Charlotte,small
1785663319.1494665,3426730,0.1406,-0.0039,-0.9985,4.4556,1.1597,-0.2441,lying,Charlotte,small
1785663319.1494782,3426780,0.1421,-0.002,-1.001,4.3335,1.1597,-0.2441,lying,Charlotte,small
1785663319.1494832,3426830,0.1411,-0.0078,-1.0029,4.1504,1.2207,-0.1831,lying,Charlotte,small
1785663319.149488,3426880,0.1445,-0.0024,-1.0005,4.3945,1.0986,0.0,lying,Charlotte,small
1785663319.1494918,3426930,0.1401,-0.0059,-0.9946,4.3335,1.2207,-0.1221,lying,Charlotte,small
1785663319.1494958,3426980,0.1382,-0.002,-1.0034,4.3335,1.2207,0.061,lying,Charlotte,small
1785663319.1495,3427030,0.1421,-0.0034,-1.001,4.4556,1.0986,-0.3052,lying,Charlotte,small
1785663319.149504,3427080,0.1387,-0.0059,-1.0039,4.5166,1.2817,-0.061,lying,Charlotte,small
1785663319.1495075,3427130,0.1372,-0.0039,-1.0005,4.3335,1.1597,-0.1221,lying,Charlotte,small
1785663319.1495113,3427180,0.1372,-0.0005,-1.0005,4.2114,1.2207,-0.3052,lying,Charlotte,small
1785663327.644252,3432887,0.144,-0.0068,-1.0015,4.4556,1.2207,0.061,lying,Charlotte,small
1785663327.6442618,3432937,0.1426,-0.0078,-1.0024,4.5166,1.2207,-0.2441,lying,Charlotte,small
1785663327.6442676,3432987,0.1392,-0.0034,-0.9961,4.6387,1.1597,0.0,lying,Charlotte,small
1785663327.6442719,3433037,0.1367,-0.0029,-0.9995,4.5166,0.9766,0.061,lying,Charlotte,small
1785663327.644276,3433087,0.1392,-0.0034,-1.0024,4.3945,1.3428,0.0,lying,Charlotte,small
1785663327.6442795,3433137,0.1416,0.0005,-1.0063,4.3335,1.1597,-0.1221,lying,Charlotte,small
1785663327.644284,3433187,0.1401,-0.0034,-1.0059,4.3945,1.1597,-0.4272,lying,Charlotte,small
1785663327.6442878,3433237,0.1411,0.0,-0.9985,4.5776,1.2817,-0.1221,lying,Charlotte,small
1785663327.6442914,3433287,0.1421,-0.0034,-1.0078,4.5166,1.2207,-0.1831,lying,Charlotte,small
1785663327.644295,3433337,0.1406,-0.0024,-1.0005,4.6997,1.0986,0.0,lying,Charlotte,small
1785663328.3860002,3435930,0.1401,-0.0005,-0.9966,4.5776,1.2817,-0.061,lying,Charlotte,small
1785663328.3860078,3435980,0.1396,-0.001,-1.0044,4.5776,1.2817,0.0,lying,Charlotte,small
1785663328.3860118,3436030,0.1387,-0.0049,-1.0029,4.3945,1.2207,0.1221,lying,Charlotte,small
1785663328.3860154,3436080,0.1401,-0.0005,-0.9971,4.6997,1.4038,0.0,lying,Charlotte,small
1785663328.3860188,3436130,0.1362,0.0024,-1.0015,4.3945,1.2207,-0.2441,lying,Charlotte,small
1785663328.3860278,3436180,0.1421,-0.001,-1.0044,4.5166,1.0986,0.0,lying,Charlotte,small
1785663328.386031,3436230,0.1416,0.0005,-1.001,4.3945,1.2817,-0.4272,lying,Charlotte,small
1785663328.386034,3436280,0.144,-0.0068,-1.0015,4.2725,1.0376,0.1831,lying,Charlotte,small
1785663328.3860369,3436330,0.1455,0.001,-0.9956,4.5776,1.0376,-0.3662,lying,Charlotte,small
1785663328.38604,3436380,0.1406,-0.0039,-0.9971,4.3945,1.2817,0.1221,lying,Charlotte,small
1785663386.4644315,3490497,0.1411,-0.0039,-0.9985,4.5166,1.2207,-0.1831,lying,Charlotte,small
1785663386.4644423,3490547,0.1392,-0.001,-0.9961,4.4556,1.1597,-0.3662,lying,Charlotte,small
1785663386.4644475,3490597,0.1392,-0.002,-1.0083,4.3945,1.2207,-0.1831,lying,Charlotte,small
1785663386.4644518,3490647,0.145,-0.0034,-1.0015,4.3335,1.0376,-0.1831,lying,Charlotte,small
1785663386.4644556,3490697,0.1387,0.0,-1.0049,4.4556,1.2817,0.0,lying,Charlotte,small
1785663386.4644594,3490747,0.1353,-0.0029,-1.0005,4.5776,1.2817,0.0,lying,Charlotte,small
1785663386.464463,3490797,0.1411,-0.0049,-1.0015,4.5776,1.1597,-0.3052,lying,Charlotte,small
1785663386.4644673,3490847,0.1426,-0.0015,-0.999,4.4556,1.2207,-0.2441,lying,Charlotte,small
1785663386.4644713,3490897,0.1382,-0.002,-1.0005,4.6997,1.1597,0.0,lying,Charlotte,small
1785663386.4644754,3490947,0.1416,0.0015,-0.9961,4.3945,1.2207,-0.1221,lying,Charlotte,small
1785663387.1833375,3494752,0.1426,-0.0034,-1.001,4.3945,1.1597,-0.3662,lying,Charlotte,small
1785663387.1833477,3494802,0.1426,-0.0029,-1.0103,4.3945,1.1597,-0.1221,lying,Charlotte,small
1785663387.1833518,3494852,0.1382,-0.0024,-1.0039,4.6387,1.0986,-0.1221,lying,Charlotte,small
1785663387.1833553,3494902,0.1401,0.0015,-0.9951,4.4556,1.2207,-0.2441,lying,Charlotte,small
1785663387.1833587,3494952,0.1401,-0.001,-1.0073,4.4556,1.3428,0.1221,lying,Charlotte,small
1785663387.1833618,3495002,0.1362,0.0,-0.9966,4.3335,0.9766,-0.1221,lying,Charlotte,small
1785663387.1833653,3495052,0.1406,-0.0039,-0.9961,4.3945,0.9766,-0.1831,lying,Charlotte,small
1785663387.1833684,3495102,0.1401,0.0,-1.002,4.3335,0.9766,-0.061,lying,Charlotte,small
1785663387.1833715,3495152,0.1377,0.0015,-1.002,4.5166,1.3428,-0.3052,lying,Charlotte,small
1785663387.1833746,3495202,0.1392,-0.002,-0.999,4.5166,1.2207,-0.1221,lying,Charlotte,small
1785663388.2783914,3495465,0.1406,-0.0044,-1.0068,4.5166,1.1597,-0.2441,lying,Charlotte,small
1785663388.278407,3495515,0.1426,-0.0049,-1.0054,4.3945,1.1597,-0.061,lying,Charlotte,small
1785663388.2784126,3495565,0.1421,-0.0005,-1.0044,4.3945,0.9766,0.0,lying,Charlotte,small
1785663388.2784173,3495615,0.1406,-0.0024,-0.999,4.5776,1.2207,-0.1221,lying,Charlotte,small
1785663388.2784214,3495665,0.1401,-0.0034,-1.0063,4.5166,1.3428,-0.1831,lying,Charlotte,small
1785663388.2784257,3495715,0.1382,-0.0103,-1.0039,4.3945,1.2207,0.1831,lying,Charlotte,small
1785663388.2784297,3495765,0.1406,-0.0059,-1.0044,4.2114,1.0986,-0.3052,lying,Charlotte,small
1785663388.2784336,3495815,0.1411,-0.0015,-1.0078,4.4556,1.0986,0.0,lying,Charlotte,small
1785663388.2784374,3495865,0.1421,-0.0015,-1.0029,4.2725,1.2207,-0.3662,lying,Charlotte,small
1785663388.2784412,3495915,0.1426,-0.0098,-1.0098,4.3945,1.0986,-0.2441,lying,Charlotte,small
1785663390.3865087,3496559,0.1372,0.0005,-1.001,4.2725,1.3428,-0.2441,lying,Charlotte,small
1785663390.3865168,3496609,0.1416,-0.0029,-0.9995,4.4556,1.2207,-0.1831,lying,Charlotte,small
1785663390.3865206,3496659,0.1421,-0.0039,-0.9951,4.5166,1.0986,-0.3662,lying,Charlotte,small
1785663390.3865242,3496709,0.1406,-0.0039,-1.002,4.6387,1.1597,-0.1831,lying,Charlotte,small
1785663390.3865275,3496759,0.1421,-0.0029,-1.0015,4.3335,1.2207,-0.1221,lying,Charlotte,small
1785663390.3865306,3496809,0.1357,-0.0068,-0.9976,4.3945,1.2207,-0.1831,lying,Charlotte,small
1785663390.3865333,3496859,0.1392,0.001,-1.0093,4.4556,1.2207,-0.1221,lying,Charlotte,small
1785663390.3865364,3496909,0.1411,-0.0024,-1.0054,4.3335,0.9766,-0.1831,lying,Charlotte,small
1785663390.3865395,3496959,0.1392,-0.0068,-0.9985,4.5166,1.0986,-0.061,lying,Charlotte,small
1785663390.3865426,3497009,0.1411,-0.0029,-1.0049,4.4556,1.0376,-0.061,lying,Charlotte,small
1785663392.8021247,3499204,0.1406,0.0,-1.002,4.5166,1.4038,-0.1221,lying,Charlotte,small
1785663392.8021393,3499254,0.1421,-0.0049,-1.001,4.5166,1.0986,-0.1831,lying,Charlotte,small
1785663392.8021586,3499304,0.1406,-0.001,-1.0029,4.5166,1.0986,0.0,lying,Charlotte,small
1785663392.8021636,3499354,0.145,-0.0039,-1.0005,4.5776,1.0986,0.061,lying,Charlotte,small
1785663392.8021681,3499404,0.1382,-0.0068,-1.001,4.4556,1.2817,0.1221,lying,Charlotte,small
1785663392.802172,3499454,0.1401,-0.0034,-1.0078,4.5166,0.9155,-0.061,lying,Charlotte,small
1785663392.8021758,3499504,0.1411,0.0024,-1.0024,4.3335,1.0986,0.1221,lying,Charlotte,small
1785663392.8021796,3499554,0.1416,-0.0044,-0.9985,4.4556,1.0986,-0.2441,lying,Charlotte,small
1785663392.8021834,3499604,0.1401,0.0044,-1.001,4.4556,0.8545,-0.061,lying,Charlotte,small
1785663392.802187,3499654,0.144,-0.0063,-0.999,4.2114,1.4648,-0.061,lying,Charlotte,small
1785663394.0123303,3501077,0.1406,-0.0015,-0.9937,4.0894,1.3428,-0.3662,lying,Charlotte,small
1785663394.0123491,3501127,0.1406,0.0015,-1.0005,4.2725,1.2817,-0.1831,lying,Charlotte,small
1785663394.0123546,3501177,0.1382,-0.0029,-1.0068,4.5166,1.2207,0.1221,lying,Charlotte,small
1785663394.0123591,3501227,0.1396,-0.002,-0.9976,4.2725,1.0986,-0.2441,lying,Charlotte,small
1785663394.012363,3501277,0.1387,-0.0024,-1.0024,4.5166,1.2817,0.1221,lying,Charlotte,small
1785663394.012367,3501327,0.1421,-0.0029,-1.0029,4.3335,0.9155,-0.2441,lying,Charlotte,small
1785663394.0123713,3501377,0.1406,0.0,-1.0029,4.4556,1.0376,0.1221,lying,Charlotte,small
1785663394.012375,3501427,0.1406,-0.0039,-1.0068,4.3945,1.0376,-0.1221,lying,Charlotte,small
1785663394.012379,3501477,0.1416,-0.0005,-1.0034,4.5166,1.1597,-0.2441,lying,Charlotte,small
1785663394.0123827,3501527,0.1416,-0.0005,-0.998,4.6387,1.0376,0.1221,lying,Charlotte,small
1785663394.818217,3502297,0.1401,0.0,-1.0,4.5166,1.1597,-0.061,lying,Charlotte,small
1785663394.8182282,3502347,0.1406,0.0015,-1.0044,4.3945,1.0986,-0.4272,lying,Charlotte,small
1785663394.818234,3502397,0.1406,-0.0029,-0.9995,4.5776,1.3428,0.3052,lying,Charlotte,small
1785663394.8182387,3502447,0.1401,-0.002,-1.0005,4.5776,1.3428,-0.1221,lying,Charlotte,small
1785663394.8182428,3502497,0.1445,-0.0024,-0.999,4.5776,1.1597,-0.1221,lying,Charlotte,small
1785663394.8182464,3502547,0.1416,-0.001,-0.9961,4.3945,1.3428,0.0,lying,Charlotte,small
1785663394.81825,3502597,0.1411,-0.001,-1.0039,4.3945,1.2207,-0.3052,lying,Charlotte,small
1785663394.8182542,3502647,0.1392,-0.0049,-1.001,4.1504,1.3428,-0.1221,lying,Charlotte,small
1785663394.8182583,3502697,0.1411,-0.0015,-1.0034,4.3945,1.1597,-0.3662,lying,Charlotte,small
1785663394.8182626,3502747,0.1357,-0.0024,-1.0024,4.3335,1.0986,-0.1831,lying,Charlotte,small
1785663395.3515,3503100,0.1426,0.0005,-0.9995,4.6387,1.4038,-0.3052,lying,Charlotte,small
1785663395.35151,3503150,0.1392,-0.0039,-1.0039,4.3945,1.2817,0.061,lying,Charlotte,small
1785663395.3515148,3503200,0.1406,-0.001,-1.0063,4.5166,1.3428,-0.1831,lying,Charlotte,small
1785663395.3515196,3503250,0.1426,-0.0005,-1.0059,4.5166,1.1597,0.061,lying,Charlotte,small
1785663395.3515239,3503300,0.1372,0.0,-0.9971,4.4556,1.1597,0.061,lying,Charlotte,small
1785663395.3515277,3503350,0.1406,0.0,-1.0044,4.5166,1.1597,-0.1831,lying,Charlotte,small
1785663395.3515317,3503400,0.1377,-0.0054,-1.0068,4.5166,1.2207,-0.4883,lying,Charlotte,small
1785663395.3515358,3503450,0.1387,-0.0029,-1.002,4.2725,1.2817,-0.2441,lying,Charlotte,small
1785663395.3515394,3503500,0.1401,-0.0015,-1.0034,4.4556,0.8545,-0.1221,lying,Charlotte,small
1785663395.3515432,3503550,0.1411,-0.0054,-0.9951,4.2725,0.8545,-0.061,lying,Charlotte,small
1785663395.8903122,3503634,0.1372,-0.0044,-1.0039,4.2725,0.8545,-0.061,lying,Charlotte,small
1785663395.8903246,3503684,0.1377,-0.0029,-1.002,4.4556,1.0986,0.0,lying,Charlotte,small
1785663395.8903296,3503734,0.1406,-0.0024,-0.9985,4.4556,0.9766,0.061,lying,Charlotte,small
1785663395.8903341,3503784,0.1387,-0.0034,-0.9985,4.1504,1.2817,-0.061,lying,Charlotte,small
1785663395.8903384,3503834,0.1396,-0.0029,-1.0029,4.3335,1.1597,-0.2441,lying,Charlotte,small
1785663395.890342,3503884,0.1382,-0.002,-0.9995,4.4556,1.0986,-0.061,lying,Charlotte,small
1785663395.890346,3503934,0.1392,-0.0054,-1.0024,4.4556,1.2207,-0.2441,lying,Charlotte,small
1785663395.8903499,3503984,0.1436,-0.0059,-0.9971,4.4556,1.3428,-0.1221,lying,Charlotte,small
1785663395.8903534,3504034,0.1421,-0.0039,-1.0054,4.4556,1.0376,-0.4272,lying,Charlotte,small
1785663395.890357,3504084,0.1421,-0.0005,-0.9956,4.5776,1.2207,-0.1221,lying,Charlotte,small
1785663398.5035868,3504174,0.1392,0.0005,-1.0,4.3335,0.9766,0.1831,lying,Charlotte,small
1785663398.503601,3504224,0.1416,-0.0088,-1.0034,4.3335,1.3428,0.0,lying,Charlotte,small
1785663398.5036063,3504274,0.1387,-0.0024,-1.002,4.3945,1.2207,-0.1831,lying,Charlotte,small
1785663398.5036108,3504324,0.1426,-0.0034,-1.0029,4.4556,1.0986,0.1221,lying,Charlotte,small
1785663398.5036147,3504374,0.1396,-0.0029,-0.999,4.6387,1.2817,-0.2441,lying,Charlotte,small
1785663398.5036185,3504424,0.1387,-0.0029,-0.9985,4.3335,1.4038,0.061,lying,Charlotte,small
1785663398.5036228,3504474,0.1396,-0.0024,-1.0039,4.6387,1.0986,-0.1831,lying,Charlotte,small
1785663398.5036266,3504524,0.1436,-0.0044,-1.0029,4.5776,1.4648,-0.3662,lying,Charlotte,small
1785663398.5036304,3504574,0.1406,-0.0024,-0.999,4.5166,1.2207,0.061,lying,Charlotte,small
1785663398.503634,3504624,0.1411,-0.0068,-0.9932,4.3945,1.0986,-0.1831,lying,Charlotte,small
1785663399.0303497,3506782,0.1406,-0.0049,-1.0044,4.2114,1.3428,-0.061,lying,Charlotte,small
1785663399.0303602,3506832,0.1421,0.0,-1.001,4.1504,1.1597,-0.1221,lying,Charlotte,small
1785663399.0303652,3506882,0.1392,-0.0015,-0.9995,4.5166,1.3428,0.061,lying,Charlotte,small
1785663399.0303702,3506932,0.1416,0.0005,-1.0039,4.5776,1.1597,-0.061,lying,Charlotte,small
1785663399.0303743,3506982,0.1382,0.0024,-0.9932,4.3945,1.0986,0.0,lying,Charlotte,small
1785663399.0303783,3507032,0.1416,-0.0039,-1.0015,4.6387,1.1597,0.0,lying,Charlotte,small
1785663399.0303822,3507082,0.1387,-0.002,-1.0,4.4556,1.0986,-0.3052,lying,Charlotte,small
1785663399.030386,3507132,0.1367,-0.0005,-0.9995,4.4556,1.2817,-0.1221,lying,Charlotte,small
1785663399.0303898,3507182,0.1392,0.0005,-1.0,4.6387,1.2817,-0.2441,lying,Charlotte,small
1785663399.0303934,3507232,0.1401,-0.0029,-0.9912,4.6387,1.0986,-0.061,lying,Charlotte,small
1785663399.675818,3507305,0.144,-0.0073,-1.0063,4.5166,1.0376,-0.2441,lying,Charlotte,small
1785663399.6758282,3507355,0.1396,0.0005,-1.001,4.4556,1.1597,0.061,lying,Charlotte,small
1785663399.6758332,3507405,0.144,-0.0063,-1.0034,4.2725,1.1597,-0.1221,lying,Charlotte,small
1785663399.6758385,3507455,0.1416,-0.0039,-1.0005,4.5776,1.2817,-0.1831,lying,Charlotte,small
1785663399.6758425,3507505,0.1392,-0.002,-0.9985,4.0894,1.1597,-0.2441,lying,Charlotte,small
1785663399.6758466,3507555,0.1392,-0.0005,-0.998,4.4556,1.2817,-0.3052,lying,Charlotte,small
1785663399.6758509,3507605,0.1416,-0.0029,-1.0073,4.4556,1.2207,-0.061,lying,Charlotte,small
1785663399.6758547,3507655,0.1387,-0.0029,-1.0,4.5776,1.0376,-0.1221,lying,Charlotte,small
1785663399.6758583,3507705,0.1421,-0.001,-1.0029,4.5166,1.0376,-0.1831,lying,Charlotte,small
1785663399.6758623,3507755,0.1411,-0.0063,-0.9951,4.2725,1.1597,0.2441,lying,Charlotte,small
1785663400.389959,3507949,0.1387,-0.0029,-0.9966,4.3335,1.1597,-0.2441,lying,Charlotte,small
1785663400.389968,3507999,0.1411,-0.0034,-1.0015,4.5166,1.2207,-0.061,lying,Charlotte,small
1785663400.3899724,3508049,0.1387,-0.0024,-1.001,4.3945,1.1597,0.0,lying,Charlotte,small
1785663400.3899975,3508099,0.1392,0.0049,-1.0039,4.3335,1.2207,-0.3662,lying,Charlotte,small
1785663400.390002,3508149,0.1416,-0.0034,-1.0054,4.3945,1.2817,-0.4272,lying,Charlotte,small
1785663400.3900058,3508199,0.1431,-0.0059,-1.0093,4.5166,1.0986,-0.3662,lying,Charlotte,small
1785663400.3900099,3508249,0.1421,-0.0049,-0.9985,4.3945,1.2207,-0.1221,lying,Charlotte,small
1785663400.3900135,3508299,0.1426,0.0005,-0.9922,4.3335,1.3428,-0.061,lying,Charlotte,small
1785663400.3900175,3508349,0.145,-0.0078,-1.0,4.4556,1.0986,0.0,lying,Charlotte,small
1785663400.3900213,3508399,0.1411,0.0,-1.001,4.3335,0.9766,0.1221,lying,Charlotte,small
1785663402.4430995,3508766,0.1421,-0.0029,-1.0005,4.5166,0.9766,-0.3052,lying,Charlotte,small
1785663402.443109,3508816,0.1382,0.0,-1.0,4.4556,1.2207,-0.4272,lying,Charlotte,small
1785663402.4431145,3508866,0.1421,-0.001,-1.0,4.3335,1.2817,-0.1831,lying,Charlotte,small
1785663402.4431195,3508916,0.1396,-0.0034,-1.0029,4.5776,1.2817,-0.3662,lying,Charlotte,small
1785663402.4431238,3508966,0.1387,0.001,-0.9985,4.5166,1.0986,-0.2441,lying,Charlotte,small
1785663402.443128,3509016,0.1406,-0.0015,-1.0054,4.3945,1.3428,-0.3662,lying,Charlotte,small
1785663402.443132,3509066,0.1431,-0.002,-0.9961,4.4556,1.1597,-0.3662,lying,Charlotte,small
1785663402.4431357,3509116,0.1416,-0.0063,-1.0024,4.3945,1.0986,0.0,lying,Charlotte,small
1785663402.4431396,3509166,0.1392,-0.001,-1.0015,4.5776,1.2817,0.0,lying,Charlotte,small
1785663402.4431431,3509216,0.1416,0.0024,-0.9971,4.3945,1.2817,-0.3662,lying,Charlotte,small
1785663403.5202978,3510727,0.1431,-0.0044,-1.001,4.4556,1.2817,-0.1221,lying,Charlotte,small
1785663403.52031,3510777,0.1411,-0.0034,-0.9995,4.5166,1.2817,0.061,lying,Charlotte,small
1785663403.5203152,3510827,0.1382,0.001,-1.0063,4.3335,1.2207,0.061,lying,Charlotte,small
1785663403.5203197,3510877,0.1406,0.0005,-1.0015,4.4556,1.1597,-0.1221,lying,Charlotte,small
1785663403.520324,3510927,0.1401,-0.0015,-1.0039,4.2114,0.9766,0.0,lying,Charlotte,small
1785663403.5203283,3510977,0.1396,-0.002,-1.0044,4.3335,1.3428,-0.1831,lying,Charlotte,small
1785663403.520333,3511027,0.1382,-0.0015,-1.0039,4.3335,1.2207,0.1831,lying,Charlotte,small
1785663403.520337,3511077,0.1401,0.0005,-1.0029,4.3945,1.2817,-0.2441,lying,Charlotte,small
1785663403.520341,3511127,0.1421,-0.0034,-0.999,4.4556,1.2207,0.0,lying,Charlotte,small
1785663403.5203445,3511177,0.1421,-0.0039,-0.9951,4.3945,1.2207,-0.2441,lying,Charlotte,small
1785663404.3934894,3511801,0.1396,-0.0059,-0.999,4.5776,1.0986,-0.1221,lying,Charlotte,small
1785663404.393497,3511851,0.1426,-0.0034,-0.9971,4.3335,1.3428,-0.1831,lying,Charlotte,small
1785663404.3935063,3511901,0.1362,0.0049,-1.002,4.3335,1.0986,-0.1831,lying,Charlotte,small
1785663404.3935099,3511951,0.1411,-0.0029,-0.9932,4.3335,1.2207,0.1221,lying,Charlotte,small
1785663404.3935134,3512001,0.1406,-0.0068,-1.0054,4.5166,1.4038,0.0,lying,Charlotte,small
1785663404.3935165,3512051,0.1396,0.0024,-1.001,4.3945,1.0376,-0.2441,lying,Charlotte,small
1785663404.39352,3512101,0.1431,-0.002,-1.002,4.5776,0.9766,0.1221,lying,Charlotte,small
1785663404.3935232,3512151,0.1416,-0.0015,-1.0068,4.4556,0.9766,-0.2441,lying,Charlotte,small
1785663404.3935266,3512201,0.1421,-0.001,-0.9951,4.5166,1.4038,-0.2441,lying,Charlotte,small
1785663404.3935301,3512251,0.1392,0.0005,-1.0,4.3335,1.1597,-0.3052,lying,Charlotte,small
1785663406.7975576,3513264,0.1401,-0.0063,-1.0005,4.3335,1.0986,0.0,lying,Charlotte,small
1785663406.7975726,3513314,0.1416,-0.0029,-0.9976,4.3335,1.1597,-0.3052,lying,Charlotte,small
1785663406.797578,3513364,0.1401,-0.0024,-1.0005,4.7607,1.0376,-0.3662,lying,Charlotte,small
1785663406.7975824,3513414,0.1401,-0.002,-1.0029,4.3945,1.0986,-0.2441,lying,Charlotte,small
1785663406.7975864,3513464,0.1396,-0.0024,-1.0015,4.4556,1.5259,-0.1221,lying,Charlotte,small
1785663406.79759,3513514,0.1382,-0.001,-0.9971,4.4556,1.2817,0.061,lying,Charlotte,small
1785663406.7975943,3513564,0.1396,0.0,-0.9985,4.5776,1.0986,-0.1831,lying,Charlotte,small
1785663406.797598,3513614,0.1357,0.001,-1.0049,4.2114,1.1597,-0.061,lying,Charlotte,small
1785663406.797602,3513664,0.1396,-0.0039,-1.0015,4.4556,1.0376,-0.2441,lying,Charlotte,small
1785663406.797606,3513714,0.1406,-0.0029,-1.0044,4.3335,1.1597,0.061,lying,Charlotte,small
1785663407.3709772,3515086,0.1431,-0.0063,-1.0049,4.4556,1.0986,-0.1831,lying,Charlotte,small
1785663407.3709874,3515136,0.1392,-0.002,-0.9956,4.4556,1.2207,-0.2441,lying,Charlotte,small
1785663407.3709934,3515186,0.1401,-0.0005,-0.999,4.5166,1.1597,-0.1831,lying,Charlotte,small
1785663407.3709984,3515236,0.1392,-0.0005,-0.9927,4.3945,1.0376,-0.3052,lying,Charlotte,small
1785663407.3710024,3515286,0.1396,-0.0039,-1.0015,4.4556,1.0986,0.0,lying,Charlotte,small
1785663407.371006,3515336,0.1426,-0.002,-1.0024,4.4556,1.2207,-0.1221,lying,Charlotte,small
1785663407.3710103,3515386,0.1396,-0.0005,-1.0005,4.3945,0.9155,-0.061,lying,Charlotte,small
1785663407.371014,3515436,0.1372,-0.0015,-0.9946,4.6387,0.9155,-0.2441,lying,Charlotte,small
1785663407.371018,3515486,0.1411,-0.0024,-1.0054,4.6387,1.2817,-0.2441,lying,Charlotte,small
1785663407.371022,3515536,0.1387,0.0005,-0.9966,4.4556,1.2207,0.1221,lying,Charlotte,small
1785663409.2591126,3515650,0.1406,0.0,-1.0044,4.3335,1.2207,-0.3052,lying,Charlotte,small
1785663409.2591248,3515700,0.1431,-0.0049,-1.0049,4.0283,1.2817,-0.1831,lying,Charlotte,small
1785663409.25913,3515750,0.1411,0.0049,-1.0054,4.5166,1.1597,-0.1831,lying,Charlotte,small
1785663409.2591345,3515800,0.1367,-0.001,-0.9917,4.5776,1.1597,-0.2441,lying,Charlotte,small
1785663409.2591386,3515850,0.1362,-0.0073,-1.0039,4.2725,1.1597,-0.1831,lying,Charlotte,small
1785663409.2591424,3515900,0.1392,-0.0049,-1.0059,4.6387,1.3428,0.1831,lying,Charlotte,small
1785663409.2591465,3515950,0.1392,-0.0024,-0.9985,4.4556,1.2817,-0.061,lying,Charlotte,small
1785663409.25915,3516000,0.1406,0.0015,-1.001,4.4556,1.2207,-0.1831,lying,Charlotte,small
1785663409.259154,3516050,0.1421,-0.0054,-1.002,4.4556,1.1597,-0.1221,lying,Charlotte,small
1785663409.2591581,3516100,0.1401,-0.001,-0.9971,4.1504,1.2817,-0.1831,lying,Charlotte,small
1785663409.8073707,3517533,0.1406,0.0015,-1.001,4.3335,1.2207,-0.1221,lying,Charlotte,small
1785663409.8073802,3517583,0.1392,-0.0059,-1.0015,4.3945,1.0986,-0.3662,lying,Charlotte,small
1785663409.8073857,3517633,0.1421,0.0,-0.9941,4.3335,1.2207,-0.2441,lying,Charlotte,small
1785663409.8073902,3517683,0.1392,-0.0015,-1.0005,4.6997,1.0376,0.061,lying,Charlotte,small
1785663409.8073943,3517733,0.1396,-0.001,-1.0034,4.5166,1.1597,-0.2441,lying,Charlotte,small
1785663409.8073983,3517783,0.1421,-0.002,-0.9976,4.5166,1.3428,-0.1221,lying,Charlotte,small
1785663409.8074026,3517833,0.1421,-0.0024,-0.9966,4.3945,1.3428,-0.1831,lying,Charlotte,small
1785663409.8074067,3517883,0.1372,-0.001,-1.0015,4.3335,1.2207,0.0,lying,Charlotte,small
1785663409.8074102,3517933,0.1372,-0.001,-1.0034,4.2114,1.2817,-0.3052,lying,Charlotte,small
1785663409.8074138,3517983,0.1411,-0.0005,-1.0,4.3335,1.2817,-0.1221,lying,Charlotte,small
1785663410.5958052,3518358,0.1392,-0.0015,-0.9995,4.4556,1.2817,-0.1831,lying,Charlotte,small
1785663410.5958161,3518408,0.144,-0.0024,-0.999,4.2725,1.1597,-0.2441,lying,Charlotte,small
1785663410.5958214,3518458,0.1411,0.0005,-1.0015,4.3335,1.0376,-0.061,lying,Charlotte,small
1785663410.595826,3518508,0.1396,-0.0029,-0.998,4.5166,1.0986,-0.4272,lying,Charlotte,small
1785663410.5958297,3518558,0.1387,-0.001,-1.001,4.5776,1.0376,-0.1831,lying,Charlotte,small
1785663410.5958335,3518608,0.1416,0.002,-0.9956,4.4556,1.1597,-0.2441,lying,Charlotte,small
1785663410.5958374,3518658,0.1396,-0.0059,-1.0,4.3945,1.0986,-0.061,lying,Charlotte,small
1785663410.5958412,3518708,0.1392,-0.001,-0.9976,4.5776,1.2817,-0.061,lying,Charlotte,small
1785663410.5958452,3518758,0.1411,-0.0068,-1.0034,4.3335,1.2207,-0.2441,lying,Charlotte,small
1785663410.5958488,3518808,0.1431,-0.0015,-1.0015,4.5776,1.1597,-0.1221,lying,Charlotte,small
1785663411.107147,3518870,0.1387,-0.002,-1.0015,4.5776,1.1597,-0.061,lying,Charlotte,small
1785663411.1071568,3518920,0.1387,-0.002,-1.0034,4.4556,1.2207,-0.3052,lying,Charlotte,small
1785663411.107162,3518970,0.1411,-0.0024,-1.001,4.4556,1.1597,0.0,lying,Charlotte,small
1785663411.1071665,3519020,0.1421,-0.0005,-0.998,4.5166,1.2817,-0.2441,lying,Charlotte,small
1785663411.107171,3519070,0.144,0.0015,-0.998,4.3945,1.3428,0.1831,lying,Charlotte,small
1785663411.1071749,3519120,0.1416,0.001,-0.9995,4.3945,0.9766,0.0,lying,Charlotte,small
1785663411.107179,3519170,0.1416,-0.0049,-1.0024,4.4556,1.0986,-0.1221,lying,Charlotte,small
1785663411.1071827,3519220,0.1416,-0.002,-1.0059,4.3335,1.3428,-0.1831,lying,Charlotte,small
1785663411.1071863,3519270,0.1387,-0.001,-0.9966,4.3945,1.0986,0.0,lying,Charlotte,small
1785663411.1071901,3519320,0.1406,-0.0015,-1.0024,4.4556,1.2207,-0.1221,lying,Charlotte,small
1785663411.6190765,3519382,0.1367,0.002,-1.002,4.4556,1.2817,-0.061,lying,Charlotte,small
1785663411.6190863,3519432,0.1396,-0.0005,-1.0049,4.4556,1.0376,0.061,lying,Charlotte,small
1785663411.619092,3519482,0.1411,-0.002,-0.999,4.6387,1.1597,-0.1221,lying,Charlotte,small
1785663411.6190963,3519532,0.1396,-0.0054,-0.999,4.4556,1.0986,-0.061,lying,Charlotte,small
1785663411.6191,3519582,0.1421,-0.0005,-1.0078,4.2725,1.1597,-0.1831,lying,Charlotte,small
1785663411.619104,3519632,0.1401,-0.002,-1.0015,4.5776,1.4648,0.0,lying,Charlotte,small
1785663411.6191077,3519682,0.1421,-0.0024,-1.0024,4.4556,1.3428,-0.3662,lying,Charlotte,small
1785663411.619112,3519732,0.1401,-0.0029,-0.9985,4.4556,1.2817,0.0,lying,Charlotte,small
1785663411.6191156,3519782,0.1421,-0.0029,-1.0005,4.6387,1.2817,-0.061,lying,Charlotte,small
1785663411.6191192,3519832,0.1406,-0.0039,-1.002,4.3945,1.1597,0.0,lying,Charlotte,small
1785663412.3935244,3519895,0.1396,0.0005,-1.0015,4.5776,1.1597,-0.061,lying,Charlotte,small
1785663412.3935318,3519945,0.145,-0.0049,-0.9976,4.5776,0.9766,-0.3052,lying,Charlotte,small
1785663412.393536,3519995,0.1382,0.0029,-1.0034,4.3335,1.3428,0.061,lying,Charlotte,small
1785663412.3935397,3520045,0.1421,-0.0024,-1.0039,4.2114,1.2817,0.2441,lying,Charlotte,small
1785663412.393543,3520095,0.1416,-0.0034,-1.0,4.2114,1.2207,-0.061,lying,Charlotte,small
1785663412.3935456,3520145,0.1396,0.0034,-1.0015,4.1504,1.2207,-0.061,lying,Charlotte,small
1785663412.3935487,3520195,0.1372,-0.002,-0.9995,4.6387,1.0376,-0.2441,lying,Charlotte,small
1785663412.3935518,3520245,0.1411,-0.0068,-1.0063,4.5166,1.2817,-0.1221,lying,Charlotte,small
1785663412.3935547,3520295,0.1421,-0.0029,-1.0005,4.3945,1.2817,-0.2441,lying,Charlotte,small
1785663412.393558,3520345,0.1387,-0.0029,-1.0063,4.4556,1.1597,-0.1221,lying,Charlotte,small
1785663413.2598329,3521017,0.1416,-0.002,-1.0044,4.3335,1.2207,-0.2441,lying,Charlotte,small
1785663413.2598433,3521067,0.1431,-0.001,-1.0073,4.3945,1.1597,0.0,lying,Charlotte,small
1785663413.2598484,3521117,0.1406,-0.0005,-1.0,4.6387,1.2207,-0.1831,lying,Charlotte,small
1785663413.2598536,3521167,0.144,-0.0015,-0.9961,4.5776,1.2817,-0.1831,lying,Charlotte,small
1785663413.2598577,3521217,0.1382,0.001,-1.0078,4.5166,1.2207,-0.2441,lying,Charlotte,small
1785663413.2598617,3521267,0.1392,0.0005,-1.0,4.6387,1.2817,-0.2441,lying,Charlotte,small
1785663413.2598655,3521317,0.1436,-0.0049,-1.0005,4.3335,1.2207,0.061,lying,Charlotte,small
1785663413.2598698,3521367,0.1421,0.0024,-0.9951,4.5166,1.1597,-0.1831,lying,Charlotte,small
1785663413.2598736,3521417,0.1406,-0.0024,-1.0015,4.5166,1.1597,-0.1221,lying,Charlotte,small
1785663413.2598772,3521467,0.1431,-0.0034,-0.999,4.2114,1.4038,0.1221,lying,Charlotte,small
1785663413.7854693,3521542,0.1416,0.0005,-1.0015,4.5776,1.2207,-0.1221,lying,Charlotte,small
1785663413.7854793,3521592,0.1426,-0.0083,-1.0044,4.5166,1.0376,0.061,lying,Charlotte,small
1785663413.7854843,3521642,0.1396,-0.0005,-0.998,4.4556,1.0376,-0.1221,lying,Charlotte,small
1785663413.7854888,3521692,0.1377,-0.0039,-1.0063,4.3335,1.0986,-0.061,lying,Charlotte,small
1785663413.7854927,3521742,0.1411,-0.0088,-1.0015,4.3945,1.4648,-0.1831,lying,Charlotte,small
1785663413.7854965,3521792,0.1401,-0.0005,-0.999,4.6387,1.0376,0.0,lying,Charlotte,small
1785663413.7855005,3521842,0.1411,-0.0005,-0.9971,4.3335,1.4038,-0.1831,lying,Charlotte,small
1785663413.7855046,3521892,0.1387,0.0039,-1.0083,4.5776,0.9766,-0.1831,lying,Charlotte,small
1785663413.7855082,3521942,0.1382,-0.0049,-1.0034,4.5776,1.1597,-0.1831,lying,Charlotte,small
1785663413.7855117,3521992,0.1426,-0.002,-0.998,4.5166,1.0986,0.0,lying,Charlotte,small
1785663414.5846097,3522064,0.1411,-0.0044,-1.0024,4.5166,1.2207,0.1221,lying,Charlotte,small
1785663414.5846252,3522114,0.1431,-0.0049,-0.9956,4.4556,1.3428,0.061,lying,Charlotte,small
1785663414.5846303,3522164,0.1426,0.0,-1.0039,4.3945,1.1597,-0.1831,lying,Charlotte,small
1785663414.5846348,3522214,0.1406,-0.0054,-0.999,4.3945,0.9155,-0.1831,lying,Charlotte,small
1785663414.584639,3522264,0.1396,-0.0024,-0.9985,4.5776,1.0376,-0.2441,lying,Charlotte,small
1785663414.584643,3522314,0.1416,-0.0054,-1.0005,4.3335,1.2817,-0.1831,lying,Charlotte,small
1785663414.584647,3522364,0.1392,-0.0015,-0.9976,4.6387,1.3428,-0.1221,lying,Charlotte,small
1785663414.584651,3522414,0.1387,-0.0039,-1.0005,4.5776,1.0986,-0.6104,lying,Charlotte,small
1785663414.5846548,3522464,0.1416,-0.0044,-0.9985,4.3945,1.0376,-0.061,lying,Charlotte,small
1785663414.5846586,3522514,0.144,-0.0029,-0.999,4.3945,0.9766,-0.3662,lying,Charlotte,small
1785663415.3425803,3522858,0.1392,-0.0049,-1.0039,4.4556,1.3428,-0.2441,lying,Charlotte,small
1785663415.3425913,3522908,0.1411,-0.0068,-1.0059,4.3945,1.2817,-0.1831,lying,Charlotte,small
1785663415.3425965,3522958,0.1377,0.0005,-1.0005,4.5166,1.4038,-0.1831,lying,Charlotte,small
1785663415.3426018,3523008,0.1382,-0.0024,-1.0063,4.6387,1.2207,-0.2441,lying,Charlotte,small
1785663415.3426056,3523058,0.1401,-0.0024,-1.0054,4.4556,1.0376,0.1831,lying,Charlotte,small
1785663415.3426094,3523108,0.1396,0.0015,-0.9985,4.4556,1.0986,-0.1221,lying,Charlotte,small
1785663415.3426135,3523158,0.1392,-0.0059,-1.002,4.3945,1.1597,-0.1221,lying,Charlotte,small
1785663415.3426173,3523208,0.1401,-0.002,-1.0005,4.3335,1.2817,-0.3052,lying,Charlotte,small
1785663415.342621,3523258,0.1436,0.0034,-0.998,4.3945,1.1597,-0.1831,lying,Charlotte,small
1785663415.3426251,3523308,0.1401,-0.0044,-1.002,4.5776,1.3428,0.1221,lying,Charlotte,small
1785663415.9614065,3523622,0.1401,-0.0034,-1.0015,4.6387,1.1597,-0.061,lying,Charlotte,small
1785663415.9614162,3523672,0.1416,-0.0029,-1.0044,4.5776,1.3428,0.0,lying,Charlotte,small
1785663415.9614213,3523722,0.1411,-0.001,-1.0024,4.3945,1.0376,-0.061,lying,Charlotte,small
1785663415.961426,3523772,0.1392,-0.0024,-0.9971,4.3945,0.9766,0.061,lying,Charlotte,small
1785663415.96143,3523822,0.1387,-0.0015,-1.0034,4.5776,1.0986,-0.2441,lying,Charlotte,small
1785663415.9614341,3523872,0.1421,-0.0068,-1.0054,4.3945,1.1597,-0.1221,lying,Charlotte,small
1785663415.9614382,3523922,0.1406,-0.0024,-1.001,4.3335,1.2817,-0.061,lying,Charlotte,small
1785663415.9614418,3523972,0.1406,-0.0005,-1.0024,4.3335,1.0376,-0.2441,lying,Charlotte,small
1785663415.9614456,3524022,0.1431,-0.001,-1.0044,4.5166,1.2817,-0.061,lying,Charlotte,small
1785663415.9614494,3524072,0.1362,-0.002,-0.9995,4.5776,1.2817,-0.1221,lying,Charlotte,small
1785663416.8336525,3524237,0.1382,0.0029,-0.998,4.2114,1.0376,-0.1221,lying,Charlotte,small
1785663416.8336651,3524287,0.1416,-0.0059,-0.9956,4.5776,1.2207,-0.1831,lying,Charlotte,small
1785663416.8336701,3524337,0.1416,-0.0063,-0.998,4.2725,1.2207,-0.3052,lying,Charlotte,small
1785663416.8336744,3524387,0.1387,-0.001,-0.998,4.5776,1.2817,-0.1831,lying,Charlotte,small
1785663416.8336785,3524437,0.1396,-0.002,-0.9971,4.7607,1.1597,0.061,lying,Charlotte,small
1785663416.8336825,3524487,0.1382,-0.0015,-0.9985,4.6387,0.9766,-0.1831,lying,Charlotte,small
1785663416.833687,3524537,0.1406,-0.0039,-1.001,4.3335,0.9766,0.0,lying,Charlotte,small
1785663416.833691,3524587,0.1421,-0.0039,-1.0005,4.3335,1.1597,0.0,lying,Charlotte,small
1785663416.8336947,3524637,0.1396,0.0015,-0.9941,4.5166,0.9766,-0.3052,lying,Charlotte,small
1785663416.8336987,3524687,0.1382,0.0015,-1.002,4.6387,1.2207,0.0,lying,Charlotte,small
1785663421.6392226,3525114,0.1382,-0.0005,-1.0029,4.3335,1.2207,-0.061,lying,Charlotte,small
1785663421.6392353,3525164,0.1372,0.0005,-0.9995,4.4556,1.2817,-0.3052,lying,Charlotte,small
1785663421.6392407,3525214,0.1382,-0.0078,-1.0054,4.5776,1.2207,-0.061,lying,Charlotte,small
1785663421.639245,3525264,0.1382,-0.0029,-1.0078,4.3945,1.0376,-0.4272,lying,Charlotte,small
1785663421.639249,3525314,0.1426,-0.0029,-1.0029,4.3945,1.1597,0.1221,lying,Charlotte,small
1785663421.639253,3525364,0.1421,-0.0005,-1.0024,4.6387,1.0986,-0.3052,lying,Charlotte,small
1785663421.6392572,3525414,0.1396,-0.001,-1.0054,4.3335,1.0986,-0.061,lying,Charlotte,small
1785663421.639261,3525464,0.1416,-0.0059,-1.0034,4.2725,1.1597,-0.2441,lying,Charlotte,small
1785663421.6392646,3525514,0.1377,-0.001,-1.0005,4.3945,1.2817,-0.1831,lying,Charlotte,small
1785663421.6392682,3525564,0.1396,0.0044,-1.0005,4.3945,1.2817,-0.3052,lying,Charlotte,small
1785663424.7160518,3530585,0.1431,-0.002,-1.0005,4.3945,1.4038,-0.061,lying,Charlotte,small
1785663424.716065,3530635,0.1421,-0.0039,-1.0024,4.2725,1.2207,-0.2441,lying,Charlotte,small
1785663424.7160702,3530685,0.1406,-0.0024,-1.0054,4.5166,1.0986,-0.3052,lying,Charlotte,small
1785663424.7160747,3530735,0.1401,-0.0015,-0.9961,4.5166,0.9766,-0.4883,lying,Charlotte,small
1785663424.716079,3530785,0.1392,0.0015,-0.9956,4.4556,1.2817,0.0,lying,Charlotte,small
1785663424.7160833,3530835,0.1357,-0.002,-0.9985,4.3945,1.2817,0.061,lying,Charlotte,small
1785663424.7160873,3530885,0.1431,-0.0029,-0.9985,4.3945,1.2207,-0.1221,lying,Charlotte,small
1785663424.7160912,3530935,0.145,-0.0015,-1.0078,4.5166,1.2207,-0.1831,lying,Charlotte,small
1785663424.716095,3530985,0.1411,-0.002,-1.002,4.5166,1.2207,-0.1831,lying,Charlotte,small
1785663424.7160985,3531035,0.1411,-0.0034,-1.0034,4.3335,1.2817,0.1221,lying,Charlotte,small
1785663425.3937845,3532989,0.1357,0.0034,-1.0015,4.4556,1.2817,-0.061,lying,Charlotte,small
1785663425.393792,3533039,0.1392,-0.0039,-0.999,4.3335,1.1597,-0.3052,lying,Charlotte,small
1785663425.3937957,3533089,0.1406,-0.0059,-1.002,4.3335,1.3428,-0.1831,lying,Charlotte,small
1785663425.3937993,3533139,0.1411,-0.0044,-0.9976,4.5776,1.0986,0.061,lying,Charlotte,small
1785663425.3938024,3533189,0.1421,-0.0039,-0.9976,4.4556,1.2817,-0.2441,lying,Charlotte,small
1785663425.3938053,3533239,0.1416,-0.0015,-0.9995,4.5166,1.1597,0.061,lying,Charlotte,small
1785663425.3938088,3533289,0.1387,-0.0039,-0.9951,4.3335,1.0986,-0.3662,lying,Charlotte,small
1785663425.3938122,3533339,0.1367,0.002,-1.0015,4.2725,0.9766,-0.061,lying,Charlotte,small
1785663425.3938153,3533389,0.1396,-0.0034,-1.002,4.3945,1.3428,-0.2441,lying,Charlotte,small
1785663425.3938181,3533439,0.1387,0.0015,-1.0034,4.3335,1.1597,-0.3662,lying,Charlotte,small
1785663427.187719,3534628,0.1406,0.001,-1.0132,4.3335,1.0986,0.1221,lying,Charlotte,small
1785663427.1877315,3534678,0.1411,0.0,-1.0044,4.3335,0.7935,-0.4272,lying,Charlotte,small
1785663427.187737,3534728,0.1377,-0.0034,-0.9976,4.4556,1.2817,-0.1221,lying,Charlotte,small
1785663427.1877418,3534778,0.1411,-0.0015,-1.0005,4.2725,1.3428,-0.4272,lying,Charlotte,small
1785663427.1877458,3534828,0.1401,0.0015,-1.0054,4.7607,1.2817,-0.1831,lying,Charlotte,small
1785663427.1877499,3534878,0.1396,-0.0049,-1.0034,4.3335,1.3428,0.0,lying,Charlotte,small
1785663427.1877537,3534928,0.1362,-0.002,-1.0093,4.2725,1.1597,0.0,lying,Charlotte,small
1785663427.1877573,3534978,0.1396,-0.0049,-1.0054,4.5166,1.0986,-0.1831,lying,Charlotte,small
1785663427.1877613,3535028,0.1416,-0.0049,-1.0,4.2114,1.3428,0.061,lying,Charlotte,small
1785663427.187765,3535078,0.1411,-0.002,-1.0029,4.4556,1.0986,0.0,lying,Charlotte,small
1785663429.1386926,3535460,0.1421,-0.0005,-1.001,4.4556,1.0986,-0.2441,lying,Charlotte,small
1785663429.1387057,3535510,0.1416,-0.0059,-1.0049,4.5776,1.1597,-0.061,lying,Charlotte,small
1785663429.1387107,3535560,0.1387,0.0,-1.0015,4.5166,1.2817,0.0,lying,Charlotte,small
1785663429.1387155,3535610,0.1406,0.001,-1.0034,4.5166,1.1597,0.061,lying,Charlotte,small
1785663429.1387198,3535660,0.1396,-0.0024,-1.0015,4.4556,1.2817,-0.2441,lying,Charlotte,small
1785663429.1387236,3535710,0.1416,-0.0034,-0.9932,4.3945,1.1597,0.0,lying,Charlotte,small
1785663429.1387272,3535760,0.1406,-0.002,-1.0029,4.3335,1.0986,0.0,lying,Charlotte,small
1785663429.1387312,3535810,0.1396,-0.0054,-0.9985,4.3335,1.1597,-0.1221,lying,Charlotte,small
1785663429.138735,3535860,0.1421,0.001,-1.0,4.5166,0.9155,-0.1831,lying,Charlotte,small
1785663429.1387389,3535910,0.1426,-0.0039,-1.0,4.2725,1.3428,-0.061,lying,Charlotte,small
1785663429.839896,3537452,0.1406,0.0,-0.9995,4.2114,1.0376,-0.3052,lying,Charlotte,small
1785663429.8399062,3537502,0.1406,0.0024,-1.0024,4.2114,1.0986,-0.3052,lying,Charlotte,small
1785663429.8399117,3537552,0.1431,-0.0049,-0.999,4.3945,1.0986,-0.061,lying,Charlotte,small
1785663429.8399162,3537602,0.1416,-0.0044,-1.0063,4.6997,1.2817,-0.1221,lying,Charlotte,small
1785663429.8399203,3537652,0.1367,0.0029,-0.998,4.2725,1.3428,-0.061,lying,Charlotte,small
1785663429.8399243,3537702,0.1421,-0.001,-1.0,4.4556,1.0376,-0.2441,lying,Charlotte,small
1785663429.8399284,3537752,0.1411,-0.0024,-1.0005,4.2114,1.0986,0.1221,lying,Charlotte,small
1785663429.8399322,3537802,0.1416,0.0,-1.0015,4.5776,1.0986,-0.2441,lying,Charlotte,small
1785663429.8399358,3537852,0.1406,-0.002,-1.0015,4.3335,1.2207,-0.1831,lying,Charlotte,small
1785663429.8399394,3537902,0.1406,-0.001,-0.9966,4.1504,1.0986,-0.061,lying,Charlotte,small
1785663430.7597253,3538116,0.1396,0.0024,-0.998,4.3945,1.1597,-0.1221,lying,Charlotte,small
1785663430.7597394,3538166,0.1406,-0.0015,-1.0015,4.6387,1.2207,-0.1831,lying,Charlotte,small
1785663430.759745,3538216,0.1396,-0.0024,-1.0005,4.3945,1.0986,0.0,lying,Charlotte,small
1785663430.7597494,3538266,0.1421,-0.0034,-0.9985,4.5166,1.2817,-0.1831,lying,Charlotte,small
1785663430.7597537,3538316,0.1353,-0.0034,-1.0029,4.3945,1.2207,-0.1831,lying,Charlotte,small
1785663430.7597575,3538366,0.1406,-0.0029,-1.0015,4.5166,1.1597,-0.1221,lying,Charlotte,small
1785663430.7597613,3538416,0.1401,-0.0068,-1.001,4.5776,1.4038,-0.2441,lying,Charlotte,small
1785663430.759765,3538466,0.1396,0.0005,-0.9961,4.5776,1.3428,0.0,lying,Charlotte,small
1785663430.7597687,3538516,0.1401,-0.0005,-0.9976,4.5166,1.0986,-0.2441,lying,Charlotte,small
1785663430.7597728,3538566,0.144,0.0,-0.998,4.2725,1.3428,0.0,lying,Charlotte,small
1785663431.397734,3539038,0.1396,-0.0024,-1.0029,4.4556,1.0376,-0.1831,lying,Charlotte,small
1785663431.3977408,3539088,0.1401,-0.0103,-1.002,4.5166,1.1597,-0.1831,lying,Charlotte,small
1785663431.397745,3539138,0.1406,0.0,-1.0029,4.4556,1.1597,0.061,lying,Charlotte,small
1785663431.3977482,3539188,0.1401,0.0024,-1.0044,4.3945,1.1597,-0.3662,lying,Charlotte,small
1785663431.3977516,3539238,0.1426,-0.001,-1.0034,4.2725,1.2207,-0.3052,lying,Charlotte,small
1785663431.397755,3539288,0.1421,-0.0063,-1.0034,4.3945,0.9766,-0.1831,lying,Charlotte,small
1785663431.397758,3539338,0.1411,-0.0029,-0.999,4.5166,1.2817,-0.1831,lying,Charlotte,small
1785663431.397761,3539388,0.1396,-0.0029,-1.0029,4.4556,1.2817,-0.4883,lying,Charlotte,small
1785663431.3977642,3539438,0.1377,-0.0024,-0.9985,4.3335,1.4038,-0.2441,lying,Charlotte,small
1785663431.397767,3539488,0.1411,-0.0054,-0.9985,4.3335,1.4038,0.061,lying,Charlotte,small
1785663434.4469984,3540671,0.1377,0.0015,-1.0005,4.5166,1.1597,-0.061,lying,Charlotte,small
1785663434.4470122,3540721,0.1401,-0.0054,-1.001,4.2725,1.0986,-0.1831,lying,Charlotte,small
1785663434.4470177,3540771,0.1421,-0.0015,-1.002,4.3335,1.4038,-0.061,lying,Charlotte,small
1785663434.4470232,3540821,0.1421,0.0015,-1.0044,4.3945,1.3428,-0.1221,lying,Charlotte,small
1785663434.4470274,3540871,0.1372,0.0039,-1.001,4.0894,1.2207,0.1221,lying,Charlotte,small
1785663434.4470327,3540921,0.1406,-0.0044,-1.0059,4.5166,1.3428,-0.3052,lying,Charlotte,small
1785663434.447038,3540971,0.1406,-0.0015,-0.9985,4.4556,1.2817,-0.3662,lying,Charlotte,small
1785663434.4470427,3541021,0.1362,0.0039,-0.999,4.2725,0.9766,-0.2441,lying,Charlotte,small
1785663434.4470475,3541071,0.1387,-0.001,-0.999,4.3945,1.2207,-0.2441,lying,Charlotte,small
1785663434.4470518,3541121,0.1392,-0.0034,-1.0054,4.5166,1.2207,-0.061,lying,Charlotte,small
1785663434.968427,3542725,0.1396,-0.0034,-1.0073,4.3945,1.1597,-0.3052,lying,Charlotte,small
1785663434.968437,3542775,0.1421,-0.001,-1.0054,4.3335,1.3428,0.061,lying,Charlotte,small
1785663434.9684424,3542825,0.1377,-0.0034,-1.0049,4.7607,1.2207,0.0,lying,Charlotte,small
1785663434.9684467,3542875,0.1406,-0.0044,-1.0063,4.4556,1.2207,0.061,lying,Charlotte,small
1785663434.9684508,3542925,0.1396,-0.0039,-1.0034,4.5166,1.2817,-0.3052,lying,Charlotte,small
1785663434.968475,3542975,0.1396,-0.0044,-1.0,4.2114,1.5259,-0.1831,lying,Charlotte,small
1785663434.9684792,3543025,0.1421,-0.0034,-0.9976,4.5166,0.9155,-0.3662,lying,Charlotte,small
1785663434.968483,3543075,0.1411,-0.0005,-0.9976,4.6997,1.0986,0.1221,lying,Charlotte,small
1785663434.9684873,3543125,0.1411,-0.0029,-0.998,4.5166,1.2207,-0.2441,lying,Charlotte,small
1785663434.968491,3543175,0.1382,-0.0005,-1.0049,4.6387,1.2207,0.061,lying,Charlotte,small
1785663435.571197,3543246,0.1455,-0.0044,-1.0049,4.6997,1.4038,-0.061,lying,Charlotte,small
1785663435.5712059,3543296,0.1387,0.0,-1.0093,4.6387,1.0986,-0.1221,lying,Charlotte,small
1785663435.5712104,3543346,0.1377,-0.002,-1.0005,4.5166,1.2817,-0.1221,lying,Charlotte,small
1785663435.5712142,3543396,0.1377,-0.0024,-0.9951,4.6387,1.3428,-0.1221,lying,Charlotte,small
1785663435.571217,3543446,0.1372,0.001,-0.9985,4.5166,0.9766,-0.1831,lying,Charlotte,small
1785663435.5712204,3543496,0.1396,-0.0024,-0.9995,4.6387,1.2207,0.2441,lying,Charlotte,small
1785663435.5712242,3543546,0.1426,0.0015,-0.9971,4.4556,1.3428,-0.1221,lying,Charlotte,small
1785663435.5712276,3543596,0.1396,-0.0039,-1.0034,4.5776,1.1597,-0.1831,lying,Charlotte,small
1785663435.5712306,3543646,0.1416,-0.0005,-1.001,4.4556,1.2207,-0.1221,lying,Charlotte,small
1785663435.5712337,3543696,0.144,0.001,-0.9917,4.5166,1.5259,-0.3662,lying,Charlotte,small
1785663436.0833788,3543847,0.1387,-0.0039,-0.999,4.5166,1.0376,-0.2441,lying,Charlotte,small
1785663436.0833874,3543897,0.1401,-0.0034,-1.0,4.5776,1.4038,-0.4272,lying,Charlotte,small
1785663436.0833914,3543947,0.1396,0.0049,-0.9941,4.4556,1.0986,0.1221,lying,Charlotte,small
1785663436.083395,3543997,0.1396,-0.0024,-1.0,4.5776,1.0986,0.0,lying,Charlotte,small
1785663436.0833979,3544047,0.1396,-0.0054,-0.9961,4.2114,1.4038,-0.2441,lying,Charlotte,small
1785663436.083401,3544097,0.1411,-0.0015,-1.0034,4.2114,1.3428,-0.3662,lying,Charlotte,small
1785663436.0834043,3544147,0.1431,-0.0049,-0.999,4.3945,1.0986,0.1831,lying,Charlotte,small
1785663436.0834076,3544197,0.1401,-0.0054,-1.001,4.5166,1.2207,-0.061,lying,Charlotte,small
1785663436.0834107,3544247,0.1431,-0.0073,-0.9995,4.3335,1.3428,-0.2441,lying,Charlotte,small
1785663436.0834136,3544297,0.144,-0.0034,-1.0029,4.5166,1.0376,-0.061,lying,Charlotte,small
1785663439.594005,3544358,0.1416,-0.0088,-1.002,4.4556,1.2207,-0.2441,lying,Charlotte,small
1785663439.594017,3544408,0.1421,-0.001,-0.9995,4.4556,1.0986,-0.2441,lying,Charlotte,small
1785663439.594022,3544458,0.1387,-0.0059,-0.9937,4.6997,0.9155,-0.1221,lying,Charlotte,small
1785663439.5940266,3544508,0.1372,-0.0024,-1.0015,4.3945,1.1597,0.0,lying,Charlotte,small
1785663439.5940306,3544558,0.1431,0.001,-0.9951,4.5166,1.1597,-0.3052,lying,Charlotte,small
1785663439.594035,3544608,0.1392,0.0005,-1.0044,4.5166,1.0376,-0.1831,lying,Charlotte,small
1785663439.5940392,3544658,0.1406,-0.0059,-0.998,4.3335,1.0986,-0.3662,lying,Charlotte,small
1785663439.5940435,3544708,0.1396,-0.0044,-0.9995,4.2114,1.0376,-0.1831,lying,Charlotte,small
1785663439.594047,3544758,0.1406,-0.0029,-1.0,4.5166,1.0986,-0.1221,lying,Charlotte,small
1785663439.594051,3544808,0.1426,-0.001,-1.002,4.4556,1.1597,-0.061,lying,Charlotte,small
1785663449.6044705,3555336,0.1401,-0.002,-1.0,4.3335,1.3428,-0.2441,lying,Charlotte,small
1785663449.6044831,3555386,0.1392,0.001,-0.998,4.5166,1.2817,-0.1831,lying,Charlotte,small
1785663449.6044886,3555436,0.1406,-0.0049,-1.0049,4.6387,0.9155,0.1831,lying,Charlotte,small
1785663449.6044931,3555486,0.1431,-0.0039,-1.0015,4.4556,1.2207,-0.061,lying,Charlotte,small
1785663449.604497,3555536,0.1401,-0.0059,-1.0029,4.3945,1.3428,-0.1221,lying,Charlotte,small
1785663449.604501,3555586,0.1421,-0.0039,-1.0005,4.2114,1.2207,-0.3052,lying,Charlotte,small
1785663449.6045048,3555636,0.1382,0.0,-0.999,4.5166,1.2817,-0.1831,lying,Charlotte,small
1785663449.6045089,3555686,0.1396,-0.0034,-0.998,4.3945,1.0986,-0.1831,lying,Charlotte,small
1785663449.6045127,3555736,0.1411,-0.0015,-0.9976,4.2725,1.2207,-0.2441,lying,Charlotte,small
1785663449.6045165,3555786,0.1421,-0.0005,-1.002,4.5166,1.0376,-0.061,lying,Charlotte,small
1785663450.397663,3557880,0.1406,-0.002,-0.9971,4.3335,1.2817,-0.1831,lying,Charlotte,small
1785663450.3976705,3557930,0.1377,-0.0059,-1.0,4.4556,1.1597,-0.1831,lying,Charlotte,small
1785663450.397674,3557980,0.1421,0.0,-1.0063,4.3335,1.2207,-0.1831,lying,Charlotte,small
1785663450.397678,3558030,0.1426,-0.0015,-1.0054,4.5166,1.2817,-0.2441,lying,Charlotte,small
1785663450.3976815,3558080,0.1416,0.0005,-1.0,4.3945,1.2207,-0.1831,lying,Charlotte,small
1785663450.3976848,3558130,0.1401,-0.0005,-1.0054,4.4556,1.0986,-0.061,lying,Charlotte,small
1785663450.3976882,3558180,0.1387,-0.0039,-0.9995,4.3945,1.0986,-0.1831,lying,Charlotte,small
1785663450.3976908,3558230,0.1411,-0.0034,-1.0015,4.2114,1.1597,0.0,lying,Charlotte,small
1785663450.3976939,3558280,0.1421,-0.0005,-0.9995,4.5166,1.1597,-0.1831,lying,Charlotte,small
1785663450.397697,3558330,0.1431,-0.0049,-0.9976,4.4556,1.0986,-0.1221,lying,Charlotte,small
1785663452.7742953,3559202,0.1406,0.0005,-0.9956,4.5776,1.0986,-0.2441,lying,Charlotte,small
1785663452.7743058,3559252,0.1392,-0.0015,-0.9995,4.3945,1.2817,-0.4883,lying,Charlotte,small
1785663452.7743104,3559302,0.1382,-0.0034,-0.9966,4.5776,1.0986,-0.061,lying,Charlotte,small
1785663452.774314,3559352,0.1426,-0.002,-1.0068,4.4556,1.1597,-0.1831,lying,Charlotte,small
1785663452.774317,3559402,0.1426,-0.0024,-1.0039,4.3335,1.3428,0.0,lying,Charlotte,small
1785663452.7743204,3559452,0.1396,0.0034,-0.999,4.5166,1.0986,-0.2441,lying,Charlotte,small
1785663452.7743237,3559502,0.1411,-0.0054,-1.0034,4.5166,1.0376,-0.061,lying,Charlotte,small
1785663452.7743268,3559552,0.1421,-0.002,-1.0107,4.4556,1.0986,-0.1831,lying,Charlotte,small
1785663452.77433,3559602,0.1411,-0.001,-1.0005,4.4556,1.4038,-0.1831,lying,Charlotte,small
1785663452.774333,3559652,0.1392,0.001,-1.001,4.5776,1.0986,0.061,lying,Charlotte,small
1785663454.840038,3561046,0.1377,-0.0024,-1.0005,4.4556,1.1597,-0.1221,lying,Charlotte,small
1785663454.8400502,3561096,0.1426,-0.0059,-1.0,4.3335,1.2817,-0.061,lying,Charlotte,small
1785663454.8400552,3561146,0.1411,-0.0015,-0.9995,4.1504,1.3428,-0.1831,lying,Charlotte,small
1785663454.8400605,3561196,0.1367,-0.0024,-1.0039,4.3945,1.2817,-0.1831,lying,Charlotte,small
1785663454.8400645,3561246,0.1426,-0.0024,-1.0044,4.5776,1.0376,-0.4272,lying,Charlotte,small
1785663454.8400683,3561296,0.1421,0.0034,-0.9951,4.5776,1.3428,0.1221,lying,Charlotte,small
1785663454.8400724,3561346,0.1396,-0.0044,-1.001,4.3335,1.0376,-0.1831,lying,Charlotte,small
1785663454.8400762,3561396,0.1406,-0.0034,-1.002,4.5776,1.0986,0.0,lying,Charlotte,small
1785663454.8400798,3561446,0.1387,-0.0034,-1.0,4.4556,1.0986,-0.3052,lying,Charlotte,small
1785663454.8400834,3561496,0.1426,0.0015,-1.0029,4.3335,1.2817,-0.2441,lying,Charlotte,small
1785663455.3711085,3563126,0.1396,-0.002,-1.0,4.4556,1.0376,0.061,lying,Charlotte,small
1785663455.3711216,3563176,0.1416,-0.001,-0.9956,4.5776,1.0986,-0.3052,lying,Charlotte,small
1785663455.3711278,3563226,0.1357,-0.0034,-1.0029,4.5776,1.0986,0.0,lying,Charlotte,small
1785663455.3711324,3563276,0.1392,-0.0029,-0.9966,4.2725,1.1597,-0.061,lying,Charlotte,small
1785663455.3711364,3563326,0.144,-0.001,-0.9966,4.2725,1.3428,-0.3052,lying,Charlotte,small
1785663455.3711402,3563376,0.1406,-0.0024,-1.0015,4.2114,1.0986,-0.1221,lying,Charlotte,small
1785663455.3711448,3563426,0.1401,-0.0054,-1.0015,4.2114,1.2207,-0.3052,lying,Charlotte,small
1785663455.3711483,3563476,0.1406,-0.0024,-1.0044,4.5166,1.2817,0.1221,lying,Charlotte,small
1785663455.371152,3563526,0.1396,-0.0039,-1.0,4.4556,1.3428,-0.061,lying,Charlotte,small
1785663455.3711555,3563576,0.1401,-0.0083,-1.0063,4.3335,1.0376,0.0,lying,Charlotte,small
1785663455.8976452,3563648,0.1406,-0.0054,-1.0024,4.5776,1.2817,-0.1221,lying,Charlotte,small
1785663455.8976548,3563698,0.1431,-0.0034,-1.0044,4.2725,1.2207,-0.1221,lying,Charlotte,small
1785663455.89766,3563748,0.1416,0.0015,-0.9966,4.6387,1.4038,0.1221,lying,Charlotte,small
1785663455.8976653,3563798,0.1416,-0.001,-1.0,4.6387,1.0376,-0.3052,lying,Charlotte,small
1785663455.8976696,3563848,0.1411,0.0005,-0.998,4.3335,1.2207,-0.1221,lying,Charlotte,small
1785663455.8976738,3563898,0.1421,0.001,-0.9971,4.5776,1.2817,0.1221,lying,Charlotte,small
1785663455.897678,3563948,0.1406,-0.0034,-1.0093,4.5166,1.1597,-0.2441,lying,Charlotte,small
1785663455.897682,3563998,0.1392,0.0044,-1.0044,4.3335,1.3428,0.061,lying,Charlotte,small
1785663455.8976855,3564048,0.1372,0.0005,-0.9976,4.2725,1.1597,-0.3052,lying,Charlotte,small
1785663455.8976893,3564098,0.1382,0.0,-1.0,4.5776,1.2207,0.1221,lying,Charlotte,small
1785663457.311219,3564177,0.1392,-0.0059,-0.998,4.6387,1.2207,-0.3052,lying,Charlotte,small
1785663457.3112314,3564227,0.1396,0.0024,-1.0024,4.4556,1.0986,-0.1831,lying,Charlotte,small
1785663457.3112366,3564277,0.1396,-0.001,-1.0024,4.5776,1.3428,-0.1221,lying,Charlotte,small
1785663457.3112411,3564327,0.1401,-0.002,-0.9976,4.5166,1.2817,-0.1831,lying,Charlotte,small
1785663457.311245,3564377,0.1357,-0.0024,-0.998,4.4556,1.2207,-0.2441,lying,Charlotte,small
1785663457.3112488,3564427,0.1377,0.001,-0.9951,4.5776,1.0376,-0.1831,lying,Charlotte,small
1785663457.3112533,3564477,0.1411,-0.0015,-1.0,4.2114,1.2207,0.1221,lying,Charlotte,small
1785663457.3112574,3564527,0.1406,0.001,-1.0,4.4556,1.2817,-0.3052,lying,Charlotte,small
1785663457.3112612,3564577,0.1377,0.0024,-1.0034,4.3335,1.2817,0.061,lying,Charlotte,small
1785663457.3112652,3564627,0.1421,-0.001,-1.0034,4.5166,1.0986,-0.1221,lying,Charlotte,small
1785663457.9226665,3565589,0.1396,-0.0015,-0.9985,4.5776,1.1597,0.061,lying,Charlotte,small
1785663457.9226768,3565639,0.1382,-0.0024,-1.0029,4.2725,1.3428,0.0,lying,Charlotte,small
1785663457.9226816,3565689,0.1416,0.0,-1.002,4.3335,1.1597,-0.061,lying,Charlotte,small
1785663457.9226859,3565739,0.1411,-0.0054,-0.9995,4.3335,1.0986,-0.061,lying,Charlotte,small
1785663457.9226902,3565789,0.1396,0.0044,-1.0029,4.5776,1.2207,-0.061,lying,Charlotte,small
1785663457.922694,3565839,0.1382,-0.002,-1.002,4.2725,1.0986,-0.2441,lying,Charlotte,small
1785663457.922698,3565889,0.1392,-0.0054,-1.0015,4.5776,1.0986,-0.061,lying,Charlotte,small
1785663457.9227018,3565939,0.1362,-0.001,-1.0015,4.3335,1.2207,-0.2441,lying,Charlotte,small
1785663457.9227057,3565989,0.1416,-0.0015,-1.0029,4.3945,1.2817,-0.3052,lying,Charlotte,small
1785663457.9227095,3566039,0.1406,-0.001,-0.9922,4.6387,1.0376,-0.3052,lying,Charlotte,small
1785663458.4648643,3566201,0.1377,-0.0049,-0.9922,4.5776,1.4648,-0.1221,lying,Charlotte,small
1785663458.464874,3566251,0.1343,-0.0005,-0.9976,4.3945,1.2207,0.0,lying,Charlotte,small
1785663458.464879,3566301,0.1392,0.0,-1.0005,4.3335,0.9766,0.1221,lying,Charlotte,small
1785663458.464907,3566351,0.1396,0.0005,-1.0024,4.7607,1.0986,0.1221,lying,Charlotte,small
1785663458.4649115,3566401,0.1401,-0.0063,-1.0044,4.3945,1.0986,-0.3662,lying,Charlotte,small
1785663458.4649158,3566451,0.1406,-0.0015,-0.998,4.3945,1.0376,-0.1221,lying,Charlotte,small
1785663458.4649198,3566501,0.1387,0.0039,-1.001,4.5776,1.0986,-0.3662,lying,Charlotte,small
1785663458.4649239,3566551,0.1377,0.0,-1.0054,4.3335,1.4038,0.0,lying,Charlotte,small
1785663458.4649272,3566601,0.1406,-0.0059,-1.0,4.3945,1.1597,-0.1221,lying,Charlotte,small
1785663458.464931,3566651,0.1411,-0.0034,-1.0005,4.4556,1.1597,0.0,lying,Charlotte,small
1785663459.2689903,3567019,0.1401,-0.0063,-1.0024,4.2725,1.3428,0.061,lying,Charlotte,small
1785663459.2690008,3567069,0.1396,-0.001,-1.0039,4.3335,1.2207,-0.2441,lying,Charlotte,small
1785663459.269006,3567119,0.1406,-0.0029,-0.9976,4.4556,1.0986,-0.3662,lying,Charlotte,small
1785663459.2690108,3567169,0.1411,-0.0015,-1.0034,4.4556,1.2207,-0.1221,lying,Charlotte,small
1785663459.2690148,3567219,0.1392,-0.0039,-1.0059,4.4556,1.1597,-0.3052,lying,Charlotte,small
1785663459.269019,3567269,0.1411,0.0,-0.9976,4.3945,0.9155,0.061,lying,Charlotte,small
1785663459.269023,3567319,0.1416,0.0,-0.998,4.3945,1.3428,-0.1831,lying,Charlotte,small
1785663459.2690268,3567369,0.1392,0.0005,-0.9951,4.7607,1.2207,-0.2441,lying,Charlotte,small
1785663459.2690306,3567419,0.1411,-0.0029,-0.9951,4.3945,1.2207,0.1221,lying,Charlotte,small
1785663459.2690344,3567469,0.1372,-0.002,-0.9995,4.5776,1.0986,-0.3052,lying,Charlotte,small
1785663461.8132298,3567541,0.1411,-0.0059,-1.0039,4.2114,1.0986,-0.2441,lying,Charlotte,small
1785663461.8132432,3567591,0.1416,-0.0039,-1.002,4.3335,1.2207,-0.061,lying,Charlotte,small
1785663461.8132484,3567641,0.1401,-0.0029,-1.002,4.5166,1.0376,-0.061,lying,Charlotte,small
1785663461.8132527,3567691,0.1416,-0.0015,-0.9971,4.2725,1.2817,0.1221,lying,Charlotte,small
1785663461.8132567,3567741,0.1401,-0.002,-0.9951,4.6997,1.0376,-0.1831,lying,Charlotte,small
1785663461.8132608,3567791,0.1392,-0.0054,-0.998,4.3335,1.2207,0.061,lying,Charlotte,small
1785663461.813265,3567841,0.1406,-0.002,-0.9995,4.3945,1.2207,-0.3662,lying,Charlotte,small
1785663461.813269,3567891,0.1396,0.0024,-0.9976,4.3945,1.0376,-0.1831,lying,Charlotte,small
1785663461.8132725,3567941,0.144,-0.0063,-0.9951,4.6387,1.2817,-0.061,lying,Charlotte,small
1785663461.8132765,3567991,0.1396,0.001,-1.0034,4.3945,1.0986,-0.1831,lying,Charlotte,small
1785663463.174796,3570139,0.1406,-0.002,-1.001,4.3335,1.0986,-0.1221,lying,Charlotte,small
1785663463.1748142,3570189,0.1377,-0.0059,-0.9985,4.2114,1.2207,-0.1831,lying,Charlotte,small
1785663463.1748195,3570239,0.1411,-0.0078,-1.001,4.5776,1.2207,-0.2441,lying,Charlotte,small
1785663463.1748242,3570289,0.1426,0.0029,-1.0068,4.5166,1.2817,0.061,lying,Charlotte,small
1785663463.174828,3570339,0.1367,0.0029,-0.9976,4.2725,0.9155,-0.2441,lying,Charlotte,small
1785663463.1748316,3570389,0.1406,-0.0005,-0.9956,4.3945,0.9766,0.0,lying,Charlotte,small
1785663463.1748362,3570439,0.1377,-0.002,-1.0029,4.4556,1.1597,-0.061,lying,Charlotte,small
1785663463.1748402,3570489,0.144,-0.0059,-1.0005,4.6387,1.4038,0.061,lying,Charlotte,small
1785663463.1748443,3570539,0.1382,0.0098,-0.9995,4.3945,1.1597,-0.1831,lying,Charlotte,small
1785663463.174848,3570589,0.1421,-0.0059,-1.0,4.6387,1.2207,-0.1831,lying,Charlotte,small
1785663473.6917753,3571449,0.1421,0.002,-1.0049,4.6997,1.2207,0.1831,lying,Charlotte,small
1785663473.6917875,3571499,0.1401,-0.0039,-0.9976,4.3335,0.9766,0.0,lying,Charlotte,small
1785663473.691793,3571549,0.1401,0.0,-1.001,4.4556,1.0986,-0.061,lying,Charlotte,small
1785663473.6917975,3571599,0.1396,-0.0015,-1.0029,4.4556,1.1597,0.061,lying,Charlotte,small
1785663473.6918018,3571649,0.1406,-0.001,-1.0015,4.5166,1.2207,-0.2441,lying,Charlotte,small
1785663473.6918063,3571699,0.1401,-0.0044,-1.0039,4.4556,1.1597,-0.1221,lying,Charlotte,small
1785663473.6918101,3571749,0.1411,-0.0044,-1.0005,4.5166,1.2817,-0.1221,lying,Charlotte,small
1785663473.6918142,3571799,0.1396,0.0039,-0.9941,4.3945,1.3428,-0.3052,lying,Charlotte,small
1785663473.691818,3571849,0.1392,-0.0044,-1.0029,4.4556,1.0986,0.0,lying,Charlotte,small
1785663473.6918218,3571899,0.1382,-0.0034,-0.998,4.6997,1.0986,-0.2441,lying,Charlotte,small
1785663474.2222059,3578027,0.1387,-0.0015,-1.0,4.5776,1.4038,0.0,lying,Charlotte,small
1785663474.222218,3578077,0.1416,0.0034,-1.0054,4.2725,0.9766,-0.2441,lying,Charlotte,small
1785663474.2222235,3578127,0.1406,0.001,-0.9956,4.4556,1.2207,0.1831,lying,Charlotte,small
1785663474.2222283,3578177,0.1367,0.0034,-0.999,4.5776,1.2817,-0.1831,lying,Charlotte,small
1785663474.222232,3578227,0.1416,-0.0034,-1.0015,4.3335,1.0986,-0.2441,lying,Charlotte,small
1785663474.222236,3578277,0.1392,-0.0029,-1.0015,4.3945,1.1597,-0.2441,lying,Charlotte,small
1785663474.2222397,3578327,0.1401,-0.002,-0.9976,4.5166,0.9766,-0.1831,lying,Charlotte,small
1785663474.2222435,3578377,0.1445,-0.0024,-0.9966,4.2725,1.1597,-0.061,lying,Charlotte,small
1785663474.2222474,3578427,0.1426,-0.002,-0.9995,4.3945,1.2817,-0.1831,lying,Charlotte,small
1785663474.222251,3578477,0.1401,-0.002,-1.0068,4.2725,1.2207,-0.061,lying,Charlotte,small
1785663481.1751893,3586960,0.1411,-0.0005,-1.0024,4.2725,1.1597,-0.1831,lying,Charlotte,small
1785663481.1752064,3587010,0.1416,0.0029,-1.0005,4.4556,1.0986,0.2441,lying,Charlotte,small
1785663481.1752117,3587060,0.1401,0.0034,-0.998,4.5776,1.2207,-0.6714,lying,Charlotte,small
1785663481.1752162,3587110,0.1401,-0.0034,-1.0029,4.6997,1.0986,-0.3052,lying,Charlotte,small
1785663481.17522,3587160,0.1401,-0.0059,-1.0029,4.3945,0.9766,-0.4272,lying,Charlotte,small
1785663481.1752238,3587210,0.1401,-0.0034,-1.002,4.5776,1.3428,0.0,lying,Charlotte,small
1785663481.1752279,3587260,0.1382,-0.001,-1.0054,4.4556,1.2817,-0.4883,lying,Charlotte,small
1785663481.175232,3587310,0.1426,0.0015,-1.002,4.1504,1.3428,-0.1831,lying,Charlotte,small
1785663481.175236,3587360,0.1377,0.001,-0.9995,4.5166,1.2207,-0.2441,lying,Charlotte,small
1785663481.1752396,3587410,0.1411,-0.001,-0.998,4.3945,1.1597,-0.3052,lying,Charlotte,small
1785663485.899356,3589853,0.1411,0.0005,-0.999,4.5776,1.3428,-0.1831,lying,Charlotte,small
1785663485.8993685,3589903,0.1396,-0.002,-0.9937,4.4556,1.1597,-0.061,lying,Charlotte,small
1785663485.8993738,3589953,0.1387,0.0005,-1.0044,4.3945,1.2207,-0.1831,lying,Charlotte,small
1785663485.8993785,3590003,0.1387,-0.0005,-1.0024,4.6387,0.6714,-0.5493,lying,Charlotte,small
1785663485.8993824,3590053,0.1372,-0.0044,-1.0,4.2725,1.1597,-0.1221,lying,Charlotte,small
1785663485.8993864,3590103,0.1382,-0.0039,-1.0029,4.3945,1.2817,-0.1831,lying,Charlotte,small
1785663485.8993905,3590153,0.1353,0.0034,-1.0005,4.2725,1.0376,0.061,lying,Charlotte,small
1785663485.8993943,3590203,0.1426,-0.0034,-1.0005,4.3335,1.1597,-0.3052,lying,Charlotte,small
1785663485.8993979,3590253,0.1357,-0.0034,-0.9985,4.4556,1.2207,-0.061,lying,Charlotte,small
1785663485.8994017,3590303,0.1436,-0.0078,-1.0024,4.5166,1.2817,-0.5493,lying,Charlotte,small
1785663488.5994678,3594877,0.1387,-0.0034,-0.999,4.4556,1.2817,-0.1221,lying,Charlotte,small
1785663488.599478,3594927,0.1416,-0.002,-0.9966,4.5776,1.2817,-0.4883,lying,Charlotte,small
1785663488.5994828,3594977,0.1382,0.0,-1.0015,4.6997,1.0986,0.1221,lying,Charlotte,small
1785663488.5994875,3595027,0.1377,0.0024,-0.9956,4.3945,0.9155,-0.1221,lying,Charlotte,small
1785663488.5994916,3595077,0.1401,0.002,-0.9937,4.3945,1.1597,-0.1221,lying,Charlotte,small
1785663488.5994954,3595127,0.1411,-0.0005,-1.0005,4.4556,1.1597,-0.3052,lying,Charlotte,small
1785663488.5994997,3595177,0.1406,-0.0088,-1.0044,4.5776,1.2817,0.0,lying,Charlotte,small
1785663488.5995035,3595227,0.1401,-0.0024,-0.9995,4.4556,1.2817,-0.1831,lying,Charlotte,small
1785663488.5995078,3595277,0.1431,-0.0005,-1.0034,4.5166,1.1597,-0.1221,lying,Charlotte,small
1785663488.5995116,3595327,0.1382,-0.0034,-0.9966,4.5776,1.2817,-0.1831,lying,Charlotte,small
1785663496.7200966,3603263,0.1401,0.0039,-0.9985,4.1504,1.0986,-0.1831,lying,Charlotte,small
1785663496.7201068,3603313,0.1416,-0.002,-1.0029,4.5166,1.2207,-0.2441,lying,Charlotte,small
1785663496.7201118,3603363,0.1392,0.0054,-1.0024,4.5776,1.0986,-0.1221,lying,Charlotte,small
1785663496.7201161,3603413,0.1406,-0.0029,-1.0034,4.3945,0.9766,-0.061,lying,Charlotte,small
1785663496.72012,3603463,0.1416,-0.0068,-1.0034,4.3945,1.0986,-0.1221,lying,Charlotte,small
1785663496.720124,3603513,0.1426,-0.0024,-0.998,4.5166,1.2817,-0.2441,lying,Charlotte,small
1785663496.7201278,3603563,0.1377,-0.0044,-0.9995,4.4556,1.0986,0.0,lying,Charlotte,small
1785663496.7201314,3603613,0.144,-0.002,-0.999,4.4556,1.3428,-0.1221,lying,Charlotte,small
1785663496.7201355,3603663,0.1382,-0.0068,-0.999,4.5166,1.4038,-0.2441,lying,Charlotte,small
1785663496.720139,3603713,0.1411,-0.0029,-1.0005,4.5166,1.3428,-0.061,lying,Charlotte,small
1785663500.1064777,3604990,0.144,-0.0078,-1.0054,4.3945,1.0986,-0.2441,lying,Charlotte,small
1785663500.106489,3605040,0.1396,0.001,-0.998,4.5776,1.0376,0.1221,lying,Charlotte,small
1785663500.1064932,3605090,0.1406,-0.0044,-1.0039,4.2725,1.2207,-0.1831,lying,Charlotte,small
1785663500.1064968,3605140,0.1406,-0.0024,-0.9995,4.1504,1.0986,-0.1221,lying,Charlotte,small
1785663500.1065,3605190,0.1372,0.0015,-0.998,4.3945,1.2207,-0.1221,lying,Charlotte,small
1785663500.106503,3605240,0.1372,-0.001,-1.001,4.3945,1.4648,0.061,lying,Charlotte,small
1785663500.1065063,3605290,0.1421,-0.0083,-0.9995,4.2114,1.2207,-0.1831,lying,Charlotte,small
1785663500.1065097,3605340,0.1411,0.0005,-1.0,4.3945,1.0376,-0.1831,lying,Charlotte,small
1785663500.1065125,3605390,0.1406,-0.0039,-1.0044,4.1504,1.0986,-0.1221,lying,Charlotte,small
1785663500.1065156,3605440,0.1401,-0.0029,-1.0083,4.4556,1.1597,-0.3662,lying,Charlotte,small
1785663500.617892,3608374,0.1377,-0.001,-1.0005,4.4556,1.0986,-0.3662,lying,Charlotte,small
1785663500.6179028,3608424,0.1382,-0.0054,-0.998,4.5776,1.0986,-0.061,lying,Charlotte,small
1785663500.617908,3608474,0.1396,-0.0063,-0.9956,4.4556,1.0986,-0.061,lying,Charlotte,small
1785663500.617912,3608524,0.1382,-0.0015,-1.0059,4.5166,1.0986,-0.1221,lying,Charlotte,small
1785663500.6179163,3608574,0.1396,-0.0054,-0.9995,4.5166,1.2207,-0.1831,lying,Charlotte,small
1785663500.6179202,3608624,0.1416,-0.0049,-1.0005,4.4556,1.4038,-0.3662,lying,Charlotte,small
1785663500.6179242,3608674,0.144,0.0,-1.0054,4.5776,1.0986,-0.1221,lying,Charlotte,small
1785663500.617928,3608724,0.1372,-0.0054,-0.9971,4.6387,1.1597,-0.3052,lying,Charlotte,small
1785663500.6179318,3608774,0.1406,-0.002,-1.0073,4.2114,1.2817,-0.2441,lying,Charlotte,small
1785663500.6179357,3608824,0.1353,0.0034,-1.0005,4.2725,1.1597,-0.1831,lying,Charlotte,small
1785663501.3910756,3608886,0.1382,-0.0024,-0.9907,4.3335,1.3428,0.1221,lying,Charlotte,small
1785663501.391083,3608936,0.1377,-0.002,-1.0039,4.3945,1.3428,-0.1221,lying,Charlotte,small
1785663501.391087,3608986,0.1431,-0.0024,-1.0,4.3945,1.2207,0.061,lying,Charlotte,small
1785663501.3910904,3609036,0.1377,-0.0044,-1.002,4.5776,1.1597,-0.3662,lying,Charlotte,small
1785663501.3910937,3609086,0.1406,-0.002,-1.0015,4.5166,1.1597,-0.061,lying,Charlotte,small
1785663501.3910968,3609136,0.1411,-0.0024,-1.002,4.2725,1.4648,-0.3052,lying,Charlotte,small
1785663501.3911,3609186,0.1406,-0.0015,-1.001,4.2725,1.2817,-0.061,lying,Charlotte,small
1785663501.391103,3609236,0.1396,0.0005,-1.0,4.5776,1.2817,0.1221,lying,Charlotte,small
1785663501.3911061,3609286,0.1426,-0.0034,-1.0039,4.3945,1.4038,-0.5493,lying,Charlotte,small
1785663501.3911095,3609336,0.1392,-0.0005,-0.9951,4.8828,0.9766,-0.2441,lying,Charlotte,small
1785663504.0770547,3610198,0.1396,0.002,-1.002,4.5166,1.0986,0.0,lying,Charlotte,small
1785663504.0770664,3610248,0.1431,-0.0054,-1.0005,4.4556,1.1597,-0.3052,lying,Charlotte,small
1785663504.0770721,3610298,0.1406,-0.002,-0.9985,4.3335,1.3428,0.0,lying,Charlotte,small
1785663504.0770764,3610348,0.1362,0.0,-0.9976,4.4556,1.2207,-0.2441,lying,Charlotte,small
1785663504.0770802,3610398,0.1401,-0.001,-1.0024,4.5776,1.2817,-0.1221,lying,Charlotte,small
1785663504.0770843,3610448,0.1416,0.001,-0.999,4.3945,1.1597,0.2441,lying,Charlotte,small
1785663504.0770886,3610498,0.1416,0.001,-0.9985,4.5776,0.9766,-0.061,lying,Charlotte,small
1785663504.0770926,3610548,0.1387,-0.0015,-1.001,4.6997,1.0376,-0.061,lying,Charlotte,small
1785663504.0770965,3610598,0.1387,-0.0044,-0.9985,4.4556,1.1597,-0.1221,lying,Charlotte,small
1785663504.0771003,3610648,0.1411,0.001,-0.9966,4.6387,1.0986,-0.061,lying,Charlotte,small
1785663504.5947068,3612352,0.1416,-0.0029,-1.0015,4.4556,1.2817,-0.1221,lying,Charlotte,small
1785663504.594717,3612402,0.1401,-0.002,-1.0005,4.4556,1.0986,-0.1221,lying,Charlotte,small
1785663504.5947218,3612452,0.144,-0.0063,-1.0078,4.2725,1.1597,-0.1221,lying,Charlotte,small
1785663504.5947275,3612502,0.1416,0.0015,-0.9907,4.4556,0.9766,-0.4272,lying,Charlotte,small
1785663504.5947318,3612552,0.1377,0.0034,-0.999,4.5776,1.1597,0.061,lying,Charlotte,small
1785663504.5947356,3612602,0.145,-0.0054,-1.0015,4.5776,1.0376,-0.061,lying,Charlotte,small
1785663504.59474,3612652,0.1382,0.0024,-0.9956,4.5166,1.4038,0.0,lying,Charlotte,small
1785663504.5947435,3612702,0.1455,-0.0156,-1.0039,4.5166,1.2207,-0.1831,lying,Charlotte,small
1785663504.5947475,3612752,0.1426,0.001,-1.002,4.4556,1.3428,-0.1221,lying,Charlotte,small
1785663504.5947518,3612802,0.1416,-0.0015,-1.0,4.6387,1.0376,-0.3662,lying,Charlotte,small
1785663507.0534956,3612864,0.1411,-0.0015,-1.0015,4.4556,1.0376,-0.061,lying,Charlotte,small
1785663507.0535111,3612914,0.1411,-0.0029,-0.999,4.3335,1.2817,-0.1221,lying,Charlotte,small
1785663507.0535164,3612964,0.1416,-0.0029,-1.0,4.3945,1.2817,-0.061,lying,Charlotte,small
1785663507.053521,3613014,0.1411,0.0005,-0.9976,4.2725,1.0986,-0.3052,lying,Charlotte,small
1785663507.053525,3613064,0.1416,-0.0049,-1.0029,4.5166,1.3428,0.061,lying,Charlotte,small
1785663507.053529,3613114,0.1421,-0.0029,-1.0015,4.3945,1.1597,0.0,lying,Charlotte,small
1785663507.0535336,3613164,0.1387,-0.002,-1.0015,4.5166,0.9766,-0.1831,lying,Charlotte,small
1785663507.0535376,3613214,0.1382,-0.0015,-0.9971,4.3945,1.2207,-0.061,lying,Charlotte,small
1785663507.0535417,3613264,0.1426,0.0,-0.999,4.5166,1.2817,-0.1831,lying,Charlotte,small
1785663507.0535452,3613314,0.1411,0.0,-0.999,4.5166,1.0376,-0.061,lying,Charlotte,small
1785663510.4409375,3615325,0.1406,-0.0015,-0.998,4.5776,0.9766,0.061,lying,Charlotte,small
1785663510.4409487,3615375,0.1406,0.001,-1.0044,4.4556,0.9155,-0.3662,lying,Charlotte,small
1785663510.440953,3615425,0.1406,-0.001,-0.9932,4.4556,1.1597,-0.1221,lying,Charlotte,small
1785663510.4409564,3615475,0.1387,-0.0054,-1.0015,4.6387,1.2207,0.0,lying,Charlotte,small
1785663510.44096,3615525,0.144,0.001,-1.0029,4.5776,1.1597,-0.1221,lying,Charlotte,small
1785663510.4409633,3615575,0.1421,-0.0024,-1.0,4.6997,1.2817,0.2441,lying,Charlotte,small
1785663510.4409666,3615625,0.1357,-0.0015,-1.0063,4.2725,1.0986,-0.061,lying,Charlotte,small
1785663510.4409697,3615675,0.1367,0.0005,-1.0034,4.2114,1.2207,-0.1831,lying,Charlotte,small
1785663510.4409728,3615725,0.1401,-0.001,-1.0029,4.2114,1.2817,-0.2441,lying,Charlotte,small
1785663510.440976,3615775,0.1401,-0.0054,-1.0005,4.4556,1.2207,-0.061,lying,Charlotte,small
1785663514.0472014,3620810,0.1392,0.0,-1.0039,4.5166,1.0986,0.0,lying,Charlotte,small
1785663514.0472128,3620860,0.1416,-0.0015,-1.0044,4.5166,1.3428,0.2441,lying,Charlotte,small
1785663514.0472188,3620910,0.1431,-0.0015,-0.9976,4.3335,1.3428,0.0,lying,Charlotte,small
1785663514.0472236,3620960,0.1396,-0.0005,-1.001,4.3945,1.0986,-0.1221,lying,Charlotte,small
1785663514.0472276,3621010,0.1396,-0.0024,-0.9961,4.4556,0.9766,-0.1831,lying,Charlotte,small
1785663514.0472329,3621060,0.1392,0.0,-0.9976,4.5166,1.0376,-0.1831,lying,Charlotte,small
1785663514.0472395,3621110,0.1416,-0.0059,-0.9985,4.5776,1.2817,-0.3052,lying,Charlotte,small
1785663514.047247,3621160,0.1406,-0.0005,-0.9971,4.5776,1.1597,0.0,lying,Charlotte,small
1785663514.0472531,3621210,0.1387,0.0005,-1.0034,4.6997,1.0376,0.0,lying,Charlotte,small
1785663514.0472605,3621260,0.1401,-0.002,-1.0059,4.6387,1.0376,0.1221,lying,Charlotte,small
1785663515.0333412,3622324,0.1382,-0.0049,-0.9995,4.3335,1.2207,-0.061,lying,Charlotte,small
1785663515.0333564,3622374,0.1421,0.001,-0.9995,4.2114,1.2207,-0.061,lying,Charlotte,small
1785663515.0333633,3622424,0.1421,0.0,-1.0049,4.5776,1.4648,-0.1221,lying,Charlotte,small
1785663515.0333698,3622474,0.1431,-0.0063,-1.0005,4.6387,1.4038,-0.061,lying,Charlotte,small
1785663515.0333755,3622524,0.1392,-0.001,-1.0005,4.5776,1.2207,0.1221,lying,Charlotte,small
1785663515.0333812,3622574,0.1431,0.0024,-0.9956,4.5166,1.1597,-0.1831,lying,Charlotte,small
1785663515.0333872,3622624,0.1401,-0.0005,-0.9966,4.2725,1.3428,-0.1221,lying,Charlotte,small
1785663515.033393,3622674,0.1377,0.0044,-0.9961,4.6387,1.0986,0.3052,lying,Charlotte,small
1785663515.0333984,3622724,0.1431,-0.0044,-1.0044,4.8218,1.2817,0.0,lying,Charlotte,small
1785663515.0334036,3622774,0.1416,-0.0054,-1.0015,4.2725,1.2207,-0.061,lying,Charlotte,small
1785663516.212749,3623309,0.1436,-0.0059,-1.0054,4.3335,1.2207,-0.3052,lying,Charlotte,small
1785663516.2127645,3623359,0.1431,-0.001,-1.0044,4.3945,0.9766,0.0,lying,Charlotte,small
1785663516.2127707,3623409,0.1411,0.002,-1.0054,4.3945,1.2207,-0.061,lying,Charlotte,small
1785663516.2127767,3623459,0.1396,-0.0054,-0.9971,4.2725,1.4038,-0.061,lying,Charlotte,small
1785663516.212782,3623509,0.1382,0.001,-0.9985,4.5166,1.1597,-0.1221,lying,Charlotte,small
1785663516.2127864,3623559,0.1401,-0.0039,-0.9995,4.2725,1.4038,0.061,lying,Charlotte,small
1785663516.212791,3623609,0.1387,-0.0059,-1.0068,4.3335,1.0376,-0.3662,lying,Charlotte,small
1785663516.2127957,3623659,0.1387,0.002,-1.0,4.3335,1.2817,-0.3052,lying,Charlotte,small
1785663516.2128003,3623709,0.1416,0.0005,-1.002,4.5776,0.8545,0.1221,lying,Charlotte,small
1785663516.2128057,3623759,0.1401,-0.0044,-1.0029,4.5166,1.0986,-0.1221,lying,Charlotte,small
1785663518.6356387,3626321,0.1396,0.0005,-1.0,4.3335,0.9155,-0.1831,lying,Charlotte,small
1785663518.6356475,3626371,0.1426,-0.0044,-1.0078,4.3945,0.9766,-0.3662,lying,Charlotte,small
1785663518.6356525,3626421,0.1421,-0.0054,-1.0029,4.5776,1.2207,0.0,lying,Charlotte,small
1785663518.635656,3626471,0.1406,-0.0063,-0.9995,4.5776,1.3428,-0.3052,lying,Charlotte,small
1785663518.6356595,3626521,0.1357,-0.002,-1.0034,4.3945,1.3428,-0.3052,lying,Charlotte,small
1785663518.6356626,3626571,0.1396,0.001,-0.9985,4.5776,1.1597,0.0,lying,Charlotte,small
1785663518.635666,3626621,0.1396,0.001,-0.9995,4.3945,1.0986,-0.061,lying,Charlotte,small
1785663518.635669,3626671,0.1392,-0.0063,-1.0,4.5166,1.0986,-0.4272,lying,Charlotte,small
1785663518.6356719,3626721,0.1416,-0.002,-0.9932,4.4556,1.2817,-0.061,lying,Charlotte,small
1785663518.635675,3626771,0.1392,-0.0015,-1.001,4.5776,1.1597,-0.2441,lying,Charlotte,small
1785663520.8869503,3628335,0.1436,-0.0039,-1.0,4.6997,1.2207,-0.3052,lying,Charlotte,small
1785663520.8869603,3628385,0.144,-0.0044,-1.0024,4.3335,1.1597,0.1831,lying,Charlotte,small
1785663520.8869646,3628435,0.1421,-0.0049,-0.9932,4.4556,1.4648,-0.2441,lying,Charlotte,small
1785663520.8869681,3628485,0.1431,-0.0024,-0.9985,4.6387,1.2207,-0.1831,lying,Charlotte,small
1785663520.8869712,3628535,0.1396,-0.0024,-1.0,4.3335,1.0986,-0.061,lying,Charlotte,small
1785663520.8869739,3628585,0.1416,0.0005,-1.0034,4.5776,1.0376,-0.3662,lying,Charlotte,small
1785663520.8869934,3628635,0.1406,-0.001,-1.002,4.5166,1.4038,-0.061,lying,Charlotte,small
1785663520.8869998,3628685,0.1387,-0.0073,-0.9932,4.4556,0.8545,-0.5493,lying,Charlotte,small
1785663520.8870049,3628735,0.1421,0.0005,-1.0,4.5166,1.1597,0.1831,lying,Charlotte,small
1785663520.8870103,3628785,0.1392,0.001,-0.9961,4.5166,1.3428,-0.3662,lying,Charlotte,small
1785663524.21177,3629173,0.1406,-0.001,-0.9941,4.6997,1.2207,-0.3662,lying,Charlotte,small
1785663524.2117832,3629223,0.1436,0.0015,-1.0005,4.6387,1.2207,0.0,lying,Charlotte,small
1785663524.2117896,3629273,0.1431,-0.0044,-1.001,4.6387,1.2817,-0.1221,lying,Charlotte,small
1785663524.2117958,3629323,0.1416,-0.0034,-0.9976,4.3945,1.0376,-0.1221,lying,Charlotte,small
1785663524.211801,3629373,0.1416,-0.0068,-1.0034,4.2725,1.2817,0.3662,lying,Charlotte,small
1785663524.2118068,3629423,0.1367,-0.0005,-0.999,4.4556,1.0986,-0.2441,lying,Charlotte,small
1785663524.2118104,3629473,0.1401,-0.0049,-1.0054,4.3335,1.2817,0.061,lying,Charlotte,small
1785663524.2118137,3629523,0.1392,-0.0044,-1.0059,4.3335,1.0986,0.061,lying,Charlotte,small
1785663524.2118168,3629573,0.1396,-0.0034,-1.0034,4.6387,1.0376,0.1831,lying,Charlotte,small
1785663524.2118194,3629623,0.1387,-0.0024,-1.0034,4.3945,1.2817,-0.1221,lying,Charlotte,small
1785663527.3269355,3634285,0.1401,-0.002,-0.9941,4.4556,1.4038,-0.2441,lying,Charlotte,small
1785663527.3269467,3634335,0.1406,-0.0034,-1.0029,4.6387,1.1597,-0.3662,lying,Charlotte,small
1785663527.3269513,3634385,0.1392,0.0024,-1.0063,4.4556,1.1597,0.061,lying,Charlotte,small
1785663527.3269548,3634435,0.1436,-0.0005,-1.002,4.3945,1.1597,-0.1831,lying,Charlotte,small
1785663527.3269582,3634485,0.1421,-0.0054,-1.0029,4.6387,1.0986,0.1221,lying,Charlotte,small
1785663527.326981,3634535,0.1416,-0.002,-1.0005,4.5166,1.2817,-0.1831,lying,Charlotte,small
1785663527.3269873,3634585,0.1367,-0.0015,-0.9995,4.4556,1.3428,-0.1831,lying,Charlotte,small
1785663527.326993,3634635,0.1411,-0.0005,-1.0024,4.3335,1.2207,0.0,lying,Charlotte,small
1785663527.3269982,3634685,0.1392,0.002,-0.999,4.5166,1.3428,-0.1831,lying,Charlotte,small
1785663527.3270042,3634735,0.1431,-0.0034,-1.0059,4.5166,1.1597,-0.4272,lying,Charlotte,small
1785663527.8455071,3635597,0.1421,0.001,-1.0024,4.5776,1.3428,-0.3052,lying,Charlotte,small
1785663527.8455172,3635647,0.1406,0.0024,-1.001,4.4556,1.2207,0.0,lying,Charlotte,small
1785663527.8455212,3635697,0.1372,-0.0029,-1.0054,4.6387,1.1597,-0.061,lying,Charlotte,small
1785663527.845525,3635747,0.1362,0.001,-1.0005,4.4556,1.1597,-0.1221,lying,Charlotte,small
1785663527.8455281,3635797,0.1367,0.001,-0.9971,4.5166,0.9766,0.0,lying,Charlotte,small
1785663527.845531,3635847,0.1445,-0.0015,-1.0073,4.6387,1.2817,0.0,lying,Charlotte,small
1785663527.8455346,3635897,0.1426,-0.001,-0.9995,4.3945,1.2817,-0.1831,lying,Charlotte,small
1785663527.845538,3635947,0.1377,-0.0024,-1.0005,4.4556,1.3428,-0.2441,lying,Charlotte,small
1785663527.8455405,3635997,0.145,-0.0005,-0.9985,4.6387,1.2207,0.061,lying,Charlotte,small
1785663527.8455436,3636047,0.144,-0.0034,-1.0015,4.2114,1.0376,-0.061,lying,Charlotte,small
1785663528.3872643,3636119,0.1411,-0.0034,-1.0029,4.3945,1.0986,-0.3052,lying,Charlotte,small
1785663528.387276,3636169,0.1392,-0.001,-1.0044,4.6997,1.2817,-0.2441,lying,Charlotte,small
1785663528.3872821,3636219,0.1401,0.0015,-0.9932,4.6387,1.0376,0.1221,lying,Charlotte,small
1785663528.387288,3636269,0.1421,-0.0015,-1.002,4.5776,1.0376,-0.2441,lying,Charlotte,small
1785663528.3872933,3636319,0.1416,-0.0059,-1.0063,4.2725,1.1597,0.1221,lying,Charlotte,small
1785663528.3872986,3636369,0.1372,-0.0034,-0.9971,4.7607,1.1597,-0.1221,lying,Charlotte,small
1785663528.3873043,3636419,0.1382,-0.0024,-0.9946,4.6387,1.0376,-0.2441,lying,Charlotte,small
1785663528.3873093,3636469,0.1426,-0.0015,-1.0005,4.3945,1.2207,-0.1831,lying,Charlotte,small
1785663528.3873148,3636519,0.1411,-0.0059,-1.0059,4.4556,1.2207,-0.061,lying,Charlotte,small
1785663528.3873198,3636569,0.1416,-0.0054,-1.0083,4.3335,1.0986,0.0,lying,Charlotte,small
1785663529.281597,3636659,0.1401,-0.001,-1.001,4.4556,1.2817,0.0,lying,Charlotte,small
1785663529.2816114,3636709,0.1362,-0.0005,-1.002,4.5776,1.0376,-0.1831,lying,Charlotte,small
1785663529.2816186,3636759,0.1392,0.0029,-1.002,4.3335,1.2817,-0.2441,lying,Charlotte,small
1785663529.2816246,3636809,0.1406,-0.0044,-1.0059,4.3335,1.3428,0.0,lying,Charlotte,small
1785663529.2816293,3636859,0.1416,-0.0015,-1.0029,4.4556,1.0376,-0.061,lying,Charlotte,small
1785663529.2816327,3636909,0.1401,-0.0005,-1.001,4.5166,1.2207,-0.061,lying,Charlotte,small
1785663529.2816362,3636959,0.1382,0.0,-1.0059,4.5166,1.4038,0.0,lying,Charlotte,small
1785663529.281639,3637009,0.1436,-0.0044,-1.0063,4.3945,1.3428,-0.1831,lying,Charlotte,small
1785663529.281642,3637059,0.1411,-0.0005,-1.0024,4.4556,1.2817,-0.2441,lying,Charlotte,small
1785663529.281645,3637109,0.1411,0.001,-1.001,4.5776,0.9766,-0.1221,lying,Charlotte,small
1785663529.8002582,3637556,0.1387,0.001,-1.0015,4.5166,1.2207,-0.3052,lying,Charlotte,small
1785663529.800267,3637606,0.1421,-0.002,-0.9971,4.5166,1.2817,-0.2441,lying,Charlotte,small
1785663529.800271,3637656,0.1436,0.0015,-1.002,4.4556,1.2817,-0.1221,lying,Charlotte,small
1785663529.800275,3637706,0.1445,-0.0073,-1.0,4.3335,1.0376,-0.1831,lying,Charlotte,small
1785663529.8002782,3637756,0.1396,-0.0029,-0.998,4.4556,1.2817,-0.061,lying,Charlotte,small
1785663529.8002813,3637806,0.1436,-0.0034,-1.0024,4.6387,1.2207,-0.061,lying,Charlotte,small
1785663529.8002846,3637856,0.1421,-0.0049,-0.9985,4.3945,1.1597,0.0,lying,Charlotte,small
1785663529.8002875,3637906,0.1401,-0.0039,-1.0059,4.6997,1.1597,0.1831,lying,Charlotte,small
1785663529.8002908,3637956,0.1387,-0.0029,-1.0,4.4556,1.2207,0.0,lying,Charlotte,small
1785663529.8002937,3638006,0.1411,-0.0068,-1.0024,4.4556,1.2817,0.0,lying,Charlotte,small
1785663530.310496,3638068,0.1411,0.0015,-0.9946,4.2114,1.1597,-0.3052,lying,Charlotte,small
1785663530.3105054,3638118,0.1401,0.002,-1.002,4.5166,1.2207,0.0,lying,Charlotte,small
1785663530.3105097,3638168,0.1392,-0.0029,-1.0073,4.2114,1.1597,-0.1221,lying,Charlotte,small
1785663530.3105137,3638218,0.1426,-0.0039,-1.0024,4.4556,1.0376,0.0,lying,Charlotte,small
1785663530.3105168,3638268,0.1396,0.0015,-1.0024,4.3945,1.0376,-0.1221,lying,Charlotte,small
1785663530.3105197,3638318,0.1406,-0.001,-1.0024,4.4556,1.1597,-0.1221,lying,Charlotte,small
1785663530.3105228,3638368,0.144,-0.0024,-1.0049,4.5776,1.2207,-0.1221,lying,Charlotte,small
1785663530.310526,3638418,0.1421,0.0005,-1.0024,4.5776,1.2207,-0.061,lying,Charlotte,small
1785663530.310529,3638468,0.1426,-0.0005,-0.9995,4.3335,1.1597,0.0,lying,Charlotte,small
1785663530.3105323,3638518,0.1455,0.0,-0.9937,4.5166,1.2207,-0.1221,lying,Charlotte,small
1785663531.055775,3638580,0.1406,-0.0029,-1.0034,4.3335,1.0376,-0.2441,lying,Charlotte,small
1785663531.055786,3638630,0.1411,-0.0024,-1.0068,4.5166,1.0376,-0.1831,lying,Charlotte,small
1785663531.0557904,3638680,0.1382,0.0005,-1.0029,4.5166,1.2817,-0.1831,lying,Charlotte,small
1785663531.0557942,3638730,0.1401,-0.0029,-0.9985,4.3945,1.2207,0.1221,lying,Charlotte,small
1785663531.0557976,3638780,0.1421,-0.002,-0.9976,4.3945,1.1597,-0.3052,lying,Charlotte,small
1785663531.0558007,3638830,0.1396,-0.001,-0.9961,4.3335,1.0986,0.0,lying,Charlotte,small
1785663531.0558043,3638880,0.1362,-0.0073,-0.9966,4.5776,0.9766,0.0,lying,Charlotte,small
1785663531.0558069,3638930,0.1411,-0.001,-1.0029,4.5166,1.3428,0.0,lying,Charlotte,small
1785663531.0558097,3638980,0.1387,-0.0005,-1.0029,4.6387,0.8545,0.0,lying,Charlotte,small
1785663531.0558126,3639030,0.1421,-0.002,-1.0015,4.4556,1.2817,0.1831,lying,Charlotte,small
1785663532.1093228,3639322,0.1387,-0.0044,-1.0068,4.4556,1.4038,-0.061,lying,Charlotte,small
1785663532.1093333,3639372,0.1362,-0.0015,-1.0039,4.5776,1.2207,0.061,lying,Charlotte,small
1785663532.1093378,3639422,0.1367,0.002,-1.0034,4.5776,1.0376,-0.3662,lying,Charlotte,small
1785663532.1093416,3639472,0.1401,0.0039,-0.999,4.4556,1.0986,0.1221,lying,Charlotte,small
1785663532.109345,3639522,0.1392,0.0,-0.9985,4.5166,1.4038,-0.3052,lying,Charlotte,small
1785663532.109348,3639572,0.1401,-0.0034,-1.0044,4.3945,0.9766,0.0,lying,Charlotte,small
1785663532.1093514,3639622,0.1421,-0.0015,-0.9976,4.5166,1.0986,-0.3052,lying,Charlotte,small
1785663532.1093545,3639672,0.1367,-0.0024,-1.0049,4.3335,1.0986,-0.4883,lying,Charlotte,small
1785663532.10936,3639722,0.1426,0.0005,-1.0034,4.3945,1.0376,-0.1831,lying,Charlotte,small
1785663532.1093655,3639772,0.1416,-0.0024,-1.0029,4.3945,1.1597,-0.2441,lying,Charlotte,small
1785663533.1613913,3640379,0.1387,-0.001,-0.9971,4.3945,1.3428,-0.2441,lying,Charlotte,small
1785663533.1614044,3640429,0.1382,0.0005,-1.0078,4.2725,1.1597,0.1221,lying,Charlotte,small
1785663533.1614087,3640479,0.1416,-0.0024,-0.9946,4.5166,1.2207,-0.2441,lying,Charlotte,small
1785663533.1614127,3640529,0.1406,-0.0059,-0.9961,4.2725,1.2207,-0.2441,lying,Charlotte,small
1785663533.1614156,3640579,0.1431,-0.0029,-0.9995,4.3335,1.2207,0.2441,lying,Charlotte,small
1785663533.1614184,3640629,0.1382,-0.0005,-0.9961,4.7607,1.1597,-0.1831,lying,Charlotte,small
1785663533.1614218,3640679,0.1372,-0.002,-1.0073,4.5776,1.0986,-0.1221,lying,Charlotte,small
1785663533.1614249,3640729,0.1426,-0.0034,-1.0015,4.5166,1.3428,-0.3052,lying,Charlotte,small
1785663533.161428,3640779,0.1411,-0.0039,-1.0015,4.5166,1.0986,0.061,lying,Charlotte,small
1785663533.1614308,3640829,0.1401,-0.0005,-1.0039,4.5776,1.2817,-0.1221,lying,Charlotte,small
1785663535.9435797,3641435,0.1387,-0.0044,-1.0039,4.3335,0.9766,-0.2441,lying,Charlotte,small
1785663535.9435942,3641485,0.1392,-0.002,-1.002,4.4556,1.1597,-0.061,lying,Charlotte,small
1785663535.943599,3641535,0.1416,0.0,-1.002,4.3335,1.2817,-0.4272,lying,Charlotte,small
1785663535.9436028,3641585,0.1387,0.0029,-1.002,4.5166,1.3428,0.3662,lying,Charlotte,small
1785663535.943606,3641635,0.1377,-0.002,-1.0063,4.5166,1.2207,-0.061,lying,Charlotte,small
1785663535.9436088,3641685,0.1426,0.0,-1.0024,4.5166,1.2207,0.1221,lying,Charlotte,small
1785663535.943612,3641735,0.1382,-0.0029,-0.9985,4.5166,1.0986,-0.3052,lying,Charlotte,small
1785663535.9436152,3641785,0.1392,-0.0049,-1.0015,4.5776,1.0986,0.061,lying,Charlotte,small
1785663535.9436183,3641835,0.1411,-0.0049,-1.0005,4.4556,1.0986,-0.061,lying,Charlotte,small
1785663535.9436212,3641885,0.1387,0.0068,-1.0029,4.3335,0.9766,-0.1831,lying,Charlotte,small
1785663537.0264633,3644223,0.1421,-0.0078,-1.0044,4.3945,1.2817,-0.4272,lying,Charlotte,small
1785663537.026475,3644273,0.1411,-0.0044,-1.0015,4.3335,1.2817,-0.2441,lying,Charlotte,small
1785663537.026479,3644323,0.1411,-0.0034,-0.9951,4.2725,1.2817,-0.2441,lying,Charlotte,small
1785663537.0264823,3644373,0.1396,-0.0024,-1.0015,4.4556,1.0376,-0.1831,lying,Charlotte,small
1785663537.0264854,3644423,0.1406,-0.0034,-1.0054,4.5166,1.1597,-0.061,lying,Charlotte,small
1785663537.0264885,3644473,0.1401,-0.0054,-1.0,4.5166,1.0986,0.0,lying,Charlotte,small
1785663537.0264919,3644523,0.1406,-0.0005,-1.0005,4.3335,1.0376,-0.061,lying,Charlotte,small
1785663537.0264952,3644573,0.1372,0.0015,-1.0029,4.4556,1.2207,0.1221,lying,Charlotte,small
1785663537.0264986,3644623,0.1396,-0.0083,-0.9985,4.3945,1.0986,-0.061,lying,Charlotte,small
1785663537.0265033,3644673,0.1411,-0.0039,-0.9966,4.5166,1.2817,-0.1831,lying,Charlotte,small
1785663539.2309456,3646367,0.1431,-0.0059,-1.001,4.6997,1.1597,-0.1221,lying,Charlotte,small
1785663539.2309566,3646417,0.1406,0.0015,-1.0059,4.5776,1.0376,-0.4272,lying,Charlotte,small
1785663539.2309608,3646467,0.1416,0.0005,-1.0,4.3335,1.1597,-0.3662,lying,Charlotte,small
1785663539.2309644,3646517,0.1416,0.0049,-1.0029,4.2725,0.9766,-0.1831,lying,Charlotte,small
1785663539.2309675,3646567,0.1392,-0.0034,-1.0034,4.4556,1.3428,-0.061,lying,Charlotte,small
1785663539.2309706,3646617,0.1416,-0.0049,-0.9941,4.1504,1.3428,0.061,lying,Charlotte,small
1785663539.2309742,3646667,0.1421,-0.0015,-1.002,4.3335,1.2817,-0.1831,lying,Charlotte,small
1785663539.2309773,3646717,0.1406,0.002,-0.9961,4.3335,0.9155,-0.061,lying,Charlotte,small
1785663539.2309802,3646767,0.1396,-0.0029,-1.0015,4.6387,1.2207,-0.1221,lying,Charlotte,small
1785663539.2309833,3646817,0.1411,-0.0063,-1.002,4.3945,1.0986,0.0,lying,Charlotte,small
1785663539.773968,3647505,0.1421,-0.0054,-1.0005,4.5776,1.0986,-0.1221,lying,Charlotte,small
1785663539.7739813,3647555,0.1426,-0.002,-1.002,4.5776,1.4038,-0.1221,lying,Charlotte,small
1785663539.773988,3647605,0.1401,-0.0049,-1.0073,4.2725,1.0376,-0.1221,lying,Charlotte,small
1785663539.7739944,3647655,0.144,-0.0015,-1.0005,4.5166,1.3428,0.061,lying,Charlotte,small
1785663539.7740004,3647705,0.1411,-0.0005,-1.0029,4.6387,1.0986,-0.3052,lying,Charlotte,small
1785663539.7740066,3647755,0.1392,0.0024,-0.9995,4.3945,1.0986,0.0,lying,Charlotte,small
1785663539.7740123,3647805,0.1392,-0.002,-1.0073,4.5166,1.0986,-0.1831,lying,Charlotte,small
1785663539.7740183,3647855,0.147,-0.0059,-1.0029,4.3945,1.1597,-0.061,lying,Charlotte,small
1785663539.7740238,3647905,0.1411,-0.001,-0.9927,4.4556,1.0986,-0.061,lying,Charlotte,small
1785663539.7740293,3647955,0.1421,-0.0049,-1.001,4.4556,1.1597,0.1831,lying,Charlotte,small
1785663540.9540062,3648704,0.1396,-0.0029,-1.001,4.2114,1.1597,0.3052,lying,Charlotte,small
1785663540.9540167,3648754,0.1436,-0.0024,-1.0024,4.3945,1.2817,-0.1831,lying,Charlotte,small
1785663540.954022,3648804,0.1411,-0.0029,-1.0039,4.4556,1.0376,-0.1221,lying,Charlotte,small
1785663540.9540265,3648854,0.1426,-0.0049,-1.0024,4.5166,1.0376,-0.2441,lying,Charlotte,small
1785663540.95403,3648904,0.1406,-0.001,-0.9951,4.4556,0.9155,-0.1831,lying,Charlotte,small
1785663540.954034,3648954,0.1406,0.0024,-0.999,4.4556,1.0376,0.061,lying,Charlotte,small
1785663540.9540384,3649004,0.1392,-0.0024,-1.0015,4.3335,1.2817,-0.2441,lying,Charlotte,small
1785663540.954042,3649054,0.1377,-0.0005,-0.998,4.5166,1.0986,-0.061,lying,Charlotte,small
1785663540.9540458,3649104,0.1465,-0.0039,-1.0029,4.3945,1.1597,-0.2441,lying,Charlotte,small
1785663540.9540493,3649154,0.1406,-0.001,-1.0049,4.3945,1.2207,0.0,lying,Charlotte,small
1785663541.7609613,3649229,0.1406,-0.0024,-1.0054,4.5166,1.3428,-0.1831,lying,Charlotte,small
1785663541.7609773,3649279,0.1411,-0.002,-0.999,4.5776,1.2207,0.061,lying,Charlotte,small
1785663541.7609835,3649329,0.1382,-0.0005,-0.9946,4.2114,1.2207,-0.1221,lying,Charlotte,small
1785663541.7609894,3649379,0.1406,0.0015,-1.0034,4.1504,1.2817,0.061,lying,Charlotte,small
1785663541.7609947,3649429,0.1426,-0.0029,-1.0034,4.5166,1.1597,0.061,lying,Charlotte,small
1785663541.7609997,3649479,0.1445,-0.0034,-1.0039,4.3335,1.4038,-0.3052,lying,Charlotte,small
1785663541.7610056,3649529,0.1392,0.001,-0.9951,4.4556,1.0986,-0.061,lying,Charlotte,small
1785663541.761011,3649579,0.1401,-0.0054,-0.999,4.6387,1.1597,-0.1831,lying,Charlotte,small
1785663541.7610168,3649629,0.1416,0.0049,-0.9995,4.3945,0.9155,-0.1221,lying,Charlotte,small
1785663541.7610226,3649679,0.1411,-0.0005,-1.0024,4.5166,1.1597,0.061,lying,Charlotte,small
1785663543.4548154,3650030,0.1406,-0.0112,-1.0088,4.3945,1.1597,-0.1221,lying,Charlotte,small
1785663543.4548237,3650080,0.1416,-0.0029,-0.9941,4.6387,1.4038,-0.3052,lying,Charlotte,small
1785663543.4548278,3650130,0.1387,-0.0015,-1.0029,4.5166,1.0986,-0.4883,lying,Charlotte,small
1785663543.4548316,3650180,0.1411,-0.0063,-0.999,4.4556,1.2207,0.0,lying,Charlotte,small
1785663543.4548347,3650230,0.1392,-0.0078,-1.0049,4.4556,1.1597,0.0,lying,Charlotte,small
1785663543.4548378,3650280,0.1367,-0.0015,-0.9971,4.6997,1.2817,0.0,lying,Charlotte,small
1785663543.4548407,3650330,0.1426,0.001,-1.0015,4.6387,1.4038,0.061,lying,Charlotte,small
1785663543.454844,3650380,0.1421,-0.0078,-1.001,4.6387,1.2207,-0.1831,lying,Charlotte,small
1785663543.4548466,3650430,0.1401,-0.0063,-1.0005,4.3335,1.1597,0.1221,lying,Charlotte,small
1785663543.4548497,3650480,0.1387,0.0015,-0.9976,4.4556,1.2207,-0.3662,lying,Charlotte,small
1785663544.3806646,3651727,0.1387,-0.0029,-0.998,4.5166,1.3428,0.1831,lying,Charlotte,small
1785663544.3806772,3651777,0.1436,-0.0029,-1.001,4.2114,1.0986,-0.1221,lying,Charlotte,small
1785663544.3806822,3651827,0.1401,-0.001,-1.0063,4.3335,1.3428,0.0,lying,Charlotte,small
1785663544.380686,3651877,0.1348,-0.0044,-0.9951,4.5166,1.0986,0.0,lying,Charlotte,small
1785663544.3806891,3651927,0.1401,0.0024,-1.0005,4.4556,1.2207,0.0,lying,Charlotte,small
1785663544.3806922,3651977,0.1406,0.0049,-0.9956,4.5166,1.0986,0.061,lying,Charlotte,small
1785663544.3806956,3652027,0.1382,-0.0044,-1.0024,4.1504,1.1597,-0.6104,lying,Charlotte,small
1785663544.3806987,3652077,0.1401,0.0005,-1.001,4.3335,1.0376,0.1831,lying,Charlotte,small
1785663544.3807018,3652127,0.1406,-0.0039,-0.9995,4.3945,1.4038,0.061,lying,Charlotte,small
1785663544.3807044,3652177,0.1338,0.0068,-1.001,4.5166,1.1597,0.2441,lying,Charlotte,small
1785663544.9040997,3652652,0.1431,-0.0039,-1.002,4.5776,1.2207,0.1221,lying,Charlotte,small
1785663544.904112,3652702,0.1387,0.0005,-0.9995,4.5776,1.3428,-0.4272,lying,Charlotte,small
1785663544.904119,3652752,0.1416,0.0,-0.999,4.2725,1.5869,0.061,lying,Charlotte,small
1785663544.904124,3652802,0.1377,-0.002,-1.0024,4.5166,1.2817,0.0,lying,Charlotte,small
1785663544.904127,3652852,0.1396,0.0005,-1.0,4.5776,1.2207,-0.3052,lying,Charlotte,small
1785663544.9041302,3652902,0.1411,0.002,-1.0,4.4556,1.4038,0.0,lying,Charlotte,small
1785663544.904133,3652952,0.1411,0.0005,-0.999,4.3945,0.9766,-0.3662,lying,Charlotte,small
1785663544.9041362,3653002,0.1392,-0.0024,-1.0024,4.2114,1.0986,0.1221,lying,Charlotte,small
1785663544.9041395,3653052,0.1392,0.001,-1.0078,4.5166,1.2207,-0.3052,lying,Charlotte,small
1785663544.904143,3653102,0.1392,0.0005,-1.002,4.3945,1.5259,0.061,lying,Charlotte,small
1785663546.928764,3653825,0.1387,0.0,-1.0039,4.5166,1.3428,-0.1221,lying,Charlotte,small
1785663546.9287727,3653875,0.1343,-0.0024,-0.9971,4.5776,1.1597,0.061,lying,Charlotte,small
1785663546.9287767,3653925,0.1392,0.0005,-1.0024,4.4556,1.4038,-0.4883,lying,Charlotte,small
1785663546.9287803,3653975,0.1406,-0.0059,-0.9995,4.3945,1.0376,0.0,lying,Charlotte,small
1785663546.9287837,3654025,0.1372,-0.0049,-1.0049,4.3945,0.9155,-0.4883,lying,Charlotte,small
1785663546.9287868,3654075,0.1416,-0.0005,-0.9985,4.5776,1.0986,-0.2441,lying,Charlotte,small
1785663546.9287906,3654125,0.1401,-0.0039,-1.0029,4.4556,1.3428,-0.3052,lying,Charlotte,small
1785663546.928794,3654175,0.1431,-0.0063,-1.001,4.5166,1.2207,-0.061,lying,Charlotte,small
1785663546.9287968,3654225,0.1377,-0.0005,-0.998,4.3335,1.2207,0.0,lying,Charlotte,small
1785663546.9287996,3654275,0.1392,-0.0059,-1.0029,4.3335,1.4038,-0.1221,lying,Charlotte,small
1785663549.8512123,3655195,0.1436,-0.0029,-1.0063,4.0894,1.2207,0.0,lying,Charlotte,small
1785663549.851242,3655245,0.1382,-0.0039,-1.0,4.4556,1.1597,-0.061,lying,Charlotte,small
1785663549.8512495,3655295,0.1406,0.0005,-0.9961,4.5166,1.0986,-0.3052,lying,Charlotte,small
1785663549.851256,3655345,0.1392,0.0,-1.0039,4.3335,1.2207,0.1221,lying,Charlotte,small
1785663549.8512611,3655395,0.1401,-0.0015,-1.0034,4.4556,1.2817,-0.1221,lying,Charlotte,small
1785663549.8512673,3655445,0.1431,-0.0054,-1.0,4.3945,1.1597,0.3052,lying,Charlotte,small
1785663549.8512733,3655495,0.1377,0.0005,-0.9961,4.2114,1.1597,0.1221,lying,Charlotte,small
1785663549.8512776,3655545,0.1426,0.0049,-0.9961,4.5166,1.2207,0.061,lying,Charlotte,small
1785663549.8512807,3655595,0.1445,-0.0078,-1.002,4.5166,1.1597,-0.061,lying,Charlotte,small
1785663549.8512838,3655645,0.1411,-0.0024,-1.001,4.3945,1.1597,-0.1831,lying,Charlotte,small
1785663551.7001913,3659457,0.1372,-0.0034,-0.998,4.5166,1.0986,0.0,lying,Charlotte,small
1785663551.700201,3659507,0.1401,0.001,-0.998,4.4556,1.1597,-0.061,lying,Charlotte,small
1785663551.7002053,3659557,0.1357,-0.0024,-0.9941,4.5776,0.9766,0.0,lying,Charlotte,small
1785663551.700209,3659607,0.1396,0.0049,-0.998,4.5166,1.0376,-0.3052,lying,Charlotte,small
1785663551.700212,3659657,0.1357,0.0024,-1.0,4.5776,1.4038,-0.2441,lying,Charlotte,small
1785663551.7002149,3659707,0.1396,0.002,-0.9946,4.5166,1.2817,-0.1831,lying,Charlotte,small
1785663551.7002182,3659757,0.1387,-0.0029,-1.0044,4.3945,1.2207,-0.1831,lying,Charlotte,small
1785663551.7002213,3659807,0.1421,-0.002,-0.9961,4.3335,1.2207,-0.3052,lying,Charlotte,small
1785663551.7002242,3659857,0.1431,0.0024,-1.0039,4.5776,1.0986,-0.1221,lying,Charlotte,small
1785663551.7002273,3659907,0.1377,-0.0039,-1.001,4.6387,1.0376,-0.061,lying,Charlotte,small
1785663552.216317,3659969,0.1401,-0.0034,-0.9956,4.3945,1.1597,-0.1221,lying,Charlotte,small
1785663552.2163253,3660019,0.1416,-0.0049,-1.0059,4.1504,1.2817,-0.1831,lying,Charlotte,small
1785663552.2163298,3660069,0.144,-0.0034,-1.001,4.4556,1.5259,0.061,lying,Charlotte,small
1785663552.216333,3660119,0.1416,0.001,-1.0005,4.3945,1.3428,-0.1831,lying,Charlotte,small
1785663552.2163365,3660169,0.1377,-0.0005,-1.001,4.6387,0.9766,-0.1221,lying,Charlotte,small
1785663552.2163393,3660219,0.1455,-0.0029,-1.001,4.6387,1.1597,-0.1221,lying,Charlotte,small
1785663552.2163424,3660269,0.1387,0.0024,-0.9971,4.3945,0.7324,0.061,lying,Charlotte,small
1785663552.2163455,3660319,0.1372,-0.002,-1.0024,4.5166,1.1597,0.2441,lying,Charlotte,small
1785663552.2163484,3660369,0.1396,-0.001,-0.9956,4.4556,1.2207,-0.1831,lying,Charlotte,small
1785663552.2163517,3660419,0.1372,0.001,-1.0054,4.4556,1.2207,0.061,lying,Charlotte,small
1785663552.769213,3660491,0.1406,0.0005,-1.0029,4.5166,1.4648,-0.1221,lying,Charlotte,small
1785663552.7692215,3660541,0.1396,-0.0044,-1.0054,4.3945,1.3428,-0.061,lying,Charlotte,small
1785663552.7692258,3660591,0.1392,-0.0005,-1.0034,4.4556,1.0376,-0.1831,lying,Charlotte,small
1785663552.7692294,3660641,0.1426,-0.0015,-0.9946,4.2725,1.4648,-0.061,lying,Charlotte,small
1785663552.7692327,3660691,0.1396,-0.0083,-0.998,4.5166,1.2207,-0.1831,lying,Charlotte,small
1785663552.7692356,3660741,0.1392,-0.0068,-1.0029,4.3335,1.4648,0.0,lying,Charlotte,small
1785663552.76924,3660791,0.1343,-0.0015,-0.999,4.4556,1.1597,-0.061,lying,Charlotte,small
1785663552.7692428,3660841,0.1406,-0.0005,-1.0,4.5166,1.0376,0.1831,lying,Charlotte,small
1785663552.769246,3660891,0.1387,-0.0034,-0.9966,4.4556,1.0986,-0.3662,lying,Charlotte,small
1785663552.769249,3660941,0.1396,-0.0054,-0.9966,4.2114,1.3428,-0.1221,lying,Charlotte,small
1785663556.128555,3661040,0.1382,0.0005,-1.0,4.0894,1.3428,-0.1221,lying,Charlotte,small
1785663556.1285696,3661090,0.1401,-0.0063,-1.0005,4.3945,1.2817,-0.1831,lying,Charlotte,small
1785663556.1285765,3661140,0.1392,-0.0039,-1.0049,4.3945,1.0376,-0.3052,lying,Charlotte,small
1785663556.1285825,3661190,0.1392,0.0,-1.0005,4.4556,0.9766,0.3052,lying,Charlotte,small
1785663556.1285882,3661240,0.1387,-0.0005,-0.998,4.4556,1.0376,-0.3052,lying,Charlotte,small
1785663556.1285942,3661290,0.1387,0.0,-1.0005,4.4556,1.3428,0.1221,lying,Charlotte,small
1785663556.1285985,3661340,0.1426,-0.002,-0.9961,4.3945,1.1597,-0.1221,lying,Charlotte,small
1785663556.1286018,3661390,0.1421,-0.0015,-1.0024,4.4556,1.2817,-0.1221,lying,Charlotte,small
1785663556.128605,3661440,0.1421,-0.002,-1.0054,4.2725,1.4038,0.0,lying,Charlotte,small
1785663556.128608,3661490,0.1401,-0.0044,-0.9976,4.5776,1.0986,-0.1831,lying,Charlotte,small
1785663556.6540442,3664405,0.1431,-0.0044,-1.0005,4.4556,0.9766,-0.1221,lying,Charlotte,small
1785663556.6540585,3664455,0.1377,-0.0005,-1.0005,4.1504,1.4648,-0.3662,lying,Charlotte,small
1785663556.6540635,3664505,0.1426,-0.0039,-1.0054,4.6387,1.1597,0.061,lying,Charlotte,small
1785663556.6540673,3664555,0.1406,-0.0034,-0.9971,4.2725,1.3428,-0.3662,lying,Charlotte,small
1785663556.6540704,3664605,0.1416,-0.0015,-0.9966,4.5166,1.1597,0.061,lying,Charlotte,small
1785663556.654073,3664655,0.1416,-0.0029,-1.0015,4.6387,1.1597,-0.3052,lying,Charlotte,small
1785663556.6540768,3664705,0.1406,0.0,-0.9961,4.3945,1.0986,-0.2441,lying,Charlotte,small
1785663556.65408,3664755,0.1377,-0.001,-0.9971,4.3945,1.0986,0.1221,lying,Charlotte,small
1785663556.654083,3664805,0.1387,-0.0015,-0.9995,4.4556,1.4038,-0.2441,lying,Charlotte,small
1785663556.654086,3664855,0.1411,0.002,-1.0029,4.3335,1.2817,0.3052,lying,Charlotte,small
1785663557.6366746,3664926,0.1411,-0.0039,-1.0015,4.5166,1.1597,0.0,lying,Charlotte,small
1785663557.6366904,3664976,0.1392,-0.0024,-1.002,4.1504,1.0986,-0.1831,lying,Charlotte,small
1785663557.6366947,3665026,0.1377,-0.0029,-0.9956,4.4556,1.1597,-0.1221,lying,Charlotte,small
1785663557.636698,3665076,0.1406,-0.0005,-1.0068,4.2114,1.2207,-0.1831,lying,Charlotte,small
1785663557.6367016,3665126,0.1431,-0.0044,-0.9961,4.3945,1.0986,-0.1221,lying,Charlotte,small
1785663557.6367047,3665176,0.1406,0.0,-0.9995,4.5776,1.0376,0.0,lying,Charlotte,small
1785663557.6367073,3665226,0.1401,-0.0039,-0.9976,4.4556,1.2817,-0.1221,lying,Charlotte,small
1785663557.6367106,3665276,0.1401,0.0,-1.0005,4.3945,1.2817,-0.061,lying,Charlotte,small
1785663557.6367137,3665326,0.1401,0.0029,-1.0015,4.3945,1.0986,-0.2441,lying,Charlotte,small
1785663557.636717,3665376,0.146,0.0029,-0.999,4.5776,1.2207,-0.2441,lying,Charlotte,small
1785663559.0730455,3665927,0.1421,-0.001,-1.0044,4.4556,0.9766,0.0,lying,Charlotte,small
1785663559.073057,3665977,0.1401,-0.0005,-0.998,4.4556,1.2817,0.061,lying,Charlotte,small
1785663559.0730636,3666027,0.1431,-0.0039,-1.0063,4.3945,1.2817,-0.2441,lying,Charlotte,small
1785663559.0730698,3666077,0.1401,-0.0029,-0.9966,4.5166,1.2207,-0.061,lying,Charlotte,small
1785663559.0730758,3666127,0.1392,0.0015,-1.0029,4.4556,1.0376,-0.3052,lying,Charlotte,small
1785663559.0730813,3666177,0.1431,-0.0015,-0.9971,4.4556,1.1597,0.0,lying,Charlotte,small
1785663559.073087,3666227,0.1436,-0.0059,-1.0,4.3945,1.2207,-0.2441,lying,Charlotte,small
1785663559.0730927,3666277,0.1396,-0.0039,-1.0005,4.5166,1.2207,-0.2441,lying,Charlotte,small
1785663559.0730972,3666327,0.1401,0.0024,-1.0024,4.3945,1.2207,-0.1221,lying,Charlotte,small
1785663559.0731003,3666377,0.1426,-0.0049,-1.0015,4.4556,1.3428,-0.2441,lying,Charlotte,small
1785663559.633895,3667337,0.1396,-0.0034,-1.002,4.4556,1.2817,-0.061,lying,Charlotte,small
1785663559.633905,3667387,0.1392,0.0005,-0.9976,4.3335,1.2207,-0.1221,lying,Charlotte,small
1785663559.6339102,3667437,0.1416,-0.0049,-0.998,4.6387,1.0986,-0.3052,lying,Charlotte,small
1785663559.6339307,3667487,0.1416,0.001,-1.0005,4.6387,0.9766,-0.1221,lying,Charlotte,small
1785663559.6339352,3667537,0.1401,-0.0005,-0.9966,4.5776,0.9766,0.061,lying,Charlotte,small
1785663559.633939,3667587,0.1416,-0.0029,-1.0044,4.5166,1.0986,0.061,lying,Charlotte,small
1785663559.6339428,3667637,0.1416,-0.0024,-1.002,4.5166,1.0986,-0.1221,lying,Charlotte,small
1785663559.6339462,3667687,0.1396,0.0,-1.0024,4.2725,1.2817,0.2441,lying,Charlotte,small
1785663559.633949,3667737,0.1382,-0.0059,-0.998,4.0894,0.8545,-0.2441,lying,Charlotte,small
1785663559.6339521,3667787,0.1421,-0.0024,-0.9985,4.3335,1.2817,-0.1221,lying,Charlotte,small
1785663560.3989713,3668152,0.1387,-0.0039,-1.0039,4.4556,1.3428,0.1221,lying,Charlotte,small
1785663560.3989983,3668202,0.1357,-0.0034,-1.0044,4.4556,1.2207,-0.1221,lying,Charlotte,small
1785663560.3990026,3668252,0.1406,-0.0029,-0.9951,4.5166,1.1597,-0.3052,lying,Charlotte,small
1785663560.399006,3668302,0.1416,-0.0029,-0.9995,4.5166,1.1597,0.0,lying,Charlotte,small
1785663560.3990092,3668352,0.1416,-0.0034,-0.999,4.3335,1.0986,0.0,lying,Charlotte,small
1785663560.399012,3668402,0.1396,-0.0088,-1.002,4.5166,1.2817,-0.061,lying,Charlotte,small
1785663560.3990157,3668452,0.1357,-0.002,-0.9985,4.3335,1.4038,-0.061,lying,Charlotte,small
1785663560.3990185,3668502,0.1426,-0.0034,-1.0015,4.1504,1.1597,0.1221,lying,Charlotte,small
1785663560.3990216,3668552,0.1396,-0.0029,-0.9995,4.5166,1.4038,0.0,lying,Charlotte,small
1785663560.399024,3668602,0.1416,-0.0005,-1.0015,4.4556,1.1597,-0.1831,lying,Charlotte,small
1785663561.0148787,3668665,0.1406,-0.0029,-1.0044,4.2725,1.0986,-0.2441,lying,Charlotte,small
1785663561.0148911,3668715,0.1396,0.0,-1.0,4.6997,1.4038,-0.061,lying,Charlotte,small
1785663561.0148954,3668765,0.1387,0.0015,-0.9985,4.2725,1.1597,-0.061,lying,Charlotte,small
1785663561.0149002,3668815,0.1401,-0.0024,-1.0,4.5166,1.2817,-0.1831,lying,Charlotte,small
1785663561.0149057,3668865,0.1392,-0.0054,-1.0024,4.6387,0.9766,-0.1831,lying,Charlotte,small
1785663561.014911,3668915,0.1401,-0.0024,-0.9995,4.5166,1.0986,-0.1221,lying,Charlotte,small
1785663561.0149162,3668965,0.1401,-0.0034,-1.0063,4.5166,1.1597,-0.1221,lying,Charlotte,small
1785663561.0149214,3669015,0.1396,-0.0005,-0.9985,4.5776,1.2207,-0.061,lying,Charlotte,small
1785663561.0149271,3669065,0.1421,0.002,-1.0005,4.4556,0.9155,-0.1221,lying,Charlotte,small
1785663561.014932,3669115,0.1421,-0.001,-0.998,4.6387,1.2207,-0.1221,lying,Charlotte,small
1785663561.5247035,3669279,0.1392,-0.0015,-0.9971,4.3945,1.2817,-0.1831,lying,Charlotte,small
1785663561.524717,3669329,0.1421,-0.0049,-1.0063,4.3335,1.2207,-0.1831,lying,Charlotte,small
1785663561.5247269,3669379,0.1377,-0.0024,-0.999,4.3945,1.1597,-0.1831,lying,Charlotte,small
1785663561.5247316,3669429,0.1426,-0.0034,-1.001,4.5166,1.0986,0.0,lying,Charlotte,small
1785663561.524735,3669479,0.1406,-0.0044,-1.0005,4.5166,1.0376,0.2441,lying,Charlotte,small
1785663561.5247383,3669529,0.1426,0.0,-1.0073,4.5166,1.2207,0.0,lying,Charlotte,small
1785663561.5247414,3669579,0.1377,-0.0005,-1.0,4.4556,1.0376,-0.1221,lying,Charlotte,small
1785663561.5247447,3669629,0.1406,-0.002,-0.9966,4.6387,1.2207,-0.1221,lying,Charlotte,small
1785663561.524748,3669679,0.1396,-0.0015,-0.9946,4.5776,1.2817,-0.061,lying,Charlotte,small
1785663561.5247512,3669729,0.1396,0.001,-0.9976,4.5166,1.0376,-0.2441,lying,Charlotte,small
1785663562.0835493,3669792,0.1392,-0.0024,-0.9995,4.5166,1.0986,-0.1831,lying,Charlotte,small
1785663562.0835652,3669842,0.1401,-0.0029,-1.0039,4.4556,1.0376,0.1831,lying,Charlotte,small
1785663562.0835738,3669892,0.1401,-0.0054,-0.998,4.4556,1.2817,-0.1831,lying,Charlotte,small
1785663562.0835822,3669942,0.1387,-0.002,-0.9995,4.3335,1.3428,0.0,lying,Charlotte,small
1785663562.0835876,3669992,0.1401,-0.0059,-1.0049,4.2114,1.2817,0.061,lying,Charlotte,small
1785663562.083592,3670042,0.1401,-0.0034,-1.0049,4.3945,1.1597,-0.1831,lying,Charlotte,small
1785663562.0835962,3670092,0.1362,-0.0024,-1.0024,4.5776,1.1597,-0.061,lying,Charlotte,small
1785663562.0836,3670142,0.1396,-0.0024,-0.9995,4.5776,1.3428,-0.1831,lying,Charlotte,small
1785663562.0836039,3670192,0.1406,0.0034,-0.9995,4.5166,1.2207,0.1221,lying,Charlotte,small
1785663562.0836074,3670242,0.1372,-0.002,-1.0024,4.5776,1.4038,0.061,lying,Charlotte,small
1785663562.6213038,3670356,0.1357,-0.002,-1.0034,4.4556,1.0986,0.0,lying,Charlotte,small
1785663562.621317,3670406,0.1396,-0.001,-0.9985,4.5776,1.2817,-0.1221,lying,Charlotte,small
1785663562.6213248,3670456,0.1416,0.0029,-1.0063,4.5776,1.2207,0.1221,lying,Charlotte,small
1785663562.621333,3670506,0.1401,-0.0029,-0.9985,4.5776,1.2207,-0.4883,lying,Charlotte,small
1785663562.6213396,3670556,0.1353,-0.0005,-0.9971,4.5166,1.0376,-0.1221,lying,Charlotte,small
1785663562.6213458,3670606,0.1406,-0.0049,-1.0015,4.4556,1.4038,-0.2441,lying,Charlotte,small
1785663562.621352,3670656,0.1382,-0.0054,-0.9995,4.4556,1.0986,0.061,lying,Charlotte,small
1785663562.6213582,3670706,0.1416,-0.0044,-1.0054,4.5166,1.0986,-0.1831,lying,Charlotte,small
1785663562.6213632,3670756,0.1401,-0.0054,-1.0044,4.5166,1.1597,-0.1221,lying,Charlotte,small
1785663562.6213696,3670806,0.1396,-0.0044,-1.0039,4.6387,1.3428,0.2441,lying,Charlotte,small
1785663563.6726303,3670886,0.1387,0.0,-0.9995,4.4556,1.1597,0.1221,lying,Charlotte,small
1785663563.672641,3670936,0.1392,-0.0044,-0.9956,4.3945,1.2207,0.061,lying,Charlotte,small
1785663563.6726449,3670986,0.1411,-0.0029,-0.9941,4.2725,1.4038,-0.1831,lying,Charlotte,small
1785663563.6726487,3671036,0.1396,-0.002,-1.0083,4.2725,1.0376,0.0,lying,Charlotte,small
1785663563.6726518,3671086,0.1392,-0.0029,-1.0015,4.3945,0.8545,-0.2441,lying,Charlotte,small
1785663563.6726563,3671136,0.1411,-0.002,-0.999,4.5776,1.4648,0.1221,lying,Charlotte,small
1785663563.6726618,3671186,0.1416,0.0015,-1.0039,4.5776,1.4648,-0.1221,lying,Charlotte,small
1785663563.672667,3671236,0.1382,-0.0044,-1.0059,4.3945,1.1597,-0.1221,lying,Charlotte,small
1785663563.6726725,3671286,0.1411,0.0,-1.002,4.5166,1.4038,-0.1221,lying,Charlotte,small
1785663563.672678,3671336,0.1396,0.001,-1.002,4.5166,1.4648,0.061,lying,Charlotte,small
1785663564.3944151,3671945,0.1426,-0.0054,-1.0,4.5166,1.2207,-0.2441,lying,Charlotte,small
1785663564.394426,3671995,0.1401,0.0015,-0.9985,4.5776,1.1597,0.0,lying,Charlotte,small
1785663564.3944304,3672045,0.1401,0.0,-0.9976,4.4556,1.2207,0.1221,lying,Charlotte,small
1785663564.394434,3672095,0.1357,0.0005,-1.0,4.3945,1.1597,-0.1221,lying,Charlotte,small
1785663564.394437,3672145,0.1377,0.001,-0.9932,4.4556,1.2817,-0.4272,lying,Charlotte,small
1785663564.3944402,3672195,0.1396,-0.0078,-1.0,4.3945,1.3428,-0.1831,lying,Charlotte,small
1785663564.3944435,3672245,0.1426,-0.0039,-0.9971,4.3335,1.0376,-0.1221,lying,Charlotte,small
1785663564.3944464,3672295,0.1426,0.002,-0.9966,4.5166,1.3428,-0.4272,lying,Charlotte,small
1785663564.3944495,3672345,0.1401,-0.0024,-0.9951,4.5776,1.3428,-0.1831,lying,Charlotte,small
1785663564.3944538,3672395,0.1401,-0.0024,-1.0005,4.3945,1.0376,-0.1221,lying,Charlotte,small
1785663564.9094367,3672658,0.1333,0.0054,-1.0,4.5166,1.2817,0.061,lying,Charlotte,small
1785663564.909445,3672708,0.1406,-0.0078,-1.0122,4.2725,1.2207,-0.1831,lying,Charlotte,small
1785663564.909449,3672758,0.1392,-0.002,-0.998,4.6387,1.0376,0.0,lying,Charlotte,small
1785663564.909453,3672808,0.1411,-0.0015,-1.0,4.5776,1.2817,0.061,lying,Charlotte,small
1785663564.9094558,3672858,0.146,-0.0107,-1.0117,4.3945,1.2207,-0.061,lying,Charlotte,small
1785663564.909459,3672908,0.1396,0.0,-0.9995,4.2114,0.9766,-0.1221,lying,Charlotte,small
1785663564.9094625,3672958,0.1426,0.0,-1.002,4.3945,0.9766,-0.1221,lying,Charlotte,small
1785663564.9094787,3673008,0.1377,-0.0054,-1.0034,4.5166,1.1597,-0.061,lying,Charlotte,small
1785663564.9094846,3673058,0.1479,-0.0107,-1.0049,4.5776,1.2817,-0.1221,lying,Charlotte,small
1785663564.90949,3673108,0.1396,-0.0015,-1.001,4.6997,1.2817,-0.4272,lying,Charlotte,small
1785663565.4346497,3673180,0.1401,0.001,-1.0024,4.4556,1.0376,0.0,lying,Charlotte,small
1785663565.4346585,3673230,0.1362,0.0005,-1.0029,4.4556,1.2207,-0.061,lying,Charlotte,small
1785663565.434663,3673280,0.1426,-0.0054,-1.0049,4.3945,1.0376,-0.2441,lying,Charlotte,small
1785663565.4346673,3673330,0.1348,-0.0029,-1.0024,4.5776,1.1597,-0.1831,lying,Charlotte,small
1785663565.4346704,3673380,0.1357,-0.002,-0.9995,4.4556,1.0986,-0.1221,lying,Charlotte,small
1785663565.4346733,3673430,0.1401,-0.001,-0.998,4.5776,1.0986,-0.3662,lying,Charlotte,small
1785663565.434697,3673480,0.1426,-0.0015,-1.0,4.4556,1.2207,-0.061,lying,Charlotte,small
1785663565.4347022,3673530,0.1401,-0.002,-0.998,4.4556,1.1597,-0.1831,lying,Charlotte,small
1785663565.4347076,3673580,0.1357,-0.0054,-1.002,4.4556,1.1597,0.2441,lying,Charlotte,small
1785663565.4347134,3673630,0.1353,-0.0034,-1.0044,4.5776,1.4038,-0.2441,lying,Charlotte,small
1785663565.9490685,3673699,0.1411,-0.0015,-0.9971,4.3945,1.4648,0.061,lying,Charlotte,small
1785663565.949077,3673749,0.1401,-0.0029,-0.998,4.5166,0.9766,-0.1221,lying,Charlotte,small
1785663565.9490812,3673799,0.1401,-0.0024,-0.9985,4.4556,1.0376,-0.1221,lying,Charlotte,small
1785663565.9490848,3673849,0.1401,-0.0063,-1.0,4.3335,1.3428,0.061,lying,Charlotte,small
1785663565.949088,3673899,0.1421,-0.002,-1.0034,4.2725,1.4038,-0.2441,lying,Charlotte,small
1785663565.949091,3673949,0.1387,0.002,-0.9976,4.3945,1.1597,-0.1221,lying,Charlotte,small
1785663565.9491127,3673999,0.1396,-0.0029,-0.999,4.4556,1.3428,-0.3052,lying,Charlotte,small
1785663565.949119,3674049,0.1387,0.0015,-1.0024,4.2725,1.0376,-0.1221,lying,Charlotte,small
1785663565.9491243,3674099,0.1382,0.0024,-0.999,4.5776,1.2817,-0.1221,lying,Charlotte,small
1785663565.9491298,3674149,0.1387,0.002,-0.998,4.3945,0.9766,0.1831,lying,Charlotte,small
1785663566.6448052,3674221,0.1392,0.001,-0.999,4.6387,0.9766,-0.061,lying,Charlotte,small
1785663566.6448162,3674271,0.1421,-0.0034,-0.9961,4.5166,1.3428,0.061,lying,Charlotte,small
1785663566.6448202,3674321,0.1406,-0.0049,-0.998,4.3335,1.3428,-0.1831,lying,Charlotte,small
1785663566.6448238,3674371,0.1426,-0.0015,-1.0015,4.3335,1.2207,-0.1221,lying,Charlotte,small
1785663566.6448271,3674421,0.1411,-0.001,-0.999,4.6387,1.2207,-0.1221,lying,Charlotte,small
1785663566.6448302,3674471,0.1416,-0.0034,-0.9995,4.5166,1.2207,-0.061,lying,Charlotte,small
1785663566.6448333,3674521,0.1411,0.0,-1.0063,4.5776,1.3428,-0.1831,lying,Charlotte,small
1785663566.6448367,3674571,0.1401,-0.0063,-0.9966,4.5776,1.0986,-0.2441,lying,Charlotte,small
1785663566.6448398,3674621,0.1401,-0.0039,-1.001,4.5166,1.0376,-0.3662,lying,Charlotte,small
1785663566.6448424,3674671,0.1396,-0.0049,-1.0,4.5166,1.0986,-0.2441,lying,Charlotte,small
1785663567.3849688,3674913,0.1411,-0.0049,-0.9985,4.3335,1.3428,-0.1221,lying,Charlotte,small
1785663567.3849764,3674963,0.1377,-0.0005,-0.9971,4.4556,1.1597,-0.1221,lying,Charlotte,small
1785663567.3849804,3675013,0.1406,-0.0015,-1.0,4.2725,1.0986,0.061,lying,Charlotte,small
1785663567.3849843,3675063,0.1411,-0.0039,-1.0024,4.4556,1.0986,0.0,lying,Charlotte,small
1785663567.3849876,3675113,0.1338,-0.0015,-1.002,4.5776,1.2817,-0.3662,lying,Charlotte,small
1785663567.3849907,3675163,0.1406,-0.0039,-0.999,4.6387,0.9155,0.061,lying,Charlotte,small
1785663567.384994,3675213,0.1401,0.0005,-0.999,4.5166,1.2207,-0.2441,lying,Charlotte,small
1785663567.3849971,3675263,0.1392,-0.0029,-1.0005,4.4556,1.1597,-0.1221,lying,Charlotte,small
1785663567.3850002,3675313,0.1387,-0.0024,-0.9917,4.6997,1.0986,0.0,lying,Charlotte,small
1785663567.385003,3675363,0.1426,-0.0044,-1.0,4.4556,1.2817,-0.061,lying,Charlotte,small
1785663568.4970353,3676252,0.1401,0.0005,-1.0068,4.4556,1.0376,-0.3662,lying,Charlotte,small
1785663568.497047,3676302,0.1411,-0.002,-1.0,4.3335,0.9766,-0.1831,lying,Charlotte,small
1785663568.497053,3676352,0.1387,0.0,-0.998,4.3335,1.2817,-0.2441,lying,Charlotte,small
1785663568.4970589,3676402,0.1411,-0.0029,-0.9995,4.3945,1.0376,0.0,lying,Charlotte,small
1785663568.4970636,3676452,0.1382,-0.0015,-1.0,4.4556,1.2207,-0.1221,lying,Charlotte,small
1785663568.4970694,3676502,0.1411,0.001,-1.0049,4.5166,1.0986,0.0,lying,Charlotte,small
1785663568.4970744,3676552,0.1387,-0.0049,-0.9956,4.6387,0.9766,-0.1221,lying,Charlotte,small
1785663568.4970834,3676602,0.1392,-0.0029,-0.9985,4.5776,1.2207,-0.1831,lying,Charlotte,small
1785663568.4970887,3676652,0.1377,0.0039,-0.9941,4.2114,1.4038,0.0,lying,Charlotte,small
1785663568.497094,3676702,0.1362,-0.0039,-1.0024,4.6387,0.9766,-0.1831,lying,Charlotte,small
1785663571.6202803,3676764,0.1426,0.001,-1.0063,4.5166,1.2207,0.061,lying,Charlotte,small
1785663571.620292,3676814,0.1416,-0.0049,-0.9951,4.2725,1.3428,0.2441,lying,Charlotte,small
1785663571.620296,3676864,0.1436,-0.0059,-1.0073,4.5166,1.1597,-0.061,lying,Charlotte,small
1785663571.6202996,3676914,0.1411,-0.0015,-1.0024,4.3335,1.2207,0.061,lying,Charlotte,small
1785663571.620303,3676964,0.1387,0.001,-0.9995,4.5166,1.1597,-0.2441,lying,Charlotte,small
1785663571.620306,3677014,0.1392,-0.0054,-1.0054,4.2725,1.1597,-0.3662,lying,Charlotte,small
1785663571.6203094,3677064,0.1421,-0.0049,-1.0005,4.3945,1.2817,-0.2441,lying,Charlotte,small
1785663571.6203122,3677114,0.1372,-0.0039,-1.0044,4.5776,1.2817,-0.1831,lying,Charlotte,small
1785663571.6203153,3677164,0.1401,0.002,-0.9937,4.5166,1.3428,-0.1831,lying,Charlotte,small
1785663571.6203182,3677214,0.1421,0.0024,-1.0034,4.3945,1.0376,-0.3052,lying,Charlotte,small
1785663572.836357,3679887,0.1387,-0.0034,-1.0024,4.5166,1.0986,-0.4272,lying,Charlotte,small
1785663572.8363652,3679937,0.1436,-0.001,-0.9946,4.2114,1.1597,0.1221,lying,Charlotte,small
1785663572.8363698,3679987,0.1406,-0.0015,-1.0063,4.4556,1.2817,0.1221,lying,Charlotte,small
1785663572.8363736,3680037,0.1436,0.001,-0.998,4.4556,1.2207,-0.3052,lying,Charlotte,small
1785663572.8363767,3680087,0.1392,0.0,-1.0024,4.5776,1.4038,-0.1831,lying,Charlotte,small
1785663572.83638,3680137,0.1401,0.0,-1.0,4.5776,1.4038,-0.1831,lying,Charlotte,small
1785663572.8363826,3680187,0.1401,-0.0039,-0.999,4.5166,1.2817,0.1221,lying,Charlotte,small
1785663572.8363864,3680237,0.1431,-0.001,-1.0049,4.4556,1.0376,-0.4883,lying,Charlotte,small
1785663572.8363895,3680287,0.1372,0.002,-1.0029,4.2114,1.0986,-0.3052,lying,Charlotte,small
1785663572.8363926,3680337,0.1411,-0.0059,-1.0034,4.3945,1.4038,0.0,lying,Charlotte,small
1785663573.4244635,3681102,0.1426,0.0015,-1.001,4.3335,1.3428,-0.1831,lying,Charlotte,small
1785663573.424476,3681152,0.1421,-0.0039,-1.001,4.6387,1.1597,-0.1831,lying,Charlotte,small
1785663573.4244802,3681202,0.1406,-0.001,-1.0024,4.4556,1.1597,0.061,lying,Charlotte,small
1785663573.424484,3681252,0.1387,-0.0029,-1.0029,4.3335,1.0986,-0.1831,lying,Charlotte,small
1785663573.4244874,3681302,0.1377,-0.0005,-1.0029,4.5166,1.0986,-0.1221,lying,Charlotte,small
1785663573.4244905,3681352,0.1382,0.0,-1.0015,4.3945,1.2207,-0.061,lying,Charlotte,small
1785663573.4244936,3681402,0.1392,-0.0024,-0.9995,4.3945,1.2207,-0.061,lying,Charlotte,small
1785663573.4244967,3681452,0.1411,0.001,-0.999,4.4556,1.0986,-0.1221,lying,Charlotte,small
1785663573.4244998,3681502,0.1382,-0.0015,-1.002,4.3335,1.2817,-0.061,lying,Charlotte,small
1785663573.4245026,3681552,0.1436,-0.002,-0.9995,4.4556,1.0986,-0.1831,lying,Charlotte,small
1785663575.4960182,3681696,0.1367,0.0,-0.999,4.6387,1.0986,-0.1221,lying,Charlotte,small
1785663575.4960291,3681746,0.1406,-0.001,-0.9976,4.5776,1.0986,-0.3052,lying,Charlotte,small
1785663575.496034,3681796,0.1406,0.0005,-1.0029,4.5776,1.2817,0.1831,lying,Charlotte,small
1785663575.4960377,3681846,0.1392,0.001,-0.9995,4.5166,1.0986,-0.1831,lying,Charlotte,small
1785663575.496041,3681896,0.1406,-0.0024,-1.0059,4.3945,1.1597,0.0,lying,Charlotte,small
1785663575.4960437,3681946,0.1401,-0.001,-0.998,4.4556,1.3428,0.1221,lying,Charlotte,small
1785663575.496047,3681996,0.1367,0.0,-1.0039,4.5166,1.2207,-0.061,lying,Charlotte,small
1785663575.49605,3682046,0.1372,0.0005,-0.9985,4.3335,0.9766,0.0,lying,Charlotte,small
1785663575.4960527,3682096,0.1392,-0.0068,-1.0024,4.4556,1.1597,-0.2441,lying,Charlotte,small
1785663575.496056,3682146,0.1406,0.0039,-1.002,4.3945,1.1597,0.0,lying,Charlotte,small
1785663576.7890174,3684266,0.1396,-0.001,-1.0054,4.4556,1.2817,-0.1831,lying,Charlotte,small
1785663576.7890282,3684316,0.1445,0.0005,-1.0024,4.2725,1.0986,-0.1831,lying,Charlotte,small
1785663576.7890491,3684366,0.1426,-0.0088,-1.002,4.3335,1.0986,-0.1221,lying,Charlotte,small
1785663576.7890565,3684416,0.1411,-0.0029,-1.0,4.3945,1.2207,-0.4272,lying,Charlotte,small
1785663576.789064,3684466,0.1426,-0.0015,-0.9995,4.6387,1.0376,-0.1221,lying,Charlotte,small
1785663576.7890706,3684516,0.1392,-0.0005,-1.0015,4.3945,1.4038,0.0,lying,Charlotte,small
1785663576.7890773,3684566,0.1392,-0.001,-1.001,4.3945,1.2817,0.1831,lying,Charlotte,small
1785663576.7890823,3684616,0.1401,-0.0024,-0.999,4.3945,1.1597,-0.061,lying,Charlotte,small
1785663576.7890856,3684666,0.1367,-0.0044,-1.0015,4.2114,1.3428,0.1221,lying,Charlotte,small
1785663576.789089,3684716,0.1401,0.0005,-0.9961,4.2114,0.9766,-0.1831,lying,Charlotte,small
1785663577.3867083,3685067,0.1401,0.001,-0.9941,4.5166,1.1597,-0.1831,lying,Charlotte,small
1785663577.3867154,3685117,0.1392,-0.0034,-1.002,4.4556,0.8545,-0.061,lying,Charlotte,small
1785663577.3867195,3685167,0.1401,-0.0034,-1.0054,4.3945,1.2207,-0.1831,lying,Charlotte,small
1785663577.386723,3685217,0.1411,-0.0029,-0.9976,4.3335,1.3428,0.061,lying,Charlotte,small
1785663577.3867261,3685267,0.1411,-0.0029,-1.0083,4.6387,1.0986,-0.3052,lying,Charlotte,small
1785663577.3867292,3685317,0.1406,-0.0039,-1.002,4.5166,1.1597,-0.061,lying,Charlotte,small
1785663577.3867323,3685367,0.1372,-0.002,-0.9961,4.4556,1.1597,-0.061,lying,Charlotte,small
1785663577.3867354,3685417,0.1416,-0.0034,-1.001,4.4556,1.1597,0.1221,lying,Charlotte,small
1785663577.3867574,3685467,0.1411,-0.0005,-0.9995,4.5166,1.0986,-0.1831,lying,Charlotte,small
1785663577.3867633,3685517,0.1396,-0.002,-0.9976,4.3335,1.2207,-0.1831,lying,Charlotte,small
1785663578.843513,3686480,0.1401,-0.0078,-1.0,4.5166,1.2817,0.1221,lying,Charlotte,small
1785663578.8435214,3686530,0.1382,-0.001,-0.998,4.3945,1.2817,-0.1831,lying,Charlotte,small
1785663578.8435256,3686580,0.1406,-0.0049,-1.001,4.5166,1.3428,-0.2441,lying,Charlotte,small
1785663578.8435292,3686630,0.1396,0.0005,-0.9941,4.5166,1.1597,-0.061,lying,Charlotte,small
1785663578.8435326,3686680,0.1372,-0.0029,-0.998,4.5776,1.0986,0.061,lying,Charlotte,small
1785663578.843536,3686730,0.1392,0.0034,-1.0054,4.5776,0.8545,-0.1221,lying,Charlotte,small
1785663578.84354,3686780,0.1382,-0.0029,-0.999,4.5776,1.3428,-0.061,lying,Charlotte,small
1785663578.8435433,3686830,0.1396,-0.0034,-1.001,4.3945,1.1597,-0.2441,lying,Charlotte,small
1785663578.8435464,3686880,0.1387,0.001,-1.0005,4.5776,1.1597,-0.1831,lying,Charlotte,small
1785663578.8435493,3686930,0.1392,-0.0054,-1.001,4.5166,1.2817,-0.2441,lying,Charlotte,small
1785663579.4605362,3687108,0.1406,-0.0034,-1.001,4.6387,1.2207,-0.061,lying,Charlotte,small
1785663579.4605503,3687158,0.1421,-0.0034,-0.9941,4.4556,1.2207,0.061,lying,Charlotte,small
1785663579.4605572,3687208,0.1406,0.0024,-0.999,4.2725,1.2817,-0.2441,lying,Charlotte,small
1785663579.4605632,3687258,0.1426,-0.0044,-0.9971,4.2725,1.1597,-0.2441,lying,Charlotte,small
1785663579.4605668,3687308,0.1382,-0.001,-1.0103,4.4556,1.2207,-0.2441,lying,Charlotte,small
1785663579.46057,3687358,0.1421,-0.002,-0.9951,4.3335,1.0376,0.0,lying,Charlotte,small
1785663579.4605737,3687408,0.1377,-0.0005,-1.0044,4.5166,1.0986,0.0,lying,Charlotte,small
1785663579.4605768,3687458,0.1406,-0.0005,-0.9995,4.3945,1.4038,-0.2441,lying,Charlotte,small
1785663579.4605799,3687508,0.1401,-0.0039,-1.0034,4.3945,1.2817,-0.061,lying,Charlotte,small
1785663579.4605832,3687558,0.144,-0.0024,-1.0024,4.3945,1.0986,-0.3662,lying,Charlotte,small
1785663580.0765796,3687731,0.1406,0.0029,-1.0039,4.3335,0.9155,0.0,lying,Charlotte,small
1785663580.0765922,3687781,0.1396,-0.0005,-0.9985,4.3335,1.0986,0.0,lying,Charlotte,small
1785663580.0765982,3687831,0.1406,-0.0049,-1.0024,4.4556,0.9155,0.0,lying,Charlotte,small
1785663580.0766037,3687881,0.1367,-0.0005,-1.001,4.3335,1.0986,0.1221,lying,Charlotte,small
1785663580.0766091,3687931,0.144,-0.0059,-1.0054,4.3945,1.1597,-0.3052,lying,Charlotte,small
1785663580.0766144,3687981,0.1382,-0.0054,-1.0024,4.7607,1.2817,0.0,lying,Charlotte,small
1785663580.0766196,3688031,0.1421,-0.0015,-1.0103,4.2114,1.0376,-0.1221,lying,Charlotte,small
1785663580.0766249,3688081,0.1382,0.0044,-0.9985,4.3945,1.2207,-0.2441,lying,Charlotte,small
1785663580.0766304,3688131,0.1401,-0.0049,-1.0005,4.2725,1.0376,0.1221,lying,Charlotte,small
1785663580.0766354,3688181,0.1421,0.0005,-1.001,4.3945,0.8545,0.2441,lying,Charlotte,small
1785663580.7778828,3688354,0.1401,-0.0073,-1.002,4.5776,1.1597,-0.3052,lying,Charlotte,small
1785663580.7778938,3688404,0.1372,-0.0015,-1.001,4.3945,1.4038,0.0,lying,Charlotte,small
1785663580.7778997,3688454,0.1396,-0.001,-0.9971,4.6387,1.0986,-0.1221,lying,Charlotte,small
1785663580.777905,3688504,0.1411,-0.0005,-0.9985,4.2725,1.1597,0.1221,lying,Charlotte,small
1785663580.7779083,3688554,0.1392,-0.0054,-0.9971,4.4556,1.3428,-0.1221,lying,Charlotte,small
1785663580.7779112,3688604,0.1392,-0.0005,-1.002,4.6387,1.2817,0.1221,lying,Charlotte,small
1785663580.7779145,3688654,0.1436,-0.0034,-1.0,4.3335,1.2817,-0.1831,lying,Charlotte,small
1785663580.7779176,3688704,0.1392,-0.0029,-1.0034,4.4556,1.3428,-0.2441,lying,Charlotte,small
1785663580.7779207,3688754,0.1387,-0.0015,-0.9951,4.4556,1.2817,-0.061,lying,Charlotte,small
1785663580.7779236,3688804,0.1396,-0.0034,-1.0,4.5166,1.0986,-0.1221,lying,Charlotte,small
1785663581.75596,3689046,0.1396,-0.0024,-1.001,4.5166,1.0986,-0.1221,lying,Charlotte,small
1785663581.755972,3689096,0.1396,0.0024,-1.0015,4.4556,1.4648,-0.1221,lying,Charlotte,small
1785663581.7559767,3689146,0.1426,0.0029,-1.0049,4.5776,1.0986,-0.061,lying,Charlotte,small
1785663581.7559812,3689196,0.1396,-0.0005,-1.0034,4.3335,1.1597,-0.3052,lying,Charlotte,small
1785663581.7559862,3689246,0.1406,-0.0015,-1.0029,4.4556,1.2207,-0.1831,lying,Charlotte,small
1785663581.75599,3689296,0.1421,0.001,-0.9985,4.3945,1.4038,0.0,lying,Charlotte,small
1785663581.755994,3689346,0.1416,-0.0024,-1.0015,4.5166,1.4038,0.0,lying,Charlotte,small
1785663581.7559981,3689396,0.144,0.0015,-1.0024,4.5166,1.0986,0.0,lying,Charlotte,small
1785663581.7560046,3689446,0.1455,-0.0054,-0.9971,4.6997,1.5259,-0.1831,lying,Charlotte,small
1785663581.7560122,3689496,0.1377,-0.0015,-1.0059,4.3945,1.2817,0.061,lying,Charlotte,small
1785663584.8817317,3690022,0.1382,-0.0034,-1.0015,4.5166,1.2207,0.0,lying,Charlotte,small
1785663584.8817458,3690072,0.144,-0.0039,-0.9995,4.3945,1.2817,-0.1221,lying,Charlotte,small
1785663584.8817527,3690122,0.1377,-0.0024,-1.0,4.3945,1.0376,-0.061,lying,Charlotte,small
1785663584.8817577,3690172,0.1387,-0.0039,-1.0,4.2725,1.4038,0.061,lying,Charlotte,small
1785663584.881761,3690222,0.1406,0.0024,-1.002,4.5166,1.2817,-0.1831,lying,Charlotte,small
1785663584.8817642,3690272,0.1416,0.0005,-1.0,4.3945,1.2817,0.1221,lying,Charlotte,small
1785663584.8817677,3690322,0.1406,-0.0034,-0.998,4.4556,1.2207,-0.4883,lying,Charlotte,small
1785663584.8817708,3690372,0.1392,-0.0039,-1.0015,4.5166,1.4038,0.1221,lying,Charlotte,small
1785663584.8817737,3690422,0.1396,0.001,-0.9961,4.6387,1.3428,-0.1831,lying,Charlotte,small
1785663584.881777,3690472,0.1411,-0.0044,-0.9956,4.4556,1.1597,-0.2441,lying,Charlotte,small
1785663585.6358418,3693174,0.1377,-0.0049,-1.002,4.4556,1.2817,-0.061,lying,Charlotte,small
1785663585.6358528,3693224,0.1411,-0.0044,-1.001,4.3945,1.2207,-0.3662,lying,Charlotte,small
1785663585.6358569,3693274,0.1411,-0.0063,-1.0,4.3335,1.0376,-0.2441,lying,Charlotte,small
1785663585.6358604,3693324,0.1382,-0.0029,-0.999,4.5166,1.2207,0.1221,lying,Charlotte,small
1785663585.6358638,3693374,0.1392,-0.0024,-1.001,4.8218,1.0376,0.061,lying,Charlotte,small
1785663585.6358669,3693424,0.1401,-0.001,-1.0063,4.6387,1.0986,0.1221,lying,Charlotte,small
1785663585.6358705,3693474,0.1367,-0.0034,-1.0,4.2114,1.2817,-0.1221,lying,Charlotte,small
1785663585.6358736,3693524,0.1372,-0.0024,-1.0054,4.4556,1.2817,0.061,lying,Charlotte,small
1785663585.6358767,3693574,0.1396,-0.002,-1.0029,4.5776,1.2817,0.061,lying,Charlotte,small
1785663585.6358795,3693624,0.144,0.0015,-0.9976,4.2725,1.3428,0.0,lying,Charlotte,small
1785663586.1618137,3693906,0.1396,-0.0005,-1.0029,4.5166,1.4648,-0.1831,lying,Charlotte,small
1785663586.1618228,3693956,0.1416,-0.0088,-1.0024,4.3945,1.4648,-0.3052,lying,Charlotte,small
1785663586.161827,3694006,0.1401,-0.0029,-0.9917,4.2725,1.4038,-0.3662,lying,Charlotte,small
1785663586.161831,3694056,0.1431,-0.0029,-1.0034,4.4556,1.0376,-0.1221,lying,Charlotte,small
1785663586.1618524,3694106,0.1401,0.0015,-0.9976,4.3945,0.9766,-0.1831,lying,Charlotte,small
1785663586.161858,3694156,0.1377,0.0024,-1.001,4.5776,1.2207,-0.2441,lying,Charlotte,small
1785663586.1618636,3694206,0.1401,-0.0029,-1.0054,4.2725,1.4038,0.1831,lying,Charlotte,small
1785663586.1618695,3694256,0.1406,-0.0039,-1.0044,4.0894,0.8545,-0.1221,lying,Charlotte,small
1785663586.161875,3694306,0.1396,-0.001,-1.0039,4.6997,1.3428,-0.1831,lying,Charlotte,small
1785663586.1618786,3694356,0.1416,-0.0049,-1.0039,4.6387,1.1597,-0.2441,lying,Charlotte,small
1785663586.8186164,3694432,0.1392,0.0,-1.002,4.4556,1.0986,-0.2441,lying,Charlotte,small
1785663586.8186293,3694482,0.1377,-0.0015,-1.002,4.5166,1.1597,-0.1831,lying,Charlotte,small
1785663586.818637,3694532,0.1377,0.001,-0.9971,4.5776,0.9766,-0.3662,lying,Charlotte,small
1785663586.8186426,3694582,0.1436,-0.0005,-0.9976,4.3945,1.4038,-0.1221,lying,Charlotte,small
1785663586.8186483,3694632,0.1421,-0.0029,-1.0015,4.6997,1.2817,0.1221,lying,Charlotte,small
1785663586.818654,3694682,0.1367,0.0044,-0.999,4.5166,1.3428,-0.1221,lying,Charlotte,small
1785663586.81866,3694732,0.1401,-0.0044,-0.9922,4.6387,1.2207,-0.061,lying,Charlotte,small
1785663586.818664,3694782,0.1367,0.0005,-0.9985,4.5166,1.3428,-0.1221,lying,Charlotte,small
1785663586.8186674,3694832,0.1416,-0.001,-1.001,4.5166,1.1597,-0.1221,lying,Charlotte,small
1785663586.8186705,3694882,0.1406,-0.0034,-1.0024,4.5166,1.1597,-0.1831,lying,Charlotte,small
1785663587.5348027,3695094,0.1338,-0.001,-1.0,4.5776,1.2207,0.1221,lying,Charlotte,small
1785663587.5348172,3695144,0.1406,-0.001,-0.9961,4.6997,1.2207,0.1831,lying,Charlotte,small
1785663587.5348246,3695194,0.1416,-0.0034,-1.0034,4.5776,1.3428,-0.1221,lying,Charlotte,small
1785663587.53483,3695244,0.1343,-0.0039,-1.002,4.5166,1.0986,-0.061,lying,Charlotte,small
1785663587.5348332,3695294,0.1421,0.001,-1.0034,4.2114,1.3428,-0.3052,lying,Charlotte,small
1785663587.5348365,3695344,0.1377,-0.001,-0.9932,4.3945,1.1597,-0.4272,lying,Charlotte,small
1785663587.5348396,3695394,0.1431,0.001,-1.0049,4.4556,1.1597,0.1221,lying,Charlotte,small
1785663587.5348427,3695444,0.144,0.0,-0.9888,4.5166,1.0986,0.1831,lying,Charlotte,small
1785663587.5348456,3695494,0.1426,-0.0034,-1.0063,4.6387,1.1597,-0.1221,lying,Charlotte,small
1785663587.5348487,3695544,0.1372,-0.0015,-1.002,4.5166,1.0986,-0.2441,lying,Charlotte,small
1785663588.0806303,3695806,0.1406,0.002,-0.9951,4.3945,1.0986,0.1831,lying,Charlotte,small
1785663588.0806422,3695856,0.1431,-0.0044,-1.0024,4.5166,1.1597,-0.1221,lying,Charlotte,small
1785663588.0806484,3695906,0.1416,-0.0029,-1.0044,4.3945,1.4038,-0.061,lying,Charlotte,small
1785663588.0806546,3695956,0.1436,-0.0034,-0.9946,4.5166,1.2207,-0.2441,lying,Charlotte,small
1785663588.0806603,3696006,0.1401,-0.0054,-0.999,4.3945,1.1597,0.0,lying,Charlotte,small
1785663588.0806634,3696056,0.1406,-0.0005,-0.9971,4.4556,1.1597,-0.1221,lying,Charlotte,small
1785663588.080667,3696106,0.1387,-0.0044,-1.002,4.6387,1.2817,0.061,lying,Charlotte,small
1785663588.08067,3696156,0.1416,-0.0029,-1.0024,4.3945,1.2817,-0.1831,lying,Charlotte,small
1785663588.080673,3696206,0.1382,0.0,-0.9985,4.3335,1.2817,-0.1831,lying,Charlotte,small
1785663588.0806758,3696256,0.1416,-0.0015,-1.0005,4.3335,1.2817,-0.061,lying,Charlotte,small
1785663588.8699105,3696396,0.1372,-0.002,-0.9946,4.3945,1.2817,-0.3662,lying,Charlotte,small
1785663588.8699348,3696446,0.1426,-0.0024,-1.0083,4.3945,1.3428,-0.2441,lying,Charlotte,small
1785663588.8699417,3696496,0.1416,-0.0034,-1.001,4.4556,1.2207,-0.061,lying,Charlotte,small
1785663588.8699474,3696546,0.144,-0.0015,-1.0005,4.2725,0.9155,-0.2441,lying,Charlotte,small
1785663588.8699534,3696596,0.1396,-0.002,-1.0005,4.5776,1.2817,-0.3052,lying,Charlotte,small
1785663588.869959,3696646,0.1416,-0.0054,-1.0029,4.5776,1.2207,-0.1831,lying,Charlotte,small
1785663588.8699644,3696696,0.1382,0.0015,-0.999,4.4556,1.0376,-0.061,lying,Charlotte,small
1785663588.8699677,3696746,0.1401,0.0,-1.0054,4.2725,1.2207,0.0,lying,Charlotte,small
1785663588.8699708,3696796,0.1392,-0.0078,-0.9995,4.3945,1.4038,0.061,lying,Charlotte,small
1785663588.8699737,3696846,0.1406,0.0029,-1.0005,4.3335,1.2207,-0.061,lying,Charlotte,small
1785663589.5819778,3697135,0.1479,-0.0195,-1.0068,4.3335,1.4648,-0.061,lying,Charlotte,small
1785663589.5819921,3697185,0.1221,0.0142,-0.9873,4.3335,0.6714,-0.1831,lying,Charlotte,small
1785663589.581999,3697235,0.1406,0.0015,-0.9937,4.6387,1.2817,-0.1831,lying,Charlotte,small
1785663589.5820053,3697285,0.1416,-0.0083,-1.0024,4.5166,1.4648,0.061,lying,Charlotte,small
1785663589.5820086,3697335,0.1411,-0.0078,-0.9976,4.3945,1.2207,0.061,lying,Charlotte,small
1785663589.582012,3697385,0.1377,-0.0029,-1.0,4.5776,1.0986,-0.1221,lying,Charlotte,small
1785663589.5820153,3697435,0.1396,-0.0015,-0.9946,4.4556,1.2207,0.1831,lying,Charlotte,small
1785663589.5820186,3697485,0.1431,-0.002,-0.9995,4.2725,1.0376,-0.1831,lying,Charlotte,small
1785663589.5820215,3697535,0.1426,-0.0029,-0.999,4.4556,1.0376,0.061,lying,Charlotte,small
1785663589.5820243,3697585,0.1426,-0.0024,-1.0039,4.5776,1.0986,0.1831,lying,Charlotte,small
1785663591.8357058,3697847,0.1377,-0.0005,-1.0,4.4556,1.0376,-0.3662,lying,Charlotte,small
1785663591.835739,3697897,0.1392,-0.001,-0.9985,4.2114,1.4648,0.061,lying,Charlotte,small
1785663591.8357458,3697947,0.1392,-0.0024,-0.999,4.5776,1.0986,0.0,lying,Charlotte,small
1785663591.8357518,3697997,0.1387,-0.0049,-1.001,4.3335,1.1597,-0.061,lying,Charlotte,small
1785663591.8357573,3698047,0.1387,-0.0029,-0.9985,4.4556,1.2207,-0.1221,lying,Charlotte,small
1785663591.835763,3698097,0.1362,-0.0034,-1.0063,4.4556,1.3428,0.1831,lying,Charlotte,small
1785663591.8357682,3698147,0.1421,-0.002,-0.9966,4.3945,1.0986,-0.1221,lying,Charlotte,small
1785663591.8357718,3698197,0.1416,-0.0063,-1.002,4.2725,1.2817,-0.4272,lying,Charlotte,small
1785663591.835775,3698247,0.1436,-0.0005,-1.001,4.4556,1.2207,-0.1831,lying,Charlotte,small
1785663591.835778,3698297,0.1401,-0.002,-1.002,4.3335,1.2817,-0.1221,lying,Charlotte,small
1785663592.450038,3700101,0.1421,-0.001,-0.9995,4.4556,1.2207,-0.1831,lying,Charlotte,small
1785663592.4500513,3700151,0.1406,-0.0029,-0.9961,4.4556,1.2207,0.061,lying,Charlotte,small
1785663592.450058,3700201,0.1431,-0.0005,-1.0029,4.3335,1.2207,-0.3052,lying,Charlotte,small
1785663592.4500623,3700251,0.1396,-0.0044,-0.9956,4.4556,1.5869,0.0,lying,Charlotte,small
1785663592.4500659,3700301,0.1401,-0.0005,-1.001,4.5166,1.1597,-0.4272,lying,Charlotte,small
1785663592.4500692,3700351,0.1401,-0.001,-1.002,4.3335,1.0986,-0.2441,lying,Charlotte,small
1785663592.4500725,3700401,0.1387,-0.0044,-1.0005,4.4556,1.1597,-0.3052,lying,Charlotte,small
1785663592.4500756,3700451,0.1416,-0.0034,-0.9951,4.5776,1.2207,-0.061,lying,Charlotte,small
1785663592.4500787,3700501,0.1392,-0.001,-0.9937,4.5166,1.2207,-0.2441,lying,Charlotte,small
1785663592.450082,3700551,0.1377,-0.0039,-0.9932,4.4556,1.4648,-0.1831,lying,Charlotte,small
1785663592.9618936,3700713,0.1392,-0.0039,-1.0,4.5166,1.0376,-0.3052,lying,Charlotte,small
1785663592.9619045,3700763,0.1406,-0.0029,-0.9961,4.2725,1.1597,-0.061,lying,Charlotte,small
1785663592.9619086,3700813,0.1416,-0.0015,-1.0015,4.3335,1.2207,-0.1221,lying,Charlotte,small
1785663592.9619126,3700863,0.1436,0.0,-0.998,4.4556,1.2207,-0.1221,lying,Charlotte,small
1785663592.961916,3700913,0.1426,-0.0015,-1.0049,4.3335,1.1597,0.0,lying,Charlotte,small
1785663592.9619188,3700963,0.1377,-0.0044,-1.0054,4.5166,1.3428,-0.1831,lying,Charlotte,small
1785663592.9619217,3701013,0.1426,0.001,-1.002,4.3335,1.3428,-0.061,lying,Charlotte,small
1785663592.9619248,3701063,0.1431,-0.002,-1.0,4.7607,1.2207,-0.2441,lying,Charlotte,small
1785663592.9619277,3701113,0.1377,-0.002,-1.0034,4.5166,1.2817,-0.4272,lying,Charlotte,small
1785663592.9619308,3701163,0.1392,-0.0034,-1.002,4.4556,0.9766,-0.1221,lying,Charlotte,small
1785663594.6027677,3701225,0.1416,-0.0044,-0.9966,4.3945,1.2817,-0.1831,lying,Charlotte,small
1785663594.6027818,3701275,0.1411,-0.0005,-1.001,4.5166,1.1597,-0.1221,lying,Charlotte,small
1785663594.6027887,3701325,0.1401,-0.0034,-1.0005,4.5776,1.0986,-0.4272,lying,Charlotte,small
1785663594.6027935,3701375,0.1401,-0.001,-1.0024,4.6997,1.2817,-0.1221,lying,Charlotte,small
1785663594.6027968,3701425,0.1426,-0.0054,-1.001,4.4556,1.3428,-0.1831,lying,Charlotte,small
1785663594.6028001,3701475,0.1382,-0.0049,-0.9951,4.3335,1.0376,-0.3052,lying,Charlotte,small
1785663594.6028035,3701525,0.1401,-0.002,-1.0029,4.3945,1.2817,-0.2441,lying,Charlotte,small
1785663594.6028063,3701575,0.1392,-0.0029,-1.0034,4.2725,1.2817,0.0,lying,Charlotte,small
1785663594.6028097,3701625,0.1372,-0.0029,-1.002,4.4556,1.2207,-0.1221,lying,Charlotte,small
1785663594.6028128,3701675,0.1387,-0.0005,-1.002,4.3945,1.2207,0.061,lying,Charlotte,small
1785663596.354936,3702869,0.1377,-0.0044,-1.0049,4.4556,1.1597,-0.1831,lying,Charlotte,small
1785663596.3549683,3702919,0.1436,-0.0029,-0.9971,4.5166,1.1597,-0.1221,lying,Charlotte,small
1785663596.3549755,3702969,0.1411,-0.0015,-0.999,4.5166,1.2817,0.061,lying,Charlotte,small
1785663596.3549817,3703019,0.1416,-0.0034,-1.002,4.4556,1.0986,-0.061,lying,Charlotte,small
1785663596.354987,3703069,0.1406,-0.002,-1.0024,4.5166,1.1597,-0.061,lying,Charlotte,small
1785663596.354992,3703119,0.1392,-0.0049,-1.002,4.4556,1.2817,0.0,lying,Charlotte,small
1785663596.3549957,3703169,0.1372,-0.0054,-1.0049,4.3945,1.1597,-0.061,lying,Charlotte,small
1785663596.3549988,3703219,0.1406,-0.001,-1.0015,4.4556,1.2817,-0.2441,lying,Charlotte,small
1785663596.3550022,3703269,0.1426,-0.0029,-1.0,4.6387,1.0986,0.061,lying,Charlotte,small
1785663596.3550053,3703319,0.1396,-0.0034,-1.0005,4.5776,1.2207,0.0,lying,Charlotte,small
1785663597.161325,3704622,0.1509,-0.0137,-1.0059,4.5166,1.2817,-0.3052,lying,Charlotte,small
1785663597.1613383,3704672,0.1382,-0.0073,-1.0107,4.3335,1.2817,0.0,lying,Charlotte,small
1785663597.161344,3704722,0.1445,-0.0059,-1.0083,4.4556,1.2207,0.0,lying,Charlotte,small
1785663597.1613474,3704772,0.1401,0.0,-0.9961,4.5776,1.1597,-0.1831,lying,Charlotte,small
1785663597.1613505,3704822,0.1411,0.0005,-0.9971,4.4556,1.2817,-0.1221,lying,Charlotte,small
1785663597.1613538,3704872,0.1406,-0.0024,-1.0015,4.5776,1.2817,-0.1831,lying,Charlotte,small
1785663597.1613574,3704922,0.1421,-0.0063,-1.0044,4.5776,1.0986,-0.1831,lying,Charlotte,small
1785663597.1613605,3704972,0.1411,-0.0049,-1.0029,4.2725,1.2817,0.061,lying,Charlotte,small
1785663597.1613631,3705022,0.1416,-0.0024,-0.9985,4.3335,1.4038,-0.1831,lying,Charlotte,small
1785663597.1613662,3705072,0.1411,0.002,-1.0049,4.3335,1.1597,-0.1221,lying,Charlotte,small
1785663599.2076306,3705434,0.1431,0.0,-0.9995,4.5776,1.2817,0.0,lying,Charlotte,small
1785663599.2076411,3705484,0.1392,-0.0024,-1.001,4.5166,1.0376,0.1831,lying,Charlotte,small
1785663599.2076457,3705534,0.1401,-0.0024,-0.9995,4.5776,0.9766,-0.2441,lying,Charlotte,small
1785663599.2076495,3705584,0.1406,-0.002,-1.0029,4.6997,1.0986,-0.1221,lying,Charlotte,small
1785663599.2076526,3705634,0.1396,-0.001,-0.9966,4.3335,1.1597,-0.1221,lying,Charlotte,small
1785663599.207656,3705684,0.1396,-0.0024,-0.9995,4.7607,1.4038,-0.061,lying,Charlotte,small
1785663599.2076588,3705734,0.1406,0.0005,-1.0073,4.5776,0.9766,-0.061,lying,Charlotte,small
1785663599.2076626,3705784,0.1396,-0.001,-1.0015,4.5776,1.4648,0.0,lying,Charlotte,small
1785663599.2076654,3705834,0.1411,-0.0005,-1.0015,4.3945,1.0986,0.1221,lying,Charlotte,small
1785663599.2076685,3705884,0.1411,-0.0049,-1.0015,4.3945,1.0986,-0.1221,lying,Charlotte,small
1785663602.6648219,3707471,0.1387,0.0054,-1.0,4.3945,1.0986,-0.1221,lying,Charlotte,small
1785663602.6648314,3707521,0.1362,0.0,-1.0015,4.3945,1.2817,-0.061,lying,Charlotte,small
1785663602.664836,3707571,0.1372,-0.002,-1.0015,4.2725,1.0986,-0.2441,lying,Charlotte,small
1785663602.6648395,3707621,0.1387,-0.0078,-1.0029,4.2114,1.2207,-0.1221,lying,Charlotte,small
1785663602.6648426,3707671,0.1377,-0.0049,-0.9976,4.3945,1.4648,-0.1831,lying,Charlotte,small
1785663602.6648455,3707721,0.1406,-0.0005,-1.0039,4.6387,1.0376,-0.061,lying,Charlotte,small
1785663602.6648488,3707771,0.1396,-0.002,-1.0029,4.5166,1.1597,-0.4272,lying,Charlotte,small
1785663602.6648521,3707821,0.1382,-0.0039,-1.0,4.3945,1.3428,-0.061,lying,Charlotte,small
1785663602.664855,3707871,0.1396,-0.002,-0.999,4.3945,1.3428,-0.1221,lying,Charlotte,small
1785663602.6648579,3707921,0.1396,-0.0029,-0.998,4.4556,1.2207,-0.1221,lying,Charlotte,small
1785663603.3936644,3710931,0.1426,-0.0068,-1.0029,4.5776,1.1597,-0.2441,lying,Charlotte,small
1785663603.3936718,3710981,0.1382,0.0,-1.0015,4.5166,0.9766,-0.1221,lying,Charlotte,small
1785663603.3936758,3711031,0.1416,-0.001,-0.9971,4.3945,1.4648,-0.1221,lying,Charlotte,small
1785663603.3936794,3711081,0.1416,-0.0029,-0.9985,4.5166,1.0376,-0.1831,lying,Charlotte,small
1785663603.3936827,3711131,0.1421,-0.0015,-0.998,4.5776,1.0376,-0.2441,lying,Charlotte,small
1785663603.393686,3711181,0.1396,-0.0054,-0.9941,4.5166,1.0986,0.061,lying,Charlotte,small
1785663603.3936892,3711231,0.1411,-0.001,-1.002,4.5166,1.4038,-0.1221,lying,Charlotte,small
1785663603.3936925,3711281,0.1406,-0.001,-1.0063,4.3945,1.4038,0.061,lying,Charlotte,small
1785663603.393695,3711331,0.1392,-0.0044,-1.0039,4.3945,1.0986,-0.1831,lying,Charlotte,small
1785663603.3936985,3711381,0.1357,-0.0039,-1.0059,4.5166,1.2817,0.061,lying,Charlotte,small
1785663606.5805361,3713099,0.1411,0.0005,-0.9927,4.3945,1.2817,-0.1221,lying,Charlotte,small
1785663606.5805523,3713149,0.1377,0.0015,-0.9941,4.5166,1.0986,0.3052,lying,Charlotte,small
1785663606.58056,3713199,0.1401,-0.0005,-1.0063,4.4556,1.1597,-0.4883,lying,Charlotte,small
1785663606.5805674,3713249,0.1392,-0.0073,-1.0005,4.5776,1.1597,-0.061,lying,Charlotte,small
1785663606.5805745,3713299,0.1372,0.0029,-0.9941,4.3945,1.4038,-0.1221,lying,Charlotte,small
1785663606.5805807,3713349,0.1421,0.001,-1.0044,4.3945,1.0376,0.1831,lying,Charlotte,small
1785663606.5805871,3713399,0.1382,-0.0024,-0.9941,4.4556,1.2207,-0.1221,lying,Charlotte,small
1785663606.5805945,3713449,0.1431,-0.0039,-1.0103,4.5166,1.4648,-0.4272,lying,Charlotte,small
1785663606.5806007,3713499,0.1406,-0.0005,-0.9985,4.6387,1.1597,-0.1221,lying,Charlotte,small
1785663606.5806077,3713549,0.1382,-0.0049,-0.9971,4.1504,1.3428,0.0,lying,Charlotte,small
1785663608.53664,3714851,0.1411,0.0015,-1.0063,4.3945,1.2817,-0.1221,lying,Charlotte,small
1785663608.5366507,3714901,0.1426,-0.0044,-1.0068,4.6997,1.1597,-0.1221,lying,Charlotte,small
1785663608.536655,3714951,0.144,-0.0015,-1.0039,4.5776,1.3428,0.0,lying,Charlotte,small
1785663608.5366588,3715001,0.1416,-0.0024,-1.0029,4.5776,1.0376,-0.1831,lying,Charlotte,small
1785663608.536662,3715051,0.1431,-0.0054,-1.0029,4.2725,1.0376,0.1831,lying,Charlotte,small
1785663608.5366652,3715101,0.1401,-0.0063,-1.0005,4.5776,1.4038,-0.3052,lying,Charlotte,small
1785663608.5366683,3715151,0.1357,-0.002,-1.0024,4.2725,1.1597,-0.1831,lying,Charlotte,small
1785663608.5366712,3715201,0.1411,-0.0034,-1.0044,4.4556,1.2207,-0.4272,lying,Charlotte,small
1785663608.536674,3715251,0.1382,-0.0015,-0.9951,4.3945,1.0986,-0.1221,lying,Charlotte,small
1785663608.5366771,3715301,0.1421,-0.0015,-0.9985,4.5776,1.1597,0.061,lying,Charlotte,small
1785663609.8449583,3716805,0.1401,0.002,-0.9951,4.2725,1.2817,-0.061,lying,Charlotte,small
1785663609.8449674,3716855,0.1396,-0.0015,-1.0029,4.3335,1.3428,0.0,lying,Charlotte,small
1785663609.8449714,3716905,0.144,-0.0024,-1.0054,4.3335,1.4648,0.2441,lying,Charlotte,small
1785663609.8449755,3716955,0.1387,-0.001,-0.998,4.2725,1.2817,-0.3052,lying,Charlotte,small
1785663609.8449786,3717005,0.1387,-0.0015,-1.0044,4.4556,0.9766,0.0,lying,Charlotte,small
1785663609.8449817,3717055,0.1392,-0.001,-1.0073,4.3945,1.0986,-0.1221,lying,Charlotte,small
1785663609.8449848,3717105,0.1411,0.0015,-1.0024,4.5166,1.4648,-0.1831,lying,Charlotte,small
1785663609.8449879,3717155,0.1396,-0.0054,-0.9985,4.5166,1.2207,-0.061,lying,Charlotte,small
1785663609.844991,3717205,0.1406,-0.0044,-0.9971,4.6387,1.2207,-0.1221,lying,Charlotte,small
1785663609.844994,3717255,0.1416,-0.0024,-1.0068,4.5166,1.0986,0.061,lying,Charlotte,small
1785663611.6045768,3718110,0.1377,-0.0005,-1.0068,4.3945,1.0376,-0.1831,lying,Charlotte,small
1785663611.60459,3718160,0.1416,-0.0024,-1.0044,4.4556,1.3428,-0.2441,lying,Charlotte,small
1785663611.6045973,3718210,0.1367,-0.0059,-0.9956,4.4556,1.3428,-0.061,lying,Charlotte,small
1785663611.6046042,3718260,0.1387,0.001,-0.999,4.5166,1.4648,-0.3052,lying,Charlotte,small
1785663611.6046112,3718310,0.1416,-0.0059,-0.9956,4.3335,1.2207,-0.3052,lying,Charlotte,small
1785663611.6046183,3718360,0.1411,-0.0029,-1.0029,4.5776,1.4038,-0.1221,lying,Charlotte,small
1785663611.6046252,3718410,0.1421,-0.0063,-0.998,4.5166,1.4038,-0.1831,lying,Charlotte,small
1785663611.6046307,3718460,0.1421,-0.001,-0.9966,4.1504,1.2817,-0.3662,lying,Charlotte,small
1785663611.6046348,3718510,0.1416,-0.0063,-0.999,4.5166,1.2207,-0.1221,lying,Charlotte,small
1785663611.6046386,3718560,0.1377,-0.0044,-1.0,4.4556,1.2817,-0.2441,lying,Charlotte,small
1785663612.2428083,3719872,0.1411,-0.0039,-0.999,4.3335,1.0986,-0.3052,lying,Charlotte,small
1785663612.2428188,3719922,0.1372,0.001,-0.9966,4.5166,1.1597,-0.1831,lying,Charlotte,small
1785663612.2428253,3719972,0.1392,0.0015,-1.0,4.3945,1.2207,0.1831,lying,Charlotte,small
1785663612.2428327,3720022,0.1382,-0.0024,-1.001,4.3945,1.2207,-0.3052,lying,Charlotte,small
1785663612.2428393,3720072,0.1367,-0.0015,-1.002,4.1504,1.3428,0.2441,lying,Charlotte,small
1785663612.2428458,3720122,0.1426,-0.0039,-1.001,4.4556,1.0376,-0.1221,lying,Charlotte,small
1785663612.2428534,3720172,0.1387,0.0005,-0.998,4.4556,1.1597,-0.1221,lying,Charlotte,small
1785663612.2428603,3720222,0.1377,-0.0015,-0.999,4.5166,1.2817,-0.2441,lying,Charlotte,small
1785663612.2428658,3720272,0.1411,-0.0015,-0.9995,4.3945,1.1597,-0.3662,lying,Charlotte,small
1785663612.24287,3720322,0.1416,-0.0039,-1.0034,4.3945,1.2817,0.0,lying,Charlotte,small
1785663613.46416,3720515,0.1436,-0.0024,-1.0059,4.6997,1.2207,-0.1221,lying,Charlotte,small
1785663613.4641707,3720565,0.1401,-0.0044,-0.998,4.4556,1.2817,0.0,lying,Charlotte,small
1785663613.4641764,3720615,0.1406,-0.0039,-1.0054,4.6997,1.0376,-0.1221,lying,Charlotte,small
1785663613.4641817,3720665,0.1416,-0.0015,-1.001,4.4556,1.4038,0.061,lying,Charlotte,small
1785663613.4641852,3720715,0.1401,-0.0024,-0.9971,4.4556,1.0376,-0.1831,lying,Charlotte,small
1785663613.4641886,3720765,0.1411,-0.0024,-0.9985,4.7607,1.0986,-0.2441,lying,Charlotte,small
1785663613.4642084,3720815,0.1411,-0.0015,-0.9961,4.4556,1.0376,-0.1221,lying,Charlotte,small
1785663613.4642143,3720865,0.1406,0.0049,-0.9956,4.3945,1.0376,0.1221,lying,Charlotte,small
1785663613.4642198,3720915,0.1411,-0.001,-0.9961,4.2114,1.1597,0.061,lying,Charlotte,small
1785663613.4642253,3720965,0.1392,-0.0015,-1.0024,4.3945,1.3428,-0.2441,lying,Charlotte,small
1785663614.414743,3721732,0.1445,-0.002,-0.9971,4.4556,1.0376,-0.3662,lying,Charlotte,small
1785663614.4147696,3721782,0.1411,-0.001,-1.001,4.5166,1.3428,-0.2441,lying,Charlotte,small
1785663614.4147763,3721832,0.1401,0.0,-1.0005,4.3945,1.1597,-0.2441,lying,Charlotte,small
1785663614.4147828,3721882,0.1396,0.0,-0.9995,4.3945,0.9155,0.0,lying,Charlotte,small
1785663614.4147878,3721932,0.1377,-0.0039,-0.998,4.5776,0.9766,-0.2441,lying,Charlotte,small
1785663614.4147928,3721982,0.1421,-0.0005,-1.0,4.3335,1.3428,-0.061,lying,Charlotte,small
1785663614.414796,3722032,0.1396,-0.001,-1.0015,4.5166,1.0376,-0.3052,lying,Charlotte,small
1785663614.4147995,3722082,0.1396,0.0,-1.001,4.5166,1.0986,0.0,lying,Charlotte,small
1785663614.4148018,3722132,0.1436,-0.0029,-0.9888,4.5776,1.0986,-0.1831,lying,Charlotte,small
1785663614.414805,3722182,0.1392,-0.0039,-1.0068,4.3335,1.1597,-0.2441,lying,Charlotte,small
1785663615.1252046,3722675,0.1396,0.0054,-0.9985,4.4556,1.2207,-0.1831,lying,Charlotte,small
1785663615.1252153,3722725,0.1411,-0.002,-1.0005,4.2725,0.9766,-0.2441,lying,Charlotte,small
1785663615.1252193,3722775,0.1372,-0.0029,-0.9985,4.4556,1.3428,0.0,lying,Charlotte,small
1785663615.1252232,3722825,0.1387,-0.002,-1.0015,4.3945,1.2817,0.0,lying,Charlotte,small
1785663615.1252263,3722875,0.1372,-0.0024,-1.0039,4.2114,1.2207,0.1221,lying,Charlotte,small
1785663615.1252294,3722925,0.1396,0.0015,-0.9971,4.3945,1.2817,-0.3662,lying,Charlotte,small
1785663615.125233,3722975,0.1411,-0.0015,-1.0044,4.4556,1.2207,-0.061,lying,Charlotte,small
1785663615.1252363,3723025,0.144,-0.0024,-0.9976,4.3945,0.9766,-0.4883,lying,Charlotte,small
1785663615.1252394,3723075,0.1411,-0.001,-1.0,4.3335,1.3428,-0.1831,lying,Charlotte,small
1785663615.1252425,3723125,0.1396,-0.002,-1.0029,4.6387,1.3428,-0.3662,lying,Charlotte,small
1785663617.7001693,3723386,0.1411,0.0024,-1.0024,4.3945,1.4038,-0.3662,lying,Charlotte,small
1785663617.700178,3723436,0.1362,-0.0024,-0.9995,4.4556,1.0986,0.061,lying,Charlotte,small
1785663617.700182,3723486,0.1401,-0.0015,-1.001,4.6387,1.1597,-0.1831,lying,Charlotte,small
1785663617.7001855,3723536,0.1406,-0.0005,-1.0,4.3335,1.1597,0.1221,lying,Charlotte,small
1785663617.700189,3723586,0.1411,-0.002,-0.9976,4.3945,1.2207,-0.3052,lying,Charlotte,small
1785663617.7001922,3723636,0.1401,-0.0049,-1.0005,4.3335,1.2817,0.1221,lying,Charlotte,small
1785663617.7001956,3723686,0.1392,0.0015,-1.0005,4.2725,1.2207,-0.2441,lying,Charlotte,small
1785663617.7002,3723736,0.1396,0.002,-1.0049,4.3335,1.1597,-0.1831,lying,Charlotte,small
1785663617.700205,3723786,0.1387,-0.001,-0.998,4.0283,1.4038,0.1831,lying,Charlotte,small
1785663617.70021,3723836,0.1416,0.0,-1.0024,4.2725,1.2817,-0.3052,lying,Charlotte,small
1785663618.460849,3725969,0.1392,-0.001,-1.002,4.3945,1.2207,0.1831,lying,Charlotte,small
1785663618.4608605,3726019,0.1426,-0.0049,-0.9971,4.7607,1.4038,0.061,lying,Charlotte,small
1785663618.4608645,3726069,0.1431,-0.002,-0.9966,4.3945,1.0376,-0.3052,lying,Charlotte,small
1785663618.4608684,3726119,0.1426,-0.0015,-0.9985,4.5166,1.2817,0.0,lying,Charlotte,small
1785663618.4608717,3726169,0.1421,-0.0015,-1.0029,4.5776,0.9155,-0.3662,lying,Charlotte,small
1785663618.460875,3726219,0.1411,-0.0054,-0.9849,4.6387,1.1597,0.0,lying,Charlotte,small
1785663618.4608786,3726269,0.1396,-0.0015,-1.0024,4.6387,1.5259,-0.1831,lying,Charlotte,small
1785663618.460882,3726319,0.1431,-0.0078,-1.0005,4.3335,1.3428,-0.1221,lying,Charlotte,small
1785663618.460885,3726369,0.1426,-0.0015,-0.9976,4.2725,0.9766,-0.1221,lying,Charlotte,small
1785663618.4608881,3726419,0.1406,-0.001,-0.9956,4.4556,1.2207,-0.3052,lying,Charlotte,small
1785663619.2837179,3726736,0.1401,-0.0024,-1.002,4.5166,1.2207,-0.061,lying,Charlotte,small
1785663619.28373,3726786,0.1387,-0.0034,-0.9927,4.3945,1.2207,-0.2441,lying,Charlotte,small
1785663619.283735,3726836,0.1392,-0.002,-1.002,4.6387,1.0986,0.0,lying,Charlotte,small
1785663619.2837393,3726886,0.1431,0.0005,-1.0,4.5166,1.0376,-0.1221,lying,Charlotte,small
1785663619.2837434,3726936,0.1367,-0.0054,-1.0015,4.3335,1.2207,-0.3662,lying,Charlotte,small
1785663619.2837477,3726986,0.1357,-0.001,-0.9976,4.2725,1.2817,-0.3662,lying,Charlotte,small
1785663619.2837517,3727036,0.1392,0.0015,-1.0,4.2114,0.9155,-0.2441,lying,Charlotte,small
1785663619.2837555,3727086,0.1387,-0.0034,-0.9956,4.4556,1.2207,-0.1221,lying,Charlotte,small
1785663619.283759,3727136,0.1401,-0.0063,-1.0029,4.6997,1.1597,-0.061,lying,Charlotte,small
1785663619.2837632,3727186,0.1377,-0.002,-1.0059,4.5166,1.3428,-0.3052,lying,Charlotte,small
1785663620.312702,3727548,0.1421,0.0,-1.002,4.6387,1.2207,-0.1831,lying,Charlotte,small
1785663620.3127167,3727598,0.1445,-0.0034,-1.002,4.3335,1.3428,-0.061,lying,Charlotte,small
1785663620.3127236,3727648,0.1343,-0.0034,-1.0015,4.0894,0.8545,-0.1831,lying,Charlotte,small
1785663620.3127275,3727698,0.1372,0.0044,-0.9976,4.3945,1.2817,-0.1831,lying,Charlotte,small
1785663620.3127308,3727748,0.144,-0.0039,-1.0005,4.3945,1.4648,0.1221,lying,Charlotte,small
1785663620.3127341,3727798,0.1421,0.0093,-0.9985,4.3335,1.0376,0.061,lying,Charlotte,small
1785663620.3127372,3727848,0.1323,-0.002,-0.9985,4.4556,1.2207,0.0,lying,Charlotte,small
1785663620.3127403,3727898,0.1411,-0.0029,-0.9995,4.4556,1.1597,-0.1831,lying,Charlotte,small
1785663620.3127434,3727948,0.1377,-0.0049,-1.0034,4.5776,0.9155,-0.1831,lying,Charlotte,small
1785663620.3127465,3727998,0.1421,0.0049,-0.9985,4.6387,1.3428,-0.1221,lying,Charlotte,small
1785663620.8385575,3728581,0.1401,0.0049,-0.9976,4.3945,1.0986,-0.2441,lying,Charlotte,small
1785663620.8385692,3728631,0.1416,0.0,-1.0029,4.5166,1.3428,0.0,lying,Charlotte,small
1785663620.8385756,3728681,0.1401,-0.0039,-1.0049,4.6387,1.0376,-0.2441,lying,Charlotte,small
1785663620.838582,3728731,0.1416,0.001,-0.9971,4.2725,1.2207,-0.1221,lying,Charlotte,small
1785663620.838587,3728781,0.1411,-0.0054,-1.0015,4.5166,1.3428,0.0,lying,Charlotte,small
1785663620.8385901,3728831,0.1367,-0.0005,-0.9951,4.2725,1.1597,-0.1831,lying,Charlotte,small
1785663620.8385932,3728881,0.1411,-0.0063,-1.0024,4.4556,1.2207,-0.4272,lying,Charlotte,small
1785663620.8385963,3728931,0.1396,-0.0044,-0.9946,4.5166,1.0376,0.0,lying,Charlotte,small
1785663620.8385992,3728981,0.1406,-0.0039,-1.0034,4.5166,1.1597,-0.4883,lying,Charlotte,small
1785663620.8386023,3729031,0.1392,-0.0024,-1.0034,4.3945,1.1597,-0.1221,lying,Charlotte,small
1785663622.9821408,3729102,0.1406,-0.0083,-1.0068,4.3945,1.3428,0.061,lying,Charlotte,small
1785663622.9821749,3729152,0.1392,-0.0034,-1.0015,4.3945,1.2207,0.061,lying,Charlotte,small
1785663622.9821813,3729202,0.1362,-0.0029,-0.998,4.2725,1.4038,0.1831,lying,Charlotte,small
1785663622.9821875,3729252,0.1406,0.001,-1.0034,4.3945,1.2207,0.2441,lying,Charlotte,small
1785663622.9821932,3729302,0.1392,-0.001,-1.0,4.3945,1.2817,-0.3052,lying,Charlotte,small
1785663622.9821987,3729352,0.1416,-0.0034,-1.002,4.4556,1.2817,-0.2441,lying,Charlotte,small
1785663622.9822025,3729402,0.1392,0.0034,-0.9961,4.5166,0.9766,-0.2441,lying,Charlotte,small
1785663622.9822056,3729452,0.1411,0.0063,-1.0,4.5776,1.4648,-0.1831,lying,Charlotte,small
1785663622.9822087,3729502,0.1372,-0.0034,-1.002,4.3335,1.2207,-0.3662,lying,Charlotte,small
1785663622.9822118,3729552,0.1396,-0.0005,-1.002,4.2725,1.0376,-0.4272,lying,Charlotte,small
1785663624.2988737,3731255,0.1387,-0.001,-1.0059,4.4556,1.4038,-0.2441,lying,Charlotte,small
1785663624.2988849,3731305,0.1377,-0.0039,-1.0029,4.5166,1.2207,-0.1831,lying,Charlotte,small
1785663624.298889,3731355,0.1372,-0.0034,-1.0,4.3945,1.0376,-0.1831,lying,Charlotte,small
1785663624.2988923,3731405,0.1401,-0.0015,-0.999,4.3335,0.9766,-0.2441,lying,Charlotte,small
1785663624.2988956,3731455,0.1426,-0.002,-1.0024,4.3945,1.1597,0.1831,lying,Charlotte,small
1785663624.2988987,3731505,0.1436,-0.0068,-1.0044,4.5166,1.4038,0.1831,lying,Charlotte,small
1785663624.298902,3731555,0.1387,-0.0029,-0.9985,4.6387,1.1597,-0.2441,lying,Charlotte,small
1785663624.2989051,3731605,0.1392,-0.001,-1.0,4.4556,1.2817,-0.1221,lying,Charlotte,small
1785663624.298908,3731655,0.1392,-0.0005,-0.999,4.5776,1.2817,-0.1831,lying,Charlotte,small
1785663624.2989278,3731705,0.1431,-0.0015,-1.0049,4.2725,1.3428,-0.061,lying,Charlotte,small
1785663624.8205252,3732567,0.1396,0.002,-0.998,4.2725,0.9155,-0.1831,lying,Charlotte,small
1785663624.8205342,3732617,0.1426,-0.001,-1.0034,4.4556,1.0986,-0.061,lying,Charlotte,small
1785663624.8205385,3732667,0.1416,-0.001,-0.9976,4.6997,1.2817,0.1221,lying,Charlotte,small
1785663624.820542,3732717,0.1416,-0.0005,-1.0015,4.5166,1.2817,-0.061,lying,Charlotte,small
1785663624.8205454,3732767,0.1323,-0.0024,-1.0044,4.3335,0.9766,-0.1831,lying,Charlotte,small
1785663624.8205485,3732817,0.1396,-0.0039,-1.0024,4.4556,1.0376,0.1221,lying,Charlotte,small
1785663624.8205516,3732867,0.1406,0.002,-1.001,4.3335,1.3428,-0.2441,lying,Charlotte,small
1785663624.8205547,3732917,0.1421,-0.0044,-1.0049,4.3945,1.2207,-0.061,lying,Charlotte,small
1785663624.8205576,3732967,0.1396,0.0005,-1.001,4.5166,1.4648,0.1221,lying,Charlotte,small
1785663624.8205605,3733017,0.1431,-0.0005,-0.9985,4.2725,1.5259,-0.1831,lying,Charlotte,small
1785663625.393024,3733089,0.1396,-0.0024,-1.001,4.3945,1.2207,0.0,lying,Charlotte,small
1785663625.3930342,3733139,0.1431,-0.0049,-1.0,4.5166,1.2817,-0.3662,lying,Charlotte,small
1785663625.39304,3733189,0.1421,0.001,-1.002,4.4556,1.2207,-0.1831,lying,Charlotte,small
1785663625.3930438,3733239,0.1338,0.0029,-0.9927,4.3335,1.2207,-0.2441,lying,Charlotte,small
1785663625.3930469,3733289,0.1396,0.0005,-1.0024,4.4556,1.0986,-0.1221,lying,Charlotte,small
1785663625.3930502,3733339,0.1411,0.0,-1.0005,4.3945,1.2207,-0.1831,lying,Charlotte,small
1785663625.3930533,3733389,0.1387,-0.0044,-1.0044,4.2725,0.9155,-0.3052,lying,Charlotte,small
1785663625.3930566,3733439,0.1377,0.0039,-1.0,4.3335,1.2207,0.1831,lying,Charlotte,small
1785663625.3930593,3733489,0.1392,-0.0005,-1.0005,4.3335,1.2207,-0.6104,lying,Charlotte,small
1785663625.393062,3733539,0.1382,-0.0029,-1.0,4.2725,1.1597,-0.061,lying,Charlotte,small
1785663630.2547324,3737173,0.1401,-0.0063,-0.999,4.3945,1.2817,0.0,lying,Charlotte,small
1785663630.2547433,3737223,0.1387,-0.0034,-1.0015,4.5776,1.1597,-0.1831,lying,Charlotte,small
1785663630.2547476,3737273,0.1401,-0.0054,-1.002,4.7607,1.3428,0.2441,lying,Charlotte,small
1785663630.2547512,3737323,0.1401,-0.0044,-1.0005,4.4556,1.2207,-0.1831,lying,Charlotte,small
1785663630.2547545,3737373,0.1396,-0.001,-1.002,4.2725,1.1597,0.0,lying,Charlotte,small
1785663630.2547576,3737423,0.1416,-0.0044,-1.0029,4.6997,1.4038,-0.1221,lying,Charlotte,small
1785663630.254761,3737473,0.1436,-0.0034,-0.9971,4.6387,1.2207,0.1831,lying,Charlotte,small
1785663630.2547638,3737523,0.1392,-0.0039,-1.0063,4.4556,1.2817,-0.1831,lying,Charlotte,small
1785663630.2547672,3737573,0.1436,-0.0122,-1.0063,4.2725,1.0376,-0.061,lying,Charlotte,small
1785663630.2547703,3737623,0.1348,-0.0059,-1.0063,4.3335,1.1597,0.061,lying,Charlotte,small
1785663630.7648263,3738516,0.1406,0.0,-0.999,4.2725,0.9155,-0.061,lying,Charlotte,small
1785663630.7648351,3738566,0.1401,-0.0073,-0.9976,4.3335,1.2207,-0.3052,lying,Charlotte,small
1785663630.7648394,3738616,0.1387,-0.0063,-0.999,4.6997,1.0376,-0.3662,lying,Charlotte,small
1785663630.764843,3738666,0.1343,0.0044,-0.9917,4.4556,1.1597,-0.1221,lying,Charlotte,small
1785663630.764846,3738716,0.1377,0.0,-0.9976,4.3335,1.3428,-0.2441,lying,Charlotte,small
1785663630.764849,3738766,0.1353,-0.0034,-0.9941,4.4556,1.0986,-0.2441,lying,Charlotte,small
1785663630.7648523,3738816,0.1406,-0.0005,-1.0015,4.5776,1.2207,-0.1831,lying,Charlotte,small
1785663630.7648556,3738866,0.1348,0.0059,-0.998,4.2725,0.9766,-0.3662,lying,Charlotte,small
1785663630.764873,3738916,0.1396,0.002,-0.998,4.5776,1.1597,0.0,lying,Charlotte,small
1785663630.7648787,3738966,0.1445,-0.0044,-0.9961,4.3335,1.0986,-0.1831,lying,Charlotte,small
1785663631.5673392,3739028,0.1436,-0.0142,-1.0059,4.3335,1.4648,-0.061,lying,Charlotte,small
1785663631.5673544,3739078,0.1353,0.0,-0.9858,4.2114,1.1597,-0.1221,lying,Charlotte,small
1785663631.5673587,3739128,0.1445,-0.0083,-0.9995,4.3945,1.3428,-0.1831,lying,Charlotte,small
1785663631.5673623,3739178,0.1416,-0.0063,-1.0005,4.3945,1.2817,-0.2441,lying,Charlotte,small
1785663631.5673654,3739228,0.1392,-0.0068,-1.0044,4.3945,1.2207,0.0,lying,Charlotte,small
1785663631.5673685,3739278,0.1357,0.0,-1.0054,4.5776,1.1597,0.0,lying,Charlotte,small
1785663631.567371,3739328,0.1396,-0.0054,-1.001,4.5776,1.3428,0.2441,lying,Charlotte,small
1785663631.567374,3739378,0.1411,-0.0063,-1.0,4.5776,1.2817,-0.1831,lying,Charlotte,small
1785663631.567377,3739428,0.1421,-0.0044,-1.002,4.2725,1.2817,0.2441,lying,Charlotte,small
1785663631.5673802,3739478,0.1436,-0.001,-0.9995,4.5166,0.9766,-0.3052,lying,Charlotte,small
1785663632.092449,3739830,0.1367,0.0,-0.9956,4.5776,1.2207,0.0,lying,Charlotte,small
1785663632.092461,3739880,0.1416,-0.0034,-1.002,4.2114,1.0376,-0.2441,lying,Charlotte,small
1785663632.0924675,3739930,0.1411,-0.0029,-0.999,4.5166,1.1597,0.061,lying,Charlotte,small
1785663632.0924733,3739980,0.1436,0.002,-1.001,4.3335,1.1597,-0.3052,lying,Charlotte,small
1785663632.0924788,3740030,0.1333,0.0015,-0.9907,4.3945,1.2207,-0.2441,lying,Charlotte,small
1785663632.092484,3740080,0.1377,0.0024,-0.9917,4.3335,1.1597,-0.061,lying,Charlotte,small
1785663632.0924895,3740130,0.1421,0.0049,-1.0029,4.4556,1.0986,-0.1221,lying,Charlotte,small
1785663632.0924954,3740180,0.1338,0.0093,-0.9912,4.1504,1.4648,0.1221,lying,Charlotte,small
1785663632.0925007,3740230,0.1367,0.001,-0.9897,4.4556,1.2817,-0.2441,lying,Charlotte,small
1785663632.0925064,3740280,0.1382,-0.0054,-0.9932,4.5166,1.1597,0.0,lying,Charlotte,small
1785663632.6177733,3740367,0.1382,-0.0059,-1.0059,4.2114,1.1597,0.3052,lying,Charlotte,small
1785663632.617782,3740417,0.1353,0.0103,-0.9941,4.3945,1.0986,-0.061,lying,Charlotte,small
1785663632.617802,3740467,0.144,-0.0093,-1.0063,4.3945,1.4038,-0.1221,lying,Charlotte,small
1785663632.6178083,3740517,0.1367,0.0034,-0.9976,4.3335,1.2207,0.1221,lying,Charlotte,small
1785663632.6178138,3740567,0.1431,-0.001,-1.0034,4.2725,1.3428,-0.2441,lying,Charlotte,small
1785663632.6178193,3740617,0.1333,0.0073,-1.001,4.5166,1.2207,-0.061,lying,Charlotte,small
1785663632.617825,3740667,0.1406,-0.0117,-1.0078,4.3945,1.2817,-0.2441,lying,Charlotte,small
1785663632.6178305,3740717,0.1367,0.0083,-0.9966,4.6997,1.0986,0.0,lying,Charlotte,small
1785663632.6178334,3740767,0.1318,0.0142,-0.9883,4.3945,1.1597,0.0,lying,Charlotte,small
1785663632.6178367,3740817,0.1372,0.001,-0.9966,4.2725,1.2207,0.0,lying,Charlotte,small
1785663633.3920162,3740879,0.147,-0.0039,-1.0015,4.7607,1.0986,0.061,lying,Charlotte,small
1785663633.3920262,3740929,0.1299,0.0132,-0.999,4.2114,1.2817,-0.061,lying,Charlotte,small
1785663633.3920321,3740979,0.1533,-0.0151,-1.0059,4.6997,1.2817,-0.1221,lying,Charlotte,small
1785663633.3920386,3741029,0.1489,-0.0137,-1.0103,4.5776,1.3428,0.2441,lying,Charlotte,small
1785663633.3920436,3741079,0.1421,0.0005,-1.0,4.5166,1.4038,-0.1831,lying,Charlotte,small
1785663633.392047,3741129,0.1294,0.0103,-0.998,4.2114,1.0376,0.061,lying,Charlotte,small
1785663633.39205,3741179,0.1479,-0.0146,-1.0063,4.6997,1.5259,-0.3052,lying,Charlotte,small
1785663633.392053,3741229,0.1343,0.0054,-1.0049,4.5776,1.5259,-0.1831,lying,Charlotte,small
1785663633.392056,3741279,0.1367,0.0122,-0.998,4.5776,1.3428,0.0,lying,Charlotte,small
1785663633.3920593,3741329,0.1362,0.0083,-0.9927,4.3945,1.0986,-0.2441,lying,Charlotte,small
1785663634.4435117,3742189,0.1372,-0.0015,-1.0,4.5166,1.2817,-0.061,lying,Charlotte,small
1785663634.4435205,3742239,0.1401,0.001,-1.0029,4.4556,1.2207,0.0,lying,Charlotte,small
1785663634.4435246,3742289,0.1445,0.0015,-1.0,4.5776,1.1597,-0.061,lying,Charlotte,small
1785663634.4435282,3742339,0.1426,-0.0034,-1.0,4.5776,1.0376,-0.3052,lying,Charlotte,small
1785663634.4435313,3742389,0.1362,-0.0044,-0.9966,4.6387,1.2207,0.061,lying,Charlotte,small
1785663634.4435344,3742439,0.1401,0.0015,-1.001,4.3945,1.2207,-0.3052,lying,Charlotte,small
1785663634.4435594,3742489,0.1416,-0.0029,-1.0,4.3335,1.3428,-0.1221,lying,Charlotte,small
1785663634.4435647,3742539,0.1401,-0.002,-0.998,4.3335,1.1597,0.061,lying,Charlotte,small
1785663634.44357,3742589,0.145,0.0,-0.9985,4.4556,1.2207,-0.061,lying,Charlotte,small
1785663634.4435754,3742639,0.1401,-0.001,-1.001,4.3335,1.2817,-0.2441,lying,Charlotte,small
1785663636.394777,3742711,0.1367,0.0005,-1.0034,4.3335,1.0376,-0.061,lying,Charlotte,small
1785663636.3947883,3742761,0.1396,0.0005,-1.0044,4.4556,1.3428,-0.1221,lying,Charlotte,small
1785663636.394793,3742811,0.1406,-0.0024,-1.0049,4.3945,1.2207,-0.061,lying,Charlotte,small
1785663636.394798,3742861,0.1421,-0.0029,-0.9995,4.5166,1.1597,-0.1831,lying,Charlotte,small
1785663636.3948038,3742911,0.1406,0.001,-0.9976,4.1504,1.2817,0.0,lying,Charlotte,small
1785663636.394809,3742961,0.1426,-0.002,-1.0054,4.3945,1.0376,0.1221,lying,Charlotte,small
1785663636.394815,3743011,0.1406,-0.001,-1.0044,4.3335,1.2207,0.3052,lying,Charlotte,small
1785663636.3948205,3743061,0.1392,-0.002,-0.999,4.4556,1.2817,-0.061,lying,Charlotte,small
1785663636.394826,3743111,0.1382,0.001,-1.0034,4.2725,1.0986,-0.1221,lying,Charlotte,small
1785663636.3948293,3743161,0.1416,-0.0029,-1.0,4.4556,1.2817,0.1221,lying,Charlotte,small
1785663637.934499,3744663,0.1392,-0.0024,-1.0034,4.5166,1.1597,0.1221,lying,Charlotte,small
1785663637.9345098,3744713,0.1436,-0.0005,-1.0,4.4556,1.1597,0.061,lying,Charlotte,small
1785663637.9345138,3744763,0.1372,-0.0034,-1.0083,4.4556,1.1597,-0.3052,lying,Charlotte,small
1785663637.934518,3744813,0.1382,0.0005,-0.9971,4.4556,1.1597,-0.1831,lying,Charlotte,small
1785663637.9345212,3744863,0.1392,-0.0063,-1.0015,4.3945,1.0376,-0.2441,lying,Charlotte,small
1785663637.9345388,3744913,0.144,-0.0059,-0.9961,4.5776,1.4038,-0.061,lying,Charlotte,small
1785663637.9345448,3744963,0.145,-0.002,-1.0088,4.3335,1.0376,-0.3052,lying,Charlotte,small
1785663637.93455,3745013,0.1382,-0.0015,-1.0,4.2725,1.5869,-0.1221,lying,Charlotte,small
1785663637.9345555,3745063,0.1372,-0.0015,-0.9907,4.3335,1.1597,0.061,lying,Charlotte,small
1785663637.9345613,3745113,0.1387,-0.0044,-1.0044,4.5166,1.0986,-0.1831,lying,Charlotte,small
1785663638.5075388,3746252,0.1426,-0.0054,-0.9985,4.4556,1.0986,-0.1221,lying,Charlotte,small
1785663638.5075471,3746302,0.1396,-0.0024,-0.998,4.4556,1.0376,-0.061,lying,Charlotte,small
1785663638.5075512,3746352,0.1387,-0.002,-1.0024,4.5776,1.3428,0.1221,lying,Charlotte,small
1785663638.507555,3746402,0.1421,-0.0044,-0.998,4.4556,1.4038,0.0,lying,Charlotte,small
1785663638.507558,3746452,0.1387,-0.0024,-1.0034,4.5776,1.0986,-0.1831,lying,Charlotte,small
1785663638.5075612,3746502,0.1362,-0.0015,-0.999,4.3945,1.0986,-0.1831,lying,Charlotte,small
1785663638.5075648,3746552,0.1387,-0.002,-0.9932,4.0894,0.9766,0.061,lying,Charlotte,small
1785663638.5075681,3746602,0.1411,-0.0044,-1.0029,4.1504,1.1597,-0.061,lying,Charlotte,small
1785663638.5075712,3746652,0.1392,-0.001,-1.0039,4.5166,1.0986,0.0,lying,Charlotte,small
1785663638.507574,3746702,0.1367,-0.0029,-0.9985,4.3945,1.0986,0.0,lying,Charlotte,small
1785663639.3899143,3746774,0.1401,-0.0039,-0.9805,4.5776,1.0986,-0.3052,lying,Charlotte,small
1785663639.389924,3746824,0.1396,0.0,-0.9951,4.3335,1.3428,-0.1221,lying,Charlotte,small
1785663639.3899305,3746874,0.1411,-0.0015,-1.0039,4.5166,1.0986,0.1831,lying,Charlotte,small
1785663639.3899364,3746924,0.1382,-0.0015,-1.0005,4.2725,1.2207,-0.3052,lying,Charlotte,small
1785663639.389942,3746974,0.1392,-0.0049,-1.0024,4.4556,1.0376,0.0,lying,Charlotte,small
1785663639.3899477,3747024,0.1421,0.002,-1.0044,4.2725,0.9155,-0.1221,lying,Charlotte,small
1785663639.3899536,3747074,0.1382,-0.0044,-0.999,4.3945,1.1597,-0.1221,lying,Charlotte,small
1785663639.389957,3747124,0.1406,-0.001,-1.0024,4.2114,1.0376,-0.3662,lying,Charlotte,small
1785663639.38996,3747174,0.1372,-0.0044,-0.998,4.4556,1.3428,0.0,lying,Charlotte,small
1785663639.389963,3747224,0.1387,-0.001,-0.9995,4.4556,0.9766,0.1221,lying,Charlotte,small
1785663639.968134,3747709,0.1387,0.0015,-0.9966,4.3945,1.1597,-0.3052,lying,Charlotte,small
1785663639.968158,3747759,0.1411,-0.0039,-1.0078,4.2114,1.2817,-0.2441,lying,Charlotte,small
1785663639.968165,3747809,0.1416,-0.0063,-0.9971,4.4556,1.1597,-0.3662,lying,Charlotte,small
1785663639.9681706,3747859,0.1436,-0.0063,-1.0044,4.6387,1.0986,-0.1221,lying,Charlotte,small
1785663639.9681766,3747909,0.1396,0.002,-1.0029,4.5776,0.9766,0.0,lying,Charlotte,small
1785663639.968182,3747959,0.1455,-0.0024,-1.0063,4.5166,1.0986,0.061,lying,Charlotte,small
1785663639.968187,3748009,0.1377,-0.0068,-1.0034,4.6387,1.1597,-0.2441,lying,Charlotte,small
1785663639.9681904,3748059,0.1377,-0.0049,-0.9951,4.2725,1.0986,-0.2441,lying,Charlotte,small
1785663639.9681935,3748109,0.1411,-0.0024,-0.998,4.3945,1.2817,-0.061,lying,Charlotte,small
1785663639.9681966,3748159,0.1401,-0.0029,-0.9961,4.3335,1.2207,-0.1831,lying,Charlotte,small
1785663641.7070816,3748542,0.1426,-0.0073,-1.001,4.6387,1.4648,-0.2441,lying,Charlotte,small
1785663641.7070935,3748592,0.1392,-0.0024,-1.0,4.3945,1.1597,-0.1831,lying,Charlotte,small
1785663641.7071,3748642,0.1406,-0.0029,-0.9985,4.4556,1.1597,0.061,lying,Charlotte,small
1785663641.7071056,3748692,0.1421,-0.0039,-0.9961,4.6387,1.2207,-0.4272,lying,Charlotte,small
1785663641.7071111,3748742,0.1411,-0.0015,-0.9951,4.2725,1.4648,-0.1831,lying,Charlotte,small
1785663641.7071168,3748792,0.1426,-0.0029,-1.0024,4.5166,1.2207,-0.1831,lying,Charlotte,small
1785663641.7071228,3748842,0.1416,-0.0039,-0.9956,4.3335,1.0986,0.1831,lying,Charlotte,small
1785663641.707126,3748892,0.1416,-0.0005,-0.9927,4.6997,1.0986,0.0,lying,Charlotte,small
1785663641.707129,3748942,0.1382,-0.0015,-0.9976,4.6387,1.0376,-0.061,lying,Charlotte,small
1785663641.7071323,3748992,0.1465,-0.0103,-1.0044,4.4556,1.709,0.061,lying,Charlotte,small
1785663642.829922,3749974,0.1392,-0.0044,-0.9956,4.4556,0.9766,-0.061,lying,Charlotte,small
1785663642.8299553,3750024,0.1401,-0.0068,-0.9966,4.3945,1.0376,-0.1831,lying,Charlotte,small
1785663642.8299596,3750074,0.1401,-0.0044,-0.9985,4.3335,1.2207,0.2441,lying,Charlotte,small
1785663642.8299632,3750124,0.1377,0.0015,-0.9995,4.4556,1.2817,-0.3052,lying,Charlotte,small
1785663642.8299668,3750174,0.1382,-0.0015,-1.0063,4.6387,1.0986,0.0,lying,Charlotte,small
1785663642.8299701,3750224,0.1382,0.0015,-1.0015,4.3945,1.1597,-0.1221,lying,Charlotte,small
1785663642.829974,3750274,0.1357,0.0034,-1.0005,4.5166,0.9766,-0.2441,lying,Charlotte,small
1785663642.8299768,3750324,0.1396,0.0015,-0.999,4.3335,1.0376,-0.1221,lying,Charlotte,small
1785663642.82998,3750374,0.1401,-0.0029,-0.9995,4.5166,1.2817,-0.2441,lying,Charlotte,small
1785663642.829983,3750424,0.1367,-0.002,-0.9976,4.3945,1.1597,-0.3052,lying,Charlotte,small
1785663644.4721992,3751096,0.1416,-0.0015,-0.998,4.3335,1.0986,-0.1221,lying,Charlotte,small
1785663644.4722104,3751146,0.144,-0.0063,-0.9995,4.5166,1.2207,0.1221,lying,Charlotte,small
1785663644.4722145,3751196,0.1396,-0.0034,-0.9966,4.4556,1.0376,0.1221,lying,Charlotte,small
1785663644.472218,3751246,0.1401,-0.0034,-0.998,4.3945,1.0986,0.061,lying,Charlotte,small
1785663644.4722214,3751296,0.1401,-0.002,-0.9937,4.3945,0.9155,-0.1221,lying,Charlotte,small
1785663644.4722245,3751346,0.1406,-0.0059,-0.9961,4.2725,1.3428,-0.4272,lying,Charlotte,small
1785663644.4722278,3751396,0.1372,-0.001,-0.9995,4.3945,1.1597,-0.1221,lying,Charlotte,small
1785663644.472231,3751446,0.1411,-0.0005,-0.998,4.5776,1.2817,-0.1831,lying,Charlotte,small
1785663644.472234,3751496,0.1406,0.0039,-1.0049,4.3945,1.0376,-0.4272,lying,Charlotte,small
1785663644.4722369,3751546,0.1406,-0.001,-1.002,4.5776,1.4038,-0.1221,lying,Charlotte,small
1785663646.4178076,3752738,0.1421,-0.0005,-0.9995,4.3945,1.2817,0.1221,lying,Charlotte,small
1785663646.4178205,3752788,0.1396,0.0049,-0.998,4.5776,1.0986,-0.1831,lying,Charlotte,small
1785663646.417825,3752838,0.1445,-0.0034,-1.0054,4.5776,1.0376,0.0,lying,Charlotte,small
1785663646.417829,3752888,0.1367,0.0049,-1.0029,4.5166,1.0986,0.0,lying,Charlotte,small
1785663646.4178321,3752938,0.1406,0.0,-0.9985,4.3335,1.2207,-0.1831,lying,Charlotte,small
1785663646.4178357,3752988,0.1392,-0.0034,-0.9941,4.6387,1.4038,-0.061,lying,Charlotte,small
1785663646.4178414,3753038,0.1387,0.0034,-1.0005,4.3945,1.2817,-0.061,lying,Charlotte,small
1785663646.4178464,3753088,0.1406,0.0005,-0.9961,4.3335,1.2817,-0.4272,lying,Charlotte,small
1785663646.4178514,3753138,0.1392,-0.0083,-1.0098,4.3945,1.3428,-0.1221,lying,Charlotte,small
1785663646.4178572,3753188,0.1421,-0.002,-1.0063,4.3335,1.2207,-0.3052,lying,Charlotte,small
1785663646.9283776,3754676,0.1431,-0.0029,-0.9976,4.6387,1.2817,-0.061,lying,Charlotte,small
1785663646.9283879,3754726,0.1392,0.0005,-0.9927,4.3335,1.1597,-0.061,lying,Charlotte,small
1785663646.9283946,3754776,0.1396,-0.0044,-0.998,4.6997,1.3428,-0.2441,lying,Charlotte,small
1785663646.9284,3754826,0.1396,0.0,-0.9912,4.3945,1.4038,0.061,lying,Charlotte,small
1785663646.9284058,3754876,0.1406,-0.0015,-1.0005,4.2725,0.9766,0.0,lying,Charlotte,small
1785663646.9284117,3754926,0.1426,-0.0005,-1.002,4.5776,1.0376,-0.1831,lying,Charlotte,small
1785663646.928417,3754976,0.1382,0.001,-0.9966,4.3945,1.2817,-0.061,lying,Charlotte,small
1785663646.9284205,3755026,0.1406,-0.0034,-1.0044,4.5166,1.5259,-0.1831,lying,Charlotte,small
1785663646.9284236,3755076,0.1416,0.0,-1.0044,4.5166,1.3428,0.0,lying,Charlotte,small
1785663646.9284265,3755126,0.1382,-0.002,-1.0059,4.3335,1.4648,-0.3052,lying,Charlotte,small
1785663653.1265883,3755197,0.1406,0.002,-1.001,4.6387,1.3428,-0.2441,lying,Charlotte,small
1785663653.126599,3755247,0.1416,-0.0039,-1.0059,4.5166,1.3428,-0.1221,lying,Charlotte,small
1785663653.1266036,3755297,0.1406,-0.0039,-0.999,4.4556,1.3428,-0.1221,lying,Charlotte,small
1785663653.126607,3755347,0.1387,-0.0083,-1.0,4.5776,0.9155,-0.1221,lying,Charlotte,small
1785663653.1266098,3755397,0.1392,0.001,-0.9995,4.3335,1.1597,-0.1831,lying,Charlotte,small
1785663653.1266131,3755447,0.1372,-0.0054,-1.0029,4.1504,1.0986,0.1221,lying,Charlotte,small
1785663653.1266167,3755497,0.1392,-0.0039,-0.998,4.3945,1.4038,0.061,lying,Charlotte,small
1785663653.1266198,3755547,0.1406,0.0,-0.9976,4.2725,1.0986,-0.3662,lying,Charlotte,small
1785663653.126623,3755597,0.1426,-0.0059,-1.0107,4.5776,1.2207,0.1831,lying,Charlotte,small
1785663653.126626,3755647,0.1401,0.001,-1.0029,4.2725,1.2207,-0.2441,lying,Charlotte,small
1785663654.0979283,3761392,0.1406,0.0029,-0.9995,4.6997,1.1597,-0.2441,lying,Charlotte,small
1785663654.0979397,3761442,0.1416,-0.0029,-0.999,4.6387,1.0986,-0.1221,lying,Charlotte,small
1785663654.0979438,3761492,0.1372,0.0005,-1.0049,4.3945,1.0376,-0.2441,lying,Charlotte,small
1785663654.0979478,3761542,0.1396,-0.0049,-1.0059,4.5776,1.1597,0.1831,lying,Charlotte,small
1785663654.097951,3761592,0.1392,-0.0044,-0.9971,4.5776,1.1597,0.061,lying,Charlotte,small
1785663654.0979543,3761642,0.1411,-0.0122,-0.998,4.5776,1.6479,-0.061,lying,Charlotte,small
1785663654.0979576,3761692,0.1382,0.0005,-0.9937,4.6387,1.4038,0.061,lying,Charlotte,small
1785663654.097961,3761742,0.1392,-0.0078,-1.0015,4.3945,1.1597,0.0,lying,Charlotte,small
1785663654.0979638,3761792,0.1416,-0.0039,-0.9971,4.5776,1.0986,0.061,lying,Charlotte,small
1785663654.0979671,3761842,0.1421,0.002,-0.9971,4.6387,1.0986,-0.2441,lying,Charlotte,small
1785663654.6164188,3762363,0.145,-0.0024,-1.0044,4.2725,1.2817,0.0,lying,Charlotte,small
1785663654.616427,3762413,0.1396,-0.0024,-1.0005,4.4556,1.4038,-0.061,lying,Charlotte,small
1785663654.6164331,3762463,0.1411,0.0,-1.0044,4.5776,1.0376,-0.1221,lying,Charlotte,small
1785663654.616439,3762513,0.1377,-0.0039,-0.9976,4.3335,1.2207,-0.1831,lying,Charlotte,small
1785663654.6164443,3762563,0.1382,0.0,-1.0005,4.5776,1.0986,-0.1831,lying,Charlotte,small
1785663654.6164496,3762613,0.1426,-0.0059,-1.0039,4.4556,0.9155,-0.1831,lying,Charlotte,small
1785663654.6164558,3762663,0.1387,-0.0034,-0.9995,4.5166,1.0986,-0.2441,lying,Charlotte,small
1785663654.616461,3762713,0.1387,0.0005,-0.9995,4.3945,1.2207,-0.1221,lying,Charlotte,small
1785663654.6164658,3762763,0.1372,-0.0039,-0.9946,4.3335,1.1597,-0.1221,lying,Charlotte,small
1785663654.616469,3762813,0.1392,-0.0034,-0.9976,4.4556,1.0376,-0.1221,lying,Charlotte,small
1785663655.43351,3762874,0.1382,-0.0015,-1.001,4.3335,1.4038,-0.1221,lying,Charlotte,small
1785663655.433523,3762924,0.1406,-0.0034,-0.999,4.3335,1.0986,-0.1831,lying,Charlotte,small
1785663655.4335291,3762974,0.1387,0.0005,-0.9961,4.3945,1.2817,-0.1221,lying,Charlotte,small
1785663655.4335349,3763024,0.1421,-0.0068,-0.9971,4.3335,1.1597,-0.1221,lying,Charlotte,small
1785663655.4335403,3763074,0.1401,0.0,-1.0029,4.3335,1.3428,-0.1831,lying,Charlotte,small
1785663655.433546,3763124,0.1377,0.0005,-1.0015,4.4556,1.1597,-0.061,lying,Charlotte,small
1785663655.43355,3763174,0.1411,-0.0073,-1.0034,4.5776,1.2817,0.1221,lying,Charlotte,small
1785663655.433553,3763224,0.1382,-0.0039,-0.9946,4.6997,1.3428,-0.2441,lying,Charlotte,small
1785663655.433556,3763274,0.1406,-0.001,-0.9995,4.4556,1.0376,-0.1221,lying,Charlotte,small
1785663655.433559,3763324,0.1392,-0.0024,-1.0,4.3945,1.2817,0.1221,lying,Charlotte,small
1785663655.9568384,3763701,0.1411,-0.0015,-1.0024,4.3945,1.0986,0.0,lying,Charlotte,small
1785663655.956847,3763751,0.1387,-0.001,-1.0005,4.3335,1.2817,0.061,lying,Charlotte,small
1785663655.9568512,3763801,0.1392,-0.0039,-1.0034,4.2725,1.0986,-0.1831,lying,Charlotte,small
1785663655.9568555,3763851,0.144,0.0,-1.0049,4.6387,1.2207,-0.1831,lying,Charlotte,small
1785663655.9568589,3763901,0.1416,0.0,-0.998,4.5776,1.2817,-0.1221,lying,Charlotte,small
1785663655.9568617,3763951,0.1421,-0.002,-1.0015,4.1504,0.9766,-0.3662,lying,Charlotte,small
1785663655.9568648,3764001,0.1392,-0.0044,-0.9976,4.5166,1.3428,0.1221,lying,Charlotte,small
1785663655.956868,3764051,0.1392,-0.0024,-1.0049,4.5776,1.2207,-0.1831,lying,Charlotte,small
1785663655.9568706,3764101,0.1377,-0.0039,-0.9966,4.5776,1.2207,-0.1221,lying,Charlotte,small
1785663655.9568734,3764151,0.1382,0.0015,-0.9946,4.4556,0.7935,-0.2441,lying,Charlotte,small
1785663656.469008,3764217,0.1406,-0.0029,-0.999,4.4556,1.0986,0.0,lying,Charlotte,small
1785663656.469017,3764267,0.1367,0.001,-1.0005,4.2114,1.2817,-0.1831,lying,Charlotte,small
1785663656.469021,3764317,0.1411,-0.0005,-1.0,4.3945,1.4038,-0.1831,lying,Charlotte,small
1785663656.4690247,3764367,0.1421,-0.0024,-1.0024,4.5166,0.9766,-0.2441,lying,Charlotte,small
1785663656.469028,3764417,0.1396,-0.0049,-1.0,4.4556,1.1597,-0.1831,lying,Charlotte,small
1785663656.4690309,3764467,0.1416,-0.0049,-0.9985,4.3945,1.0986,-0.1221,lying,Charlotte,small
1785663656.469034,3764517,0.1406,-0.0024,-1.0044,4.5776,1.0986,-0.4272,lying,Charlotte,small
1785663656.4690373,3764567,0.144,0.001,-0.9971,4.4556,1.2817,-0.1221,lying,Charlotte,small
1785663656.4690404,3764617,0.1406,-0.002,-1.0015,4.5166,1.3428,-0.3662,lying,Charlotte,small
1785663656.4690433,3764667,0.1431,0.0,-1.0015,4.4556,1.4648,0.0,lying,Charlotte,small
1785663685.8351693,3764729,0.1387,-0.002,-1.001,4.4556,1.3428,-0.061,lying,Charlotte,small
1785663685.8351808,3764779,0.1406,-0.0005,-0.9985,4.5166,1.4648,-0.2441,lying,Charlotte,small
1785663685.8351865,3764829,0.1426,0.0,-0.9961,4.5776,0.9766,0.061,lying,Charlotte,small
1785663685.835191,3764879,0.1401,0.002,-0.9966,4.3335,1.0376,-0.2441,lying,Charlotte,small
1785663685.835195,3764929,0.1416,-0.0005,-1.0,4.5166,1.0986,-0.3662,lying,Charlotte,small
1785663685.8351989,3764979,0.1401,-0.0039,-0.9946,4.3335,1.0986,-0.1831,lying,Charlotte,small
1785663685.8352032,3765029,0.1401,-0.0039,-1.0024,4.4556,1.0376,-0.1221,lying,Charlotte,small
1785663685.835207,3765079,0.1411,0.0044,-0.9985,4.5776,1.3428,-0.1831,lying,Charlotte,small
1785663685.8352108,3765129,0.1392,-0.0034,-1.0005,4.2725,1.3428,-0.1221,lying,Charlotte,small
1785663685.8352144,3765179,0.1377,-0.0029,-0.9985,4.3335,1.4038,-0.1221,lying,Charlotte,small
1785663719.559697,3824801,0.1396,-0.0024,-0.9966,4.3335,1.2207,-0.1831,lying,Charlotte,small
1785663719.559714,3824851,0.1401,-0.001,-1.001,4.3335,1.0986,-0.1831,lying,Charlotte,small
1785663719.5597193,3824901,0.1431,-0.001,-1.0034,4.5776,1.2207,-0.1221,lying,Charlotte,small
1785663719.5597239,3824951,0.1401,0.0034,-0.9941,4.6387,1.1597,-0.4272,lying,Charlotte,small
1785663719.559728,3825001,0.1382,0.0015,-0.9956,4.5776,1.1597,0.061,lying,Charlotte,small
1785663719.559732,3825051,0.1318,-0.0039,-0.9951,4.3945,1.2207,-0.2441,lying,Charlotte,small
1785663719.5597363,3825101,0.1406,-0.0005,-0.998,4.4556,1.1597,0.0,lying,Charlotte,small
1785663719.55974,3825151,0.1406,0.0,-1.0029,4.3335,1.0986,0.0,lying,Charlotte,small
1785663719.5597436,3825201,0.1416,0.0049,-0.999,4.5776,0.9766,0.1221,lying,Charlotte,small
1785663719.5597477,3825251,0.1421,-0.0059,-1.0083,4.2725,1.2817,-0.1221,lying,Charlotte,small
1785663721.0656404,3827816,0.1372,-0.0005,-0.998,4.3335,1.4648,-0.2441,lying,Charlotte,small
1785663721.0656557,3827866,0.1392,0.001,-0.999,4.5166,1.0986,0.2441,lying,Charlotte,small
1785663721.0656617,3827916,0.1421,-0.001,-1.0049,4.3335,1.2207,-0.3052,lying,Charlotte,small
1785663721.0656672,3827966,0.1396,0.0015,-1.0024,4.3945,1.0376,-0.1221,lying,Charlotte,small
1785663721.065672,3828016,0.1411,-0.0034,-0.9995,4.6997,1.2207,-0.1221,lying,Charlotte,small
1785663721.0656772,3828066,0.1372,0.0024,-0.999,4.4556,1.0376,-0.1831,lying,Charlotte,small
1785663721.0656822,3828116,0.1357,0.0054,-0.999,4.5776,1.0376,-0.3052,lying,Charlotte,small
1785663721.0656872,3828166,0.1377,0.002,-0.9995,4.3945,1.2207,-0.2441,lying,Charlotte,small
1785663721.0656922,3828216,0.1396,-0.0029,-0.998,4.2114,1.1597,0.1221,lying,Charlotte,small
1785663721.065697,3828266,0.1387,-0.002,-0.9941,4.3945,1.0376,-0.1221,lying,Charlotte,small
1785663724.6319563,3829329,0.1362,-0.0005,-0.999,4.2725,1.1597,-0.3662,lying,Charlotte,small
1785663724.6319697,3829379,0.1426,-0.0054,-1.0034,4.5776,1.1597,-0.061,lying,Charlotte,small
1785663724.6319754,3829429,0.1421,-0.0039,-1.0063,4.6387,1.2207,-0.3662,lying,Charlotte,small
1785663724.6319818,3829479,0.1421,-0.001,-1.0005,4.4556,1.2207,-0.2441,lying,Charlotte,small
1785663724.631987,3829529,0.1392,-0.0034,-1.001,4.2114,1.0986,-0.2441,lying,Charlotte,small
1785663724.6319923,3829579,0.1416,0.001,-1.0044,4.2114,1.2817,-0.1831,lying,Charlotte,small
1785663724.6319976,3829629,0.1387,0.0015,-1.0093,4.2725,1.3428,-0.1221,lying,Charlotte,small
1785663724.6320026,3829679,0.1406,0.0005,-1.0054,4.7607,1.1597,0.1221,lying,Charlotte,small
1785663724.6320074,3829729,0.1426,-0.0015,-1.0044,4.5166,1.1597,0.061,lying,Charlotte,small
1785663724.6320126,3829779,0.1401,-0.0039,-0.9995,4.4556,1.2207,-0.1831,lying,Charlotte,small
1785663730.4965658,3832891,0.1392,0.002,-0.9985,4.4556,1.0376,-0.3662,lying,Charlotte,small
1785663730.4965801,3832941,0.1401,-0.0005,-1.0039,4.5166,0.9766,-0.1221,lying,Charlotte,small
1785663730.4965868,3832991,0.1401,-0.0054,-0.9985,4.3945,1.1597,-0.3662,lying,Charlotte,small
1785663730.496593,3833041,0.1392,-0.0024,-0.9985,4.3945,1.2207,-0.3052,lying,Charlotte,small
1785663730.496598,3833091,0.1426,-0.0015,-0.999,4.2725,1.2817,-0.1221,lying,Charlotte,small
1785663730.4966035,3833141,0.1416,-0.0005,-0.9995,4.3945,1.2817,-0.2441,lying,Charlotte,small
1785663730.4966092,3833191,0.1406,-0.0054,-0.9971,4.5166,1.2817,-0.3662,lying,Charlotte,small
1785663730.4966147,3833241,0.1396,-0.0068,-1.0078,4.6387,1.0986,0.0,lying,Charlotte,small
1785663730.4966197,3833291,0.1396,-0.0063,-1.0044,4.6387,1.2817,-0.1221,lying,Charlotte,small
1785663730.4966252,3833341,0.1387,-0.0039,-1.0039,4.3945,1.3428,-0.2441,lying,Charlotte,small
1785663734.7922428,3838756,0.1372,-0.0029,-0.9995,4.3945,1.3428,0.061,lying,Charlotte,small
1785663734.792259,3838806,0.1387,0.0,-1.0,4.4556,1.2207,-0.3662,lying,Charlotte,small
1785663734.7922642,3838856,0.1372,-0.0005,-0.999,4.5166,1.0376,0.1221,lying,Charlotte,small
1785663734.7922688,3838906,0.1396,-0.0005,-0.9946,4.4556,1.0376,0.3052,lying,Charlotte,small
1785663734.792273,3838956,0.1387,-0.0024,-1.0029,4.2725,1.5869,-0.1221,lying,Charlotte,small
1785663734.792277,3839006,0.1411,-0.0039,-0.9995,4.5776,1.3428,-0.061,lying,Charlotte,small
1785663734.7922807,3839056,0.1396,-0.001,-0.9995,4.3945,1.4038,-0.061,lying,Charlotte,small
1785663734.7922845,3839106,0.1372,0.0,-1.0034,4.5776,1.2817,-0.1831,lying,Charlotte,small
1785663734.792288,3839156,0.1396,-0.0015,-1.0044,4.3945,1.2817,-0.1831,lying,Charlotte,small
1785663734.7922919,3839206,0.1382,-0.0039,-1.0029,4.3945,1.1597,0.3662,lying,Charlotte,small
1785663735.3861213,3843052,0.1382,-0.0034,-0.9995,4.5776,1.0986,0.1831,lying,Charlotte,small
1785663735.3861284,3843102,0.1416,-0.001,-1.0,4.4556,1.1597,0.0,lying,Charlotte,small
1785663735.3861322,3843152,0.144,-0.0078,-1.0068,4.2725,1.1597,-0.2441,lying,Charlotte,small
1785663735.3861358,3843202,0.1416,-0.0059,-1.0083,4.6997,1.0986,-0.061,lying,Charlotte,small
1785663735.386139,3843252,0.1436,-0.0044,-1.0068,4.3945,1.4038,-0.061,lying,Charlotte,small
1785663735.386142,3843302,0.1396,-0.0044,-0.998,4.5776,1.4648,0.0,lying,Charlotte,small
1785663735.386145,3843352,0.1396,-0.0015,-1.0005,4.3335,1.2207,-0.3052,lying,Charlotte,small
1785663735.3861482,3843402,0.1396,-0.0034,-1.0054,4.4556,1.1597,-0.061,lying,Charlotte,small
1785663735.386151,3843452,0.1406,0.001,-1.0068,4.4556,1.2207,0.0,lying,Charlotte,small
1785663735.386154,3843502,0.1396,-0.0098,-1.0024,4.5166,1.0986,-0.2441,lying,Charlotte,small
1785663739.8235562,3844064,0.1392,0.002,-0.9956,4.5166,1.2207,0.3052,lying,Charlotte,small
1785663739.8235688,3844114,0.1431,-0.0049,-1.0,4.5166,1.1597,-0.1831,lying,Charlotte,small
1785663739.8235743,3844164,0.1392,-0.0029,-0.9971,4.6387,1.1597,-0.1221,lying,Charlotte,small
1785663739.8235788,3844214,0.1416,0.001,-0.9951,4.5776,1.1597,0.061,lying,Charlotte,small
1785663739.823583,3844264,0.1436,-0.001,-0.9897,4.5166,1.2207,-0.2441,lying,Charlotte,small
1785663739.8235872,3844314,0.1382,0.0005,-1.0015,4.4556,1.1597,-0.2441,lying,Charlotte,small
1785663739.8235915,3844364,0.1396,-0.0015,-0.9995,4.4556,1.3428,-0.1831,lying,Charlotte,small
1785663739.8235955,3844414,0.1406,-0.0073,-1.0034,4.4556,1.3428,0.061,lying,Charlotte,small
1785663739.8235993,3844464,0.1411,-0.0039,-1.0015,4.5166,1.2817,-0.1221,lying,Charlotte,small
1785663739.8236032,3844514,0.1411,-0.0063,-0.999,4.5166,1.2207,0.0,lying,Charlotte,small
1785663743.3895009,3848092,0.145,-0.0044,-0.999,4.3945,1.1597,-0.1221,lying,Charlotte,small
1785663743.3895087,3848142,0.1401,-0.0044,-1.0068,4.4556,1.3428,-0.3662,lying,Charlotte,small
1785663743.3895128,3848192,0.1416,0.0015,-0.9985,4.3335,1.1597,-0.3052,lying,Charlotte,small
1785663743.3895164,3848242,0.1421,-0.002,-1.0034,4.5166,1.2817,0.061,lying,Charlotte,small
1785663743.3895197,3848292,0.1465,0.0,-1.0024,4.5776,1.0376,-0.061,lying,Charlotte,small
1785663743.3895228,3848342,0.1406,-0.002,-0.998,4.5166,1.2207,0.061,lying,Charlotte,small
1785663743.3895261,3848392,0.1401,-0.0005,-1.0039,4.3945,1.0986,0.0,lying,Charlotte,small
1785663743.389529,3848442,0.1411,0.0024,-0.999,4.5776,1.2817,-0.061,lying,Charlotte,small
1785663743.3895319,3848492,0.1465,-0.0068,-1.001,4.3335,0.9766,-0.061,lying,Charlotte,small
1785663743.389535,3848542,0.1396,-0.0054,-1.0034,4.2114,1.0376,-0.3052,lying,Charlotte,small
1785663747.4954565,3854108,0.1367,0.001,-0.981,4.5166,1.4038,-0.2441,lying,Charlotte,small
1785663747.495467,3854158,0.1387,0.0015,-1.0029,4.4556,0.9766,-0.1221,lying,Charlotte,small
1785663747.4954715,3854208,0.1406,0.0029,-0.998,4.5776,1.0986,0.0,lying,Charlotte,small
1785663747.4954762,3854258,0.146,-0.0049,-1.0049,4.3945,1.0376,-0.2441,lying,Charlotte,small
1785663747.4954793,3854308,0.1387,-0.0112,-0.9951,4.3945,1.3428,0.1831,lying,Charlotte,small
1785663747.4954824,3854358,0.1401,-0.0039,-0.999,4.5166,1.0986,-0.3052,lying,Charlotte,small
1785663747.4954855,3854408,0.1421,-0.0054,-0.9995,4.4556,1.1597,0.0,lying,Charlotte,small
1785663747.495488,3854458,0.1396,0.0029,-1.0034,4.3335,1.2207,-0.2441,lying,Charlotte,small
1785663747.495491,3854508,0.1406,-0.0039,-0.9956,4.3945,1.1597,-0.1831,lying,Charlotte,small
1785663747.495494,3854558,0.1338,0.0044,-0.9961,4.4556,1.2207,-0.1221,lying,Charlotte,small
1785663748.2653284,3855755,0.1406,-0.0024,-0.998,4.3945,1.2817,-0.2441,lying,Charlotte,small
1785663748.2653387,3855805,0.1406,-0.0005,-0.9995,4.2725,1.2817,-0.061,lying,Charlotte,small
1785663748.2653446,3855855,0.1401,-0.0005,-0.9961,4.3335,0.9766,-0.4272,lying,Charlotte,small
1785663748.2653494,3855905,0.146,-0.0083,-1.0059,4.5166,1.2817,-0.061,lying,Charlotte,small
1785663748.2653537,3855955,0.1377,-0.0039,-0.9888,4.4556,1.0986,0.0,lying,Charlotte,small
1785663748.2653575,3856005,0.1401,-0.001,-1.0059,4.4556,1.2207,0.061,lying,Charlotte,small
1785663748.265362,3856055,0.1372,0.0039,-0.9995,4.4556,1.2207,-0.1831,lying,Charlotte,small
1785663748.2653658,3856105,0.1265,0.0181,-1.0015,4.4556,0.9155,-0.061,lying,Charlotte,small
1785663748.2653697,3856155,0.1431,-0.0142,-1.0,4.6387,1.4038,-0.1221,lying,Charlotte,small
1785663748.2653735,3856205,0.1431,-0.001,-1.0117,4.8218,1.5259,-0.2441,lying,Charlotte,small
1785663749.0504692,3856525,0.1392,-0.0024,-0.9971,4.3335,0.9766,-0.1221,lying,Charlotte,small
1785663749.0504858,3856575,0.1426,-0.0054,-1.0044,4.4556,1.2207,0.061,lying,Charlotte,small
1785663749.050494,3856625,0.1401,0.0029,-0.9976,4.3335,1.0986,-0.2441,lying,Charlotte,small
1785663749.0504987,3856675,0.1421,-0.0029,-1.0005,4.2114,1.3428,0.0,lying,Charlotte,small
1785663749.050503,3856725,0.1411,-0.0015,-1.001,4.4556,1.0376,-0.1831,lying,Charlotte,small
1785663749.0505073,3856775,0.1377,0.0,-1.002,4.5776,1.4038,-0.061,lying,Charlotte,small
1785663749.0505114,3856825,0.1396,-0.002,-1.0005,4.7607,1.1597,-0.3662,lying,Charlotte,small
1785663749.0505152,3856875,0.1406,-0.0005,-0.9971,4.2114,1.1597,0.061,lying,Charlotte,small
1785663749.050519,3856925,0.1421,-0.0044,-0.9995,4.4556,0.9766,0.0,lying,Charlotte,small
1785663749.0505226,3856975,0.1382,-0.0034,-1.0,4.3335,1.0376,0.2441,lying,Charlotte,small
1785663749.793237,3857313,0.1392,-0.002,-1.002,4.3945,0.7935,-0.2441,lying,Charlotte,small
1785663749.793247,3857363,0.1401,-0.0039,-1.0044,4.4556,1.4038,-0.3052,lying,Charlotte,small
1785663749.793252,3857413,0.1387,-0.002,-1.0015,4.5776,1.1597,-0.061,lying,Charlotte,small
1785663749.7932565,3857463,0.1357,-0.0054,-1.0,4.5166,1.2207,-0.3052,lying,Charlotte,small
1785663749.7932603,3857513,0.1382,-0.0044,-1.0034,4.3335,1.4648,0.0,lying,Charlotte,small
1785663749.7932644,3857563,0.1396,0.0015,-0.9971,4.6387,1.2207,-0.3052,lying,Charlotte,small
1785663749.793269,3857613,0.1411,-0.0034,-1.0005,4.6387,1.0376,0.061,lying,Charlotte,small
1785663749.793273,3857663,0.1396,-0.001,-1.0005,4.5776,1.2817,-0.1221,lying,Charlotte,small
1785663749.7932773,3857713,0.1377,0.0024,-1.0034,4.5166,1.0986,-0.3052,lying,Charlotte,small
1785663749.793281,3857763,0.1406,0.001,-1.0054,4.3335,1.0986,0.0,lying,Charlotte,small
1785663750.5227096,3858054,0.1406,-0.0034,-1.0068,4.5776,1.2817,0.0,lying,Charlotte,small
1785663750.5227215,3858104,0.1421,-0.0049,-1.0015,4.5166,1.0376,-0.1831,lying,Charlotte,small
1785663750.522727,3858154,0.1431,-0.0049,-1.0005,4.3945,1.1597,-0.1831,lying,Charlotte,small
1785663750.5227313,3858204,0.1387,-0.0029,-0.9946,4.3945,1.2207,-0.2441,lying,Charlotte,small
1785663750.5227354,3858254,0.1382,-0.0063,-0.998,4.3945,0.9766,0.0,lying,Charlotte,small
1785663750.522739,3858304,0.1406,-0.001,-1.0039,4.5166,1.2817,-0.1831,lying,Charlotte,small
1785663750.5227437,3858354,0.1455,-0.0068,-0.998,4.2725,1.0986,-0.4272,lying,Charlotte,small
1785663750.522748,3858404,0.1362,0.0029,-0.999,4.5166,1.5259,0.061,lying,Charlotte,small
1785663750.5227516,3858454,0.1387,-0.0024,-0.9937,4.8218,1.2207,-0.061,lying,Charlotte,small
1785663750.5227554,3858504,0.145,-0.0015,-1.0029,4.6387,1.1597,0.061,lying,Charlotte,small
1785663751.7079074,3858799,0.1396,0.001,-0.9976,4.4556,1.0986,-0.1831,lying,Charlotte,small
1785663751.7079227,3858849,0.1392,-0.0029,-1.0063,4.3945,1.0986,-0.1221,lying,Charlotte,small
1785663751.7079282,3858899,0.1362,0.0059,-0.9976,4.5776,1.0986,0.061,lying,Charlotte,small
1785663751.7079325,3858949,0.1431,0.0005,-1.0049,4.4556,1.1597,0.0,lying,Charlotte,small
1785663751.7079365,3858999,0.1406,-0.0034,-1.002,4.5166,1.0986,-0.061,lying,Charlotte,small
1785663751.7079406,3859049,0.1357,0.0029,-0.9966,4.4556,1.1597,-0.1831,lying,Charlotte,small
1785663751.7079449,3859099,0.1406,0.001,-0.9976,4.3335,1.1597,-0.2441,lying,Charlotte,small
1785663751.7079487,3859149,0.1421,-0.0015,-1.002,4.3945,1.1597,-0.1831,lying,Charlotte,small
1785663751.7079527,3859199,0.1387,0.0,-1.0044,4.5166,1.2817,-0.1221,lying,Charlotte,small
1785663751.7079566,3859249,0.1377,0.0,-1.0034,4.5166,1.2207,-0.2441,lying,Charlotte,small
1785663755.3953702,3859995,0.1406,0.0005,-0.9985,4.2725,1.5259,0.1221,lying,Charlotte,small
1785663755.3953779,3860045,0.1416,-0.0059,-0.998,4.2114,1.0376,-0.061,lying,Charlotte,small
1785663755.3953817,3860095,0.1406,-0.0015,-1.001,4.4556,1.2207,-0.1831,lying,Charlotte,small
1785663755.3953853,3860145,0.1421,-0.0068,-1.002,4.3945,1.4648,-0.3662,lying,Charlotte,small
1785663755.3953886,3860195,0.1411,-0.0024,-0.9971,4.4556,1.2207,-0.1831,lying,Charlotte,small
1785663755.395392,3860245,0.1387,-0.001,-0.9966,4.4556,1.1597,-0.1831,lying,Charlotte,small
1785663755.395395,3860295,0.1377,-0.0015,-1.0005,4.5776,1.1597,0.0,lying,Charlotte,small
1785663755.3953984,3860345,0.1421,-0.0049,-0.9971,4.3945,1.1597,0.0,lying,Charlotte,small
1785663755.3954015,3860395,0.1416,-0.0034,-1.0044,4.4556,1.1597,-0.061,lying,Charlotte,small
1785663755.3954046,3860445,0.1431,-0.0024,-1.0015,4.7607,1.2207,-0.1221,lying,Charlotte,small
1785663760.6934767,3868027,0.1416,0.0015,-0.9976,4.1504,1.0376,0.061,lying,Charlotte,small
1785663760.6934888,3868077,0.1401,0.0005,-1.002,4.4556,1.0986,-0.061,lying,Charlotte,small
1785663760.6934943,3868127,0.1387,-0.0034,-1.0015,4.5166,1.2207,-0.2441,lying,Charlotte,small
1785663760.6934988,3868177,0.1416,-0.0024,-1.0024,4.5166,1.3428,0.0,lying,Charlotte,small
1785663760.693503,3868227,0.1387,-0.0015,-1.0015,4.5166,1.1597,-0.061,lying,Charlotte,small
1785663760.693507,3868277,0.1367,0.0005,-0.9971,4.3945,1.3428,-0.1221,lying,Charlotte,small
1785663760.6935112,3868327,0.1421,0.002,-0.999,4.4556,1.1597,0.1221,lying,Charlotte,small
1785663760.693515,3868377,0.1367,-0.0049,-0.9961,4.3945,0.9766,-0.3052,lying,Charlotte,small
1785663760.6935189,3868427,0.1377,-0.0015,-0.9946,4.4556,1.0986,-0.1221,lying,Charlotte,small
1785663760.6935227,3868477,0.1445,-0.0073,-1.0015,4.5776,1.4648,-0.061,lying,Charlotte,small
1785663761.5314345,3868949,0.1421,-0.0063,-1.0,4.3335,1.2817,0.1831,lying,Charlotte,small
1785663761.531446,3868999,0.1396,-0.0005,-1.0,4.5776,1.0376,-0.1831,lying,Charlotte,small
1785663761.5314515,3869049,0.1411,-0.0024,-1.0024,4.5166,1.2207,0.061,lying,Charlotte,small
1785663761.531456,3869099,0.1396,-0.001,-0.9946,4.1504,1.1597,-0.3662,lying,Charlotte,small
1785663761.53146,3869149,0.1401,-0.0015,-0.999,4.3335,1.0986,-0.1221,lying,Charlotte,small
1785663761.531464,3869199,0.1328,0.0063,-0.9956,4.3335,1.2207,0.0,lying,Charlotte,small
1785663761.531468,3869249,0.1401,-0.0068,-0.9917,4.5166,1.1597,-0.061,lying,Charlotte,small
1785663761.531472,3869299,0.1382,-0.0039,-0.9971,4.5776,1.3428,-0.061,lying,Charlotte,small
1785663761.5314755,3869349,0.1382,0.001,-1.0,4.4556,0.9155,0.0,lying,Charlotte,small
1785663761.5314791,3869399,0.1396,-0.0039,-0.9946,4.4556,1.1597,0.061,lying,Charlotte,small
1785663762.6406226,3869792,0.1416,0.0,-0.9976,4.5166,1.1597,-0.1831,lying,Charlotte,small
1785663762.6406355,3869842,0.1401,-0.0034,-1.001,4.5776,1.2207,-0.3662,lying,Charlotte,small
1785663762.6406405,3869892,0.1401,-0.0005,-0.9985,4.5776,1.1597,-0.4272,lying,Charlotte,small
1785663762.6406453,3869942,0.1401,-0.002,-0.9946,4.3335,1.1597,-0.061,lying,Charlotte,small
1785663762.6406496,3869992,0.1421,0.0034,-1.0034,4.4556,1.2817,-0.061,lying,Charlotte,small
1785663762.6406534,3870042,0.1392,-0.0015,-0.9966,4.5776,1.2817,-0.061,lying,Charlotte,small
1785663762.6406577,3870092,0.1382,-0.0015,-0.9995,4.3335,0.8545,-0.1831,lying,Charlotte,small
1785663762.6406615,3870142,0.1387,-0.0015,-0.998,4.3335,1.0986,-0.1221,lying,Charlotte,small
1785663762.6406653,3870192,0.1406,-0.002,-0.9985,4.3945,1.0986,-0.061,lying,Charlotte,small
1785663762.640669,3870242,0.1406,0.0,-1.0034,4.3945,1.4038,-0.2441,lying,Charlotte,small
1785663763.387589,3870894,0.1392,-0.0034,-1.0015,4.5776,1.2207,-0.061,lying,Charlotte,small
1785663763.3875964,3870944,0.1426,0.0005,-0.998,4.2725,1.1597,0.0,lying,Charlotte,small
1785663763.3876004,3870994,0.1416,-0.001,-1.002,4.4556,1.2817,-0.1221,lying,Charlotte,small
1785663763.387604,3871044,0.1411,-0.002,-0.9946,4.3945,1.2817,-0.1221,lying,Charlotte,small
1785663763.387607,3871094,0.1426,0.0005,-0.998,4.4556,1.2207,-0.1221,lying,Charlotte,small
1785663763.3876102,3871144,0.1416,-0.0044,-1.0024,4.5776,1.1597,-0.061,lying,Charlotte,small
1785663763.3876133,3871194,0.1416,-0.0015,-1.0029,4.4556,1.2817,0.0,lying,Charlotte,small
1785663763.3876164,3871244,0.1426,-0.0034,-1.0029,4.4556,1.2207,0.1221,lying,Charlotte,small
1785663763.3876193,3871294,0.1382,0.002,-0.9995,4.2725,1.0986,-0.1831,lying,Charlotte,small
1785663763.3876224,3871344,0.1372,0.0049,-0.9985,4.5166,1.2817,0.0,lying,Charlotte,small
1785663764.1762333,3871916,0.1357,0.0098,-1.0034,4.6387,0.9155,-0.3662,lying,Charlotte,small
1785663764.1762433,3871966,0.1416,-0.0015,-1.0054,4.6387,1.4038,-0.1221,lying,Charlotte,small
1785663764.1762488,3872016,0.1455,-0.0054,-1.0049,4.3945,1.4038,0.0,lying,Charlotte,small
1785663764.176255,3872066,0.1377,-0.0024,-1.0,4.2725,1.2207,-0.1221,lying,Charlotte,small
1785663764.1762612,3872116,0.144,-0.0039,-1.0059,4.6387,1.0986,-0.1221,lying,Charlotte,small
1785663764.176268,3872166,0.1475,-0.0127,-1.0083,4.3335,1.4648,-0.061,lying,Charlotte,small
1785663764.1762726,3872216,0.1387,0.0049,-0.999,4.4556,1.2207,-0.2441,lying,Charlotte,small
1785663764.1762764,3872266,0.1401,-0.0029,-0.9976,4.3335,1.3428,-0.1831,lying,Charlotte,small
1785663764.1762803,3872316,0.1406,0.001,-1.001,4.4556,1.2817,-0.061,lying,Charlotte,small
1785663764.176284,3872366,0.1421,-0.0005,-1.001,4.4556,1.2207,-0.061,lying,Charlotte,small
1785663764.6870937,3872429,0.1367,-0.002,-0.9966,4.3945,1.4038,0.0,lying,Charlotte,small
1785663764.6871035,3872479,0.1401,0.002,-1.0005,4.3945,1.3428,-0.061,lying,Charlotte,small
1785663764.6871085,3872529,0.1392,-0.0068,-1.0029,4.5166,1.1597,-0.061,lying,Charlotte,small
1785663764.6871133,3872579,0.1377,0.002,-0.9971,4.5776,1.1597,0.0,lying,Charlotte,small
1785663764.687117,3872629,0.1392,0.0029,-1.0005,4.3335,1.2817,-0.061,lying,Charlotte,small
1785663764.6871207,3872679,0.1411,-0.001,-1.0039,4.3945,1.1597,0.061,lying,Charlotte,small
1785663764.6871247,3872729,0.1406,-0.0034,-1.002,4.3945,1.2817,0.1831,lying,Charlotte,small
1785663764.6871285,3872779,0.1396,-0.0039,-1.001,4.2725,1.2207,-0.061,lying,Charlotte,small
1785663764.6871321,3872829,0.1426,-0.0024,-1.0,4.5166,1.3428,-0.061,lying,Charlotte,small
1785663764.6871355,3872879,0.1387,-0.0049,-1.0054,4.5776,1.2817,0.0,lying,Charlotte,small
1785663766.529308,3872942,0.1382,-0.0054,-1.0068,4.3945,1.1597,-0.1831,lying,Charlotte,small
1785663766.5293207,3872992,0.1411,0.0039,-1.002,4.3335,1.2817,0.2441,lying,Charlotte,small
1785663766.5293257,3873042,0.1421,-0.0063,-1.0073,4.5166,1.4038,0.0,lying,Charlotte,small
1785663766.5293305,3873092,0.1401,0.0088,-0.9966,4.5776,1.0376,-0.1221,lying,Charlotte,small
1785663766.5293348,3873142,0.1396,-0.0044,-1.0054,4.5166,1.5259,-0.061,lying,Charlotte,small
1785663766.5293386,3873192,0.1406,0.0,-1.0039,4.2725,1.2817,-0.061,lying,Charlotte,small
1785663766.5293424,3873242,0.1445,0.001,-0.9985,4.7607,1.2817,-0.2441,lying,Charlotte,small
1785663766.5293467,3873292,0.1431,-0.0073,-0.9961,4.3945,1.3428,-0.4272,lying,Charlotte,small
1785663766.5293508,3873342,0.1431,0.0044,-0.9985,4.4556,1.2207,-0.1831,lying,Charlotte,small
1785663766.5293546,3873392,0.1343,0.0054,-1.0005,4.4556,1.1597,0.1221,lying,Charlotte,small
1785663767.3871658,3874785,0.1396,-0.002,-1.0034,4.3335,1.0986,-0.4272,lying,Charlotte,small
1785663767.387173,3874835,0.144,0.001,-0.9995,4.2725,1.1597,-0.1831,lying,Charlotte,small
1785663767.387177,3874885,0.1411,0.0,-1.0,4.3945,1.1597,0.1831,lying,Charlotte,small
1785663767.3871803,3874935,0.1396,-0.0029,-1.0005,4.3945,1.2207,-0.1831,lying,Charlotte,small
1785663767.3871837,3874985,0.1426,-0.0044,-1.0,4.6387,1.2817,-0.3052,lying,Charlotte,small
1785663767.3871868,3875035,0.1426,-0.0073,-1.0068,4.4556,1.2207,0.061,lying,Charlotte,small
1785663767.3871899,3875085,0.1431,-0.0024,-0.999,4.2725,1.4038,-0.3052,lying,Charlotte,small
1785663767.3871927,3875135,0.1362,-0.0034,-1.0039,4.3945,1.1597,0.1831,lying,Charlotte,small
1785663767.3871958,3875185,0.1445,-0.0005,-1.0034,4.4556,1.4648,0.0,lying,Charlotte,small
1785663767.387199,3875235,0.1401,0.001,-1.001,4.4556,1.2817,0.061,lying,Charlotte,small
1785663768.0776525,3875818,0.1392,0.0005,-0.9976,4.3945,1.1597,-0.061,lying,Charlotte,small
1785663768.0776615,3875868,0.1406,-0.0029,-1.001,4.5166,1.0986,0.1221,lying,Charlotte,small
1785663768.0776656,3875918,0.1416,-0.0034,-1.0034,4.4556,1.1597,-0.2441,lying,Charlotte,small
1785663768.0776694,3875968,0.1465,-0.0024,-1.0039,4.2725,1.1597,-0.061,lying,Charlotte,small
1785663768.0776722,3876018,0.1401,-0.0029,-1.0044,4.4556,1.2207,-0.061,lying,Charlotte,small
1785663768.077675,3876068,0.1455,-0.0005,-1.0073,4.4556,0.9766,-0.1831,lying,Charlotte,small
1785663768.0776784,3876118,0.1455,-0.001,-1.0039,4.2725,1.3428,-0.3052,lying,Charlotte,small
1785663768.0776813,3876168,0.1372,-0.0015,-0.9961,4.3945,1.1597,-0.2441,lying,Charlotte,small
1785663768.0776842,3876218,0.1382,-0.001,-1.001,4.3335,1.1597,0.1221,lying,Charlotte,small
1785663768.0776873,3876268,0.1377,-0.0078,-1.002,4.2725,1.3428,-0.2441,lying,Charlotte,small
1785663768.5879877,3876330,0.1411,-0.0039,-1.0054,4.2725,1.2207,-0.1221,lying,Charlotte,small
1785663768.5879977,3876380,0.1401,0.002,-1.0049,4.5776,1.1597,-0.061,lying,Charlotte,small
1785663768.588003,3876430,0.1377,-0.0005,-0.998,4.2725,1.1597,-0.1831,lying,Charlotte,small
1785663768.5880075,3876480,0.1416,0.0,-0.9971,4.5166,1.2207,-0.1221,lying,Charlotte,small
1785663768.5880115,3876530,0.1431,-0.002,-1.0088,4.3945,1.2207,-0.2441,lying,Charlotte,small
1785663768.5880153,3876580,0.1372,-0.0073,-1.0049,4.3945,1.4038,0.0,lying,Charlotte,small
1785663768.5880191,3876630,0.1421,-0.0005,-1.002,4.2725,1.4648,-0.1221,lying,Charlotte,small
1785663768.5880227,3876680,0.1416,-0.0034,-1.0034,4.3335,1.2207,-0.2441,lying,Charlotte,small
1785663768.5880265,3876730,0.1406,-0.0044,-0.9995,4.3335,0.9155,0.0,lying,Charlotte,small
1785663768.58803,3876780,0.1431,-0.0015,-1.0049,4.6387,1.2207,-0.3662,lying,Charlotte,small
1785663769.7112942,3876841,0.1382,-0.0024,-0.9946,4.5166,1.0986,-0.1831,lying,Charlotte,small
1785663769.7113063,3876891,0.1445,-0.002,-1.0005,4.2725,1.2207,-0.1221,lying,Charlotte,small
1785663769.7113116,3876941,0.1406,-0.0034,-0.999,4.3945,1.0376,0.061,lying,Charlotte,small
1785663769.7113159,3876991,0.1406,-0.0029,-0.9995,4.3335,0.7935,0.061,lying,Charlotte,small
1785663769.71132,3877041,0.1416,-0.0039,-0.9956,4.3945,1.2817,0.061,lying,Charlotte,small
1785663769.7113235,3877091,0.1372,-0.0005,-0.9995,4.3945,0.9155,-0.1831,lying,Charlotte,small
1785663769.7113278,3877141,0.1416,-0.002,-1.0,4.4556,1.0986,0.0,lying,Charlotte,small
1785663769.7113316,3877191,0.1396,0.0015,-1.0034,4.3945,1.0986,-0.061,lying,Charlotte,small
1785663769.7113357,3877241,0.144,-0.001,-1.0034,4.3335,1.1597,-0.2441,lying,Charlotte,small
1785663769.7113411,3877291,0.1392,-0.0024,-1.0063,4.5166,1.2207,-0.2441,lying,Charlotte,small
1785663770.2353437,3877964,0.1401,-0.0049,-1.0024,4.3335,1.2207,-0.2441,lying,Charlotte,small
1785663770.2353542,3878014,0.1392,-0.0005,-0.9985,4.3945,0.9766,0.1831,lying,Charlotte,small
1785663770.23536,3878064,0.1392,-0.0054,-0.9985,4.4556,1.1597,-0.1831,lying,Charlotte,small
1785663770.235365,3878114,0.1377,-0.0039,-0.9961,4.6387,1.4038,-0.061,lying,Charlotte,small
1785663770.2353687,3878164,0.1416,0.0005,-1.0005,4.6997,1.2817,0.0,lying,Charlotte,small
1785663770.2353728,3878214,0.1426,-0.0044,-1.001,4.3335,1.0376,-0.1831,lying,Charlotte,small
1785663770.235377,3878264,0.1426,-0.0059,-1.0059,4.6997,1.3428,-0.3052,lying,Charlotte,small
1785663770.235381,3878314,0.1382,-0.0024,-1.0063,4.6387,1.0986,-0.1221,lying,Charlotte,small
1785663770.2353845,3878364,0.1396,-0.002,-0.9985,4.3335,0.9766,0.061,lying,Charlotte,small
1785663770.2353885,3878414,0.1411,-0.001,-1.0034,4.4556,1.0986,-0.3662,lying,Charlotte,small
1785663770.77497,3878488,0.1372,0.002,-0.9941,4.6387,1.0376,-0.3052,lying,Charlotte,small
1785663770.7749796,3878538,0.1401,0.0,-1.0024,4.4556,1.2207,0.061,lying,Charlotte,small
1785663770.7749846,3878588,0.1406,-0.0039,-1.0029,4.2114,1.0376,-0.4272,lying,Charlotte,small
1785663770.7749894,3878638,0.1445,-0.0029,-0.9941,4.7607,1.4038,0.0,lying,Charlotte,small
1785663770.7749932,3878688,0.1421,-0.001,-1.0034,4.5166,1.1597,-0.061,lying,Charlotte,small
1785663770.7749972,3878738,0.1372,0.0054,-0.9946,4.5776,1.1597,-0.061,lying,Charlotte,small
1785663770.7750013,3878788,0.1421,-0.0068,-1.0024,4.2725,1.0376,-0.1221,lying,Charlotte,small
1785663770.775005,3878838,0.1367,-0.0068,-1.0015,4.6387,1.2207,0.0,lying,Charlotte,small
1785663770.7750087,3878888,0.1406,-0.0044,-0.9971,4.4556,1.2817,-0.1831,lying,Charlotte,small
1785663770.7750123,3878938,0.1411,-0.0015,-0.9937,4.4556,1.2207,-0.061,lying,Charlotte,small
1785663771.3918335,3879030,0.1411,-0.0029,-1.0039,4.3335,1.4038,-0.2441,lying,Charlotte,small
1785663771.391841,3879080,0.1426,0.0024,-1.0029,4.6387,1.3428,-0.1221,lying,Charlotte,small
1785663771.3918452,3879130,0.1367,-0.0005,-1.0015,4.2725,1.2817,-0.061,lying,Charlotte,small
1785663771.3918488,3879180,0.1411,-0.0044,-0.999,4.2114,1.3428,-0.2441,lying,Charlotte,small
1785663771.3918521,3879230,0.1411,-0.0093,-1.0181,4.0894,1.4038,-0.3052,lying,Charlotte,small
1785663771.3918555,3879280,0.1426,-0.0039,-1.0029,4.3335,1.1597,0.1831,lying,Charlotte,small
1785663771.391858,3879330,0.1377,-0.001,-0.999,4.4556,1.2207,-0.061,lying,Charlotte,small
1785663771.3918614,3879380,0.1343,0.0005,-0.9883,4.5166,0.7935,0.0,lying,Charlotte,small
1785663771.3918645,3879430,0.1396,0.0024,-1.0029,4.3335,1.2817,-0.2441,lying,Charlotte,small
1785663771.3918676,3879480,0.1401,-0.0015,-1.0073,4.3945,1.0376,0.1221,lying,Charlotte,small
1785663771.93256,3879662,0.1396,-0.0034,-1.0015,4.5166,1.2207,0.1831,lying,Charlotte,small
1785663771.9325705,3879712,0.1387,-0.0044,-1.0039,4.3945,1.0376,-0.3052,lying,Charlotte,small
1785663771.9325755,3879762,0.1387,0.0015,-0.999,4.3335,1.2207,0.0,lying,Charlotte,small
1785663771.93258,3879812,0.1416,-0.0015,-0.998,4.3335,1.1597,-0.2441,lying,Charlotte,small
1785663771.9325843,3879862,0.1392,-0.001,-1.002,4.6997,1.2817,0.0,lying,Charlotte,small
1785663771.932588,3879912,0.1411,-0.0024,-1.0029,4.5776,1.2207,-0.1831,lying,Charlotte,small
1785663771.9325922,3879962,0.1392,-0.001,-0.998,4.3945,1.4038,-0.1831,lying,Charlotte,small
1785663771.9325957,3880012,0.1421,-0.001,-1.002,4.3945,1.1597,0.1221,lying,Charlotte,small
1785663771.9325993,3880062,0.1387,-0.0034,-1.0029,4.3945,1.3428,-0.3662,lying,Charlotte,small
1785663771.932603,3880112,0.1392,-0.0015,-0.9985,4.4556,1.2207,-0.1221,lying,Charlotte,small
1785663772.4620237,3880194,0.1416,-0.0024,-0.999,4.3945,1.2207,0.0,lying,Charlotte,small
1785663772.4620337,3880244,0.1436,-0.0015,-0.998,4.3335,1.2817,-0.1221,lying,Charlotte,small
1785663772.4620395,3880294,0.1372,0.0,-1.0015,4.2725,0.9766,-0.2441,lying,Charlotte,small
1785663772.4620447,3880344,0.145,-0.0049,-1.0117,4.4556,1.2817,-0.061,lying,Charlotte,small
1785663772.462049,3880394,0.1396,0.0024,-1.0,4.6387,1.2817,-0.1221,lying,Charlotte,small
1785663772.4620528,3880444,0.1406,-0.0039,-1.0068,4.5166,1.1597,0.1221,lying,Charlotte,small
1785663772.4620569,3880494,0.1392,-0.0024,-0.9951,4.3945,1.2207,-0.1831,lying,Charlotte,small
1785663772.4620607,3880544,0.1411,-0.0005,-1.001,4.5776,1.2817,0.061,lying,Charlotte,small
1785663772.4620647,3880594,0.1401,0.0005,-0.9941,4.1504,1.2207,-0.1221,lying,Charlotte,small
1785663772.4620686,3880644,0.1387,-0.0039,-1.0073,4.4556,1.2207,0.1221,lying,Charlotte,small
1785663773.1908674,3880728,0.1406,-0.0054,-1.0039,4.6387,1.2207,-0.3052,lying,Charlotte,small
1785663773.1908839,3880778,0.1372,0.0005,-1.0059,4.6387,1.2817,0.061,lying,Charlotte,small
1785663773.1908894,3880828,0.1377,-0.0049,-0.9956,4.2725,1.0986,-0.3662,lying,Charlotte,small
1785663773.1908941,3880878,0.1406,-0.0039,-1.0024,4.3335,1.2207,-0.061,lying,Charlotte,small
1785663773.190898,3880928,0.1382,-0.002,-0.9976,4.2725,1.4038,-0.061,lying,Charlotte,small
1785663773.1909015,3880978,0.1431,-0.0054,-1.0005,4.5166,1.4038,-0.4272,lying,Charlotte,small
1785663773.1909056,3881028,0.1401,-0.0015,-0.9976,4.3945,1.0986,0.0,lying,Charlotte,small
1785663773.1909094,3881078,0.1367,-0.0044,-1.0024,4.2725,1.3428,-0.1221,lying,Charlotte,small
1785663773.1909132,3881128,0.1387,-0.002,-0.9937,4.5166,1.0986,-0.061,lying,Charlotte,small
1785663773.1909175,3881178,0.144,-0.0049,-1.0039,4.5776,1.2817,-0.1221,lying,Charlotte,small
1785663773.9100523,3881450,0.1392,0.0005,-1.002,4.5166,1.0986,-0.2441,lying,Charlotte,small
1785663773.9100666,3881500,0.1411,-0.001,-0.9971,4.4556,1.1597,-0.061,lying,Charlotte,small
1785663773.910072,3881550,0.1392,-0.0024,-1.002,4.6997,1.4038,-0.3662,lying,Charlotte,small
1785663773.9100764,3881600,0.1426,-0.0063,-1.001,4.4556,1.0986,-0.1831,lying,Charlotte,small
1785663773.9100804,3881650,0.1401,-0.001,-0.999,4.4556,0.9766,0.1221,lying,Charlotte,small
1785663773.910084,3881700,0.1392,-0.0005,-1.002,4.2725,1.1597,-0.1221,lying,Charlotte,small
1785663773.9100883,3881750,0.1396,0.0024,-0.999,4.4556,0.9766,-0.1221,lying,Charlotte,small
1785663773.9100919,3881800,0.1396,-0.002,-1.0029,4.2114,1.0986,-0.1221,lying,Charlotte,small
1785663773.9100957,3881850,0.1396,-0.0034,-1.0005,4.2725,1.0986,-0.061,lying,Charlotte,small
1785663773.9100993,3881900,0.1401,-0.0015,-0.9956,4.4556,1.0376,-0.1221,lying,Charlotte,small
1785663774.4243987,3882162,0.1416,-0.0024,-1.0005,4.5166,1.4038,0.1831,lying,Charlotte,small
1785663774.424409,3882212,0.1401,0.0,-0.998,4.8218,1.3428,0.0,lying,Charlotte,small
1785663774.4244142,3882262,0.1396,0.0005,-0.9971,4.5776,1.1597,0.061,lying,Charlotte,small
1785663774.4244194,3882312,0.1416,-0.002,-0.9985,4.6387,1.0986,-0.2441,lying,Charlotte,small
1785663774.4244237,3882362,0.1426,-0.0029,-1.0024,4.3335,1.2207,-0.5493,lying,Charlotte,small
1785663774.4244277,3882412,0.1421,-0.001,-1.0024,4.5166,1.3428,-0.061,lying,Charlotte,small
1785663774.4244316,3882462,0.1421,-0.0044,-1.0049,4.5166,1.2207,-0.1831,lying,Charlotte,small
1785663774.4244354,3882512,0.1431,0.0005,-1.001,4.5166,1.3428,0.1221,lying,Charlotte,small
1785663774.4244392,3882562,0.1411,-0.0034,-1.0,4.0894,1.3428,0.061,lying,Charlotte,small
1785663774.4244428,3882612,0.1382,-0.0024,-1.0029,4.4556,1.0986,-0.1831,lying,Charlotte,small
1785663774.938347,3882675,0.1401,0.0005,-1.0034,4.5166,1.2817,0.1831,lying,Charlotte,small
1785663774.9383569,3882725,0.1406,-0.0039,-1.0024,4.6387,1.2817,-0.061,lying,Charlotte,small
1785663774.9383626,3882775,0.1392,-0.001,-0.9941,4.5166,1.2207,-0.061,lying,Charlotte,small
1785663774.938367,3882825,0.1392,-0.0034,-0.9927,4.5166,0.9155,-0.1831,lying,Charlotte,small
1785663774.9383712,3882875,0.1406,-0.0029,-0.9985,4.3945,1.2817,-0.1221,lying,Charlotte,small
1785663774.938375,3882925,0.1392,-0.001,-1.0034,4.6997,1.4038,0.1221,lying,Charlotte,small
1785663774.938379,3882975,0.1421,0.0005,-1.0005,4.4556,1.1597,-0.3662,lying,Charlotte,small
1785663774.938383,3883025,0.1431,0.0005,-0.9985,4.3945,1.2207,0.1221,lying,Charlotte,small
1785663774.9383867,3883075,0.1411,-0.0039,-0.9976,4.3335,1.4648,-0.061,lying,Charlotte,small
1785663774.9383903,3883125,0.1382,-0.002,-0.9932,4.2725,1.0986,-0.3052,lying,Charlotte,small
1785663775.4617205,3883197,0.1377,-0.002,-1.0068,4.2114,1.0376,0.0,lying,Charlotte,small
1785663775.46173,3883247,0.1392,0.0,-0.999,4.1504,1.2817,-0.1831,lying,Charlotte,small
1785663775.461735,3883297,0.1426,0.0005,-1.0024,4.5166,1.2207,-0.1221,lying,Charlotte,small
1785663775.4617398,3883347,0.1372,0.0,-1.0,4.6387,1.0376,-0.061,lying,Charlotte,small
1785663775.4617436,3883397,0.1406,0.0,-0.9961,4.2725,1.2207,-0.1221,lying,Charlotte,small
1785663775.4617474,3883447,0.1396,0.0,-0.9995,4.4556,1.0986,-0.2441,lying,Charlotte,small
1785663775.461751,3883497,0.1411,-0.002,-1.001,4.3335,1.3428,0.061,lying,Charlotte,small
1785663775.4617577,3883547,0.1387,0.0005,-0.9971,4.5166,1.3428,-0.1831,lying,Charlotte,small
1785663775.4617615,3883597,0.1401,0.0005,-1.0024,4.5166,0.9766,-0.2441,lying,Charlotte,small
1785663775.4617653,3883647,0.1421,-0.0005,-0.999,4.2725,1.4038,0.061,lying,Charlotte,small
1785663776.262565,3883719,0.1392,-0.0034,-0.9985,4.5166,1.2207,0.1831,lying,Charlotte,small
1785663776.2625816,3883769,0.1436,-0.0044,-0.9995,4.6387,1.4038,0.061,lying,Charlotte,small
1785663776.2625868,3883819,0.144,-0.0024,-0.998,4.5776,1.5869,-0.061,lying,Charlotte,small
1785663776.2625911,3883869,0.1401,0.0,-0.9985,4.4556,0.9766,0.0,lying,Charlotte,small
1785663776.2625954,3883919,0.1382,-0.0005,-1.0024,4.3945,1.2817,-0.3662,lying,Charlotte,small
1785663776.2625997,3883969,0.1392,-0.0054,-0.9971,4.3945,1.2817,-0.061,lying,Charlotte,small
1785663776.2626035,3884019,0.1406,0.002,-0.9932,4.6997,1.5259,-0.1831,lying,Charlotte,small
1785663776.2626078,3884069,0.1436,0.002,-1.0049,4.4556,1.2817,0.061,lying,Charlotte,small
1785663776.2626112,3884119,0.1401,0.0024,-0.999,4.3335,1.0986,-0.3052,lying,Charlotte,small
1785663776.2626152,3884169,0.1387,-0.001,-1.0034,4.6997,1.2817,-0.3662,lying,Charlotte,small
1785663777.181771,3884522,0.1416,-0.002,-1.0034,4.5166,1.0986,0.0,lying,Charlotte,small
1785663777.1817842,3884572,0.1392,0.001,-1.0015,4.4556,1.2207,-0.061,lying,Charlotte,small
1785663777.1817896,3884622,0.1406,-0.002,-1.0034,4.3945,1.2207,-0.1221,lying,Charlotte,small
1785663777.1817946,3884672,0.1431,-0.0034,-1.0,4.1504,1.1597,-0.1831,lying,Charlotte,small
1785663777.1817985,3884722,0.1401,0.0,-0.9956,4.3945,1.4038,0.1221,lying,Charlotte,small
1785663777.1818023,3884772,0.1372,-0.0005,-1.0029,4.3945,1.3428,-0.2441,lying,Charlotte,small
1785663777.1818066,3884822,0.1367,0.0,-1.002,4.3335,1.2817,-0.1221,lying,Charlotte,small
1785663777.1818101,3884872,0.1392,-0.0029,-0.9995,4.3335,1.0986,0.061,lying,Charlotte,small
1785663777.1818142,3884922,0.1416,-0.001,-1.0054,4.5166,1.4648,0.0,lying,Charlotte,small
1785663777.1818178,3884972,0.1416,0.001,-1.0005,4.3945,1.1597,-0.061,lying,Charlotte,small
1785663777.7046475,3885445,0.1421,-0.001,-1.0029,4.3945,1.4648,0.0,lying,Charlotte,small
1785663777.7046573,3885495,0.1401,-0.0044,-1.0005,4.3945,1.2207,-0.1221,lying,Charlotte,small
1785663777.704663,3885545,0.1392,-0.001,-1.0034,4.2725,1.0376,-0.061,lying,Charlotte,small
1785663777.7046676,3885595,0.1372,-0.0034,-1.0039,4.4556,1.2207,-0.3052,lying,Charlotte,small
1785663777.7046714,3885645,0.1396,-0.0044,-1.0039,4.3335,1.2817,-0.1221,lying,Charlotte,small
1785663777.704675,3885695,0.1416,-0.001,-0.9966,4.5776,1.2817,-0.3662,lying,Charlotte,small
1785663777.7046793,3885745,0.1396,-0.0005,-0.9985,4.6387,1.0986,-0.061,lying,Charlotte,small
1785663777.7046833,3885795,0.1362,-0.001,-0.9976,4.4556,1.2207,-0.1221,lying,Charlotte,small
1785663777.704687,3885845,0.1411,-0.0044,-1.0049,4.5166,1.2207,-0.1221,lying,Charlotte,small
1785663777.7046907,3885895,0.1426,-0.001,-0.9966,4.4556,0.9766,-0.1831,lying,Charlotte,small
1785663778.81994,3885958,0.1396,-0.0073,-1.0024,4.5166,1.1597,-0.1221,lying,Charlotte,small
1785663778.8199525,3886008,0.1382,-0.002,-1.0024,4.3335,1.3428,-0.1831,lying,Charlotte,small
1785663778.8199575,3886058,0.145,-0.001,-1.0049,4.5166,1.0986,-0.1831,lying,Charlotte,small
1785663778.8199623,3886108,0.1401,-0.0029,-0.9985,4.4556,1.2207,0.0,lying,Charlotte,small
1785663778.8199666,3886158,0.1411,-0.0024,-1.0015,4.5166,1.2817,-0.1221,lying,Charlotte,small
1785663778.8199704,3886208,0.1421,-0.001,-1.0103,4.5166,1.2817,-0.061,lying,Charlotte,small
1785663778.8199747,3886258,0.1421,-0.0029,-1.0005,4.3945,1.4038,0.061,lying,Charlotte,small
1785663778.8199785,3886308,0.1411,-0.001,-1.0073,4.3945,1.0986,0.2441,lying,Charlotte,small
1785663778.819982,3886358,0.1392,-0.002,-0.9976,4.4556,1.2207,-0.1831,lying,Charlotte,small
1785663778.8199859,3886408,0.1387,-0.001,-1.001,4.3945,1.0986,0.0,lying,Charlotte,small
1785663780.6794736,3887070,0.1416,0.0005,-1.0005,4.3335,1.4038,0.0,lying,Charlotte,small
1785663780.6794891,3887120,0.1411,-0.0024,-1.0063,4.3945,1.5259,-0.1221,lying,Charlotte,small
1785663780.6794949,3887170,0.1421,-0.0029,-1.001,4.4556,1.3428,-0.061,lying,Charlotte,small
1785663780.6794991,3887220,0.1396,-0.001,-1.001,4.3945,1.1597,-0.2441,lying,Charlotte,small
1785663780.6795034,3887270,0.1406,-0.0005,-1.001,4.5776,1.1597,-0.1831,lying,Charlotte,small
1785663780.6795073,3887320,0.1392,-0.001,-0.9985,4.3945,0.9766,-0.4272,lying,Charlotte,small
1785663780.6795113,3887370,0.1387,0.0,-1.0044,4.2725,1.1597,-0.2441,lying,Charlotte,small
1785663780.679515,3887420,0.1426,-0.0029,-1.0039,4.5166,1.2817,-0.1221,lying,Charlotte,small
1785663780.6795187,3887470,0.1426,-0.0054,-1.0029,4.4556,1.4648,0.1221,lying,Charlotte,small
1785663780.6795223,3887520,0.1416,-0.002,-0.998,4.6387,1.3428,-0.061,lying,Charlotte,small
1785663781.3948758,3888934,0.1426,-0.001,-0.9995,4.4556,1.5259,-0.061,lying,Charlotte,small
1785663781.3948834,3888984,0.1421,-0.0024,-1.0034,4.5166,1.0376,-0.4272,lying,Charlotte,small
1785663781.3948874,3889034,0.1406,-0.0005,-1.0059,4.5776,1.1597,0.0,lying,Charlotte,small
1785663781.394891,3889084,0.1421,-0.0029,-1.0049,4.3335,1.4648,-0.1831,lying,Charlotte,small
1785663781.3948944,3889134,0.1401,0.002,-0.9995,4.5166,0.9155,-0.061,lying,Charlotte,small
1785663781.3948975,3889184,0.1421,-0.0088,-1.0049,4.3945,1.0986,0.061,lying,Charlotte,small
1785663781.394901,3889234,0.1426,-0.0034,-0.9985,4.4556,0.9766,0.0,lying,Charlotte,small
1785663781.394904,3889284,0.1367,0.0015,-0.9951,4.4556,1.2207,0.061,lying,Charlotte,small
1785663781.3949072,3889334,0.1372,-0.001,-1.0024,4.3945,1.0376,-0.1221,lying,Charlotte,small
1785663781.3949106,3889384,0.144,-0.0059,-0.9985,4.3335,1.2207,-0.1831,lying,Charlotte,small
1785663782.307504,3889836,0.1396,-0.0015,-1.002,4.4556,1.1597,-0.1221,lying,Charlotte,small
1785663782.3075154,3889886,0.1416,-0.0024,-1.0073,4.3335,1.2817,-0.1221,lying,Charlotte,small
1785663782.3075206,3889936,0.1411,-0.0049,-1.001,4.5776,1.0986,-0.2441,lying,Charlotte,small
1785663782.3075252,3889986,0.1426,-0.0034,-1.0068,4.2725,1.2207,0.3052,lying,Charlotte,small
1785663782.307529,3890036,0.1382,-0.002,-0.998,4.4556,1.2817,-0.1221,lying,Charlotte,small
1785663782.3075328,3890086,0.1401,-0.0024,-1.002,4.2114,1.1597,-0.2441,lying,Charlotte,small
1785663782.3075368,3890136,0.1406,-0.0029,-1.0088,4.3945,1.3428,0.1221,lying,Charlotte,small
1785663782.3075407,3890186,0.1416,-0.0024,-0.9976,4.2114,1.2207,-0.1221,lying,Charlotte,small
1785663782.3075445,3890236,0.1406,-0.0063,-0.9961,4.5166,1.2207,0.0,lying,Charlotte,small
1785663782.3075488,3890286,0.1406,-0.0015,-1.0112,4.2725,1.2817,0.1221,lying,Charlotte,small
1785663782.8172963,3890558,0.1392,0.001,-1.0,4.3335,1.2207,-0.1221,lying,Charlotte,small
1785663782.8173063,3890608,0.1353,0.0059,-0.9927,4.3335,1.3428,-0.1831,lying,Charlotte,small
1785663782.8173115,3890658,0.1401,0.001,-0.9995,4.5166,1.0986,0.1831,lying,Charlotte,small
1785663782.817316,3890708,0.1436,-0.0024,-1.0083,4.4556,1.0986,-0.2441,lying,Charlotte,small
1785663782.81732,3890758,0.1431,0.0054,-0.9976,4.5166,1.2817,0.1831,lying,Charlotte,small
1785663782.817324,3890808,0.1426,0.001,-1.0049,4.3945,1.1597,0.0,lying,Charlotte,small
1785663782.8173285,3890858,0.1406,-0.0024,-1.001,4.3335,1.4038,0.1221,lying,Charlotte,small
1785663782.8173325,3890908,0.1426,-0.0049,-0.9956,4.6387,1.2207,-0.061,lying,Charlotte,small
1785663782.8173363,3890958,0.1406,-0.0044,-1.0029,4.5166,1.0986,-0.3662,lying,Charlotte,small
1785663782.81734,3891008,0.1401,-0.0015,-0.999,4.6997,1.0986,-0.1831,lying,Charlotte,small
1785663783.4023218,3891071,0.1382,-0.0015,-1.0,4.5776,1.1597,0.0,lying,Charlotte,small
1785663783.4023314,3891121,0.1426,0.001,-1.0,4.5166,1.5259,-0.1831,lying,Charlotte,small
1785663783.4023368,3891171,0.1411,-0.001,-1.002,4.3945,1.2817,-0.1831,lying,Charlotte,small
1785663783.4023414,3891221,0.1396,-0.0049,-1.0005,4.6387,1.0376,0.1221,lying,Charlotte,small
1785663783.4023452,3891271,0.1377,-0.0049,-0.9951,4.5776,1.3428,0.0,lying,Charlotte,small
1785663783.402349,3891321,0.1357,-0.0059,-0.9961,4.5166,1.3428,-0.2441,lying,Charlotte,small
1785663783.4023526,3891371,0.1421,-0.0059,-1.0078,4.3945,1.3428,0.0,lying,Charlotte,small
1785663783.4023561,3891421,0.144,-0.001,-1.0088,4.1504,1.2817,-0.1831,lying,Charlotte,small
1785663783.40236,3891471,0.1357,-0.0015,-1.0005,4.5166,1.1597,-0.1831,lying,Charlotte,small
1785663783.4023635,3891521,0.1401,-0.0049,-1.0044,4.3945,1.0986,-0.3662,lying,Charlotte,small
1785663784.2472515,3891663,0.1362,0.002,-1.0024,4.3945,1.1597,-0.061,lying,Charlotte,small
1785663784.247264,3891713,0.1353,0.0,-0.9985,4.2114,1.2817,-0.061,lying,Charlotte,small
1785663784.2472692,3891763,0.1392,-0.002,-1.0015,4.4556,1.2207,0.0,lying,Charlotte,small
1785663784.2472734,3891813,0.1411,-0.0059,-1.0029,4.2725,1.2817,-0.1831,lying,Charlotte,small
1785663784.2472777,3891863,0.1421,-0.0015,-0.998,4.3945,1.2207,-0.2441,lying,Charlotte,small
1785663784.2472816,3891913,0.1426,-0.0005,-1.002,4.3945,1.1597,0.0,lying,Charlotte,small
1785663784.247286,3891963,0.1431,-0.0059,-1.0,4.3945,1.0986,-0.3662,lying,Charlotte,small
1785663784.24729,3892013,0.144,-0.002,-1.0,4.2725,1.1597,0.061,lying,Charlotte,small
1785663784.2472935,3892063,0.1401,-0.0029,-0.9956,4.5776,1.2817,-0.1831,lying,Charlotte,small
1785663784.2472973,3892113,0.1387,0.0005,-1.002,4.3945,1.0986,-0.1221,lying,Charlotte,small
1785663785.6864128,3892507,0.1343,-0.0039,-0.9951,4.5166,1.2207,0.061,lying,Charlotte,small
1785663785.6864243,3892557,0.1421,-0.0005,-1.0,4.3945,1.2817,-0.1221,lying,Charlotte,small
1785663785.6864297,3892607,0.1421,0.0,-1.0015,4.0894,1.1597,-0.1221,lying,Charlotte,small
1785663785.6864343,3892657,0.1416,-0.002,-1.0034,4.3945,1.2817,-0.1221,lying,Charlotte,small
1785663785.6864383,3892707,0.1416,-0.0034,-0.9976,4.5166,1.0986,-0.1221,lying,Charlotte,small
1785663785.686442,3892757,0.1426,-0.001,-1.0034,4.3945,1.0986,-0.1221,lying,Charlotte,small
1785663785.6864462,3892807,0.1377,0.001,-1.0103,4.5776,1.2207,-0.1221,lying,Charlotte,small
1785663785.68645,3892857,0.1362,0.0,-1.0029,4.3945,1.3428,0.0,lying,Charlotte,small
1785663785.6864533,3892907,0.1426,-0.0005,-0.9951,4.2725,1.2207,-0.3662,lying,Charlotte,small
1785663785.6864572,3892957,0.1406,0.0015,-0.999,4.3945,1.1597,-0.1221,lying,Charlotte,small
1785663786.5088902,3893940,0.1396,-0.002,-1.0054,4.6387,1.2207,0.1221,lying,Charlotte,small
1785663786.508902,3893990,0.1362,-0.0005,-1.0039,4.3945,1.0986,-0.1221,lying,Charlotte,small
1785663786.5089076,3894040,0.1406,-0.0015,-0.999,4.4556,1.2817,0.1221,lying,Charlotte,small
1785663786.5089123,3894090,0.1362,-0.0049,-1.0059,4.3945,1.3428,-0.3662,lying,Charlotte,small
1785663786.5089169,3894140,0.1372,-0.0029,-1.0005,4.3945,1.2817,0.0,lying,Charlotte,small
1785663786.5089207,3894190,0.1401,-0.0015,-1.0049,4.6997,1.3428,-0.061,lying,Charlotte,small
1785663786.508925,3894240,0.1392,0.0029,-1.0005,4.5776,0.9766,-0.061,lying,Charlotte,small
1785663786.5089288,3894290,0.1392,0.0,-1.001,4.3335,1.2817,-0.1221,lying,Charlotte,small
1785663786.5089324,3894340,0.1396,-0.0054,-1.0059,4.3945,1.3428,-0.3662,lying,Charlotte,small
1785663786.5089362,3894390,0.1396,0.0,-1.0,4.7607,1.1597,-0.061,lying,Charlotte,small
1785663787.3930066,3894777,0.145,-0.0015,-0.9961,4.5166,1.0986,-0.3052,lying,Charlotte,small
1785663787.3930159,3894827,0.1421,-0.0049,-1.0034,4.5166,1.1597,0.3052,lying,Charlotte,small
1785663787.3930206,3894877,0.1392,-0.0034,-1.0034,4.3945,1.0986,0.0,lying,Charlotte,small
1785663787.393025,3894927,0.1406,-0.001,-1.0029,4.5166,1.1597,0.0,lying,Charlotte,small
1785663787.393029,3894977,0.1416,0.0015,-1.0015,4.4556,1.1597,0.0,lying,Charlotte,small
1785663787.3930328,3895027,0.1401,-0.0063,-1.001,4.5776,1.3428,-0.1221,lying,Charlotte,small
1785663787.3930366,3895077,0.1436,-0.0029,-0.9995,4.5166,1.2207,-0.1221,lying,Charlotte,small
1785663787.3930407,3895127,0.1426,0.0029,-1.0132,4.3945,1.1597,0.1221,lying,Charlotte,small
1785663787.3930445,3895177,0.1396,-0.0044,-0.9961,4.2725,1.4038,-0.4272,lying,Charlotte,small
1785663787.3930483,3895227,0.1338,0.0156,-0.9976,4.4556,0.7324,-0.061,lying,Charlotte,small
1785663789.8896315,3895879,0.1392,-0.002,-1.0015,4.5166,1.3428,-0.3052,lying,Charlotte,small
1785663789.8896437,3895929,0.1362,0.002,-1.0083,4.4556,1.1597,-0.1831,lying,Charlotte,small
1785663789.889649,3895979,0.1392,-0.0044,-1.0029,4.4556,1.2817,0.0,lying,Charlotte,small
1785663789.8896532,3896029,0.1406,0.0029,-0.9985,4.5776,1.0376,0.2441,lying,Charlotte,small
1785663789.8896575,3896079,0.1411,0.0005,-1.0059,4.6387,0.9766,-0.1831,lying,Charlotte,small
1785663789.8896618,3896129,0.1431,-0.0049,-1.0063,4.5776,1.3428,-0.1221,lying,Charlotte,small
1785663789.889666,3896179,0.1411,-0.001,-0.9961,4.3335,1.1597,-0.061,lying,Charlotte,small
1785663789.88967,3896229,0.146,-0.0063,-1.0059,4.4556,1.4038,0.0,lying,Charlotte,small
1785663789.8896735,3896279,0.1411,-0.0049,-1.0015,4.3945,1.4648,-0.1831,lying,Charlotte,small
1785663789.8896773,3896329,0.1382,0.0005,-1.001,4.5166,1.1597,0.1831,lying,Charlotte,small
1785663790.4086678,3898146,0.1396,-0.002,-1.0088,4.5166,1.0986,-0.061,lying,Charlotte,small
1785663790.408678,3898196,0.1387,-0.0039,-0.9985,4.2725,1.4038,-0.061,lying,Charlotte,small
1785663790.4086833,3898246,0.1387,0.0005,-0.9971,4.6387,1.0986,-0.2441,lying,Charlotte,small
1785663790.4086885,3898296,0.1367,-0.002,-1.0039,4.3945,1.1597,-0.1831,lying,Charlotte,small
1785663790.4086928,3898346,0.1387,-0.001,-1.001,4.5166,1.2207,-0.2441,lying,Charlotte,small
1785663790.4086967,3898396,0.1382,-0.002,-1.001,4.6387,1.1597,-0.1221,lying,Charlotte,small
1785663790.4087007,3898446,0.1401,0.0005,-1.0,4.3945,1.2207,-0.3662,lying,Charlotte,small
1785663790.4087045,3898496,0.1431,-0.0024,-1.0015,4.5166,1.2817,0.0,lying,Charlotte,small
1785663790.4087086,3898546,0.1377,-0.0015,-1.001,4.5166,1.0986,-0.1831,lying,Charlotte,small
1785663790.4087126,3898596,0.1406,-0.0049,-0.9966,4.3335,1.2207,-0.061,lying,Charlotte,small
1785663790.9344604,3898669,0.1436,-0.001,-1.0024,4.2725,1.3428,-0.3052,lying,Charlotte,small
1785663790.9344714,3898719,0.1426,0.0024,-1.0034,4.5776,1.3428,-0.2441,lying,Charlotte,small
1785663790.9344764,3898769,0.1392,0.002,-0.9995,4.5166,1.0986,-0.061,lying,Charlotte,small
1785663790.9344816,3898819,0.1426,-0.0029,-1.002,4.3945,1.0986,-0.3662,lying,Charlotte,small
1785663790.9344857,3898869,0.1392,0.0024,-0.999,4.6387,1.2207,-0.1831,lying,Charlotte,small
1785663790.9344895,3898919,0.1416,0.0024,-0.9966,4.3335,1.1597,0.061,lying,Charlotte,small
1785663790.934493,3898969,0.1396,-0.0015,-0.998,4.5166,1.5869,-0.4272,lying,Charlotte,small
1785663790.9344974,3899019,0.1392,-0.0029,-1.0049,4.3335,1.0986,-0.2441,lying,Charlotte,small
1785663790.9345012,3899069,0.1382,-0.002,-1.0044,4.3945,1.0986,-0.1831,lying,Charlotte,small
1785663790.934505,3899119,0.1396,-0.0029,-1.0034,4.5166,1.2817,-0.061,lying,Charlotte,small
1785663791.4849532,3899192,0.1372,-0.002,-1.0068,4.4556,1.2817,-0.1831,lying,Charlotte,small
1785663791.4849632,3899242,0.1353,-0.0005,-1.0049,4.4556,1.1597,-0.1221,lying,Charlotte,small
1785663791.4849684,3899292,0.1431,-0.0068,-1.0005,4.6997,1.4038,-0.061,lying,Charlotte,small
1785663791.4849727,3899342,0.1353,0.0005,-1.0029,4.6997,1.0986,-0.1831,lying,Charlotte,small
1785663791.484977,3899392,0.1401,-0.0034,-0.999,4.5166,1.2817,-0.061,lying,Charlotte,small
1785663791.4849808,3899442,0.1382,0.001,-0.9956,4.1504,1.0376,-0.4272,lying,Charlotte,small
1785663791.4849849,3899492,0.1431,0.0005,-1.0005,4.6997,1.0986,0.061,lying,Charlotte,small
1785663791.4849887,3899542,0.1372,-0.0024,-1.001,4.5166,0.9766,-0.3052,lying,Charlotte,small
1785663791.4849925,3899592,0.1421,-0.0054,-1.0034,4.6387,1.1597,-0.061,lying,Charlotte,small
1785663791.484996,3899642,0.1416,0.0005,-1.0,4.3335,1.4038,0.061,lying,Charlotte,small
1785663794.6383598,3900694,0.1411,0.0005,-0.9961,4.4556,1.1597,0.1831,lying,Charlotte,small
1785663794.6383698,3900744,0.1387,-0.0015,-1.0,4.3945,1.4648,-0.2441,lying,Charlotte,small
1785663794.6383748,3900794,0.1426,-0.001,-0.9995,4.5776,1.4038,-0.061,lying,Charlotte,small
1785663794.6383798,3900844,0.1421,-0.0029,-0.9995,4.5166,0.9766,0.0,lying,Charlotte,small
1785663794.6383836,3900894,0.1382,0.0024,-0.9971,4.4556,1.4038,-0.2441,lying,Charlotte,small
1785663794.6383874,3900944,0.1431,-0.001,-1.0015,4.6997,1.0986,0.1831,lying,Charlotte,small
1785663794.6383915,3900994,0.1401,0.002,-1.0,4.2114,1.0376,0.061,lying,Charlotte,small
1785663794.638395,3901044,0.1411,-0.0024,-0.9946,4.5776,1.2817,0.0,lying,Charlotte,small
1785663794.6383986,3901094,0.1406,0.0015,-1.0073,4.2114,1.0986,0.061,lying,Charlotte,small
1785663794.6384027,3901144,0.1367,0.002,-1.0088,4.3945,1.0986,-0.3052,lying,Charlotte,small
1785663795.448166,3902889,0.1426,-0.0029,-1.0049,4.3335,1.0986,-0.1831,lying,Charlotte,small
1785663795.4481761,3902939,0.1392,-0.0049,-0.9995,4.3945,1.0986,-0.3052,lying,Charlotte,small
1785663795.4481814,3902989,0.1392,-0.0034,-1.002,4.3945,1.1597,0.0,lying,Charlotte,small
1785663795.4481869,3903039,0.1357,-0.0015,-1.0078,4.4556,1.0986,-0.061,lying,Charlotte,small
1785663795.4481914,3903089,0.1421,0.0024,-0.999,4.3335,1.1597,-0.2441,lying,Charlotte,small
1785663795.4481957,3903139,0.1411,-0.0063,-1.0034,4.2725,1.4038,-0.3052,lying,Charlotte,small
1785663795.4481995,3903189,0.1396,-0.0039,-0.9985,4.5776,1.2207,-0.061,lying,Charlotte,small
1785663795.4482036,3903239,0.1406,-0.0005,-1.001,4.4556,1.1597,0.2441,lying,Charlotte,small
1785663795.4482074,3903289,0.1421,-0.0015,-0.9985,4.5776,1.3428,-0.1221,lying,Charlotte,small
1785663795.4482112,3903339,0.1392,0.0005,-1.0039,4.4556,1.1597,0.1221,lying,Charlotte,small
1785663795.9662168,3903702,0.1357,0.0024,-1.0029,4.3945,1.1597,-0.1221,lying,Charlotte,small
1785663795.966227,3903752,0.1357,-0.0029,-1.0059,4.2114,1.1597,-0.1221,lying,Charlotte,small
1785663795.966232,3903802,0.1387,-0.0049,-1.0049,4.2114,1.2817,-0.3052,lying,Charlotte,small
1785663795.9662364,3903852,0.1387,-0.0034,-0.999,4.2725,1.2817,0.0,lying,Charlotte,small
1785663795.9662404,3903902,0.1436,0.0,-0.9995,4.5166,1.2817,-0.4272,lying,Charlotte,small
1785663795.9662447,3903952,0.1416,-0.0005,-0.9937,4.2725,1.3428,0.0,lying,Charlotte,small
1785663795.9662492,3904002,0.1401,-0.0054,-0.9932,4.2725,1.1597,0.0,lying,Charlotte,small
1785663795.9662533,3904052,0.1387,0.001,-0.9995,4.3945,1.1597,0.061,lying,Charlotte,small
1785663795.9662569,3904102,0.1436,-0.0073,-0.998,4.3335,1.3428,0.0,lying,Charlotte,small
1785663795.9662604,3904152,0.1382,-0.0034,-1.0044,4.3945,1.2817,-0.1221,lying,Charlotte,small
1785663796.683367,3904220,0.1406,0.0005,-0.998,4.4556,0.9155,0.0,lying,Charlotte,small
1785663796.6833777,3904270,0.1431,-0.0044,-0.9951,4.6997,1.2207,-0.1831,lying,Charlotte,small
1785663796.6833832,3904320,0.1362,-0.0029,-0.9976,4.5166,1.2207,-0.1221,lying,Charlotte,small
1785663796.6833878,3904370,0.1396,0.0005,-1.0049,4.3945,1.1597,0.1221,lying,Charlotte,small
1785663796.683392,3904420,0.1411,0.0015,-1.0039,4.5166,1.0986,-0.3662,lying,Charlotte,small
1785663796.6833959,3904470,0.1406,-0.0024,-0.9956,4.4556,1.2207,0.0,lying,Charlotte,small
1785663796.6834,3904520,0.1406,-0.0015,-1.0005,4.5776,1.2207,-0.061,lying,Charlotte,small
1785663796.6834037,3904570,0.1416,-0.0005,-1.002,4.3945,1.1597,0.0,lying,Charlotte,small
1785663796.6834075,3904620,0.1426,0.0005,-1.0073,4.5166,1.0986,-0.3662,lying,Charlotte,small
1785663796.6834114,3904670,0.1426,-0.0044,-1.0015,4.4556,1.3428,-0.1831,lying,Charlotte,small
1785663797.4621542,3904942,0.1387,0.0015,-1.0029,4.3945,1.0376,-0.061,lying,Charlotte,small
1785663797.462166,3904992,0.1421,0.0,-1.0,4.3945,1.0986,0.1221,lying,Charlotte,small
1785663797.462171,3905042,0.1401,-0.0029,-0.9956,4.4556,1.2207,-0.1831,lying,Charlotte,small
1785663797.4621754,3905092,0.1426,-0.001,-0.9976,4.2725,1.1597,-0.1831,lying,Charlotte,small
1785663797.46218,3905142,0.1367,-0.0063,-1.0063,4.3945,1.2817,-0.1221,lying,Charlotte,small
1785663797.4621837,3905192,0.1406,-0.0039,-1.0083,4.5776,1.1597,-0.1221,lying,Charlotte,small
1785663797.4621875,3905242,0.144,-0.0029,-1.0063,4.4556,1.1597,0.1831,lying,Charlotte,small
1785663797.4621913,3905292,0.1406,0.001,-1.001,4.4556,1.1597,-0.1221,lying,Charlotte,small
1785663797.4621947,3905342,0.1396,-0.0063,-1.0044,4.4556,1.4038,-0.2441,lying,Charlotte,small
1785663797.4621987,3905392,0.1396,-0.0049,-1.0029,4.5166,1.3428,-0.2441,lying,Charlotte,small
1785663798.0178723,3905724,0.1392,0.002,-1.0059,4.3945,0.9766,-0.2441,lying,Charlotte,small
1785663798.0178833,3905774,0.1416,-0.0049,-1.0,4.3335,1.2207,0.1831,lying,Charlotte,small
1785663798.0178885,3905824,0.1431,0.0005,-0.9937,4.3945,1.0986,-0.3052,lying,Charlotte,small
1785663798.0178936,3905874,0.1416,-0.0029,-0.9976,4.4556,0.9155,0.0,lying,Charlotte,small
1785663798.0178978,3905924,0.1426,0.0015,-1.002,4.1504,1.4038,-0.5493,lying,Charlotte,small
1785663798.017902,3905974,0.1431,-0.0039,-0.9985,4.5776,1.2207,-0.1831,lying,Charlotte,small
1785663798.0179062,3906024,0.1377,0.0024,-1.0049,4.2725,1.0986,-0.2441,lying,Charlotte,small
1785663798.01791,3906074,0.1416,-0.002,-1.0044,4.3335,1.2817,0.0,lying,Charlotte,small
1785663798.0179136,3906124,0.1426,0.0029,-1.0024,4.5166,1.2817,-0.1221,lying,Charlotte,small
1785663798.0179172,3906174,0.1372,-0.0015,-0.9971,4.3945,1.3428,-0.1221,lying,Charlotte,small
1785663798.5522928,3906277,0.1382,0.0,-1.0039,4.4556,1.2817,-0.061,lying,Charlotte,small
1785663798.5523067,3906327,0.1426,-0.0039,-0.9976,4.4556,1.2817,-0.1221,lying,Charlotte,small
1785663798.5523129,3906377,0.1382,-0.0024,-0.9985,4.2725,1.2207,-0.3052,lying,Charlotte,small
1785663798.5523179,3906427,0.1401,-0.0044,-1.0034,4.3335,1.0376,-0.1221,lying,Charlotte,small
1785663798.5523226,3906477,0.1445,-0.001,-1.0024,4.5776,0.9766,-0.1831,lying,Charlotte,small
1785663798.5523276,3906527,0.1401,0.0,-1.0059,4.3335,1.3428,-0.1221,lying,Charlotte,small
1785663798.5523324,3906577,0.1362,-0.0029,-1.002,4.5166,1.4648,-0.3052,lying,Charlotte,small
1785663798.5523372,3906627,0.1411,0.0,-1.0034,4.3335,1.1597,-0.1831,lying,Charlotte,small
1785663798.5523415,3906677,0.1396,-0.0024,-0.999,4.5776,1.0986,-0.2441,lying,Charlotte,small
1785663798.5523462,3906727,0.1421,0.0005,-1.0063,4.5166,1.4648,0.0,lying,Charlotte,small
1785663801.4591613,3908897,0.1431,-0.0024,-1.0015,4.5166,1.4648,-0.3052,lying,Charlotte,small
1785663801.4591715,3908947,0.1416,-0.0049,-1.0073,4.3945,1.4038,0.061,lying,Charlotte,small
1785663801.4591773,3908997,0.1401,-0.0044,-1.002,4.4556,1.3428,0.0,lying,Charlotte,small
1785663801.4591815,3909047,0.1401,0.0059,-0.9995,4.3945,0.9766,-0.1831,lying,Charlotte,small
1785663801.4591858,3909097,0.1372,-0.0029,-0.9995,4.3335,1.4038,-0.1221,lying,Charlotte,small
1785663801.4591897,3909147,0.1392,-0.002,-0.998,4.5166,1.2207,-0.1221,lying,Charlotte,small
1785663801.4591937,3909197,0.1372,-0.0078,-0.998,4.6997,1.2207,-0.1221,lying,Charlotte,small
1785663801.4591973,3909247,0.1396,0.001,-1.0049,4.5776,1.2207,0.1831,lying,Charlotte,small
1785663801.4592013,3909297,0.1416,-0.0024,-1.0015,4.2114,0.9766,-0.1221,lying,Charlotte,small
1785663801.4592052,3909347,0.1416,-0.0024,-0.9976,4.4556,1.2817,0.1831,lying,Charlotte,small
1785663802.6826684,3909711,0.1396,-0.0049,-1.0015,4.3945,1.0986,0.1221,lying,Charlotte,small
1785663802.6826806,3909761,0.1392,-0.0015,-1.0005,4.5166,1.2207,-0.3052,lying,Charlotte,small
1785663802.6826859,3909811,0.1421,-0.0034,-1.0049,4.4556,1.2207,-0.2441,lying,Charlotte,small
1785663802.6826906,3909861,0.1411,-0.0015,-0.9976,4.3335,1.0986,-0.2441,lying,Charlotte,small
1785663802.6826944,3909911,0.1396,-0.0015,-1.002,4.5776,1.2817,-0.1831,lying,Charlotte,small
1785663802.6826985,3909961,0.1416,-0.0005,-1.0005,4.4556,1.2207,-0.061,lying,Charlotte,small
1785663802.6827025,3910011,0.1421,-0.0024,-0.9995,4.2114,1.1597,-0.061,lying,Charlotte,small
1785663802.682706,3910061,0.144,-0.0063,-1.0059,4.5776,1.3428,-0.1221,lying,Charlotte,small
1785663802.6827102,3910111,0.1382,0.0034,-1.002,4.5776,1.2817,-0.2441,lying,Charlotte,small
1785663802.6827137,3910161,0.1421,-0.0034,-1.0029,4.3335,1.3428,0.0,lying,Charlotte,small
1785663803.7057605,3910936,0.1401,-0.0078,-1.0078,4.3945,1.5259,-0.2441,lying,Charlotte,small
1785663803.7057726,3910986,0.1406,-0.0005,-0.9927,4.5776,1.2207,-0.1221,lying,Charlotte,small
1785663803.7057781,3911036,0.1445,-0.0029,-0.9961,4.2114,0.9155,-0.1831,lying,Charlotte,small
1785663803.705783,3911086,0.1421,-0.0029,-0.9995,4.5776,1.1597,0.2441,lying,Charlotte,small
1785663803.7057867,3911136,0.1401,-0.0024,-1.0122,4.5776,1.1597,0.1221,lying,Charlotte,small
1785663803.7057903,3911186,0.1377,-0.0063,-0.998,4.1504,0.9766,-0.2441,lying,Charlotte,small
1785663803.7057943,3911236,0.1406,0.0,-0.9961,4.5166,1.2207,0.061,lying,Charlotte,small
1785663803.7057984,3911286,0.1406,-0.0024,-1.001,4.3945,1.0376,-0.1221,lying,Charlotte,small
1785663803.7058022,3911336,0.1387,0.0005,-1.001,4.6997,1.0376,0.1831,lying,Charlotte,small
1785663803.705806,3911386,0.1348,0.002,-0.9976,4.5776,1.0376,-0.061,lying,Charlotte,small
1785663804.251713,3911970,0.1431,-0.0015,-0.998,4.5166,1.2207,-0.1831,lying,Charlotte,small
1785663804.2517216,3912020,0.1396,-0.0049,-1.0005,4.3945,1.1597,-0.061,lying,Charlotte,small
1785663804.2517262,3912070,0.1372,0.0039,-0.9937,4.5776,1.2207,-0.2441,lying,Charlotte,small
1785663804.2517297,3912120,0.1396,-0.0029,-0.9946,4.3335,1.0376,-0.1221,lying,Charlotte,small
1785663804.2517328,3912170,0.1421,-0.0024,-1.0,4.4556,1.0376,0.0,lying,Charlotte,small
1785663804.2517354,3912220,0.1372,0.0015,-0.9976,4.3335,1.2207,-0.2441,lying,Charlotte,small
1785663804.251739,3912270,0.1392,0.0015,-1.0,4.5776,1.3428,-0.3662,lying,Charlotte,small
1785663804.2517421,3912320,0.1392,-0.0015,-1.0,4.5776,1.2207,-0.1221,lying,Charlotte,small
1785663804.251745,3912370,0.1416,-0.0015,-1.0015,4.3335,1.0986,0.2441,lying,Charlotte,small
1785663804.251748,3912420,0.1367,-0.0029,-0.9897,4.4556,1.0986,-0.1221,lying,Charlotte,small
1785663805.8526728,3912506,0.1421,-0.0059,-1.0005,4.5166,0.9766,-0.2441,lying,Charlotte,small
1785663805.852686,3912556,0.1401,-0.001,-1.0049,4.5776,1.2207,-0.1831,lying,Charlotte,small
1785663805.8526912,3912606,0.1421,0.0005,-0.9985,4.5776,1.2207,-0.1831,lying,Charlotte,small
1785663805.8526947,3912656,0.1396,-0.002,-0.999,4.4556,1.4038,-0.2441,lying,Charlotte,small
1785663805.8526978,3912706,0.1387,-0.0034,-1.0039,4.3335,1.0376,-0.061,lying,Charlotte,small
1785663805.852701,3912756,0.1367,-0.002,-0.9956,4.2725,1.1597,-0.3662,lying,Charlotte,small
1785663805.8527043,3912806,0.1401,-0.0059,-0.9995,4.4556,1.1597,0.2441,lying,Charlotte,small
1785663805.8527071,3912856,0.1396,0.002,-0.9961,4.3335,1.2817,-0.1831,lying,Charlotte,small
1785663805.8527098,3912906,0.1357,-0.001,-1.0044,4.3945,1.0986,-0.1221,lying,Charlotte,small
1785663805.8527129,3912956,0.1387,0.0015,-1.0005,4.5166,1.2207,-0.3052,lying,Charlotte,small
1785663806.390948,3914108,0.1426,-0.002,-1.0039,4.5166,1.3428,-0.1221,lying,Charlotte,small
1785663806.3909564,3914158,0.1406,-0.0034,-1.0044,4.6387,1.3428,0.0,lying,Charlotte,small
1785663806.3909607,3914208,0.1426,-0.0024,-0.999,4.5776,1.2207,0.0,lying,Charlotte,small
1785663806.3909643,3914258,0.1406,0.0024,-1.002,4.3945,1.2817,0.1831,lying,Charlotte,small
1785663806.3909674,3914308,0.1406,-0.002,-0.9961,4.4556,1.0986,-0.3662,lying,Charlotte,small
1785663806.3909705,3914358,0.1431,-0.0024,-1.0005,4.5166,1.3428,-0.4272,lying,Charlotte,small
1785663806.3909738,3914408,0.1396,0.0015,-0.9971,4.5776,1.0376,-0.3052,lying,Charlotte,small
1785663806.3909774,3914458,0.1406,-0.0015,-1.001,4.3945,1.2207,-0.1831,lying,Charlotte,small
1785663806.3909807,3914508,0.1387,0.0044,-1.0039,4.5166,1.3428,0.061,lying,Charlotte,small
1785663806.3909836,3914558,0.1416,-0.0005,-1.0063,4.3945,1.0986,-0.4883,lying,Charlotte,small
1785663806.9161537,3914648,0.1406,-0.0005,-1.0054,4.3335,1.2817,-0.3052,lying,Charlotte,small
1785663806.916165,3914698,0.1401,0.0005,-1.0,4.4556,1.0986,-0.1221,lying,Charlotte,small
1785663806.9161704,3914748,0.1421,-0.0005,-1.0005,4.2114,1.1597,-0.2441,lying,Charlotte,small
1785663806.9161751,3914798,0.1436,-0.0005,-0.9966,4.3945,1.0986,-0.3052,lying,Charlotte,small
1785663806.9161794,3914848,0.1416,-0.0093,-1.0039,4.4556,1.3428,-0.061,lying,Charlotte,small
1785663806.9161837,3914898,0.1406,-0.0015,-0.9956,4.4556,1.2817,-0.3052,lying,Charlotte,small
1785663806.9161885,3914948,0.1396,-0.0054,-1.0078,4.4556,1.4038,-0.2441,lying,Charlotte,small
1785663806.916208,3914998,0.1401,0.0,-1.0034,4.4556,1.3428,-0.3662,lying,Charlotte,small
1785663806.9162128,3915048,0.1396,-0.0024,-0.9937,4.1504,1.2207,0.0,lying,Charlotte,small
1785663806.9162169,3915098,0.1406,-0.0083,-1.0034,4.5166,1.1597,-0.061,lying,Charlotte,small
1785663807.4553566,3915172,0.1421,-0.002,-1.0029,4.3335,0.8545,-0.061,lying,Charlotte,small
1785663807.4553652,3915222,0.1411,-0.0005,-1.0039,4.4556,1.0376,-0.061,lying,Charlotte,small
1785663807.4553692,3915272,0.1431,-0.002,-1.0029,4.5776,1.0986,-0.061,lying,Charlotte,small
1785663807.4553728,3915322,0.1401,-0.002,-1.0034,4.2725,1.2817,0.2441,lying,Charlotte,small
1785663807.455376,3915372,0.1396,-0.0034,-1.0029,4.2725,0.9766,-0.3662,lying,Charlotte,small
1785663807.455379,3915422,0.1382,0.001,-0.9976,4.5166,1.3428,0.1831,lying,Charlotte,small
1785663807.4553823,3915472,0.1436,-0.002,-0.998,4.3335,1.0376,-0.2441,lying,Charlotte,small
1785663807.4553854,3915522,0.1406,-0.0029,-1.0015,4.6997,1.1597,-0.3052,lying,Charlotte,small
1785663807.4553883,3915572,0.1416,0.0044,-1.0063,4.4556,1.0986,-0.3052,lying,Charlotte,small
1785663807.4553912,3915622,0.1406,-0.001,-1.0049,4.4556,1.0376,0.061,lying,Charlotte,small
1785663808.517895,3915709,0.1382,-0.001,-0.9937,4.3945,1.2817,0.1831,lying,Charlotte,small
1785663808.517912,3915759,0.1392,-0.0015,-1.0039,4.2114,1.0986,0.061,lying,Charlotte,small
1785663808.517917,3915809,0.1416,0.0,-0.9927,4.5166,1.2207,-0.1831,lying,Charlotte,small
1785663808.5179222,3915859,0.1406,0.0,-1.0107,4.5166,1.0986,0.0,lying,Charlotte,small
1785663808.517926,3915909,0.1411,0.001,-1.0034,4.3945,1.1597,-0.3662,lying,Charlotte,small
1785663808.5179298,3915959,0.1382,-0.0039,-0.9985,4.6997,1.1597,-0.061,lying,Charlotte,small
1785663808.5179336,3916009,0.1392,0.001,-1.0054,4.2114,0.9155,0.0,lying,Charlotte,small
1785663808.517938,3916059,0.1362,-0.0029,-0.9907,4.4556,1.0986,-0.061,lying,Charlotte,small
1785663808.5179415,3916109,0.1421,-0.0044,-1.002,4.3335,1.0376,-0.061,lying,Charlotte,small
1785663808.5179453,3916159,0.1392,-0.0024,-0.9985,4.4556,1.0986,-0.3052,lying,Charlotte,small
1785663809.3847396,3916771,0.1411,-0.0024,-0.998,4.5776,1.2207,0.061,lying,Charlotte,small
1785663809.384747,3916821,0.1431,-0.0059,-1.001,4.4556,1.3428,0.061,lying,Charlotte,small
1785663809.3847506,3916871,0.144,-0.0024,-0.999,4.5776,1.3428,-0.1221,lying,Charlotte,small
1785663809.3847542,3916921,0.1377,-0.0059,-1.0029,4.4556,1.1597,-0.1831,lying,Charlotte,small
1785663809.3847575,3916971,0.1406,-0.001,-1.002,4.4556,1.0376,0.061,lying,Charlotte,small
1785663809.3847606,3917021,0.1421,0.002,-0.999,4.5166,1.2207,-0.3662,lying,Charlotte,small
1785663809.384764,3917071,0.1401,-0.0054,-1.0049,4.3335,1.2207,-0.061,lying,Charlotte,small
1785663809.3847668,3917121,0.1382,-0.0029,-1.0024,4.3335,1.2207,-0.4272,lying,Charlotte,small
1785663809.3847697,3917171,0.1436,0.0005,-1.0103,4.3945,1.1597,-0.061,lying,Charlotte,small
1785663809.3847728,3917221,0.1396,-0.0015,-0.9976,4.6997,1.3428,-0.1831,lying,Charlotte,small
1785663810.2702012,3918002,0.1416,-0.0015,-1.0024,4.5776,0.9766,-0.1831,lying,Charlotte,small
1785663810.2702117,3918052,0.1367,0.0015,-1.0044,4.3945,1.2207,-0.061,lying,Charlotte,small
1785663810.2702172,3918102,0.1401,-0.0039,-1.0059,4.3945,1.0986,-0.2441,lying,Charlotte,small
1785663810.2702217,3918152,0.1387,-0.0049,-0.999,4.3945,1.1597,-0.061,lying,Charlotte,small
1785663810.2702258,3918202,0.1416,0.0015,-0.9966,4.3335,1.0986,-0.3052,lying,Charlotte,small
1785663810.2702296,3918252,0.1421,-0.0054,-0.9956,4.4556,1.1597,0.0,lying,Charlotte,small
1785663810.2702332,3918302,0.144,-0.0073,-1.0068,4.5166,1.2817,-0.3052,lying,Charlotte,small
1785663810.2702372,3918352,0.1436,-0.0049,-1.0088,4.3335,1.0986,-0.4272,lying,Charlotte,small
1785663810.270241,3918402,0.1401,-0.0024,-1.0034,4.5166,1.0986,0.2441,lying,Charlotte,small
1785663810.2702446,3918452,0.1396,-0.0034,-1.0029,4.2725,1.0376,-0.1221,lying,Charlotte,small
1785663810.7854087,3918525,0.1401,0.0029,-1.0049,4.3945,1.0376,0.0,lying,Charlotte,small
1785663810.7854235,3918575,0.1406,-0.0034,-1.001,4.3335,1.0376,-0.061,lying,Charlotte,small
1785663810.7854307,3918625,0.1382,0.0,-1.0015,4.3945,1.3428,-0.2441,lying,Charlotte,small
1785663810.7854373,3918675,0.1401,-0.0005,-1.002,4.5166,1.0986,-0.2441,lying,Charlotte,small
1785663810.7854443,3918725,0.1396,-0.0005,-1.0039,4.4556,1.2207,-0.3052,lying,Charlotte,small
1785663810.7854505,3918775,0.144,0.0024,-1.0063,4.4556,1.0986,0.061,lying,Charlotte,small
1785663810.7854567,3918825,0.1401,0.0024,-1.0029,4.5776,1.3428,0.0,lying,Charlotte,small
1785663810.7854624,3918875,0.1396,-0.0015,-0.998,4.2725,1.2817,-0.1831,lying,Charlotte,small
1785663810.7854686,3918925,0.1396,-0.001,-0.998,4.3945,1.2817,-0.061,lying,Charlotte,small
1785663810.785475,3918975,0.1416,-0.0034,-1.0054,4.3335,1.3428,-0.3662,lying,Charlotte,small
1785663811.3997452,3919037,0.1406,-0.0015,-1.0015,4.3335,1.0986,-0.3052,lying,Charlotte,small
1785663811.3997543,3919087,0.1396,-0.0039,-0.9971,4.5776,1.2817,0.061,lying,Charlotte,small
1785663811.3997583,3919137,0.1406,0.0015,-1.0044,4.3945,1.1597,0.0,lying,Charlotte,small
1785663811.399762,3919187,0.1377,-0.001,-1.0034,4.4556,1.2207,-0.1221,lying,Charlotte,small
1785663811.3997653,3919237,0.1426,-0.0015,-1.001,4.2725,1.1597,-0.3052,lying,Charlotte,small
1785663811.3997684,3919287,0.1372,0.001,-0.9976,4.5166,1.3428,-0.061,lying,Charlotte,small
1785663811.3997717,3919337,0.1401,-0.0024,-1.0059,4.2725,1.2207,-0.061,lying,Charlotte,small
1785663811.3997748,3919387,0.1406,0.002,-1.0044,4.5776,1.4038,-0.1221,lying,Charlotte,small
1785663811.399778,3919437,0.1382,-0.002,-0.9985,4.4556,1.3428,0.1221,lying,Charlotte,small
1785663811.3997808,3919487,0.1431,-0.0015,-1.0005,4.4556,1.3428,-0.2441,lying,Charlotte,small
1785663811.9695134,3919661,0.1401,0.0,-0.999,4.0894,1.1597,-0.2441,lying,Charlotte,small
1785663811.9695237,3919711,0.1357,0.0,-1.0029,4.3335,1.2207,-0.2441,lying,Charlotte,small
1785663811.9695292,3919761,0.1421,-0.0029,-1.0029,4.6387,1.4038,-0.1221,lying,Charlotte,small
1785663811.9695334,3919811,0.1421,-0.0015,-1.0,4.4556,1.2207,-0.1831,lying,Charlotte,small
1785663811.9695375,3919861,0.1396,-0.002,-1.0005,4.3945,1.2817,-0.4272,lying,Charlotte,small
1785663811.9695415,3919911,0.1401,-0.0024,-1.002,4.8218,0.7324,0.061,lying,Charlotte,small
1785663811.9695458,3919961,0.1406,0.0005,-1.0024,4.4556,0.7935,0.061,lying,Charlotte,small
1785663811.9695497,3920011,0.1401,0.002,-1.0005,4.2114,1.0986,-0.5493,lying,Charlotte,small
1785663811.9695535,3920061,0.1387,-0.001,-1.0,4.5776,1.1597,-0.1221,lying,Charlotte,small
1785663811.969557,3920111,0.1445,-0.0015,-1.0044,4.5166,1.2207,-0.3052,lying,Charlotte,small
1785663812.490854,3920223,0.1421,-0.002,-1.0049,4.5776,1.4038,0.061,lying,Charlotte,small
1785663812.490863,3920273,0.1426,-0.0005,-1.0039,4.4556,1.0376,-0.3662,lying,Charlotte,small
1785663812.4908674,3920323,0.1396,-0.0039,-1.0034,4.5166,1.2817,0.0,lying,Charlotte,small
1785663812.490871,3920373,0.1367,-0.0015,-0.9956,4.5166,0.8545,-0.2441,lying,Charlotte,small
1785663812.4908745,3920423,0.1406,-0.002,-1.002,4.4556,1.2207,-0.3662,lying,Charlotte,small
1785663812.4908776,3920473,0.1406,-0.0039,-0.9956,4.3945,1.1597,-0.1221,lying,Charlotte,small
1785663812.490881,3920523,0.1416,-0.0029,-1.0083,4.5776,1.2207,0.1221,lying,Charlotte,small
1785663812.490884,3920573,0.1323,0.0054,-0.999,4.4556,1.0986,-0.1831,lying,Charlotte,small
1785663812.4908872,3920623,0.147,-0.0142,-1.0049,4.3945,1.3428,0.0,lying,Charlotte,small
1785663812.49089,3920673,0.1411,0.002,-0.9971,4.5776,1.0986,0.0,lying,Charlotte,small
1785663813.3846605,3920745,0.1431,-0.0005,-1.0039,4.3335,1.0376,-0.061,lying,Charlotte,small
1785663813.3846676,3920795,0.1372,0.0015,-0.9976,4.4556,1.1597,-0.1831,lying,Charlotte,small
1785663813.3846717,3920845,0.1401,-0.0029,-1.0063,4.3945,1.2817,-0.3052,lying,Charlotte,small
1785663813.3846753,3920895,0.1396,-0.001,-0.9985,4.5166,1.2207,-0.061,lying,Charlotte,small
1785663813.3846786,3920945,0.1401,0.0015,-0.9971,4.1504,1.2207,-0.3662,lying,Charlotte,small
1785663813.3846817,3920995,0.1396,-0.0024,-1.0039,4.3335,1.2207,-0.3052,lying,Charlotte,small
1785663813.3846848,3921045,0.1406,0.002,-0.999,4.3945,1.0376,-0.1221,lying,Charlotte,small
1785663813.3846881,3921095,0.1406,0.0,-1.002,4.4556,1.2817,0.0,lying,Charlotte,small
1785663813.3846908,3921145,0.1362,0.0005,-1.0029,4.5776,1.2817,-0.061,lying,Charlotte,small
1785663813.384694,3921195,0.1372,0.0044,-0.9961,4.2114,1.0376,0.1221,lying,Charlotte,small
1785663814.178126,3921699,0.1416,0.0005,-0.9941,4.4556,1.0986,0.0,lying,Charlotte,small
1785663814.1781387,3921749,0.1421,-0.0034,-1.0034,4.3335,1.2817,-0.2441,lying,Charlotte,small
1785663814.178144,3921799,0.1406,0.0024,-0.9976,4.3945,1.4038,-0.1221,lying,Charlotte,small
1785663814.1781485,3921849,0.1392,0.0005,-0.9995,4.3945,1.0986,-0.4272,lying,Charlotte,small
1785663814.1781528,3921899,0.1416,-0.001,-1.0049,4.2725,1.1597,-0.3052,lying,Charlotte,small
1785663814.1781566,3921949,0.1396,-0.0063,-0.9995,4.2725,1.1597,-0.3052,lying,Charlotte,small
1785663814.1781604,3921999,0.1445,0.0049,-1.0098,4.4556,1.0986,-0.061,lying,Charlotte,small
1785663814.1781645,3922049,0.1392,-0.0034,-0.9922,4.4556,1.4038,0.061,lying,Charlotte,small
1785663814.1781683,3922099,0.1392,-0.0024,-0.9985,4.5166,1.2817,-0.061,lying,Charlotte,small
1785663814.1781719,3922149,0.1392,-0.0005,-0.9897,4.4556,1.0376,0.061,lying,Charlotte,small
1785663815.8364613,3922432,0.1436,-0.0029,-0.999,4.5776,1.2817,-0.2441,lying,Charlotte,small
1785663815.8364718,3922482,0.1396,-0.001,-0.999,4.4556,1.1597,-0.061,lying,Charlotte,small
1785663815.8364778,3922532,0.1421,-0.0034,-1.002,4.3945,1.1597,-0.061,lying,Charlotte,small
1785663815.8364823,3922582,0.1401,-0.0024,-1.001,4.3945,1.0376,-0.4272,lying,Charlotte,small
1785663815.8364863,3922632,0.1416,-0.0029,-1.0015,4.2114,1.1597,-0.1221,lying,Charlotte,small
1785663815.8364904,3922682,0.1411,-0.0024,-0.9951,4.3945,1.1597,-0.1831,lying,Charlotte,small
1785663815.8364944,3922732,0.1426,-0.0005,-0.9961,4.6387,1.0986,0.061,lying,Charlotte,small
1785663815.8364985,3922782,0.1396,-0.0005,-1.0029,4.5776,1.2207,0.061,lying,Charlotte,small
1785663815.836502,3922832,0.1377,0.0034,-0.9956,4.4556,0.9766,-0.061,lying,Charlotte,small
1785663815.836506,3922882,0.1416,-0.0039,-1.0049,4.4556,1.2207,-0.061,lying,Charlotte,small
1785663816.607462,3924087,0.1411,-0.0059,-0.998,4.6387,1.0376,-0.3662,lying,Charlotte,small
1785663816.6074734,3924137,0.1401,0.0005,-0.9976,4.4556,1.0376,-0.1831,lying,Charlotte,small
1785663816.607479,3924187,0.1396,-0.002,-0.9976,4.5166,1.4648,-0.1221,lying,Charlotte,small
1785663816.6074834,3924237,0.1392,0.0034,-1.0054,4.4556,1.0986,0.061,lying,Charlotte,small
1785663816.6074874,3924287,0.1401,0.0034,-1.0015,4.4556,1.2207,0.1221,lying,Charlotte,small
1785663816.6074913,3924337,0.1431,-0.0049,-0.9946,4.5776,1.0986,0.061,lying,Charlotte,small
1785663816.6074953,3924387,0.1333,0.0098,-0.9985,4.2114,0.9155,0.1221,lying,Charlotte,small
1785663816.6074991,3924437,0.1504,-0.0215,-1.0039,4.3945,1.4648,-0.2441,lying,Charlotte,small
1785663816.6075027,3924487,0.1289,0.0195,-0.9922,4.6387,0.9155,-0.061,lying,Charlotte,small
1785663816.6075065,3924537,0.1489,-0.0254,-1.0137,4.5776,1.6479,-0.2441,lying,Charlotte,small
1785663817.392974,3924864,0.1333,0.0034,-0.998,4.6387,1.1597,0.0,lying,Charlotte,small
1785663817.3929808,3924914,0.1387,0.0034,-0.9966,4.3335,1.0986,-0.2441,lying,Charlotte,small
1785663817.3929846,3924964,0.144,-0.0054,-0.9985,4.4556,1.2817,-0.2441,lying,Charlotte,small
1785663817.3929882,3925014,0.1489,-0.0083,-0.9995,4.3945,1.4648,-0.1831,lying,Charlotte,small
1785663817.3929913,3925064,0.1392,0.002,-1.0034,4.3945,1.0376,-0.1221,lying,Charlotte,small
1785663817.3929944,3925114,0.1411,-0.002,-1.0039,4.2114,1.0376,-0.061,lying,Charlotte,small
1785663817.3929973,3925164,0.1416,-0.0107,-1.0024,4.5776,1.0986,-0.1831,lying,Charlotte,small
1785663817.3930004,3925214,0.1323,0.0117,-0.9956,4.5166,1.0986,0.061,lying,Charlotte,small
1785663817.3930035,3925264,0.1396,-0.0034,-1.0044,4.5166,1.0376,-0.1221,lying,Charlotte,small
1785663817.3930066,3925314,0.1431,-0.0005,-1.002,4.5776,1.2817,-0.1221,lying,Charlotte,small
1785663817.9508033,3925676,0.1396,-0.0005,-1.0059,4.5776,1.0986,-0.3662,lying,Charlotte,small
1785663817.9508135,3925726,0.1377,-0.0005,-0.999,4.3335,1.2817,0.0,lying,Charlotte,small
1785663817.9508188,3925776,0.1392,0.001,-0.9941,4.6997,1.2207,0.061,lying,Charlotte,small
1785663817.9508233,3925826,0.1411,-0.0068,-1.0073,4.5776,1.2817,-0.2441,lying,Charlotte,small
1785663817.9508278,3925876,0.1436,-0.0034,-0.9946,4.3335,1.1597,0.1221,lying,Charlotte,small
1785663817.9508317,3925926,0.1382,0.0005,-1.002,4.4556,1.2817,-0.1221,lying,Charlotte,small
1785663817.9508355,3925976,0.1396,0.0015,-1.0034,4.3945,0.9766,0.0,lying,Charlotte,small
1785663817.9508393,3926026,0.1416,0.0034,-1.0024,4.2725,1.0376,0.0,lying,Charlotte,small
1785663817.9508429,3926076,0.144,-0.0039,-1.0034,4.4556,1.0986,-0.061,lying,Charlotte,small
1785663817.950847,3926126,0.1406,-0.0005,-0.998,4.4556,1.2207,0.061,lying,Charlotte,small
1785663818.9616134,3926229,0.1387,-0.0015,-1.0039,4.5776,1.2207,-0.2441,lying,Charlotte,small
1785663818.9616258,3926279,0.1416,0.0005,-0.9966,4.4556,1.4038,-0.2441,lying,Charlotte,small
1785663818.961631,3926329,0.1406,0.0024,-0.9951,4.5776,1.0376,-0.1221,lying,Charlotte,small
1785663818.9616356,3926379,0.1401,-0.0005,-0.9976,4.5166,1.2207,-0.061,lying,Charlotte,small
1785663818.9616396,3926429,0.1431,-0.0039,-0.9995,4.5166,1.4038,-0.2441,lying,Charlotte,small
1785663818.9616435,3926479,0.1382,0.0015,-0.9951,4.6997,1.3428,0.061,lying,Charlotte,small
1785663818.9616473,3926529,0.1411,-0.0005,-1.0068,4.8218,0.9155,0.0,lying,Charlotte,small
1785663818.961651,3926579,0.1396,0.001,-1.0015,4.5776,1.2817,0.0,lying,Charlotte,small
1785663818.9616551,3926629,0.1382,0.0005,-1.002,4.5166,1.2817,-0.3052,lying,Charlotte,small
1785663818.961659,3926679,0.1382,-0.0034,-1.0,4.5166,1.1597,-0.1831,lying,Charlotte,small
1785663819.621787,3927216,0.1387,0.002,-0.9902,4.3335,0.8545,-0.1831,lying,Charlotte,small
1785663819.6217973,3927266,0.1406,-0.002,-0.9985,4.5166,1.0986,0.061,lying,Charlotte,small
1785663819.6218026,3927316,0.1411,0.002,-1.0063,4.2114,1.0986,-0.2441,lying,Charlotte,small
1785663819.6218073,3927366,0.1396,-0.0039,-0.9966,4.4556,1.2207,0.1221,lying,Charlotte,small
1785663819.6218112,3927416,0.1406,-0.0044,-1.0034,4.5166,0.9155,-0.2441,lying,Charlotte,small
1785663819.6218154,3927466,0.1421,-0.0034,-1.0,4.3945,0.9766,0.0,lying,Charlotte,small
1785663819.6218195,3927516,0.1387,0.0015,-0.9961,4.4556,1.2207,-0.061,lying,Charlotte,small
1785663819.6218238,3927566,0.1406,-0.002,-1.0029,4.3335,1.4038,-0.2441,lying,Charlotte,small
1785663819.6218278,3927616,0.1416,-0.0054,-0.999,4.4556,1.2207,0.1221,lying,Charlotte,small
1785663819.6218317,3927666,0.145,-0.001,-1.001,4.3335,1.0376,-0.1831,lying,Charlotte,small
1785663820.7090218,3927879,0.1387,0.0024,-0.9927,4.4556,0.9766,-0.061,lying,Charlotte,small
1785663820.709034,3927929,0.1421,-0.0005,-1.0029,4.3945,1.1597,-0.2441,lying,Charlotte,small
1785663820.7090397,3927979,0.1372,-0.0039,-1.0039,4.3945,1.4648,0.061,lying,Charlotte,small
1785663820.7090442,3928029,0.1377,0.001,-0.9922,4.3335,1.2207,-0.1221,lying,Charlotte,small
1785663820.7090483,3928079,0.1421,-0.0068,-1.0083,4.0894,1.2817,-0.1831,lying,Charlotte,small
1785663820.709052,3928129,0.1382,-0.0015,-0.998,4.4556,1.2817,0.061,lying,Charlotte,small
1785663820.7090561,3928179,0.1431,0.0034,-0.9966,4.5166,1.2207,-0.1831,lying,Charlotte,small
1785663820.7090604,3928229,0.144,-0.0034,-0.9946,4.5166,1.1597,0.0,lying,Charlotte,small
1785663820.7090642,3928279,0.1426,-0.0015,-1.0059,4.4556,1.2207,-0.2441,lying,Charlotte,small
1785663820.7090683,3928329,0.1431,-0.0034,-1.002,4.2725,1.2207,-0.061,lying,Charlotte,small
1785663821.4181309,3928962,0.1396,-0.0015,-1.0034,4.5166,1.2207,-0.1831,lying,Charlotte,small
1785663821.4181406,3929012,0.1426,-0.0024,-1.001,4.3945,1.2207,-0.1831,lying,Charlotte,small
1785663821.4181461,3929062,0.1431,-0.0054,-1.0039,4.5776,1.2207,-0.061,lying,Charlotte,small
1785663821.4181504,3929112,0.1431,-0.0039,-1.001,4.2114,1.0376,0.061,lying,Charlotte,small
1785663821.4181547,3929162,0.1401,-0.0063,-1.001,4.3945,1.3428,-0.1831,lying,Charlotte,small
1785663821.4181585,3929212,0.1406,-0.001,-1.001,4.1504,1.0986,-0.1831,lying,Charlotte,small
1785663821.4181623,3929262,0.1406,0.0015,-1.0024,4.5776,1.4648,-0.1831,lying,Charlotte,small
1785663821.4181662,3929312,0.1426,-0.0103,-1.002,4.5166,1.3428,-0.4883,lying,Charlotte,small
1785663821.4181702,3929362,0.1387,-0.0039,-1.0015,4.3335,1.1597,0.1221,lying,Charlotte,small
1785663821.4181738,3929412,0.1406,-0.0059,-1.0039,4.4556,1.0986,0.1831,lying,Charlotte,small
1785663821.9587169,3929674,0.1372,0.001,-1.0029,4.4556,0.9766,-0.1831,lying,Charlotte,small
1785663821.9587274,3929724,0.1392,-0.0024,-1.0024,4.4556,1.1597,-0.1831,lying,Charlotte,small
1785663821.9587324,3929774,0.1382,0.001,-0.9976,4.6997,1.2207,-0.1831,lying,Charlotte,small
1785663821.958737,3929824,0.1426,-0.0039,-1.0049,4.3335,1.2817,-0.3052,lying,Charlotte,small
1785663821.9587407,3929874,0.1392,-0.0034,-0.998,4.4556,1.4648,-0.3052,lying,Charlotte,small
1785663821.9587443,3929924,0.145,-0.0005,-1.0098,4.3945,1.1597,0.061,lying,Charlotte,small
1785663821.9587483,3929974,0.1436,0.002,-0.9971,4.4556,1.2817,-0.061,lying,Charlotte,small
1785663821.9587522,3930024,0.1357,-0.002,-1.0034,4.5776,1.0986,-0.3052,lying,Charlotte,small
1785663821.9587562,3930074,0.1392,0.0,-0.999,4.5166,1.0376,0.1221,lying,Charlotte,small
1785663821.95876,3930124,0.1426,-0.0015,-0.9995,4.5776,1.0986,0.0,lying,Charlotte,small
1785663823.1713402,3930209,0.1401,-0.0049,-1.0063,4.4556,0.9766,-0.2441,lying,Charlotte,small
1785663823.1713579,3930259,0.1396,-0.002,-0.999,4.4556,1.4038,0.1221,lying,Charlotte,small
1785663823.171363,3930309,0.1387,-0.0024,-1.0078,4.3335,1.1597,-0.3052,lying,Charlotte,small
1785663823.1713674,3930359,0.1416,-0.0024,-1.0,4.4556,1.2207,-0.1221,lying,Charlotte,small
1785663823.1713712,3930409,0.144,0.0,-0.9941,4.5166,1.0986,0.061,lying,Charlotte,small
1785663823.1713753,3930459,0.1406,-0.0005,-1.002,4.3945,1.2817,-0.061,lying,Charlotte,small
1785663823.1713798,3930509,0.1401,-0.0034,-1.0059,4.2114,1.1597,0.061,lying,Charlotte,small
1785663823.1713839,3930559,0.144,-0.0029,-1.0054,4.5166,1.1597,-0.3052,lying,Charlotte,small
1785663823.1713877,3930609,0.1396,0.001,-1.0029,4.4556,1.2817,-0.2441,lying,Charlotte,small
1785663823.1713915,3930659,0.1367,-0.0015,-1.0005,4.4556,1.1597,-0.061,lying,Charlotte,small
1785663825.3117843,3931429,0.1401,-0.001,-1.002,4.3335,1.1597,-0.061,lying,Charlotte,small
1785663825.3117993,3931479,0.1392,0.0015,-0.998,4.3945,1.0986,-0.4883,lying,Charlotte,small
1785663825.3118048,3931529,0.1396,-0.001,-1.0029,4.4556,1.0986,-0.2441,lying,Charlotte,small
1785663825.3118093,3931579,0.1401,-0.0005,-1.0039,4.3945,1.1597,-0.1221,lying,Charlotte,small
1785663825.3118134,3931629,0.1392,-0.0015,-1.0044,4.5166,1.2207,-0.1221,lying,Charlotte,small
1785663825.3118172,3931679,0.1411,-0.0005,-1.0029,4.6387,1.1597,-0.1221,lying,Charlotte,small
1785663825.3118212,3931729,0.1455,-0.0034,-1.001,4.3335,1.0376,-0.1221,lying,Charlotte,small
1785663825.3118248,3931779,0.1416,-0.002,-1.0059,4.3945,1.2207,0.2441,lying,Charlotte,small
1785663825.3118289,3931829,0.1416,-0.0039,-1.0039,4.3335,1.1597,-0.1221,lying,Charlotte,small
1785663825.3118324,3931879,0.1367,0.0015,-0.999,4.3335,1.1597,0.3052,lying,Charlotte,small
1785663828.6953804,3933562,0.147,-0.0083,-1.0029,4.3335,1.0986,-0.061,lying,Charlotte,small
1785663828.6953905,3933612,0.144,-0.002,-1.0054,4.5166,1.1597,0.061,lying,Charlotte,small
1785663828.6953955,3933662,0.1436,-0.001,-0.9995,4.4556,0.9766,0.1221,lying,Charlotte,small
1785663828.6954002,3933712,0.1396,-0.0049,-1.0005,4.4556,1.4038,-0.1221,lying,Charlotte,small
1785663828.6954043,3933762,0.1382,0.0039,-0.9985,4.3335,1.1597,0.1221,lying,Charlotte,small
1785663828.695408,3933812,0.1411,-0.0044,-1.0049,4.6387,0.9155,-0.1831,lying,Charlotte,small
1785663828.6954122,3933862,0.144,0.001,-0.9976,4.2725,1.2817,-0.3662,lying,Charlotte,small
1785663828.6954162,3933912,0.1421,-0.001,-0.998,4.5776,1.2817,0.1831,lying,Charlotte,small
1785663828.6954198,3933962,0.1377,-0.0015,-0.999,4.3945,1.0986,-0.2441,lying,Charlotte,small
1785663828.6954238,3934012,0.1401,-0.0015,-0.9961,4.3945,1.0376,-0.1221,lying,Charlotte,small
1785663829.5495632,3936947,0.1353,0.0029,-1.0,4.1504,1.1597,0.061,lying,Charlotte,small
1785663829.5495737,3936997,0.1367,0.0034,-1.001,4.3945,1.0986,-0.1221,lying,Charlotte,small
1785663829.549579,3937047,0.1387,-0.0005,-0.9946,4.4556,1.2817,-0.4272,lying,Charlotte,small
1785663829.5495837,3937097,0.1377,-0.0029,-1.0034,4.4556,1.1597,-0.061,lying,Charlotte,small
1785663829.5495875,3937147,0.1411,0.0005,-0.9976,4.3335,1.0376,-0.1831,lying,Charlotte,small
1785663829.5495915,3937197,0.1362,-0.0059,-1.0,4.4556,0.9766,-0.1831,lying,Charlotte,small
1785663829.5495956,3937247,0.1426,0.0005,-1.002,4.3945,0.8545,-0.1831,lying,Charlotte,small
1785663829.5495992,3937297,0.1426,-0.0015,-1.002,4.5776,1.4038,-0.1221,lying,Charlotte,small
1785663829.5496032,3937347,0.1411,-0.0049,-1.0039,4.4556,1.4038,-0.061,lying,Charlotte,small
1785663829.5496068,3937397,0.1377,-0.0015,-0.9971,4.4556,0.9155,-0.1831,lying,Charlotte,small
1785663832.5788455,3937811,0.1401,-0.001,-0.9956,4.3945,1.1597,-0.061,lying,Charlotte,small
1785663832.5788586,3937861,0.1396,-0.0024,-0.9941,4.2114,1.0376,-0.1221,lying,Charlotte,small
1785663832.5788639,3937911,0.1401,-0.0044,-1.0039,4.6387,1.2207,0.1221,lying,Charlotte,small
1785663832.5788684,3937961,0.1396,0.0005,-0.9976,4.5166,1.1597,-0.061,lying,Charlotte,small
1785663832.5788727,3938011,0.1421,-0.0039,-1.002,4.4556,0.8545,-0.061,lying,Charlotte,small
1785663832.5788765,3938061,0.1396,-0.0044,-0.998,4.4556,1.1597,-0.3052,lying,Charlotte,small
1785663832.5788803,3938111,0.1382,0.001,-1.0049,4.4556,1.2817,-0.3052,lying,Charlotte,small
1785663832.5788841,3938161,0.144,-0.0044,-1.001,4.4556,1.4038,-0.2441,lying,Charlotte,small
1785663832.5788877,3938211,0.1392,0.0,-1.0044,4.5166,1.1597,-0.1831,lying,Charlotte,small
1785663832.5788918,3938261,0.1426,-0.0054,-0.9956,4.5166,1.1597,0.061,lying,Charlotte,small
1785663834.8421903,3940832,0.1416,0.0063,-0.9985,4.1504,0.8545,-0.1221,lying,Charlotte,small
1785663834.8422065,3940882,0.1431,-0.0034,-1.0005,4.4556,1.2207,-0.1221,lying,Charlotte,small
1785663834.8422117,3940932,0.1421,-0.0049,-1.0054,4.3335,1.2817,-0.1221,lying,Charlotte,small
1785663834.842216,3940982,0.1411,-0.0005,-0.9951,4.5166,1.1597,0.061,lying,Charlotte,small
1785663834.84222,3941032,0.1455,-0.002,-1.0015,4.3945,1.0986,-0.2441,lying,Charlotte,small
1785663834.842224,3941082,0.1455,-0.0029,-1.001,4.5776,1.1597,-0.1831,lying,Charlotte,small
1785663834.842228,3941132,0.1421,0.002,-1.001,4.2725,0.8545,0.2441,lying,Charlotte,small
1785663834.8422318,3941182,0.1416,-0.0044,-0.998,4.3335,1.1597,-0.1221,lying,Charlotte,small
1785663834.8422358,3941232,0.1421,-0.0059,-1.0034,4.3945,1.2817,-0.1831,lying,Charlotte,small
1785663834.8422394,3941282,0.1411,0.0005,-1.0063,4.7607,1.1597,-0.2441,lying,Charlotte,small
1785663836.9897966,3943097,0.1426,-0.0073,-1.0039,4.4556,1.1597,-0.2441,lying,Charlotte,small
1785663836.989808,3943147,0.1362,0.001,-1.0059,4.3945,1.1597,-0.061,lying,Charlotte,small
1785663836.9898124,3943197,0.1401,-0.0063,-1.0049,4.6997,1.2207,0.0,lying,Charlotte,small
1785663836.9898164,3943247,0.1411,-0.0054,-1.001,4.6387,1.2207,0.1221,lying,Charlotte,small
1785663836.9898198,3943297,0.1367,-0.0005,-0.9995,4.4556,1.0376,-0.2441,lying,Charlotte,small
1785663836.9898229,3943347,0.1421,-0.0063,-1.0024,4.5166,1.4038,-0.4272,lying,Charlotte,small
1785663836.9898264,3943397,0.1343,0.0059,-1.0029,4.2725,1.0376,0.1831,lying,Charlotte,small
1785663836.9898295,3943447,0.1353,0.001,-1.0063,4.2114,0.7935,-0.1221,lying,Charlotte,small
1785663836.9898326,3943497,0.147,-0.0039,-0.9971,4.6387,1.2817,0.3662,lying,Charlotte,small
1785663836.9898355,3943547,0.1377,-0.0054,-1.0039,4.3945,1.1597,-0.061,lying,Charlotte,small
1785663840.1754813,3945241,0.1416,-0.0015,-0.9927,4.6387,1.2817,-0.1831,lying,Charlotte,small
1785663840.1754942,3945291,0.1377,-0.0044,-1.002,4.2725,1.2817,-0.1831,lying,Charlotte,small
1785663840.1754994,3945341,0.1382,-0.0015,-1.002,4.3945,1.2207,-0.1221,lying,Charlotte,small
1785663840.1755042,3945391,0.145,0.002,-1.0005,4.3945,0.7935,-0.2441,lying,Charlotte,small
1785663840.1755083,3945441,0.1406,-0.0044,-1.0,4.4556,1.2817,-0.1831,lying,Charlotte,small
1785663840.1755118,3945491,0.1436,-0.0059,-0.9985,4.2725,1.1597,-0.061,lying,Charlotte,small
1785663840.1755161,3945541,0.1348,0.0034,-1.0,4.1504,1.0376,-0.061,lying,Charlotte,small
1785663840.1755197,3945591,0.1353,-0.001,-0.9951,4.3335,1.2207,-0.1221,lying,Charlotte,small
1785663840.1755235,3945641,0.1396,-0.0015,-1.0044,4.5166,1.0376,-0.1221,lying,Charlotte,small
1785663840.1755273,3945691,0.1401,0.002,-0.9897,4.6997,1.1597,0.0,lying,Charlotte,small
1785663843.6745677,3948454,0.1357,0.0029,-0.9956,4.7607,1.4038,-0.2441,lying,Charlotte,small
1785663843.674581,3948504,0.1436,-0.002,-1.0044,4.5776,1.2207,0.1221,lying,Charlotte,small
1785663843.6745865,3948554,0.1387,-0.0044,-1.001,4.5166,1.0986,-0.1221,lying,Charlotte,small
1785663843.674591,3948604,0.1416,-0.0044,-0.9951,4.2725,1.0986,-0.1831,lying,Charlotte,small
1785663843.6745949,3948654,0.1416,-0.0005,-0.9971,4.3335,1.2207,-0.2441,lying,Charlotte,small
1785663843.674599,3948704,0.1362,-0.0049,-0.9951,4.3335,1.2207,0.1221,lying,Charlotte,small
1785663843.674603,3948754,0.147,-0.0146,-1.0063,4.5166,1.4038,-0.061,lying,Charlotte,small
1785663843.674607,3948804,0.1421,-0.0098,-1.0034,4.0894,1.2207,-0.1221,lying,Charlotte,small
1785663843.6746106,3948854,0.1401,-0.0015,-0.9995,4.4556,1.0376,0.0,lying,Charlotte,small
1785663843.6746151,3948904,0.1396,0.0039,-0.999,4.6997,1.2207,-0.1221,lying,Charlotte,small
1785663844.2273655,3951926,0.1392,-0.0005,-1.0024,4.4556,1.3428,-0.1221,lying,Charlotte,small
1785663844.2273755,3951976,0.1421,-0.0034,-0.999,4.3945,1.0986,-0.2441,lying,Charlotte,small
1785663844.2273815,3952026,0.1382,0.001,-0.9976,4.5776,1.1597,-0.061,lying,Charlotte,small
1785663844.227387,3952076,0.1387,-0.0049,-1.0034,4.2114,1.2817,-0.1221,lying,Charlotte,small
1785663844.227391,3952126,0.1377,-0.0039,-1.0024,4.5166,1.0986,-0.2441,lying,Charlotte,small
1785663844.2273948,3952176,0.1377,-0.002,-0.9937,4.6387,1.2207,0.061,lying,Charlotte,small
1785663844.2273989,3952226,0.1387,0.001,-0.9941,4.5166,1.1597,0.061,lying,Charlotte,small
1785663844.2274024,3952276,0.1411,0.0,-0.9917,4.4556,1.1597,-0.1221,lying,Charlotte,small
1785663844.2274063,3952326,0.1401,-0.0059,-1.0049,4.3335,1.2817,-0.3052,lying,Charlotte,small
1785663844.2274103,3952376,0.1372,-0.0049,-0.9995,4.4556,1.4038,0.2441,lying,Charlotte,small
1785663846.208642,3952482,0.1406,-0.001,-1.0,4.5166,1.2207,-0.061,lying,Charlotte,small
1785663846.208659,3952532,0.1392,-0.0034,-1.0029,4.5776,1.3428,-0.1831,lying,Charlotte,small
1785663846.2086644,3952582,0.1411,0.0005,-0.9961,4.4556,1.0986,-0.061,lying,Charlotte,small
1785663846.2086692,3952632,0.1401,0.0024,-1.0,4.4556,1.2817,-0.3052,lying,Charlotte,small
1785663846.208673,3952682,0.1401,0.0005,-1.0068,4.5166,1.0376,0.061,lying,Charlotte,small
1785663846.2086766,3952732,0.1367,-0.001,-1.002,4.2725,1.2817,-0.6104,lying,Charlotte,small
1785663846.2086806,3952782,0.1396,-0.0039,-0.9971,4.5776,1.1597,0.1831,lying,Charlotte,small
1785663846.2086844,3952832,0.1406,0.0005,-0.9956,4.4556,1.1597,-0.061,lying,Charlotte,small
1785663846.2086885,3952882,0.145,-0.0024,-0.9976,4.4556,0.9766,-0.061,lying,Charlotte,small
1785663846.2086923,3952932,0.1382,-0.001,-1.0044,4.6387,1.1597,-0.1831,lying,Charlotte,small
1785663846.7250178,3954457,0.1411,0.0034,-1.0063,4.3945,0.8545,0.0,lying,Charlotte,small
1785663846.7250285,3954507,0.1382,0.0015,-1.0029,4.4556,1.2207,0.061,lying,Charlotte,small
1785663846.7250342,3954557,0.1416,-0.0005,-0.9985,4.6387,1.0986,-0.3052,lying,Charlotte,small
1785663846.7250402,3954607,0.1396,-0.001,-1.002,4.3335,1.2817,-0.061,lying,Charlotte,small
1785663846.7250445,3954657,0.1401,0.002,-1.0029,4.5166,1.1597,0.0,lying,Charlotte,small
1785663846.725048,3954707,0.1416,0.0029,-1.0034,4.3945,0.9766,-0.3052,lying,Charlotte,small
1785663846.725052,3954757,0.1382,0.001,-0.9976,4.3335,1.3428,-0.061,lying,Charlotte,small
1785663846.725056,3954807,0.146,-0.0039,-1.001,4.5776,1.2817,-0.1831,lying,Charlotte,small
1785663846.7250595,3954857,0.1421,-0.0005,-1.0044,4.5776,0.7935,-0.1221,lying,Charlotte,small
1785663846.7250633,3954907,0.1396,-0.0015,-1.0034,4.5166,1.0376,-0.2441,lying,Charlotte,small
1785663847.2480478,3954980,0.1426,0.0015,-0.9961,4.5166,1.0986,-0.2441,lying,Charlotte,small
1785663847.2480583,3955030,0.1406,-0.0059,-1.0005,4.6387,1.2207,0.0,lying,Charlotte,small
1785663847.2480636,3955080,0.1411,-0.0034,-1.0024,4.3945,1.0986,-0.1221,lying,Charlotte,small
1785663847.248068,3955130,0.1426,-0.0029,-1.0039,4.3335,1.2207,0.0,lying,Charlotte,small
1785663847.2480717,3955180,0.1406,-0.0044,-0.9995,4.4556,1.2817,-0.061,lying,Charlotte,small
1785663847.2480755,3955230,0.1372,0.001,-0.9985,4.4556,1.2207,-0.4272,lying,Charlotte,small
1785663847.2480798,3955280,0.1421,0.0015,-1.001,4.4556,0.8545,-0.2441,lying,Charlotte,small
1785663847.2480834,3955330,0.1416,0.0024,-1.0034,4.5776,1.0986,-0.1831,lying,Charlotte,small
1785663847.2480874,3955380,0.1421,-0.0034,-1.0029,4.5166,1.1597,-0.2441,lying,Charlotte,small
1785663847.2480912,3955430,0.1431,-0.0029,-1.0034,4.2725,1.0376,-0.2441,lying,Charlotte,small
1785663867.4078643,3971866,0.1406,0.0015,-1.0029,4.6387,1.1597,-0.061,lying,Charlotte,small
1785663867.4078746,3971916,0.144,-0.0024,-1.0044,4.2725,1.2207,-0.1831,lying,Charlotte,small
1785663867.4078796,3971966,0.1396,-0.0005,-1.0015,4.3335,1.2817,-0.1221,lying,Charlotte,small
1785663867.4078844,3972016,0.1416,-0.0034,-1.0015,4.5166,1.2207,-0.1831,lying,Charlotte,small
1785663867.4078882,3972066,0.1396,-0.002,-0.9951,4.5166,1.1597,-0.1831,lying,Charlotte,small
1785663867.4078918,3972116,0.1387,-0.001,-1.0054,4.3945,1.1597,-0.4272,lying,Charlotte,small
1785663867.4078958,3972166,0.1406,-0.002,-1.001,4.3945,1.4038,-0.061,lying,Charlotte,small
1785663867.4078996,3972216,0.1431,-0.001,-0.9961,4.5166,1.1597,0.0,lying,Charlotte,small
1785663867.4079032,3972266,0.1367,-0.0049,-1.002,4.2114,1.2817,-0.061,lying,Charlotte,small
1785663867.4079072,3972316,0.1392,-0.0039,-1.0005,4.5776,1.2817,-0.1221,lying,Charlotte,small
1785663869.1414843,3975662,0.1426,-0.0049,-1.0049,4.3945,1.0986,-0.1831,lying,Charlotte,small
1785663869.1414952,3975712,0.1411,-0.002,-0.9897,4.2725,1.2207,-0.1221,lying,Charlotte,small
1785663869.1415005,3975762,0.1396,0.0029,-0.9976,4.5166,1.0376,-0.3052,lying,Charlotte,small
1785663869.141505,3975812,0.1396,0.0054,-0.9932,4.5166,1.4648,0.0,lying,Charlotte,small
1785663869.1415086,3975862,0.1436,-0.0059,-1.0029,4.4556,1.2207,0.061,lying,Charlotte,small
1785663869.1415126,3975912,0.1445,-0.0005,-0.9966,4.2725,1.0986,-0.3662,lying,Charlotte,small
1785663869.1415172,3975962,0.1411,0.002,-1.0029,4.4556,1.4648,0.061,lying,Charlotte,small
1785663869.141521,3976012,0.1431,-0.0024,-1.0049,4.3945,1.2817,-0.061,lying,Charlotte,small
1785663869.1415246,3976062,0.1392,-0.001,-1.0059,4.3945,1.3428,-0.1221,lying,Charlotte,small
1785663869.1415284,3976112,0.1431,0.0,-0.9966,4.4556,1.3428,-0.061,lying,Charlotte,small
1785663869.6671221,3977394,0.1357,0.0015,-0.9951,4.4556,1.2207,0.061,lying,Charlotte,small
1785663869.667133,3977444,0.1396,0.0,-1.0059,4.5166,1.2207,-0.1221,lying,Charlotte,small
1785663869.6671395,3977494,0.1436,-0.0039,-1.0015,4.2725,1.4038,-0.061,lying,Charlotte,small
1785663869.6671443,3977544,0.1401,-0.0034,-0.9951,4.5166,1.0986,-0.3052,lying,Charlotte,small
1785663869.6671484,3977594,0.1382,-0.0044,-1.001,4.3945,1.2207,-0.1221,lying,Charlotte,small
1785663869.667152,3977644,0.1387,-0.0005,-0.9941,4.3335,0.9155,-0.1221,lying,Charlotte,small
1785663869.6671565,3977694,0.1406,-0.0029,-0.9995,4.3335,1.0986,-0.1831,lying,Charlotte,small
1785663869.6671603,3977744,0.1421,-0.001,-0.9971,4.3945,1.2207,-0.1221,lying,Charlotte,small
1785663869.6671638,3977794,0.1367,-0.0054,-0.9995,4.5166,1.1597,-0.1221,lying,Charlotte,small
1785663869.6671677,3977844,0.1357,-0.0039,-0.9985,4.6997,1.0376,-0.1221,lying,Charlotte,small
1785663870.3912427,3977919,0.1401,-0.0029,-1.0024,4.3945,1.2817,-0.1831,lying,Charlotte,small
1785663870.3912518,3977969,0.1357,0.0005,-1.002,4.3945,1.2207,0.1221,lying,Charlotte,small
1785663870.391257,3978019,0.1396,-0.0049,-1.002,4.5166,1.3428,-0.1831,lying,Charlotte,small
1785663870.3912613,3978069,0.1401,-0.001,-0.999,4.2114,0.9766,-0.061,lying,Charlotte,small
1785663870.3912654,3978119,0.1431,-0.0024,-0.998,4.3945,1.3428,-0.2441,lying,Charlotte,small
1785663870.3912692,3978169,0.1411,0.0054,-0.9971,4.3335,1.0376,-0.061,lying,Charlotte,small
1785663870.391273,3978219,0.1377,0.0005,-0.9976,4.4556,1.2817,0.1221,lying,Charlotte,small
1785663870.3912768,3978269,0.1431,-0.0015,-0.999,4.5166,1.2817,-0.3052,lying,Charlotte,small
1785663870.3912807,3978319,0.1401,0.002,-0.9995,4.7607,0.7935,-0.061,lying,Charlotte,small
1785663870.3912845,3978369,0.1411,0.001,-1.0039,4.5166,1.1597,-0.1831,lying,Charlotte,small
1785663871.3026516,3979032,0.1392,-0.001,-1.001,4.2725,1.3428,0.061,lying,Charlotte,small
1785663871.302662,3979082,0.1406,-0.0024,-1.0005,4.5776,1.2817,-0.3662,lying,Charlotte,small
1785663871.302667,3979132,0.1416,0.0005,-0.999,4.4556,1.0986,-0.1221,lying,Charlotte,small
1785663871.3026717,3979182,0.1426,-0.0034,-1.0034,4.5776,1.1597,-0.1221,lying,Charlotte,small
1785663871.3026757,3979232,0.1382,-0.0073,-0.9956,4.3335,1.0986,0.3052,lying,Charlotte,small
1785663871.3026795,3979282,0.1396,-0.0073,-0.9961,4.6997,1.2817,0.2441,lying,Charlotte,small
1785663871.3026834,3979332,0.1392,-0.0034,-0.9985,4.3945,1.2207,-0.1221,lying,Charlotte,small
1785663871.3026874,3979382,0.1411,0.0034,-1.0044,4.4556,1.1597,0.0,lying,Charlotte,small
1785663871.302691,3979432,0.1411,-0.0039,-0.9976,4.5776,1.2817,-0.2441,lying,Charlotte,small
1785663871.3026948,3979482,0.1396,0.0029,-0.998,4.5166,1.0376,0.1221,lying,Charlotte,small
1785663872.3123684,3979555,0.1406,-0.0005,-1.001,4.5166,1.0376,-0.3052,lying,Charlotte,small
1785663872.312381,3979605,0.1372,0.0005,-0.9961,4.2114,1.0376,-0.3052,lying,Charlotte,small
1785663872.3123863,3979655,0.1445,-0.0005,-1.0039,4.3335,1.0986,-0.1831,lying,Charlotte,small
1785663872.3123915,3979705,0.1387,-0.0024,-1.001,4.5776,1.2207,0.1831,lying,Charlotte,small
1785663872.3123956,3979755,0.1406,0.0005,-0.9951,4.3945,1.2817,-0.061,lying,Charlotte,small
1785663872.3123994,3979805,0.1416,-0.001,-0.998,4.4556,1.3428,0.0,lying,Charlotte,small
1785663872.3124037,3979855,0.1401,-0.0015,-1.0024,4.3945,1.0376,-0.2441,lying,Charlotte,small
1785663872.3124077,3979905,0.1396,0.002,-1.0059,4.9438,1.1597,0.061,lying,Charlotte,small
1785663872.3124118,3979955,0.1377,-0.0024,-1.0039,4.3335,1.5259,-0.2441,lying,Charlotte,small
1785663872.312416,3980005,0.1377,-0.0024,-1.0063,4.4556,1.2207,-0.1831,lying,Charlotte,small
1785663872.8389015,3980567,0.1406,0.0015,-0.9976,4.1504,1.2817,0.0,lying,Charlotte,small
1785663872.838912,3980617,0.1411,0.0015,-1.0059,4.5166,1.2817,-0.2441,lying,Charlotte,small
1785663872.8389175,3980667,0.1367,-0.0029,-0.9995,4.3335,1.4648,0.1221,lying,Charlotte,small
1785663872.838922,3980717,0.1406,-0.0015,-1.0044,4.2114,1.3428,-0.1221,lying,Charlotte,small
1785663872.838926,3980767,0.1406,-0.0005,-1.0044,4.3335,1.0376,0.061,lying,Charlotte,small
1785663872.83893,3980817,0.1401,0.0015,-1.0098,4.5166,1.3428,-0.1831,lying,Charlotte,small
1785663872.838934,3980867,0.1396,0.0,-1.0034,4.2725,1.3428,-0.1831,lying,Charlotte,small
1785663872.8389375,3980917,0.1411,-0.0029,-1.0073,4.5776,1.3428,0.061,lying,Charlotte,small
1785663872.838941,3980967,0.1396,-0.0015,-0.9976,4.5166,1.1597,-0.1221,lying,Charlotte,small
1785663872.838945,3981017,0.1401,0.0,-1.0034,4.5776,1.0986,0.2441,lying,Charlotte,small
1785663874.5643966,3981091,0.1396,-0.0024,-1.0,4.3945,1.1597,-0.061,lying,Charlotte,small
1785663874.5644119,3981141,0.1396,0.002,-1.0024,4.2725,0.9766,-0.061,lying,Charlotte,small
1785663874.5644174,3981191,0.1396,-0.0015,-0.9971,4.3335,1.2207,-0.3052,lying,Charlotte,small
1785663874.5644221,3981241,0.1372,0.002,-1.0039,4.3335,1.1597,-0.3662,lying,Charlotte,small
1785663874.5644274,3981291,0.1421,0.0024,-0.9995,4.2725,1.4038,-0.1221,lying,Charlotte,small
1785663874.5644321,3981341,0.1401,0.002,-1.0024,4.3335,1.1597,0.0,lying,Charlotte,small
1785663874.5644367,3981391,0.1406,-0.0034,-1.0059,4.4556,1.3428,-0.061,lying,Charlotte,small
1785663874.5644405,3981441,0.1406,-0.001,-1.0005,4.5166,1.1597,-0.1831,lying,Charlotte,small
1785663874.5644443,3981491,0.1421,-0.001,-1.0054,4.5166,1.0986,-0.1831,lying,Charlotte,small
1785663874.5644484,3981541,0.1382,-0.0015,-1.0,4.4556,1.2207,-0.1221,lying,Charlotte,small
1785663875.0913892,3982815,0.1421,0.0005,-1.001,4.4556,1.3428,-0.061,lying,Charlotte,small
1785663875.0914001,3982865,0.1401,-0.0015,-1.0059,4.4556,1.1597,0.1221,lying,Charlotte,small
1785663875.0914066,3982915,0.1401,0.0005,-0.9985,4.4556,1.0376,-0.061,lying,Charlotte,small
1785663875.0914123,3982965,0.1401,0.0034,-1.0,4.5166,1.0986,-0.3662,lying,Charlotte,small
1785663875.0914173,3983015,0.1421,0.0005,-1.0,4.5166,1.0376,0.061,lying,Charlotte,small
1785663875.0914226,3983065,0.1392,0.002,-0.9985,4.3945,1.0376,-0.3052,lying,Charlotte,small
1785663875.0914276,3983115,0.1396,0.0015,-1.0015,4.3945,1.1597,-0.1831,lying,Charlotte,small
1785663875.091433,3983165,0.1338,0.0044,-0.9858,4.5166,0.7324,-0.061,lying,Charlotte,small
1785663875.0914378,3983215,0.1382,-0.0049,-1.0039,4.4556,1.2207,-0.2441,lying,Charlotte,small
1785663875.091443,3983265,0.1216,0.0249,-1.002,4.1504,1.0376,0.061,lying,Charlotte,small
1785663875.6120613,3983343,0.1445,-0.0049,-1.0073,4.3945,1.2817,-0.1831,lying,Charlotte,small
1785663875.6120708,3983393,0.1348,0.0088,-0.9966,4.2725,1.1597,0.061,lying,Charlotte,small
1785663875.612076,3983443,0.1323,-0.0005,-0.9902,4.6997,1.4038,0.0,lying,Charlotte,small
1785663875.6120806,3983493,0.1392,-0.0039,-0.999,4.3335,1.0376,-0.4883,lying,Charlotte,small
1785663875.612085,3983543,0.1406,0.0015,-0.9966,4.4556,1.0986,0.061,lying,Charlotte,small
1785663875.6120892,3983593,0.1406,-0.0054,-1.001,4.4556,1.3428,-0.1221,lying,Charlotte,small
1785663875.6120932,3983643,0.1387,-0.0059,-1.0029,4.4556,0.9155,0.0,lying,Charlotte,small
1785663875.6120968,3983693,0.1396,-0.0044,-0.9985,4.3945,1.4648,-0.061,lying,Charlotte,small
1785663875.6121006,3983743,0.1406,0.0005,-1.001,4.3335,1.0986,-0.061,lying,Charlotte,small
1785663875.6121042,3983793,0.1377,-0.001,-1.0,4.4556,1.3428,-0.3052,lying,Charlotte,small
1785663876.3991604,3983865,0.1426,-0.0015,-0.9976,4.5166,1.1597,-0.4272,lying,Charlotte,small
1785663876.3991675,3983915,0.1406,-0.0039,-1.0059,4.5166,1.1597,-0.061,lying,Charlotte,small
1785663876.3991716,3983965,0.1401,-0.0015,-1.0005,4.6997,1.3428,-0.2441,lying,Charlotte,small
1785663876.3991752,3984015,0.1416,-0.0093,-1.0034,4.4556,1.3428,-0.2441,lying,Charlotte,small
1785663876.3991783,3984065,0.1396,0.0015,-0.9971,4.5166,1.2207,-0.1221,lying,Charlotte,small
1785663876.3991814,3984115,0.1406,0.0005,-0.9956,4.3945,1.3428,-0.2441,lying,Charlotte,small
1785663876.3991845,3984165,0.1387,-0.0039,-0.9995,4.3945,1.5869,0.0,lying,Charlotte,small
1785663876.3991876,3984215,0.1406,0.0005,-1.0,4.3945,1.3428,0.0,lying,Charlotte,small
1785663876.3991902,3984265,0.1396,-0.0078,-1.002,4.3335,1.2817,0.0,lying,Charlotte,small
1785663876.399193,3984315,0.1421,-0.001,-0.998,4.3335,1.0986,0.061,lying,Charlotte,small
1785663877.53743,3985097,0.1406,-0.001,-1.0029,4.5166,1.2817,0.1221,lying,Charlotte,small
1785663877.5374403,3985147,0.1392,0.0029,-1.002,4.6387,1.4038,0.061,lying,Charlotte,small
1785663877.5374453,3985197,0.1401,-0.0073,-1.0005,4.2114,1.2817,0.0,lying,Charlotte,small
1785663877.5374498,3985247,0.1504,-0.0059,-1.0049,4.3335,0.6104,0.0,lying,Charlotte,small
1785663877.537454,3985297,0.1406,-0.0024,-1.0103,4.5166,1.5869,-0.2441,lying,Charlotte,small
1785663877.537458,3985347,0.1377,-0.0073,-1.0034,4.1504,1.4648,-0.3662,lying,Charlotte,small
1785663877.537462,3985397,0.1436,-0.0005,-1.0029,4.3945,1.0986,-0.061,lying,Charlotte,small
1785663877.5374658,3985447,0.1392,-0.0044,-1.0015,4.2725,1.2817,-0.2441,lying,Charlotte,small
1785663877.5374696,3985497,0.1367,0.0,-1.002,4.5776,1.2817,-0.1831,lying,Charlotte,small
1785663877.5374732,3985547,0.1406,0.001,-1.0039,4.5776,1.0376,-0.061,lying,Charlotte,small
1785663878.3874803,3985790,0.1436,-0.002,-1.0024,4.5166,1.0986,-0.2441,lying,Charlotte,small
1785663878.3874874,3985840,0.1401,0.0,-0.9985,4.5776,1.2207,-0.061,lying,Charlotte,small
1785663878.3874917,3985890,0.1382,-0.0034,-1.0029,4.2725,1.2817,-0.1221,lying,Charlotte,small
1785663878.3874953,3985940,0.1411,0.0049,-0.9961,4.3945,1.2817,-0.061,lying,Charlotte,small
1785663878.3874984,3985990,0.144,-0.0015,-1.001,4.6387,1.1597,0.061,lying,Charlotte,small
1785663878.3875017,3986040,0.1396,-0.0015,-0.998,4.3945,1.2207,-0.061,lying,Charlotte,small
1785663878.3875048,3986090,0.1401,-0.0049,-1.0005,4.5776,1.2207,-0.1221,lying,Charlotte,small
1785663878.3875082,3986140,0.1411,-0.0049,-1.0044,4.5776,1.0986,-0.1831,lying,Charlotte,small
1785663878.387511,3986190,0.1382,-0.001,-1.0,4.4556,1.0986,0.0,lying,Charlotte,small
1785663878.3875139,3986240,0.1396,0.0015,-0.9976,4.2725,1.2817,-0.2441,lying,Charlotte,small
1785663879.1738746,3986637,0.1401,-0.0034,-1.002,4.6997,1.0376,-0.1831,lying,Charlotte,small
1785663879.1738873,3986687,0.1416,-0.0039,-1.0015,4.3335,1.1597,-0.1831,lying,Charlotte,small
1785663879.1738925,3986737,0.1401,-0.002,-1.001,4.6997,1.1597,0.1831,lying,Charlotte,small
1785663879.1738973,3986787,0.1377,-0.002,-0.998,4.4556,0.9155,-0.1831,lying,Charlotte,small
1785663879.173901,3986837,0.1387,-0.0029,-1.0005,4.5776,1.4038,-0.5493,lying,Charlotte,small
1785663879.173905,3986887,0.1406,-0.0059,-1.0044,4.2114,1.1597,-0.1221,lying,Charlotte,small
1785663879.1739087,3986937,0.1436,0.0005,-1.0029,4.5166,1.3428,0.061,lying,Charlotte,small
1785663879.1739128,3986987,0.1431,-0.001,-0.9995,4.3945,1.1597,0.1221,lying,Charlotte,small
1785663879.1739166,3987037,0.1396,-0.0039,-0.9995,4.4556,1.3428,-0.1831,lying,Charlotte,small
1785663879.1739204,3987087,0.1377,0.0,-0.9985,4.6387,1.2207,0.061,lying,Charlotte,small
1785663879.6913333,3987420,0.1421,-0.0024,-1.0054,4.3335,1.2207,-0.2441,lying,Charlotte,small
1785663879.6913435,3987470,0.1416,0.0015,-1.0054,4.3945,1.2207,-0.2441,lying,Charlotte,small
1785663879.691349,3987520,0.1396,-0.002,-1.0034,4.5166,1.1597,-0.1831,lying,Charlotte,small
1785663879.6913533,3987570,0.1401,-0.0005,-0.9985,4.4556,1.1597,-0.061,lying,Charlotte,small
1785663879.6913576,3987620,0.1406,-0.0039,-0.9985,4.4556,1.2817,-0.1221,lying,Charlotte,small
1785663879.6913612,3987670,0.1377,0.001,-0.999,4.5166,1.0376,-0.4272,lying,Charlotte,small
1785663879.6913655,3987720,0.1396,0.0,-1.0015,4.4556,1.2207,0.0,lying,Charlotte,small
1785663879.6913693,3987770,0.1367,-0.0034,-1.0059,4.5776,1.4648,-0.3662,lying,Charlotte,small
1785663879.691373,3987820,0.1421,0.001,-0.9985,4.5166,1.2207,-0.1221,lying,Charlotte,small
1785663879.691377,3987870,0.1411,0.0005,-1.001,4.2114,1.1597,-0.061,lying,Charlotte,small
1785663880.7075195,3987943,0.1401,-0.0005,-0.9995,4.5166,1.4038,0.1221,lying,Charlotte,small
1785663880.707533,3987993,0.1416,0.0015,-1.0015,4.2725,1.0986,-0.3662,lying,Charlotte,small
1785663880.7075381,3988043,0.1396,-0.0029,-0.9995,4.5166,1.1597,-0.061,lying,Charlotte,small
1785663880.7075431,3988093,0.1411,0.0,-1.0063,4.2725,1.2207,-0.1831,lying,Charlotte,small
1785663880.7075472,3988143,0.1387,-0.0044,-0.9985,4.3945,1.3428,-0.3662,lying,Charlotte,small
1785663880.707551,3988193,0.1411,-0.0005,-1.0015,4.5776,1.4038,0.2441,lying,Charlotte,small
1785663880.707555,3988243,0.1401,-0.0024,-1.0,4.3945,1.1597,-0.061,lying,Charlotte,small
1785663880.7075589,3988293,0.1392,0.0024,-1.002,4.4556,0.9155,0.061,lying,Charlotte,small
1785663880.7075624,3988343,0.1426,-0.0059,-0.9951,4.5166,1.3428,-0.061,lying,Charlotte,small
1785663880.7075663,3988393,0.1406,-0.0024,-0.998,4.3335,1.4038,-0.1831,lying,Charlotte,small
1785663881.2216818,3988955,0.1401,-0.0015,-0.9956,4.4556,0.9766,0.0,lying,Charlotte,small
1785663881.2216918,3989005,0.1387,-0.0049,-1.0034,4.5776,1.2817,-0.061,lying,Charlotte,small
1785663881.2216973,3989055,0.1421,0.002,-0.999,4.3945,1.2817,-0.061,lying,Charlotte,small
1785663881.221702,3989105,0.1431,-0.0029,-1.0063,4.3335,1.2207,0.0,lying,Charlotte,small
1785663881.2217062,3989155,0.1406,-0.0059,-1.0029,4.3945,1.1597,0.1221,lying,Charlotte,small
1785663881.22171,3989205,0.1421,-0.0029,-1.0073,4.5166,1.2207,0.0,lying,Charlotte,small
1785663881.2217145,3989255,0.1367,-0.0015,-0.9937,4.3335,1.2817,0.0,lying,Charlotte,small
1785663881.2217183,3989305,0.1353,0.0029,-1.0049,4.5166,1.1597,0.061,lying,Charlotte,small
1785663881.2217221,3989355,0.1377,0.0015,-0.9966,4.2114,1.3428,-0.1831,lying,Charlotte,small
1785663881.221726,3989405,0.1416,-0.0044,-1.0024,4.5776,1.2207,0.1831,lying,Charlotte,small
1785663881.7410612,3989468,0.1392,-0.0044,-1.0044,4.4556,1.2207,-0.2441,lying,Charlotte,small
1785663881.741071,3989518,0.1406,0.0034,-0.9976,4.5166,1.2207,-0.3052,lying,Charlotte,small
1785663881.7410767,3989568,0.1396,0.0034,-1.0015,4.4556,1.1597,0.1221,lying,Charlotte,small
1785663881.7410812,3989618,0.1421,0.002,-1.0034,4.4556,1.0986,0.1221,lying,Charlotte,small
1785663881.7410853,3989668,0.1387,0.0024,-0.9985,4.4556,1.2817,-0.1831,lying,Charlotte,small
1785663881.741089,3989718,0.1401,0.0015,-1.0059,4.2725,1.2207,-0.2441,lying,Charlotte,small
1785663881.7410934,3989768,0.1406,0.002,-0.9937,4.5166,1.1597,-0.4883,lying,Charlotte,small
1785663881.7410972,3989818,0.1396,-0.0034,-1.0024,4.5776,1.2817,0.1221,lying,Charlotte,small
1785663881.741101,3989868,0.1357,-0.0015,-1.0,4.3945,1.2207,-0.1221,lying,Charlotte,small
1785663881.741105,3989918,0.1411,0.0039,-0.9985,4.3335,1.0376,0.1831,lying,Charlotte,small
1785663883.9903393,3991720,0.1357,-0.001,-1.0015,4.5166,1.1597,-0.061,lying,Charlotte,small
1785663883.9903495,3991770,0.1367,0.0044,-0.9995,4.4556,1.1597,-0.3052,lying,Charlotte,small
1785663883.9903548,3991820,0.1382,-0.0015,-0.9995,4.4556,1.4038,0.2441,lying,Charlotte,small
1785663883.9903593,3991870,0.1421,-0.001,-0.9961,4.6387,1.4648,-0.3052,lying,Charlotte,small
1785663883.9903634,3991920,0.1416,-0.0024,-1.0005,4.5776,1.0376,0.0,lying,Charlotte,small
1785663883.9903672,3991970,0.1406,-0.0005,-1.0015,4.3945,1.5869,0.0,lying,Charlotte,small
1785663883.9903712,3992020,0.1377,-0.0039,-0.998,4.2725,1.0376,-0.1831,lying,Charlotte,small
1785663883.9903755,3992070,0.144,-0.002,-1.002,4.4556,1.2817,-0.3662,lying,Charlotte,small
1785663883.9903793,3992120,0.1455,-0.001,-0.9946,4.4556,1.4038,0.1831,lying,Charlotte,small
1785663883.9903831,3992170,0.1445,-0.0054,-1.0015,4.4556,1.4038,0.0,lying,Charlotte,small
1785663884.51458,3992243,0.1421,-0.001,-1.0044,4.3335,1.2817,-0.1221,lying,Charlotte,small
1785663884.5145898,3992293,0.1406,0.002,-1.0024,4.3945,1.0986,-0.3662,lying,Charlotte,small
1785663884.5145948,3992343,0.1406,-0.0049,-1.0063,4.5166,1.2817,-0.1831,lying,Charlotte,small
1785663884.514599,3992393,0.1392,-0.0039,-1.0044,4.3335,1.2817,-0.2441,lying,Charlotte,small
1785663884.514603,3992443,0.1406,0.001,-1.0024,4.3945,1.2207,-0.1221,lying,Charlotte,small
1785663884.5146065,3992493,0.1392,0.0005,-1.001,4.5776,1.0986,-0.1831,lying,Charlotte,small
1785663884.514611,3992543,0.1436,0.0,-0.9976,4.4556,1.2817,0.061,lying,Charlotte,small
1785663884.514615,3992593,0.1406,-0.0005,-0.999,4.4556,1.2207,-0.3662,lying,Charlotte,small
1785663884.5146189,3992643,0.1416,-0.0029,-1.0015,4.2725,1.2817,-0.2441,lying,Charlotte,small
1785663884.5146227,3992693,0.1377,-0.0015,-1.001,4.5776,1.0986,0.061,lying,Charlotte,small
1785663887.6505833,3992764,0.1367,-0.0005,-1.002,4.6387,1.3428,-0.1221,lying,Charlotte,small
1785663887.6505961,3992814,0.1362,0.0005,-1.001,4.4556,1.1597,-0.3662,lying,Charlotte,small
1785663887.6506014,3992864,0.1411,-0.0015,-1.0063,4.5776,1.2817,-0.1221,lying,Charlotte,small
1785663887.6506062,3992914,0.1416,-0.0063,-0.9946,4.3335,1.1597,-0.4272,lying,Charlotte,small
1785663887.6506102,3992964,0.1406,-0.0015,-0.9976,4.5166,1.0986,0.1221,lying,Charlotte,small
1785663887.650614,3993014,0.1416,-0.0049,-1.002,4.2725,1.2817,-0.061,lying,Charlotte,small
1785663887.650618,3993064,0.1411,0.0005,-1.001,4.4556,1.0986,-0.3052,lying,Charlotte,small
1785663887.6506217,3993114,0.1431,-0.0049,-0.9961,4.5166,1.4648,-0.061,lying,Charlotte,small
1785663887.6506252,3993164,0.1387,-0.0049,-0.9951,4.3335,1.1597,-0.1831,lying,Charlotte,small
1785663887.650629,3993214,0.1353,-0.0015,-1.0,4.2725,1.2207,0.0,lying,Charlotte,small
1785663888.3947158,3995896,0.1382,0.002,-0.9966,4.5166,1.1597,-0.3662,lying,Charlotte,small
1785663888.3947308,3995946,0.1411,0.0,-1.0078,4.5776,1.2207,0.061,lying,Charlotte,small
1785663888.3947363,3995996,0.1431,-0.002,-0.9966,4.3945,1.0986,-0.2441,lying,Charlotte,small
1785663888.394741,3996046,0.1387,-0.0039,-1.0,4.3335,1.2207,0.0,lying,Charlotte,small
1785663888.3947446,3996096,0.1401,-0.0029,-1.0049,4.5776,1.0986,-0.3052,lying,Charlotte,small
1785663888.3947487,3996146,0.1445,0.002,-1.0034,4.5776,1.2207,0.061,lying,Charlotte,small
1785663888.3947525,3996196,0.1372,0.0039,-0.9912,4.2725,1.3428,-0.1831,lying,Charlotte,small
1785663888.3947566,3996246,0.1392,-0.0015,-1.002,4.6387,1.4648,0.061,lying,Charlotte,small
1785663888.3947606,3996296,0.1406,0.0024,-1.0,4.3945,0.8545,-0.4272,lying,Charlotte,small
1785663888.394765,3996346,0.1387,-0.0034,-1.0024,4.5776,0.9155,-0.2441,lying,Charlotte,small
1785663888.9305418,3996639,0.1392,0.0015,-1.0015,4.6387,1.0376,0.0,lying,Charlotte,small
1785663888.9305542,3996689,0.1392,0.0063,-0.9971,4.4556,1.2207,-0.4272,lying,Charlotte,small
1785663888.9305592,3996739,0.1401,-0.0054,-1.0024,4.3335,1.2207,-0.3662,lying,Charlotte,small
1785663888.9305642,3996789,0.1396,-0.0039,-1.0029,4.5166,1.1597,-0.1221,lying,Charlotte,small
1785663888.930568,3996839,0.1401,0.001,-1.002,4.3335,1.1597,-0.2441,lying,Charlotte,small
1785663888.9305718,3996889,0.1401,-0.0015,-1.002,4.6387,1.1597,0.0,lying,Charlotte,small
1785663888.9305758,3996939,0.1416,0.001,-1.0005,4.4556,1.2817,-0.2441,lying,Charlotte,small
1785663888.9305794,3996989,0.1426,-0.0044,-1.0,4.3335,1.2817,0.1221,lying,Charlotte,small
1785663888.930583,3997039,0.1377,-0.0034,-0.9971,4.3335,1.2817,0.0,lying,Charlotte,small
1785663888.9305866,3997089,0.1401,-0.001,-1.002,4.2114,1.2817,-0.2441,lying,Charlotte,small
1785663889.465152,3997180,0.1357,0.0024,-0.9927,4.5166,0.9155,-0.061,lying,Charlotte,small
1785663889.46516,3997230,0.1421,-0.0024,-0.9976,4.3945,1.0986,-0.1831,lying,Charlotte,small
1785663889.465164,3997280,0.1411,-0.0005,-0.9966,4.3945,1.4038,-0.1221,lying,Charlotte,small
1785663889.4651678,3997330,0.1392,-0.0059,-1.0049,4.5166,1.2817,0.0,lying,Charlotte,small
1785663889.465171,3997380,0.1328,0.0059,-1.0039,4.3945,0.8545,-0.1831,lying,Charlotte,small
1785663889.4651742,3997430,0.1338,0.0073,-0.9937,4.5166,1.1597,-0.061,lying,Charlotte,small
1785663889.4651775,3997480,0.1392,-0.0103,-0.999,4.6997,1.1597,-0.3052,lying,Charlotte,small
1785663889.4651806,3997530,0.1377,0.0015,-0.998,4.5776,1.0376,-0.2441,lying,Charlotte,small
1785663889.4651837,3997580,0.1416,-0.0049,-1.0049,4.3945,1.2817,0.061,lying,Charlotte,small
1785663889.4651868,3997630,0.145,-0.002,-1.0024,4.5166,1.4038,-0.2441,lying,Charlotte,small
1785663892.6519237,3997717,0.1362,0.0054,-1.0005,4.3945,1.1597,0.1221,lying,Charlotte,small
1785663892.6519423,3997767,0.1426,0.0,-1.0088,4.1504,1.3428,-0.1831,lying,Charlotte,small
1785663892.6519473,3997817,0.1406,-0.0049,-1.0034,4.6387,1.3428,-0.1831,lying,Charlotte,small
1785663892.651952,3997867,0.1406,-0.0034,-0.9985,4.3945,1.1597,0.0,lying,Charlotte,small
1785663892.6519563,3997917,0.1426,-0.0024,-0.998,4.3945,1.1597,-0.2441,lying,Charlotte,small
1785663892.65196,3997967,0.1372,-0.0024,-0.9922,4.5776,1.2817,0.1221,lying,Charlotte,small
1785663892.651964,3998017,0.1392,-0.0005,-0.9922,4.5776,1.3428,-0.1831,lying,Charlotte,small
1785663892.6519682,3998067,0.1382,0.001,-0.999,4.5166,1.2207,-0.1221,lying,Charlotte,small
1785663892.651972,3998117,0.144,-0.0044,-0.9976,4.2114,1.2207,-0.1221,lying,Charlotte,small
1785663892.6519759,3998167,0.1421,-0.0039,-0.999,4.6387,1.0986,-0.1221,lying,Charlotte,small
1785663903.6002243,4006354,0.145,-0.0015,-1.0,4.5776,0.9155,-0.3662,lying,Charlotte,small
1785663903.6002345,4006404,0.1416,0.0029,-1.0029,4.6387,1.0376,-0.1831,lying,Charlotte,small
1785663903.6002395,4006454,0.1387,-0.001,-0.9971,4.4556,1.2817,-0.1831,lying,Charlotte,small
1785663903.6002445,4006504,0.1367,-0.0015,-1.0044,4.3335,1.0986,-0.1221,lying,Charlotte,small
1785663903.6002488,4006554,0.1411,0.0005,-0.9985,4.3335,0.9155,-0.1831,lying,Charlotte,small
1785663903.6002526,4006604,0.1426,0.002,-0.998,4.5166,1.2207,0.0,lying,Charlotte,small
1785663903.6002564,4006654,0.1377,-0.0029,-0.9966,4.6387,1.0986,-0.3662,lying,Charlotte,small
1785663903.6002605,4006704,0.1362,0.001,-0.9902,4.5166,1.1597,-0.061,lying,Charlotte,small
1785663903.6002643,4006754,0.1362,-0.0015,-0.9985,4.6387,1.3428,0.1831,lying,Charlotte,small
1785663903.6002681,4006804,0.1401,-0.0024,-1.0024,4.3335,1.3428,-0.1221,lying,Charlotte,small
1785663904.1584148,4011850,0.1411,0.0005,-0.9961,4.5166,1.2817,0.061,lying,Charlotte,small
1785663904.1584296,4011900,0.1426,-0.0034,-0.9985,4.5166,1.3428,0.0,lying,Charlotte,small
1785663904.158436,4011950,0.1401,-0.0015,-1.001,4.4556,1.2817,-0.2441,lying,Charlotte,small
1785663904.1584423,4012000,0.1426,-0.0049,-1.0049,4.5166,1.2207,0.1831,lying,Charlotte,small
1785663904.1584475,4012050,0.1411,-0.002,-0.9971,4.5776,1.2207,-0.1221,lying,Charlotte,small
1785663904.1584527,4012100,0.1436,0.0,-0.9951,4.3335,0.9766,0.1221,lying,Charlotte,small
1785663904.158458,4012150,0.1411,-0.0029,-0.9961,4.3945,1.0376,-0.1831,lying,Charlotte,small
1785663904.158463,4012200,0.1406,-0.001,-0.9976,4.5166,1.1597,-0.1221,lying,Charlotte,small
1785663904.1584682,4012250,0.1411,0.0,-1.0039,4.5166,1.3428,0.0,lying,Charlotte,small
1785663904.1584733,4012300,0.1416,-0.0024,-1.0015,4.4556,0.9766,0.061,lying,Charlotte,small
1785663905.6990075,4012410,0.1387,-0.0015,-1.0024,4.3335,1.2207,-0.1221,lying,Charlotte,small
1785663905.6990206,4012460,0.1387,-0.0034,-1.0005,4.2725,1.4038,0.0,lying,Charlotte,small
1785663905.6990259,4012510,0.1411,-0.002,-1.001,4.5166,1.3428,-0.061,lying,Charlotte,small
1785663905.6990306,4012560,0.1421,-0.001,-0.9956,4.3945,1.1597,0.0,lying,Charlotte,small
1785663905.6990345,4012610,0.1396,-0.001,-1.002,4.4556,1.0986,-0.3052,lying,Charlotte,small
1785663905.6990383,4012660,0.1382,0.001,-1.0,4.2725,1.2207,0.0,lying,Charlotte,small
1785663905.6990416,4012710,0.1421,-0.0015,-1.0029,4.5166,1.0986,-0.1221,lying,Charlotte,small
1785663905.699046,4012760,0.1426,-0.0029,-1.0039,4.6387,1.2207,0.0,lying,Charlotte,small
1785663905.6990495,4012810,0.1401,-0.001,-1.0015,4.5776,1.2817,0.0,lying,Charlotte,small
1785663905.6990533,4012860,0.1406,-0.0005,-0.9971,4.7607,1.1597,-0.1831,lying,Charlotte,small
1785663906.2145207,4013945,0.1392,0.0039,-0.9946,4.4556,1.3428,0.0,lying,Charlotte,small
1785663906.2145321,4013995,0.1401,-0.0015,-0.999,4.4556,1.0986,-0.4883,lying,Charlotte,small
1785663906.214538,4014045,0.1396,-0.0029,-0.999,4.5776,1.1597,-0.1831,lying,Charlotte,small
1785663906.2145436,4014095,0.1377,-0.0005,-0.9922,4.3335,1.0376,0.0,lying,Charlotte,small
1785663906.2145486,4014145,0.1436,-0.0054,-1.0103,4.4556,1.2817,0.061,lying,Charlotte,small
1785663906.2145534,4014195,0.1421,-0.0034,-0.998,4.0894,1.2207,0.1221,lying,Charlotte,small
1785663906.2145581,4014245,0.1377,-0.001,-0.9976,4.5776,1.2207,-0.1221,lying,Charlotte,small
1785663906.2145631,4014295,0.1382,-0.0005,-1.0015,4.5166,1.2207,0.061,lying,Charlotte,small
1785663906.214568,4014345,0.1436,-0.001,-1.0005,4.3945,1.2207,-0.2441,lying,Charlotte,small
1785663906.2145731,4014395,0.1396,-0.0044,-0.9995,4.4556,1.2817,-0.1221,lying,Charlotte,small
1785663906.9400208,4014458,0.1421,-0.0024,-1.001,4.5166,1.1597,0.0,lying,Charlotte,small
1785663906.9400353,4014508,0.1416,-0.0034,-1.002,4.5166,1.2817,-0.1831,lying,Charlotte,small
1785663906.9400406,4014558,0.1396,0.0,-1.0015,4.6387,1.2817,0.061,lying,Charlotte,small
1785663906.9400454,4014608,0.1416,0.0034,-1.0024,4.3945,1.1597,-0.3052,lying,Charlotte,small
1785663906.9400494,4014658,0.144,0.0,-0.998,4.2114,1.2817,-0.2441,lying,Charlotte,small
1785663906.940053,4014708,0.1406,0.001,-0.9971,4.4556,1.0986,-0.1221,lying,Charlotte,small
1785663906.9400573,4014758,0.1396,0.0,-1.0078,4.4556,0.9766,-0.061,lying,Charlotte,small
1785663906.9400609,4014808,0.1396,-0.0039,-1.0005,4.2725,1.5259,-0.1831,lying,Charlotte,small
1785663906.9400647,4014858,0.1426,-0.002,-1.0005,4.3945,1.0376,0.0,lying,Charlotte,small
1785663906.940068,4014908,0.1392,0.0015,-1.0024,4.3945,1.2207,-0.1831,lying,Charlotte,small
1785663907.9477975,4015187,0.1431,-0.0039,-0.9985,4.6387,0.9766,0.061,lying,Charlotte,small
1785663907.9478152,4015237,0.1401,-0.0029,-0.998,4.5166,1.1597,0.1221,lying,Charlotte,small
1785663907.9478202,4015287,0.1382,0.0029,-0.9971,4.3945,1.2207,0.0,lying,Charlotte,small
1785663907.947825,4015337,0.1401,0.0015,-0.9961,4.4556,1.0986,-0.4272,lying,Charlotte,small
1785663907.9478297,4015387,0.1382,-0.001,-1.0044,4.3335,1.0986,0.061,lying,Charlotte,small
1785663907.9478338,4015437,0.1431,-0.0063,-1.0034,4.5166,1.0986,-0.1831,lying,Charlotte,small
1785663907.9478383,4015487,0.1426,-0.0034,-1.0063,4.5166,1.6479,-0.061,lying,Charlotte,small
1785663907.947842,4015537,0.1396,0.0005,-0.9995,4.4556,1.2817,0.061,lying,Charlotte,small
1785663907.9478457,4015587,0.1377,-0.0054,-1.0005,4.3945,1.0986,-0.061,lying,Charlotte,small
1785663907.9478495,4015637,0.1416,-0.002,-1.0029,4.5166,1.1597,-0.1221,lying,Charlotte,small
1785663908.477209,4016193,0.1406,-0.0015,-0.9966,4.6387,1.4648,-0.1221,lying,Charlotte,small
1785663908.4772196,4016243,0.1392,-0.0044,-1.0005,4.4556,1.3428,-0.2441,lying,Charlotte,small
1785663908.4772246,4016293,0.1406,-0.0054,-1.0024,4.2725,0.9766,0.1831,lying,Charlotte,small
1785663908.4772294,4016343,0.1455,-0.0029,-1.0024,4.3945,1.2207,-0.1221,lying,Charlotte,small
1785663908.4772332,4016393,0.1392,0.0029,-1.0059,4.4556,0.9766,0.0,lying,Charlotte,small
1785663908.477237,4016443,0.1396,-0.0049,-0.9966,4.3335,1.3428,-0.3052,lying,Charlotte,small
1785663908.477241,4016493,0.1426,-0.0024,-1.001,4.3945,1.2207,-0.1221,lying,Charlotte,small
1785663908.4772449,4016543,0.146,-0.0034,-1.0005,4.5166,1.2207,-0.2441,lying,Charlotte,small
1785663908.4772487,4016593,0.1333,0.0225,-0.998,4.5166,0.9766,-0.1831,lying,Charlotte,small
1785663908.4772527,4016643,0.1436,-0.0005,-1.0039,4.3945,1.2207,-0.2441,lying,Charlotte,small
1785663908.9977264,4016721,0.144,0.0039,-1.002,4.3945,1.2817,-0.1221,lying,Charlotte,small
1785663908.9977365,4016771,0.1421,-0.0015,-0.9985,4.2725,1.1597,0.0,lying,Charlotte,small
1785663908.997742,4016821,0.144,-0.0039,-1.0103,4.5166,1.3428,-0.1831,lying,Charlotte,small
1785663908.9977465,4016871,0.1392,0.0005,-1.0039,4.3945,1.0986,0.0,lying,Charlotte,small
1785663908.9977505,4016921,0.1387,-0.0039,-0.9932,4.5776,1.1597,-0.3052,lying,Charlotte,small
1785663908.9977543,4016971,0.1387,-0.0034,-0.999,4.5776,1.2817,0.0,lying,Charlotte,small
1785663908.997758,4017021,0.1421,-0.0044,-1.0083,4.2725,1.1597,0.1831,lying,Charlotte,small
1785663908.9977617,4017071,0.1421,-0.002,-1.0015,4.3335,1.2817,-0.1831,lying,Charlotte,small
1785663908.9977653,4017121,0.1416,0.0,-0.9985,4.6387,1.0986,-0.061,lying,Charlotte,small
1785663908.9977689,4017171,0.1392,-0.0015,-1.0015,4.4556,1.4038,-0.6104,lying,Charlotte,small
1785663909.51016,4017240,0.1411,0.0034,-1.0029,4.2725,1.0986,-0.3052,lying,Charlotte,small
1785663909.5101693,4017290,0.1382,0.0034,-1.001,4.5776,1.1597,-0.061,lying,Charlotte,small
1785663909.5101748,4017340,0.1396,-0.0005,-0.9966,4.6387,1.0376,-0.2441,lying,Charlotte,small
1785663909.5101798,4017390,0.1401,-0.0024,-0.9937,4.5776,1.1597,-0.061,lying,Charlotte,small
1785663909.510184,4017440,0.1392,0.001,-1.002,4.4556,1.1597,-0.2441,lying,Charlotte,small
1785663909.5101879,4017490,0.1392,-0.0015,-0.9961,4.6387,1.4648,0.061,lying,Charlotte,small
1785663909.5101922,4017540,0.1421,-0.0063,-1.002,4.4556,1.2817,-0.2441,lying,Charlotte,small
1785663909.5101962,4017590,0.1416,-0.0063,-1.0015,4.5166,1.1597,-0.2441,lying,Charlotte,small
1785663909.5102,4017640,0.1416,-0.002,-1.0049,4.6997,1.4648,-0.1221,lying,Charlotte,small
1785663909.5102038,4017690,0.1377,-0.0015,-0.9976,4.5166,1.2207,0.1221,lying,Charlotte,small
1785663910.0430546,4017753,0.1411,0.001,-0.9966,4.5776,1.2207,0.0,lying,Charlotte,small
1785663910.043065,4017803,0.1401,-0.002,-1.0024,4.2725,1.0376,0.061,lying,Charlotte,small
1785663910.0430706,4017853,0.1367,0.0,-1.0044,4.2114,1.2817,0.0,lying,Charlotte,small
1785663910.0430748,4017903,0.1406,-0.0068,-1.002,4.3945,1.1597,-0.1221,lying,Charlotte,small
1785663910.0430794,4017953,0.1426,-0.0015,-0.998,4.5776,1.0986,-0.2441,lying,Charlotte,small
1785663910.0430832,4018003,0.1362,0.001,-1.001,4.2725,1.0986,-0.061,lying,Charlotte,small
1785663910.0430872,4018053,0.1387,-0.0029,-1.0005,4.5166,1.3428,0.061,lying,Charlotte,small
1785663910.0430915,4018103,0.1396,-0.0059,-0.9971,4.6387,1.4038,-0.2441,lying,Charlotte,small
1785663910.0430954,4018153,0.1387,-0.0049,-0.9971,4.3945,1.2817,-0.1221,lying,Charlotte,small
1785663910.043099,4018203,0.1406,-0.0034,-1.0112,4.6387,1.0376,-0.5493,lying,Charlotte,small
1785663910.7122655,4018291,0.1396,-0.0044,-1.002,4.4556,1.2207,0.061,lying,Charlotte,small
1785663910.712276,4018341,0.1411,-0.0034,-1.0039,4.3945,1.4648,-0.3662,lying,Charlotte,small
1785663910.712281,4018391,0.1377,-0.0068,-0.9966,4.4556,1.5869,0.1221,lying,Charlotte,small
1785663910.7122858,4018441,0.1367,0.0005,-0.9995,4.5776,1.2207,0.1221,lying,Charlotte,small
1785663910.7122898,4018491,0.1416,-0.0034,-1.001,4.2725,0.9766,-0.1831,lying,Charlotte,small
1785663910.7122939,4018541,0.1396,-0.0039,-1.0,4.4556,0.9766,-0.2441,lying,Charlotte,small
1785663910.7122977,4018591,0.1416,0.0024,-1.0015,4.5166,1.0986,-0.2441,lying,Charlotte,small
1785663910.7123017,4018641,0.1377,-0.0039,-1.0015,4.5776,1.0986,-0.1831,lying,Charlotte,small
1785663910.7123053,4018691,0.1396,-0.0034,-0.9995,4.6997,1.0986,-0.2441,lying,Charlotte,small
1785663910.712309,4018741,0.1387,0.0,-0.9985,4.5776,1.0986,-0.061,lying,Charlotte,small
1785663911.392989,4018962,0.1382,0.002,-1.001,4.4556,1.0376,-0.061,lying,Charlotte,small
1785663911.3929958,4019012,0.1421,0.0,-0.9971,4.5776,0.9766,0.061,lying,Charlotte,small
1785663911.393,4019062,0.1396,0.0015,-1.0044,4.5166,0.9155,-0.2441,lying,Charlotte,small
1785663911.3930037,4019112,0.1431,0.0,-1.002,4.3945,1.2207,-0.1831,lying,Charlotte,small
1785663911.3930068,4019162,0.1426,-0.0005,-1.0,4.3335,1.2207,0.1221,lying,Charlotte,small
1785663911.3930101,4019212,0.1362,-0.0054,-1.0024,4.6387,1.4038,-0.1831,lying,Charlotte,small
1785663911.3930135,4019262,0.1372,-0.0039,-0.9966,4.3945,1.0986,-0.1221,lying,Charlotte,small
1785663911.3930168,4019312,0.1387,-0.0015,-1.0029,4.4556,1.1597,0.1221,lying,Charlotte,small
1785663911.39302,4019362,0.1392,0.0039,-1.001,4.5166,1.0986,0.1831,lying,Charlotte,small
1785663911.393023,4019412,0.1406,-0.001,-1.0024,4.6387,1.0986,-0.061,lying,Charlotte,small
1785663912.8935175,4020085,0.1426,-0.0088,-1.0049,4.3945,1.1597,0.0,lying,Charlotte,small
1785663912.8935301,4020135,0.1392,0.001,-0.9985,4.4556,1.1597,-0.061,lying,Charlotte,small
1785663912.8935359,4020185,0.1387,-0.0034,-0.9976,4.5166,1.2207,0.1221,lying,Charlotte,small
1785663912.8935404,4020235,0.1392,-0.0039,-0.9985,4.5166,1.2817,0.1221,lying,Charlotte,small
1785663912.8935442,4020285,0.1431,-0.0024,-1.0,4.2725,1.4648,-0.2441,lying,Charlotte,small
1785663912.8935478,4020335,0.1426,0.001,-0.9966,4.5776,1.1597,0.0,lying,Charlotte,small
1785663912.893552,4020385,0.1406,0.002,-1.0005,4.3335,1.0986,0.061,lying,Charlotte,small
1785663912.8935559,4020435,0.1377,-0.0015,-0.9956,4.3945,1.1597,-0.061,lying,Charlotte,small
1785663912.8935597,4020485,0.1436,0.0044,-1.0088,4.2725,0.9766,0.061,lying,Charlotte,small
1785663912.8935637,4020535,0.1387,-0.0039,-0.999,4.3335,1.4038,-0.1221,lying,Charlotte,small
1785663915.4242673,4021141,0.1416,-0.0029,-0.9985,4.4556,1.4038,0.1221,lying,Charlotte,small
1785663915.4242804,4021191,0.1421,-0.0039,-1.0039,4.5776,1.0376,0.0,lying,Charlotte,small
1785663915.4242857,4021241,0.1401,-0.0005,-1.0,4.5166,1.2207,0.061,lying,Charlotte,small
1785663915.4242904,4021291,0.1416,-0.0039,-0.9946,4.3945,1.4038,0.0,lying,Charlotte,small
1785663915.4242942,4021341,0.1445,-0.002,-0.9985,4.1504,1.2207,-0.3052,lying,Charlotte,small
1785663915.424298,4021391,0.1401,-0.001,-0.999,4.5776,1.3428,0.1831,lying,Charlotte,small
1785663915.424302,4021441,0.1367,0.0044,-1.0088,4.4556,1.0986,-0.2441,lying,Charlotte,small
1785663915.4243062,4021491,0.1426,-0.002,-0.998,4.3335,0.9766,0.061,lying,Charlotte,small
1785663915.42431,4021541,0.144,0.0005,-1.0029,4.5166,1.0376,-0.1221,lying,Charlotte,small
1785663915.4243138,4021591,0.1421,-0.0015,-1.0,4.3945,1.2817,0.0,lying,Charlotte,small
1785663916.14365,4023669,0.1411,0.0015,-0.9922,4.6387,1.1597,-0.1831,lying,Charlotte,small
1785663916.1436613,4023719,0.1421,-0.002,-1.0054,4.5166,1.0376,0.061,lying,Charlotte,small
1785663916.1436665,4023769,0.1411,0.001,-1.0054,4.6387,1.4038,0.0,lying,Charlotte,small
1785663916.143671,4023819,0.1382,-0.002,-1.0005,4.5166,1.0376,0.0,lying,Charlotte,small
1785663916.1436749,4023869,0.1445,-0.0005,-1.0049,4.5776,1.2207,-0.1831,lying,Charlotte,small
1785663916.143679,4023919,0.1411,-0.0029,-1.0005,4.3945,1.2207,-0.4883,lying,Charlotte,small
1785663916.143683,4023969,0.1406,-0.0059,-1.0,4.0894,1.0986,-0.2441,lying,Charlotte,small
1785663916.1436868,4024019,0.1362,-0.0049,-0.998,4.6387,1.0986,-0.3052,lying,Charlotte,small
1785663916.1436906,4024069,0.1392,0.0005,-0.998,4.0894,0.9766,0.1221,lying,Charlotte,small
1785663916.1436946,4024119,0.1411,-0.0024,-1.002,4.2725,1.2207,-0.061,lying,Charlotte,small
1785663919.1639838,4024393,0.1421,-0.0049,-1.0073,4.3335,1.2207,-0.1221,lying,Charlotte,small
1785663919.1639965,4024443,0.1406,-0.002,-0.9995,4.3335,1.1597,-0.2441,lying,Charlotte,small
1785663919.1640015,4024493,0.1416,-0.0034,-0.9995,4.5166,0.8545,0.1221,lying,Charlotte,small
1785663919.1640062,4024543,0.1411,0.0,-1.0063,4.5166,1.0376,-0.1831,lying,Charlotte,small
1785663919.1640103,4024593,0.1401,-0.0039,-1.0005,4.5776,1.1597,-0.1831,lying,Charlotte,small
1785663919.1640143,4024643,0.1426,-0.001,-0.9966,4.2725,1.4648,-0.2441,lying,Charlotte,small
1785663919.1640189,4024693,0.1401,0.0015,-1.002,4.3945,1.1597,0.1831,lying,Charlotte,small
1785663919.164023,4024743,0.1396,0.0029,-1.0005,4.6997,1.0376,-0.3662,lying,Charlotte,small
1785663919.164027,4024793,0.1392,-0.001,-1.0039,4.2114,1.0986,-0.1221,lying,Charlotte,small
1785663919.1640308,4024843,0.1382,0.0039,-1.0029,4.5776,0.9766,-0.3662,lying,Charlotte,small
1785663922.670138,4027429,0.1387,-0.0005,-0.9995,4.2114,1.2207,-0.3052,lying,Charlotte,small
1785663922.6701498,4027479,0.1421,0.0005,-1.0,4.7607,1.2817,0.061,lying,Charlotte,small
1785663922.670155,4027529,0.1421,-0.001,-1.0063,4.3335,1.1597,-0.1831,lying,Charlotte,small
1785663922.6701596,4027579,0.144,-0.0044,-1.0059,4.6387,1.2207,-0.1221,lying,Charlotte,small
1785663922.6701636,4027629,0.1387,-0.0029,-0.9976,4.4556,1.3428,0.0,lying,Charlotte,small
1785663922.6701674,4027679,0.1411,0.0005,-1.0024,4.3335,1.3428,-0.3662,lying,Charlotte,small
1785663922.6701715,4027729,0.1426,-0.0039,-1.0034,4.4556,0.9766,0.1221,lying,Charlotte,small
1785663922.6701753,4027779,0.1396,-0.0049,-1.0044,4.4556,1.2817,-0.2441,lying,Charlotte,small
1785663922.670179,4027829,0.1392,0.0005,-1.0044,4.5776,1.2207,0.061,lying,Charlotte,small
1785663922.6701825,4027879,0.1367,0.001,-0.9966,4.3335,1.2207,-0.1831,lying,Charlotte,small
1785663923.9273236,4030914,0.1455,-0.0044,-1.0034,4.3335,1.2207,-0.2441,lying,Charlotte,small
1785663923.9273362,4030964,0.1367,-0.0107,-1.0078,4.3945,1.5259,-0.2441,lying,Charlotte,small
1785663923.9273412,4031014,0.1382,0.0005,-1.0029,4.3335,1.1597,-0.1831,lying,Charlotte,small
1785663923.9273462,4031064,0.1387,-0.0039,-1.0029,4.2114,1.0986,0.1831,lying,Charlotte,small
1785663923.92735,4031114,0.1387,0.0029,-0.9985,4.4556,1.1597,-0.061,lying,Charlotte,small
1785663923.9273539,4031164,0.1416,-0.001,-1.0024,4.3335,1.0376,-0.1221,lying,Charlotte,small
1785663923.927358,4031214,0.1406,-0.0063,-0.9995,4.2725,1.3428,-0.1831,lying,Charlotte,small
1785663923.9273617,4031264,0.1333,0.0093,-0.9941,4.1504,0.7324,-0.1221,lying,Charlotte,small
1785663923.9273655,4031314,0.1382,0.0005,-1.001,4.5166,1.2817,-0.2441,lying,Charlotte,small
1785663923.9273698,4031364,0.1431,-0.0049,-1.0063,4.3945,1.2207,0.061,lying,Charlotte,small
1785663924.443506,4032170,0.1411,-0.0015,-0.9893,4.2725,1.0376,-0.1831,lying,Charlotte,small
1785663924.4435167,4032220,0.144,-0.0073,-1.0,4.2725,1.2817,-0.3052,lying,Charlotte,small
1785663924.4435217,4032270,0.1431,-0.0044,-0.9995,4.7607,1.4648,0.061,lying,Charlotte,small
1785663924.4435267,4032320,0.1401,-0.001,-0.9917,4.4556,1.2207,-0.2441,lying,Charlotte,small
1785663924.4435308,4032370,0.1406,-0.0029,-1.0044,4.4556,1.3428,-0.1221,lying,Charlotte,small
1785663924.4435349,4032420,0.1411,-0.0039,-0.9976,4.5776,1.2817,-0.1221,lying,Charlotte,small
1785663924.4435396,4032470,0.1416,-0.0049,-0.9941,4.3945,1.3428,0.061,lying,Charlotte,small
1785663924.4435432,4032520,0.1396,-0.0029,-0.9971,4.5166,1.0376,0.1221,lying,Charlotte,small
1785663924.4435475,4032570,0.1401,0.0,-0.999,4.5166,1.3428,0.0,lying,Charlotte,small
1785663924.443551,4032620,0.1396,-0.0039,-1.0059,4.5166,1.2817,0.1221,lying,Charlotte,small
1785663925.4780436,4032691,0.1416,-0.002,-1.0005,4.3945,1.2817,-0.1831,lying,Charlotte,small
1785663925.4780588,4032741,0.1367,0.0015,-1.0,4.3945,1.0376,0.061,lying,Charlotte,small
1785663925.478064,4032791,0.1401,0.0034,-1.001,4.1504,1.0376,0.061,lying,Charlotte,small
1785663925.4780688,4032841,0.1372,-0.001,-1.0054,4.5166,1.0376,0.1221,lying,Charlotte,small
1785663925.478073,4032891,0.1411,-0.0049,-1.0024,4.2114,1.2817,-0.061,lying,Charlotte,small
1785663925.478077,4032941,0.1421,-0.0044,-1.0024,4.3335,1.2207,0.1831,lying,Charlotte,small
1785663925.4780807,4032991,0.1426,-0.0044,-0.9961,4.4556,1.2817,-0.1221,lying,Charlotte,small
1785663925.4780846,4033041,0.1421,-0.0034,-0.9961,4.3945,1.2207,-0.1831,lying,Charlotte,small
1785663925.4780881,4033091,0.1411,-0.0039,-0.998,4.5776,1.3428,-0.061,lying,Charlotte,small
1785663925.478092,4033141,0.1421,-0.002,-1.0039,4.3945,1.5259,0.0,lying,Charlotte,small
1785663927.3844926,4033724,0.1401,0.0024,-1.0024,4.5166,1.3428,-0.3662,lying,Charlotte,small
1785663927.384501,4033774,0.1445,-0.0068,-0.9976,4.2725,0.9766,0.0,lying,Charlotte,small
1785663927.3845055,4033824,0.145,-0.0083,-1.0068,4.3335,1.1597,-0.4272,lying,Charlotte,small
1785663927.38451,4033874,0.1406,-0.002,-0.9995,4.3945,1.2817,-0.1831,lying,Charlotte,small
1785663927.384514,4033924,0.1338,0.0039,-0.9912,4.3335,1.1597,-0.1221,lying,Charlotte,small
1785663927.3845181,4033974,0.1421,-0.0034,-0.998,4.5166,1.0986,-0.2441,lying,Charlotte,small
1785663927.384522,4034024,0.1411,-0.0068,-1.0024,4.4556,1.4648,-0.061,lying,Charlotte,small
1785663927.3845258,4034074,0.1455,-0.0044,-1.0054,4.4556,1.0376,-0.1831,lying,Charlotte,small
1785663927.3845296,4034124,0.1401,-0.0015,-0.999,4.4556,1.1597,-0.1221,lying,Charlotte,small
1785663927.3845336,4034174,0.144,-0.0029,-1.0049,4.3945,1.3428,0.1221,lying,Charlotte,small
1785663929.4557579,4035648,0.1416,-0.0005,-0.9995,4.2725,1.1597,-0.1831,lying,Charlotte,small
1785663929.4557707,4035698,0.1436,-0.001,-0.9927,4.3945,1.0376,0.1831,lying,Charlotte,small
1785663929.455776,4035748,0.1382,-0.002,-1.0,4.5166,1.1597,-0.3052,lying,Charlotte,small
1785663929.4557805,4035798,0.1445,-0.0068,-0.9995,4.4556,1.2207,-0.061,lying,Charlotte,small
1785663929.4557848,4035848,0.1396,-0.0039,-0.9985,4.5166,1.2817,-0.061,lying,Charlotte,small
1785663929.4557884,4035898,0.1362,-0.0039,-0.998,4.5776,1.1597,0.3052,lying,Charlotte,small
1785663929.4557924,4035948,0.1372,-0.0005,-0.9946,4.3945,1.2817,-0.2441,lying,Charlotte,small
1785663929.4557962,4035998,0.144,-0.0024,-1.001,4.4556,1.4648,-0.2441,lying,Charlotte,small
1785663929.4557998,4036048,0.1392,-0.0068,-1.0005,4.6997,1.1597,-0.2441,lying,Charlotte,small
1785663929.4558034,4036098,0.1392,0.0034,-1.0015,4.3335,1.0986,0.1831,lying,Charlotte,small
1785663930.1691039,4037705,0.1426,-0.0044,-0.9937,4.4556,1.4038,-0.1221,lying,Charlotte,small
1785663930.1691191,4037755,0.1392,-0.0015,-1.0015,4.3335,1.3428,0.1221,lying,Charlotte,small
1785663930.1691267,4037805,0.1406,0.0044,-0.9976,4.5166,1.1597,-0.3052,lying,Charlotte,small
1785663930.1691306,4037855,0.144,0.0,-0.9995,4.5166,1.1597,-0.1221,lying,Charlotte,small
1785663930.169134,4037905,0.1372,0.0005,-1.0005,4.3945,1.1597,0.1221,lying,Charlotte,small
1785663930.1691372,4037955,0.1416,-0.002,-0.9917,4.5166,1.4038,-0.1221,lying,Charlotte,small
1785663930.1691406,4038005,0.1411,-0.0039,-1.0005,4.4556,1.1597,-0.3052,lying,Charlotte,small
1785663930.1691434,4038055,0.1357,-0.0024,-0.998,4.5166,1.2207,-0.1831,lying,Charlotte,small
1785663930.1691465,4038105,0.1396,0.001,-0.9995,4.3945,1.2207,0.061,lying,Charlotte,small
1785663930.1691494,4038155,0.1392,-0.0039,-1.0029,4.5166,1.2817,-0.1831,lying,Charlotte,small
1785663930.6932316,4038418,0.1421,0.0,-0.9995,4.3335,1.1597,0.0,lying,Charlotte,small
1785663930.693241,4038468,0.1421,-0.0015,-1.0005,4.5776,1.2207,-0.3662,lying,Charlotte,small
1785663930.6932466,4038518,0.1396,0.0005,-1.0015,4.4556,1.0376,0.0,lying,Charlotte,small
1785663930.6932514,4038568,0.1416,-0.0005,-1.0054,4.5166,1.1597,-0.3052,lying,Charlotte,small
1785663930.6932557,4038618,0.1411,-0.0039,-1.0068,4.3335,1.1597,-0.3052,lying,Charlotte,small
1785663930.6932592,4038668,0.1401,0.0005,-0.9966,4.4556,1.2207,0.0,lying,Charlotte,small
1785663930.6932626,4038718,0.1416,0.0029,-0.9966,4.5166,1.1597,-0.061,lying,Charlotte,small
1785663930.693267,4038768,0.1387,-0.0029,-0.9976,4.5776,1.1597,-0.061,lying,Charlotte,small
1785663930.6932707,4038818,0.1445,-0.002,-0.999,4.5166,1.2817,-0.1831,lying,Charlotte,small
1785663930.6932747,4038868,0.1411,-0.0024,-1.0059,4.5776,1.4038,0.0,lying,Charlotte,small
1785663931.4032636,4038941,0.1421,-0.0039,-1.0024,4.2725,1.2207,-0.2441,lying,Charlotte,small
1785663931.403274,4038991,0.1406,-0.001,-0.9995,4.4556,1.3428,-0.1831,lying,Charlotte,small
1785663931.403279,4039041,0.1401,-0.0015,-1.0,4.2725,1.0986,0.0,lying,Charlotte,small
1785663931.4032834,4039091,0.1411,-0.0015,-1.0,4.4556,1.1597,-0.3052,lying,Charlotte,small
1785663931.403288,4039141,0.1387,-0.0049,-1.0059,4.5776,1.3428,0.0,lying,Charlotte,small
1785663931.4032915,4039191,0.1421,-0.001,-1.0,4.3945,1.2817,-0.061,lying,Charlotte,small
1785663931.403295,4039241,0.1426,-0.002,-0.9995,4.3945,1.1597,-0.061,lying,Charlotte,small
1785663931.4032986,4039291,0.1421,0.0024,-0.9951,4.5776,0.9766,-0.061,lying,Charlotte,small
1785663931.4033024,4039341,0.1426,0.002,-1.0049,4.4556,1.1597,-0.4272,lying,Charlotte,small
1785663931.4033062,4039391,0.1421,0.002,-1.0063,4.3945,1.2817,-0.1221,lying,Charlotte,small
1785663933.185785,4039648,0.1392,-0.0049,-1.0044,4.3335,1.2207,0.0,lying,Charlotte,small
1785663933.1857972,4039698,0.1431,-0.0024,-0.999,4.2725,1.2817,0.0,lying,Charlotte,small
1785663933.185802,4039748,0.1372,0.0015,-0.9976,4.3945,1.2817,-0.2441,lying,Charlotte,small
1785663933.1858065,4039798,0.1357,-0.0039,-1.0049,4.5166,1.0986,-0.061,lying,Charlotte,small
1785663933.1858113,4039848,0.1392,-0.0034,-0.9971,4.4556,1.1597,-0.061,lying,Charlotte,small
1785663933.185815,4039898,0.1392,0.0034,-0.9995,4.2725,1.0376,-0.1221,lying,Charlotte,small
1785663933.185819,4039948,0.1411,-0.0029,-1.001,4.3945,1.5259,-0.061,lying,Charlotte,small
1785663933.1858225,4039998,0.1416,-0.0024,-0.999,4.5776,1.1597,-0.1831,lying,Charlotte,small
1785663933.185826,4040048,0.1382,0.001,-1.0024,4.5776,1.0986,-0.3662,lying,Charlotte,small
1785663933.1858299,4040098,0.1382,-0.0073,-0.998,4.4556,1.0376,-0.3052,lying,Charlotte,small
1785663933.7034147,4041430,0.1401,0.0005,-0.9961,4.5776,1.1597,-0.1221,lying,Charlotte,small
1785663933.703425,4041480,0.1445,-0.0034,-0.999,4.5776,1.1597,-0.1831,lying,Charlotte,small
1785663933.7034447,4041530,0.1323,0.0015,-0.999,4.6387,1.2817,-0.061,lying,Charlotte,small
1785663933.7034495,4041580,0.1406,-0.001,-0.9976,4.5776,1.0986,0.061,lying,Charlotte,small
1785663933.703454,4041630,0.1416,-0.001,-0.9956,4.3335,1.2817,-0.2441,lying,Charlotte,small
1785663933.7034578,4041680,0.1372,-0.0015,-1.0049,4.3945,1.2817,0.1221,lying,Charlotte,small
1785663933.7034616,4041730,0.1387,0.0029,-0.9971,4.2725,1.2207,-0.061,lying,Charlotte,small
1785663933.7034657,4041780,0.1455,-0.002,-1.002,4.5166,1.2817,-0.1831,lying,Charlotte,small
1785663933.7034693,4041830,0.1411,-0.0024,-1.0015,4.5166,1.0376,-0.1221,lying,Charlotte,small
1785663933.703473,4041880,0.1431,-0.0034,-1.0044,4.3335,1.1597,-0.2441,lying,Charlotte,small
1785663936.9275203,4041953,0.1382,-0.0015,-0.9961,4.4556,1.0376,0.061,lying,Charlotte,small
1785663936.9275322,4042003,0.1431,-0.0034,-1.0078,4.3945,1.1597,-0.3052,lying,Charlotte,small
1785663936.9275377,4042053,0.1436,-0.0029,-1.0044,4.6387,0.9766,-0.1221,lying,Charlotte,small
1785663936.927542,4042103,0.1401,-0.0049,-0.999,4.5776,1.2207,0.1221,lying,Charlotte,small
1785663936.9275463,4042153,0.1372,0.0015,-0.9985,4.5776,1.0986,-0.1831,lying,Charlotte,small
1785663936.9275506,4042203,0.1431,-0.0063,-1.0039,4.2725,1.0376,-0.1831,lying,Charlotte,small
1785663936.9275546,4042253,0.144,-0.0063,-1.0063,4.6387,1.2207,0.1831,lying,Charlotte,small
1785663936.9275584,4042303,0.1401,-0.0068,-0.999,4.2114,1.0986,-0.3662,lying,Charlotte,small
1785663936.927562,4042353,0.1401,-0.0024,-1.0,4.5166,0.9766,-0.061,lying,Charlotte,small
1785663936.9275658,4042403,0.1382,-0.002,-1.0,4.5166,1.2817,-0.2441,lying,Charlotte,small
1785663937.5678866,4045176,0.1333,0.0029,-0.9863,4.5166,1.4038,-0.2441,lying,Charlotte,small
1785663937.567897,4045226,0.1406,0.0059,-1.0,4.4556,1.0986,-0.3662,lying,Charlotte,small
1785663937.5679018,4045276,0.1377,0.002,-1.0,4.2114,1.1597,-0.2441,lying,Charlotte,small
1785663937.5679064,4045326,0.1396,-0.0068,-1.0068,4.3945,1.4648,0.0,lying,Charlotte,small
1785663937.5679104,4045376,0.1377,0.001,-0.999,4.3945,1.1597,-0.1831,lying,Charlotte,small
1785663937.5679145,4045426,0.1426,-0.001,-0.9995,4.3945,1.0986,-0.1221,lying,Charlotte,small
1785663937.5679185,4045476,0.1382,0.0078,-0.9878,4.3945,1.4038,-0.2441,lying,Charlotte,small
1785663937.567922,4045526,0.1416,-0.0039,-0.9951,4.5776,1.2817,-0.3052,lying,Charlotte,small
1785663937.5679262,4045576,0.1411,-0.0029,-1.002,4.3335,1.0986,-0.3662,lying,Charlotte,small
1785663937.5679297,4045626,0.1416,-0.0024,-1.0015,4.2725,1.2207,0.0,lying,Charlotte,small
1785663938.0888164,4045811,0.1396,0.0015,-1.0029,4.6387,1.2207,-0.4883,lying,Charlotte,small
1785663938.0888267,4045861,0.1431,0.0005,-0.9917,4.3945,0.9766,-0.3662,lying,Charlotte,small
1785663938.0888317,4045911,0.1406,-0.002,-0.9985,4.3335,1.0986,0.0,lying,Charlotte,small
1785663938.0888362,4045961,0.1416,-0.0034,-1.0034,4.5166,1.3428,-0.3662,lying,Charlotte,small
1785663938.0888402,4046011,0.1367,-0.0083,-1.0059,4.4556,1.1597,-0.1221,lying,Charlotte,small
1785663938.0888443,4046061,0.1455,-0.002,-0.998,4.4556,1.1597,-0.1831,lying,Charlotte,small
1785663938.088848,4046111,0.1426,-0.0005,-0.998,4.3945,1.1597,-0.2441,lying,Charlotte,small
1785663938.0888517,4046161,0.1411,0.0024,-1.0005,4.5166,1.1597,-0.3052,lying,Charlotte,small
1785663938.0888555,4046211,0.1377,0.0024,-1.0015,4.4556,1.0376,-0.1221,lying,Charlotte,small
1785663938.088859,4046261,0.1372,0.0015,-0.9976,4.3335,1.0986,0.061,lying,Charlotte,small
1785663939.6918778,4046350,0.1392,0.0015,-1.0039,4.5166,1.2207,0.0,lying,Charlotte,small
1785663939.6918952,4046400,0.1382,0.0024,-1.0054,4.3945,1.2207,0.061,lying,Charlotte,small
1785663939.691901,4046450,0.1411,0.0005,-0.999,4.3335,1.0986,0.1831,lying,Charlotte,small
1785663939.6919055,4046500,0.1396,-0.001,-0.9956,4.3335,1.1597,0.3052,lying,Charlotte,small
1785663939.6919096,4046550,0.1421,-0.002,-0.9995,4.4556,1.1597,-0.3662,lying,Charlotte,small
1785663939.6919138,4046600,0.1377,0.0005,-0.9995,4.3335,1.0986,-0.1831,lying,Charlotte,small
1785663939.691918,4046650,0.1387,-0.0039,-0.9946,4.2725,1.2817,-0.1831,lying,Charlotte,small
1785663939.6919217,4046700,0.1323,0.0078,-1.0,4.2114,0.8545,-0.1831,lying,Charlotte,small
1785663939.6919255,4046750,0.1372,0.0181,-0.9971,4.5166,0.9155,-0.3052,lying,Charlotte,small
1785663939.6919293,4046800,0.1328,0.0,-1.0034,4.3335,1.1597,-0.3662,lying,Charlotte,small
1785663940.2040908,4047933,0.1436,-0.001,-0.9961,4.5166,1.2207,0.0,lying,Charlotte,small
1785663940.204101,4047983,0.1401,-0.0073,-1.001,4.6387,1.0376,-0.1831,lying,Charlotte,small
1785663940.2041068,4048033,0.1382,-0.0073,-1.0073,4.3335,1.0986,0.1221,lying,Charlotte,small
1785663940.2041116,4048083,0.1387,0.0078,-1.0,4.3335,0.8545,-0.1831,lying,Charlotte,small
1785663940.2041156,4048133,0.145,-0.0098,-1.001,4.7607,1.3428,-0.1221,lying,Charlotte,small
1785663940.2041192,4048183,0.1431,0.0015,-0.9971,4.4556,1.2207,-0.3052,lying,Charlotte,small
1785663940.2041237,4048233,0.1343,0.0093,-0.9976,4.4556,0.8545,-0.3052,lying,Charlotte,small
1785663940.2041276,4048283,0.1333,0.0112,-0.9985,4.0283,1.3428,0.1831,lying,Charlotte,small
1785663940.2041314,4048333,0.1396,-0.0044,-1.0044,4.5776,1.4038,-0.1831,lying,Charlotte,small
1785663940.2041352,4048383,0.1372,-0.0215,-1.0059,4.2114,1.77,0.0,lying,Charlotte,small
1785663941.857467,4048446,0.1465,-0.0234,-1.0112,4.8828,1.4648,-0.061,lying,Charlotte,small
1785663941.8574846,4048496,0.1426,-0.001,-1.002,4.5166,0.9766,-0.2441,lying,Charlotte,small
1785663941.8574898,4048546,0.145,0.0005,-0.9883,4.2725,1.0986,-0.1221,lying,Charlotte,small
1785663941.8574946,4048596,0.1494,-0.0132,-1.0103,4.2725,1.3428,-0.4272,lying,Charlotte,small
1785663941.8574986,4048646,0.1372,0.0,-0.9946,4.3335,1.0376,0.1221,lying,Charlotte,small
1785663941.8575025,4048696,0.1382,0.0,-1.0029,4.2725,1.1597,-0.2441,lying,Charlotte,small
1785663941.8575065,4048746,0.1406,-0.0015,-0.9873,4.8218,1.4038,0.061,lying,Charlotte,small
1785663941.8575106,4048796,0.1396,-0.0059,-0.9912,4.6387,1.4038,-0.2441,lying,Charlotte,small
1785663941.8575144,4048846,0.147,-0.0078,-1.0098,4.3335,0.9155,-0.1221,lying,Charlotte,small
1785663941.8575187,4048896,0.1416,-0.0059,-1.002,4.5776,1.3428,0.1831,lying,Charlotte,small
1785663942.5833979,4050100,0.1401,-0.0015,-0.9956,4.3945,1.2207,0.061,lying,Charlotte,small
1785663942.5834086,4050150,0.1426,-0.0044,-1.0093,4.5166,1.1597,0.0,lying,Charlotte,small
1785663942.5834153,4050200,0.1445,-0.0029,-1.0068,4.5776,1.2207,-0.061,lying,Charlotte,small
1785663942.5834208,4050250,0.1382,-0.0029,-0.9951,4.3945,1.0986,-0.061,lying,Charlotte,small
1785663942.583425,4050300,0.1426,0.0039,-1.0,4.5776,1.3428,0.0,lying,Charlotte,small
1785663942.5834284,4050350,0.1455,-0.0054,-1.0015,4.3945,1.1597,-0.061,lying,Charlotte,small
1785663942.5834322,4050400,0.1436,0.0005,-1.0015,4.3335,1.0986,-0.061,lying,Charlotte,small
1785663942.5834363,4050450,0.145,-0.0049,-1.0059,4.5166,1.1597,-0.1831,lying,Charlotte,small
1785663942.58344,4050500,0.1426,-0.0044,-0.9937,4.4556,1.2207,0.1221,lying,Charlotte,small
1785663942.583444,4050550,0.1401,0.0039,-0.9932,4.3335,1.2207,0.0,lying,Charlotte,small
1785663944.1952832,4050832,0.1387,-0.0034,-0.9995,4.4556,0.9766,-0.1221,lying,Charlotte,small
1785663944.195296,4050882,0.1387,-0.001,-1.0068,4.5166,1.3428,-0.2441,lying,Charlotte,small
1785663944.1953013,4050932,0.1455,-0.0098,-1.0078,4.4556,1.2817,0.1831,lying,Charlotte,small
1785663944.195306,4050982,0.1431,-0.0049,-0.999,4.0894,1.2817,-0.3662,lying,Charlotte,small
1785663944.1953099,4051032,0.1382,0.001,-1.002,4.2725,1.1597,0.0,lying,Charlotte,small
1785663944.195314,4051082,0.1421,-0.0088,-1.0049,4.1504,1.0986,-0.1831,lying,Charlotte,small
1785663944.1953182,4051132,0.1343,-0.0122,-1.0024,4.1504,1.2207,-0.1221,lying,Charlotte,small
1785663944.195322,4051182,0.1416,-0.0093,-1.0039,4.3945,1.2817,0.1221,lying,Charlotte,small
1785663944.1953259,4051232,0.1416,-0.0005,-0.9912,4.3945,0.6104,0.1831,lying,Charlotte,small
1785663944.19533,4051282,0.1313,0.0112,-0.9902,4.6387,1.5259,-0.061,lying,Charlotte,small
1785663944.7167687,4052435,0.1362,0.0024,-1.0039,4.5166,1.4038,-0.1221,lying,Charlotte,small
1785663944.7167788,4052485,0.1401,0.0024,-0.9976,4.2725,0.9155,-0.3662,lying,Charlotte,small
1785663944.7167835,4052535,0.144,-0.0029,-1.0034,4.5166,1.2207,-0.061,lying,Charlotte,small
1785663944.7167883,4052585,0.1387,0.0015,-0.9966,4.5776,1.2207,0.1221,lying,Charlotte,small
1785663944.7167926,4052635,0.1392,0.002,-1.0039,4.3335,1.2817,-0.1221,lying,Charlotte,small
1785663944.7167964,4052685,0.1392,0.0005,-0.9966,4.3945,1.2817,-0.2441,lying,Charlotte,small
1785663944.7168005,4052735,0.1411,-0.0024,-1.0093,4.6997,1.5259,-0.2441,lying,Charlotte,small
1785663944.7168045,4052785,0.1401,-0.0034,-1.0005,4.4556,1.1597,-0.061,lying,Charlotte,small
1785663944.7168086,4052835,0.1411,-0.002,-0.9966,4.3945,1.2207,-0.1221,lying,Charlotte,small
1785663944.7168121,4052885,0.1396,-0.0024,-1.001,4.4556,1.1597,0.0,lying,Charlotte,small
1785663945.387144,4052963,0.1353,-0.0015,-0.9961,4.5166,1.2817,-0.1221,lying,Charlotte,small
1785663945.387152,4053013,0.1382,0.001,-0.9922,4.6387,1.0376,-0.3052,lying,Charlotte,small
1785663945.3871558,4053063,0.1362,-0.001,-0.9995,4.5166,1.2207,0.1221,lying,Charlotte,small
1785663945.3871593,4053113,0.1387,0.0,-1.002,4.5776,1.2817,0.061,lying,Charlotte,small
1785663945.387163,4053163,0.1436,-0.0029,-1.002,4.5776,1.4038,0.1831,lying,Charlotte,small
1785663945.387166,4053213,0.1367,-0.0044,-0.998,4.3335,1.0986,-0.3052,lying,Charlotte,small
1785663945.3871691,4053263,0.1406,-0.0005,-1.0034,4.4556,1.2207,-0.1831,lying,Charlotte,small
1785663945.387172,4053313,0.1421,-0.001,-1.0049,4.4556,1.2207,0.1831,lying,Charlotte,small
1785663945.3871748,4053363,0.1367,0.0005,-1.0015,4.5776,1.2817,-0.1221,lying,Charlotte,small
1785663945.387178,4053413,0.1396,-0.0034,-1.0015,4.5166,1.2207,0.1831,lying,Charlotte,small
1785663949.3959296,4057057,0.1396,-0.002,-0.998,4.5776,1.0376,-0.1221,lying,Charlotte,small
1785663949.3959365,4057107,0.1382,0.0015,-0.998,4.8828,1.3428,0.3052,lying,Charlotte,small
1785663949.3959405,4057157,0.1431,-0.0015,-1.0073,4.5166,1.2207,-0.1831,lying,Charlotte,small
1785663949.395944,4057207,0.1377,0.0,-1.0024,4.5166,1.2207,-0.061,lying,Charlotte,small
1785663949.3959475,4057257,0.1382,0.002,-1.0054,4.5166,1.2207,0.061,lying,Charlotte,small
1785663949.3959506,4057307,0.1392,0.0029,-1.0029,4.3945,1.1597,0.1221,lying,Charlotte,small
1785663949.3959537,4057357,0.1396,-0.0024,-1.0068,4.4556,1.0986,0.1221,lying,Charlotte,small
1785663949.3959568,4057407,0.1426,0.001,-0.9946,4.3945,1.2817,0.0,lying,Charlotte,small
1785663949.3959596,4057457,0.1431,0.0,-1.001,4.3335,1.0376,0.061,lying,Charlotte,small
1785663949.3959625,4057507,0.1392,-0.0024,-0.9927,4.2725,1.3428,-0.061,lying,Charlotte,small
1785663950.136949,4057642,0.1411,0.0005,-1.002,4.5166,1.2207,-0.1221,lying,Charlotte,small
1785663950.13696,4057692,0.1431,-0.0015,-1.0034,4.3945,0.9766,0.1221,lying,Charlotte,small
1785663950.1369653,4057742,0.1382,-0.001,-1.001,4.1504,1.1597,-0.3052,lying,Charlotte,small
1785663950.13697,4057792,0.146,-0.0024,-1.0049,4.3335,1.1597,0.0,lying,Charlotte,small
1785663950.1369739,4057842,0.1387,-0.001,-1.0088,4.5166,1.1597,-0.061,lying,Charlotte,small
1785663950.136978,4057892,0.1406,-0.0068,-0.999,4.5166,1.4038,-0.2441,lying,Charlotte,small
1785663950.136982,4057942,0.144,-0.001,-1.0034,4.3945,1.4648,-0.4272,lying,Charlotte,small
1785663950.1369855,4057992,0.1401,0.0005,-0.999,4.2725,1.2207,-0.061,lying,Charlotte,small
1785663950.1369894,4058042,0.1416,-0.001,-1.0063,4.5776,1.0986,-0.1831,lying,Charlotte,small
1785663950.1369932,4058092,0.1406,0.0034,-1.001,4.4556,1.3428,-0.3662,lying,Charlotte,small
1785663950.7507677,4058379,0.1421,-0.0005,-1.0015,4.3945,0.9766,-0.1221,lying,Charlotte,small
1785663950.7507787,4058429,0.1426,-0.001,-1.0029,4.5166,1.3428,-0.061,lying,Charlotte,small
1785663950.750784,4058479,0.1401,-0.0049,-1.002,4.3945,1.2817,-0.061,lying,Charlotte,small
1785663950.7507885,4058529,0.1411,-0.0034,-0.9941,4.5166,1.4038,0.0,lying,Charlotte,small
1785663950.7507925,4058579,0.1401,-0.002,-1.0015,4.3945,1.4038,0.0,lying,Charlotte,small
1785663950.7507963,4058629,0.1401,-0.0029,-0.9951,4.5166,1.2207,-0.3052,lying,Charlotte,small
1785663950.7508006,4058679,0.1406,0.002,-1.0024,4.5776,1.2207,0.2441,lying,Charlotte,small
1785663950.7508044,4058729,0.1396,-0.001,-1.0034,4.4556,1.2207,-0.2441,lying,Charlotte,small
1785663950.7508082,4058779,0.1421,-0.0029,-1.0015,4.5166,1.1597,-0.3052,lying,Charlotte,small
1785663950.7508118,4058829,0.1411,-0.0039,-1.0034,4.3945,1.3428,0.0,lying,Charlotte,small
1785663951.3970582,4059009,0.1377,-0.0034,-0.9956,4.5776,1.1597,-0.1831,lying,Charlotte,small
1785663951.3970668,4059059,0.1396,0.0015,-1.001,4.3945,1.0376,-0.2441,lying,Charlotte,small
1785663951.3970718,4059109,0.1416,0.002,-1.0059,4.2725,1.2817,-0.061,lying,Charlotte,small
1785663951.3970764,4059159,0.1411,0.0005,-0.9995,4.3945,1.2817,0.0,lying,Charlotte,small
1785663951.3970807,4059209,0.1416,-0.002,-0.9946,4.3945,1.3428,0.0,lying,Charlotte,small
1785663951.3970845,4059259,0.1401,-0.0034,-0.999,4.3945,1.1597,-0.061,lying,Charlotte,small
1785663951.397088,4059309,0.1406,-0.002,-1.002,4.5776,1.2817,0.0,lying,Charlotte,small
1785663951.3970916,4059359,0.1396,-0.0044,-0.9995,4.5166,1.2817,0.0,lying,Charlotte,small
1785663951.3970952,4059409,0.1406,-0.0059,-0.9961,4.4556,1.3428,-0.1831,lying,Charlotte,small
1785663951.397099,4059459,0.1382,-0.0015,-1.0039,4.5166,1.4038,0.0,lying,Charlotte,small
1785663951.9315605,4059641,0.1392,0.0054,-0.9995,4.5166,1.0986,-0.061,lying,Charlotte,small
1785663951.9315703,4059691,0.1382,0.0,-1.0044,4.3945,1.1597,-0.2441,lying,Charlotte,small
1785663951.9315753,4059741,0.1406,0.002,-1.0044,4.4556,1.2817,-0.1221,lying,Charlotte,small
1785663951.93158,4059791,0.1401,-0.0059,-1.002,4.5776,1.3428,-0.1221,lying,Charlotte,small
1785663951.9315844,4059841,0.1431,-0.0015,-1.0,4.3335,1.2207,-0.1831,lying,Charlotte,small
1785663951.9315884,4059891,0.1426,-0.0024,-0.9961,4.4556,1.1597,0.0,lying,Charlotte,small
1785663951.9315925,4059941,0.1401,0.001,-1.0059,4.4556,1.4648,-0.3662,lying,Charlotte,small
1785663951.9315965,4059991,0.1421,-0.0034,-0.9961,4.2725,1.1597,0.0,lying,Charlotte,small
1785663951.9315999,4060041,0.1416,-0.0049,-1.0029,4.4556,1.0986,-0.4272,lying,Charlotte,small
1785663951.9316034,4060091,0.1401,0.0024,-1.002,4.6997,1.2207,-0.1831,lying,Charlotte,small
1785663953.1188195,4060175,0.1431,-0.002,-1.0039,4.5166,1.0986,-0.1831,lying,Charlotte,small
1785663953.1188319,4060225,0.1421,-0.0029,-0.999,4.5166,1.3428,0.2441,lying,Charlotte,small
1785663953.1188369,4060275,0.1436,-0.001,-1.0015,4.5166,1.0986,0.0,lying,Charlotte,small
1785663953.1188421,4060325,0.1411,-0.0024,-1.0034,4.4556,1.0986,-0.2441,lying,Charlotte,small
1785663953.1188462,4060375,0.1382,-0.0034,-0.9937,4.5166,1.1597,-0.061,lying,Charlotte,small
1785663953.11885,4060425,0.1396,0.001,-0.9976,4.4556,1.3428,-0.1831,lying,Charlotte,small
1785663953.1188543,4060475,0.1416,-0.0034,-0.9971,4.5166,1.2817,-0.1831,lying,Charlotte,small
1785663953.118858,4060525,0.1406,0.0005,-0.9985,4.2725,1.0986,-0.1221,lying,Charlotte,small
1785663953.118862,4060575,0.1421,-0.0015,-1.0039,4.5776,1.0986,0.061,lying,Charlotte,small
1785663953.118866,4060625,0.1396,-0.0034,-0.9985,4.2725,0.9766,-0.1831,lying,Charlotte,small
1785663953.63106,4061360,0.1416,0.0005,-1.0049,4.2114,0.9155,0.1221,lying,Charlotte,small
1785663953.63107,4061410,0.1411,-0.0015,-0.9976,4.4556,1.4648,-0.061,lying,Charlotte,small
1785663953.6310751,4061460,0.1426,0.0,-0.9917,4.6997,1.0376,0.1221,lying,Charlotte,small
1785663953.6310797,4061510,0.1416,0.0005,-1.0068,4.5166,1.3428,0.1221,lying,Charlotte,small
1785663953.631084,4061560,0.1387,-0.002,-1.0015,4.5166,1.2817,0.061,lying,Charlotte,small
1785663953.631088,4061610,0.1426,-0.0029,-0.9941,4.5776,0.9766,-0.061,lying,Charlotte,small
1785663953.631092,4061660,0.1372,-0.0063,-1.0044,4.3335,1.1597,-0.1221,lying,Charlotte,small
1785663953.631096,4061710,0.1396,0.0,-0.9971,4.4556,0.9766,0.1221,lying,Charlotte,small
1785663953.6310995,4061760,0.1445,-0.0049,-1.0005,4.4556,1.0986,0.1831,lying,Charlotte,small
1785663953.6311033,4061810,0.1357,-0.0005,-1.0,4.3945,1.2817,-0.1221,lying,Charlotte,small
1785663954.1386554,4061872,0.1357,-0.0015,-0.9956,4.5776,1.2207,0.0,lying,Charlotte,small
1785663954.1386654,4061922,0.1411,0.0024,-0.9917,4.3945,1.2207,0.1831,lying,Charlotte,small
1785663954.1386707,4061972,0.1411,-0.0005,-0.999,4.5166,1.2817,0.061,lying,Charlotte,small
1785663954.1386752,4062022,0.1411,-0.0059,-1.001,4.6997,1.0376,-0.1831,lying,Charlotte,small
1785663954.1386793,4062072,0.1416,-0.001,-1.0015,4.5166,1.1597,0.3052,lying,Charlotte,small
1785663954.1386833,4062122,0.1411,0.0005,-0.9971,4.4556,1.1597,-0.1221,lying,Charlotte,small
1785663954.1386883,4062172,0.1416,-0.0005,-1.001,4.6387,1.2207,0.1221,lying,Charlotte,small
1785663954.138692,4062222,0.1421,-0.0054,-1.0024,4.5166,1.2817,0.0,lying,Charlotte,small
1785663954.1386957,4062272,0.1421,-0.002,-1.0015,4.5166,1.2817,0.0,lying,Charlotte,small
1785663954.1386993,4062322,0.1387,0.001,-1.0005,4.8218,1.2817,-0.4272,lying,Charlotte,small
1785663954.677505,4062384,0.1431,-0.0063,-1.0015,4.4556,1.0986,-0.2441,lying,Charlotte,small
1785663954.6775148,4062434,0.1411,-0.0024,-1.0078,4.6387,1.2207,-0.3052,lying,Charlotte,small
1785663954.6775198,4062484,0.1436,-0.0005,-0.9995,4.3945,1.2207,-0.1221,lying,Charlotte,small
1785663954.6775248,4062534,0.1401,0.0005,-0.998,4.5776,1.3428,-0.1221,lying,Charlotte,small
1785663954.6775289,4062584,0.1406,0.0039,-0.9995,4.2725,1.0986,0.0,lying,Charlotte,small
1785663954.6775336,4062634,0.1392,0.0005,-1.0015,4.5776,1.2207,-0.3662,lying,Charlotte,small
1785663954.6775377,4062684,0.1401,-0.001,-0.9961,4.3335,1.1597,0.061,lying,Charlotte,small
1785663954.677542,4062734,0.1377,0.0015,-0.9966,4.3945,1.2207,-0.1831,lying,Charlotte,small
1785663954.677546,4062784,0.1392,-0.0034,-1.0005,4.3945,1.0986,0.0,lying,Charlotte,small
1785663954.6775496,4062834,0.1406,-0.002,-0.9971,4.5776,1.0376,-0.1221,lying,Charlotte,small
1785663956.7546198,4064428,0.1392,0.002,-1.0034,4.3945,1.1597,-0.1831,lying,Charlotte,small
1785663956.7546299,4064478,0.1392,0.0024,-1.0015,4.4556,0.9766,-0.1831,lying,Charlotte,small
1785663956.754635,4064528,0.1367,0.0024,-1.001,4.5166,1.0376,-0.061,lying,Charlotte,small
1785663956.7546396,4064578,0.1396,-0.0034,-1.0054,4.4556,1.2207,0.1221,lying,Charlotte,small
1785663956.7546437,4064628,0.1406,-0.001,-1.002,4.3945,1.0376,0.061,lying,Charlotte,small
1785663956.7546477,4064678,0.1436,0.0,-1.0,4.5166,1.0376,0.1831,lying,Charlotte,small
1785663956.7546518,4064728,0.1387,0.0005,-1.0,4.2114,1.2207,-0.061,lying,Charlotte,small
1785663956.7546558,4064778,0.1392,-0.001,-1.0015,4.5776,1.2207,0.061,lying,Charlotte,small
1785663956.7546597,4064828,0.1401,-0.001,-0.9946,4.2725,1.2817,-0.3662,lying,Charlotte,small
1785663956.7546635,4064878,0.1406,-0.0015,-0.9956,4.4556,1.2817,0.1221,lying,Charlotte,small
1785663958.739352,4065004,0.1372,-0.0063,-1.0,4.6387,1.3428,-0.3052,lying,Charlotte,small
1785663958.7393627,4065054,0.1406,0.001,-1.001,4.4556,1.2817,0.1221,lying,Charlotte,small
1785663958.739368,4065104,0.1396,0.0039,-0.9995,4.3945,1.1597,0.1831,lying,Charlotte,small
1785663958.7393725,4065154,0.1401,0.0024,-0.9971,4.3945,1.2817,-0.061,lying,Charlotte,small
1785663958.7393765,4065204,0.1431,0.001,-0.9985,4.3945,1.0986,0.061,lying,Charlotte,small
1785663958.7393806,4065254,0.1377,-0.002,-0.9971,4.3335,1.4038,-0.1221,lying,Charlotte,small
1785663958.7393847,4065304,0.1406,0.0039,-0.9941,4.3335,1.2207,0.0,lying,Charlotte,small
1785663958.7393885,4065354,0.1401,0.0,-1.001,4.5776,1.0986,0.061,lying,Charlotte,small
1785663958.739392,4065404,0.1431,-0.0059,-1.001,4.3335,1.5869,-0.2441,lying,Charlotte,small
1785663958.7393959,4065454,0.1387,0.0,-1.0054,4.0894,1.3428,-0.1221,lying,Charlotte,small
1785663959.3930886,4066985,0.1392,-0.001,-1.0073,4.3945,1.2817,-0.061,lying,Charlotte,small
1785663959.3930955,4067035,0.1455,-0.0049,-1.0015,4.5776,1.2207,-0.1831,lying,Charlotte,small
1785663959.3930995,4067085,0.1284,-0.0005,-0.9971,4.3335,1.0986,-0.061,lying,Charlotte,small
1785663959.393103,4067135,0.1431,-0.001,-0.9956,4.4556,1.4038,0.2441,lying,Charlotte,small
1785663959.393106,4067185,0.1465,-0.0107,-1.0063,4.6387,1.2817,0.1221,lying,Charlotte,small
1785663959.393109,4067235,0.1333,0.0151,-0.9951,4.2725,0.8545,0.1221,lying,Charlotte,small
1785663959.3931122,4067285,0.146,-0.0122,-1.0068,4.5166,1.2207,0.0,lying,Charlotte,small
1785663959.3931148,4067335,0.1313,0.0015,-1.0,4.2725,1.3428,-0.3052,lying,Charlotte,small
1785663959.3931181,4067385,0.1445,-0.0044,-1.0093,4.6387,1.0376,0.061,lying,Charlotte,small
1785663959.3931212,4067435,0.1348,0.0015,-1.0,4.3945,1.2817,-0.4272,lying,Charlotte,small
1785663960.388988,4067697,0.1387,0.0,-0.999,4.5776,0.9155,-0.1831,lying,Charlotte,small
1785663960.3889985,4067747,0.1431,-0.0029,-0.9966,4.5166,1.0376,0.061,lying,Charlotte,small
1785663960.3890028,4067797,0.1401,0.002,-0.999,4.5166,1.0986,0.0,lying,Charlotte,small
1785663960.3890064,4067847,0.1401,0.001,-1.0044,4.2725,1.2817,-0.1831,lying,Charlotte,small
1785663960.3890097,4067897,0.1396,-0.0015,-1.0024,4.3335,1.2207,0.0,lying,Charlotte,small
1785663960.3890128,4067947,0.1406,-0.0063,-1.001,4.3945,1.0376,-0.2441,lying,Charlotte,small
1785663960.3890166,4067997,0.1396,-0.0005,-1.0005,4.5776,1.0986,0.0,lying,Charlotte,small
1785663960.3890195,4068047,0.1416,-0.0054,-1.0015,4.3335,1.1597,-0.3052,lying,Charlotte,small
1785663960.3890224,4068097,0.1382,0.0029,-0.9927,4.7607,1.2817,-0.1221,lying,Charlotte,small
1785663960.3890252,4068147,0.1401,-0.0005,-0.9985,4.5776,1.0376,0.0,lying,Charlotte,small
1785663960.9120812,4068630,0.1392,-0.0034,-1.0068,4.4556,1.4648,-0.1221,lying,Charlotte,small
1785663960.9120915,4068680,0.1421,0.0034,-0.9951,4.6387,1.1597,-0.1221,lying,Charlotte,small
1785663960.9120967,4068730,0.1411,-0.0024,-1.0044,4.5776,1.2817,0.061,lying,Charlotte,small
1785663960.912101,4068780,0.1392,-0.0049,-1.002,4.5166,1.2207,-0.3662,lying,Charlotte,small
1785663960.9121053,4068830,0.1396,0.001,-1.001,4.5776,1.1597,-0.3052,lying,Charlotte,small
1785663960.9121096,4068880,0.1396,-0.002,-0.999,4.6387,1.2207,-0.061,lying,Charlotte,small
1785663960.9121137,4068930,0.1377,0.002,-1.0039,4.5166,1.3428,0.061,lying,Charlotte,small
1785663960.9121175,4068980,0.1416,0.002,-0.9985,4.4556,1.2817,0.061,lying,Charlotte,small
1785663960.912121,4069030,0.1396,-0.001,-1.0049,4.4556,1.1597,0.061,lying,Charlotte,small
1785663960.9121246,4069080,0.1401,-0.0029,-1.001,4.3945,1.2817,0.1831,lying,Charlotte,small
1785663961.4319282,4069156,0.144,-0.0044,-0.9971,4.3945,1.1597,-0.1221,lying,Charlotte,small
1785663961.43194,4069206,0.1372,0.0034,-1.001,4.6387,1.0376,0.0,lying,Charlotte,small
1785663961.4319465,4069256,0.1401,-0.0049,-0.999,4.3945,1.1597,-0.061,lying,Charlotte,small
1785663961.431951,4069306,0.1377,0.0005,-0.9946,4.4556,1.1597,0.0,lying,Charlotte,small
1785663961.431955,4069356,0.1431,-0.0049,-0.9995,4.2725,1.1597,-0.3052,lying,Charlotte,small
1785663961.4319592,4069406,0.1392,-0.001,-0.999,4.3945,1.0986,0.0,lying,Charlotte,small
1785663961.431963,4069456,0.1328,0.0034,-0.9971,4.3945,0.9155,-0.4272,lying,Charlotte,small
1785663961.4319668,4069506,0.1421,-0.001,-0.9971,4.5166,0.8545,0.1831,lying,Charlotte,small
1785663961.4319706,4069556,0.1436,0.0,-1.0,4.5776,1.0986,-0.3052,lying,Charlotte,small
1785663961.4319742,4069606,0.1396,0.0005,-1.0083,4.5776,1.2207,-0.1221,lying,Charlotte,small
1785663961.958279,4069678,0.1489,-0.0127,-1.0103,4.4556,1.4038,-0.061,lying,Charlotte,small
1785663961.958289,4069728,0.1362,-0.0034,-0.9966,4.4556,1.2207,-0.1831,lying,Charlotte,small
1785663961.958294,4069778,0.1431,-0.0015,-1.0,4.4556,1.2207,-0.1831,lying,Charlotte,small
1785663961.9582987,4069828,0.1416,-0.0015,-1.0063,4.3945,1.1597,-0.1831,lying,Charlotte,small
1785663961.958303,4069878,0.1362,0.0015,-0.9956,4.3945,1.0986,-0.3662,lying,Charlotte,small
1785663961.958307,4069928,0.1406,-0.001,-1.0,4.4556,1.0376,-0.2441,lying,Charlotte,small
1785663961.9583108,4069978,0.1416,0.0039,-1.001,4.6387,1.2207,0.061,lying,Charlotte,small
1785663961.9583147,4070028,0.1387,-0.0039,-1.0039,4.3945,1.0986,0.2441,lying,Charlotte,small
1785663961.9583187,4070078,0.1416,-0.0044,-1.0015,4.6997,1.1597,-0.3052,lying,Charlotte,small
1785663961.9583223,4070128,0.1416,-0.0015,-0.9893,4.2725,1.3428,-0.061,lying,Charlotte,small
1785663962.4751065,4070201,0.1416,-0.0015,-1.001,4.5166,1.1597,-0.1831,lying,Charlotte,small
1785663962.475117,4070251,0.1382,0.0015,-0.9995,4.4556,1.0986,-0.2441,lying,Charlotte,small
1785663962.4751222,4070301,0.1392,-0.0015,-1.0,4.6387,1.4038,0.061,lying,Charlotte,small
1785663962.4751265,4070351,0.1392,-0.002,-0.9956,4.3945,0.9766,-0.3052,lying,Charlotte,small
1785663962.4751308,4070401,0.145,-0.002,-1.0029,4.3335,1.2817,0.0,lying,Charlotte,small
1785663962.4751346,4070451,0.1309,0.0142,-0.9902,4.3945,1.0986,0.1221,lying,Charlotte,small
1785663962.475139,4070501,0.1479,-0.0122,-1.0068,4.3335,1.2207,0.0,lying,Charlotte,small
1785663962.4751425,4070551,0.1377,0.0054,-1.0015,4.5776,1.3428,0.1221,lying,Charlotte,small
1785663962.4751463,4070601,0.1367,-0.002,-1.002,4.6387,1.2817,-0.1221,lying,Charlotte,small
1785663962.47515,4070651,0.1445,0.0005,-1.001,4.7607,1.2817,-0.061,lying,Charlotte,small
1785663963.3901136,4070736,0.1445,-0.0063,-0.9995,4.4556,1.2207,-0.1831,lying,Charlotte,small
1785663963.3901212,4070786,0.1421,0.001,-0.9961,4.4556,1.0986,-0.2441,lying,Charlotte,small
1785663963.3901253,4070836,0.1377,-0.0024,-1.001,4.4556,0.8545,-0.3052,lying,Charlotte,small
1785663963.3901289,4070886,0.1387,-0.0054,-1.0,4.2725,1.3428,0.2441,lying,Charlotte,small
1785663963.390132,4070936,0.1431,-0.0049,-0.998,4.5166,1.2207,0.0,lying,Charlotte,small
1785663963.3901353,4070986,0.1436,0.0054,-0.9927,4.4556,1.2817,-0.2441,lying,Charlotte,small
1785663963.3901384,4071036,0.1372,-0.0005,-1.0029,4.3335,1.0986,-0.3052,lying,Charlotte,small
1785663963.3901415,4071086,0.1416,-0.0029,-1.0112,4.3945,1.0986,0.0,lying,Charlotte,small
1785663963.3901446,4071136,0.1353,-0.0034,-0.9941,4.4556,1.2817,0.061,lying,Charlotte,small
1785663963.3901472,4071186,0.1387,0.0039,-0.999,4.4556,1.1597,-0.2441,lying,Charlotte,small
1785663966.5708678,4072099,0.1401,0.0034,-1.0044,4.3945,1.4038,-0.061,lying,Charlotte,small
1785663966.5708857,4072149,0.1431,-0.0044,-1.0015,4.5166,1.2207,0.0,lying,Charlotte,small
1785663966.5708914,4072199,0.1436,0.0005,-1.0044,4.5776,1.1597,0.1831,lying,Charlotte,small
1785663966.5708961,4072249,0.1396,0.001,-1.0044,4.6997,1.1597,-0.1221,lying,Charlotte,small
1785663966.5709002,4072299,0.1396,-0.0059,-0.9941,4.5166,1.0986,-0.2441,lying,Charlotte,small
1785663966.5709043,4072349,0.1421,0.001,-0.998,4.3945,1.0986,-0.3662,lying,Charlotte,small
1785663966.5709083,4072399,0.1406,-0.0059,-1.0049,4.6997,1.0376,-0.1221,lying,Charlotte,small
1785663966.570912,4072449,0.1372,-0.0024,-1.0,4.5776,1.2207,-0.1221,lying,Charlotte,small
1785663966.5709157,4072499,0.1436,-0.0034,-0.9995,4.4556,1.2817,-0.1221,lying,Charlotte,small
1785663966.5709198,4072549,0.1382,-0.0034,-1.0107,4.2725,1.2207,-0.061,lying,Charlotte,small
1785663968.3660927,4074813,0.1401,0.0,-0.9961,4.3945,1.2817,-0.1221,lying,Charlotte,small
1785663968.3661056,4074863,0.1406,-0.002,-1.0034,4.4556,1.3428,-0.1221,lying,Charlotte,small
1785663968.3661113,4074913,0.144,-0.0029,-1.0049,4.6387,1.1597,-0.1831,lying,Charlotte,small
1785663968.3661156,4074963,0.1377,0.0063,-0.9941,4.4556,1.0376,0.061,lying,Charlotte,small
1785663968.3661196,4075013,0.1382,0.0024,-0.9912,4.4556,1.0376,-0.3052,lying,Charlotte,small
1785663968.3661234,4075063,0.1372,0.002,-1.0029,4.3335,1.0986,-0.061,lying,Charlotte,small
1785663968.3661273,4075113,0.1411,-0.0049,-1.0083,4.5166,1.2207,-0.061,lying,Charlotte,small
1785663968.3661313,4075163,0.1411,0.001,-1.0059,4.5166,1.0986,-0.061,lying,Charlotte,small
1785663968.366135,4075213,0.1401,0.001,-1.0049,4.2725,1.2817,-0.2441,lying,Charlotte,small
1785663968.366139,4075263,0.1367,0.0015,-1.0,4.6387,1.0986,0.1831,lying,Charlotte,small
1785663969.3937776,4076610,0.1436,-0.0039,-1.0029,4.4556,1.3428,-0.1831,lying,Charlotte,small
1785663969.3937845,4076660,0.1396,-0.0054,-1.0059,4.2725,1.0376,0.2441,lying,Charlotte,small
1785663969.3937883,4076710,0.1431,-0.0015,-1.0015,4.3335,1.3428,-0.061,lying,Charlotte,small
1785663969.393792,4076760,0.1421,-0.0029,-1.0034,4.5166,1.0986,0.0,lying,Charlotte,small
1785663969.3937953,4076810,0.1431,-0.0005,-1.0015,4.3335,1.1597,-0.3052,lying,Charlotte,small
1785663969.3937986,4076860,0.1392,0.0049,-0.9951,4.6997,1.3428,0.0,lying,Charlotte,small
1785663969.3938017,4076910,0.1367,-0.0015,-1.0029,4.5166,1.0986,0.0,lying,Charlotte,small
1785663969.3938048,4076960,0.1431,-0.0054,-1.0034,4.3945,1.3428,0.0,lying,Charlotte,small
1785663969.3938076,4077010,0.1362,0.0049,-0.9951,4.6387,1.1597,-0.1831,lying,Charlotte,small
1785663969.3938107,4077060,0.1387,-0.0029,-1.0103,4.2725,1.3428,-0.2441,lying,Charlotte,small
1785663970.2211223,4077949,0.1328,0.0039,-0.9902,4.3335,1.4038,-0.1831,lying,Charlotte,small
1785663970.221132,4077999,0.1382,0.0005,-1.0,4.5166,1.1597,-0.2441,lying,Charlotte,small
1785663970.221138,4078049,0.1411,-0.0034,-1.0015,4.5776,1.2207,-0.061,lying,Charlotte,small
1785663970.2211428,4078099,0.1426,-0.0024,-1.0015,4.2114,1.0986,-0.3052,lying,Charlotte,small
1785663970.2211466,4078149,0.1406,-0.0024,-0.998,4.5776,1.2207,0.061,lying,Charlotte,small
1785663970.2211504,4078199,0.1357,0.0029,-0.9976,4.3945,1.1597,-0.1221,lying,Charlotte,small
1785663970.2211542,4078249,0.1387,-0.001,-0.9917,4.2725,1.0376,-0.1221,lying,Charlotte,small
1785663970.2211585,4078299,0.145,0.002,-1.0,4.3945,1.2207,0.0,lying,Charlotte,small
1785663970.221162,4078349,0.1377,-0.0034,-0.9976,4.5166,1.3428,-0.1831,lying,Charlotte,small
1785663970.221166,4078399,0.1392,-0.0029,-1.0034,4.5776,1.1597,-0.3052,lying,Charlotte,small
1785663971.7731597,4078461,0.1377,-0.0068,-1.0054,4.3335,1.3428,-0.1831,lying,Charlotte,small
1785663971.7731774,4078511,0.1406,-0.0024,-1.0005,4.4556,1.2207,0.1221,lying,Charlotte,small
1785663971.7731826,4078561,0.1421,-0.0024,-1.002,4.5166,1.3428,0.061,lying,Charlotte,small
1785663971.7731872,4078611,0.1401,0.0005,-1.0015,4.4556,1.1597,-0.2441,lying,Charlotte,small
1785663971.7731915,4078661,0.1406,-0.0005,-0.998,4.5776,1.3428,0.061,lying,Charlotte,small
1785663971.7731955,4078711,0.1436,-0.0024,-1.0049,4.5166,1.4038,0.061,lying,Charlotte,small
1785663971.7731993,4078761,0.1396,-0.0005,-1.0005,4.4556,1.1597,-0.3662,lying,Charlotte,small
1785663971.773203,4078811,0.1401,-0.0039,-1.0049,4.3335,1.2817,-0.3052,lying,Charlotte,small
1785663971.7732065,4078861,0.1396,-0.0015,-0.9927,4.5166,1.0376,-0.2441,lying,Charlotte,small
1785663971.7732105,4078911,0.1392,-0.0024,-0.999,4.6387,1.2817,-0.1221,lying,Charlotte,small
1785663972.291512,4080015,0.1367,0.0068,-0.9937,4.6387,0.9766,-0.061,lying,Charlotte,small
1785663972.2915223,4080065,0.1323,0.0015,-0.9814,4.2114,1.5259,-0.3052,lying,Charlotte,small
1785663972.2915277,4080115,0.1353,-0.0054,-0.9907,4.7607,1.0986,0.1221,lying,Charlotte,small
1785663972.2915323,4080165,0.1494,-0.0044,-0.9937,5.6763,0.5493,0.2441,lying,Charlotte,small
1785663972.291536,4080215,0.1372,0.0,-1.0132,5.6763,0.3662,0.061,lying,Charlotte,small
1785663972.2915401,4080265,0.1362,-0.0063,-1.0093,3.6621,1.709,-0.1831,lying,Charlotte,small
1785663972.2915444,4080315,0.1411,-0.0063,-0.9805,5.4932,0.7324,0.1221,lying,Charlotte,small
1785663972.2915483,4080365,0.1362,-0.0024,-1.0171,-0.2441,3.479,-0.6714,lying,Charlotte,small
1785663972.291552,4080415,0.1431,-0.0054,-1.0088,3.2349,1.6479,0.061,lying,Charlotte,small
1785663972.2915556,4080465,0.1362,-0.0098,-0.9927,3.9673,1.0376,-0.1221,lying,Charlotte,small
1785663972.8899996,4080567,0.1328,-0.0044,-1.0034,4.7607,0.1221,-0.1221,lying,Charlotte,small
1785663972.8900096,4080617,0.1372,-0.0034,-0.9995,4.3335,1.0986,-0.061,lying,Charlotte,small
1785663972.890015,4080667,0.1353,-0.0063,-0.9966,4.2725,1.2207,-0.3662,lying,Charlotte,small
1785663972.8900194,4080717,0.1387,-0.0034,-1.0073,4.6387,1.2817,0.1221,lying,Charlotte,small
1785663972.8900237,4080767,0.1406,-0.0078,-1.0078,4.5166,1.1597,-0.061,lying,Charlotte,small
1785663972.8900275,4080817,0.1396,-0.0078,-1.0073,4.2114,1.5259,-0.1221,lying,Charlotte,small
1785663972.890031,4080867,0.1367,-0.0103,-1.0068,4.3335,1.2817,-0.061,lying,Charlotte,small
1785663972.8900347,4080917,0.1387,-0.0083,-1.0088,4.6997,0.9155,0.0,lying,Charlotte,small
1785663972.8900383,4080967,0.1396,-0.0044,-1.0029,4.2725,1.0986,0.0,lying,Charlotte,small
1785663972.890042,4081017,0.1382,-0.0083,-0.9941,4.5166,1.2207,-0.061,lying,Charlotte,small
1785663976.1490514,4081139,0.1431,0.0059,-1.001,3.479,1.77,0.061,lying,Charlotte,small
1785663976.1490672,4081189,0.1357,-0.0005,-0.9937,4.2725,1.2207,-0.1831,lying,Charlotte,small
1785663976.149073,4081239,0.1323,-0.0073,-0.998,4.3335,1.1597,-0.061,lying,Charlotte,small
1785663976.1490774,4081289,0.1357,-0.0063,-1.0044,4.5776,1.0986,-0.1831,lying,Charlotte,small
1785663976.1490817,4081339,0.1372,-0.0103,-1.0024,4.6387,1.1597,-0.061,lying,Charlotte,small
1785663976.1490858,4081389,0.1421,-0.0117,-1.0024,4.2114,1.3428,-0.061,lying,Charlotte,small
1785663976.1490896,4081439,0.1411,-0.0063,-1.0049,4.3945,1.0376,-0.3052,lying,Charlotte,small
1785663976.1490936,4081489,0.1372,-0.0063,-1.0015,4.3945,1.1597,0.1831,lying,Charlotte,small
1785663976.1490974,4081539,0.1387,-0.0024,-1.0054,4.3945,1.0986,-0.1831,lying,Charlotte,small
1785663976.149101,4081589,0.1357,-0.0005,-0.9995,4.2725,0.9155,-0.1831,lying,Charlotte,small
1785663976.6915407,4084392,0.1367,-0.0161,-1.001,4.5166,1.4648,0.1221,lying,Charlotte,small
1785663976.6915512,4084442,0.145,-0.0254,-0.998,4.5776,1.2817,-0.3052,lying,Charlotte,small
1785663976.6915567,4084492,0.1372,-0.0137,-0.998,4.4556,1.2817,-0.3052,lying,Charlotte,small
1785663976.6915615,4084542,0.1372,-0.0044,-1.0063,4.3945,0.8545,-0.3662,lying,Charlotte,small
1785663976.6915655,4084592,0.1348,-0.0068,-1.0024,4.5166,1.1597,-0.1831,lying,Charlotte,small
1785663976.6915696,4084642,0.1353,-0.0093,-0.9961,4.3335,1.2817,-0.061,lying,Charlotte,small
1785663976.6915736,4084692,0.1353,-0.0088,-0.9922,4.5166,1.4038,-0.2441,lying,Charlotte,small
1785663976.691591,4084742,0.1313,0.0015,-0.9995,4.2725,0.7935,0.1831,lying,Charlotte,small
1785663976.6915953,4084792,0.1343,-0.0063,-1.0078,4.4556,1.2817,-0.1831,lying,Charlotte,small
1785663976.6915994,4084842,0.1367,-0.021,-1.0107,4.8218,2.0142,-0.1221,lying,Charlotte,small
1785663977.584251,4084938,0.1362,-0.0083,-1.0029,4.6387,1.5869,-0.1221,lying,Charlotte,small
1785663977.5842628,4084988,0.1362,-0.0083,-0.9966,4.5776,0.7935,-0.3662,lying,Charlotte,small
1785663977.5842695,4085038,0.1367,-0.0117,-0.999,4.4556,1.1597,0.1221,lying,Charlotte,small
1785663977.5842743,4085088,0.1338,-0.0029,-1.0068,4.4556,0.9155,-0.1221,lying,Charlotte,small
1785663977.5842783,4085138,0.1426,-0.0625,-1.0347,49.6216,-13.4888,-0.6104,lying,Charlotte,small
1785663977.5842829,4085188,0.1914,0.0942,-0.9951,7.2021,4.0283,15.564,lying,Charlotte,small
1785663977.584287,4085238,0.0405,-0.1885,-1.2969,8.2397,-2.1973,33.02,lying,Charlotte,small
1785663977.584291,4085288,0.2393,0.1631,-0.9668,3.9673,1.2207,28.2593,lying,Charlotte,small
1785663977.5842948,4085338,-0.0132,-0.104,-1.0513,3.479,-2.0752,52.1851,lying,Charlotte,small
1785663977.584299,4085388,-0.1353,0.3169,-1.104,-4.0894,-11.7798,3.1738,lying,Charlotte,small
1785663979.1178327,4085835,0.2817,0.0054,-0.9863,5.7983,-0.2441,0.4883,lying,Charlotte,small
1785663979.1178498,4085885,0.0493,-0.0264,-0.9629,-1.9531,9.3994,-20.4468,lying,Charlotte,small
1785663979.117855,4085935,0.0981,0.1279,-1.0493,12.6343,1.5869,-2.6245,lying,Charlotte,small
1785663979.1178596,4085985,0.1001,0.0718,-1.0142,8.728,2.0752,-7.6904,lying,Charlotte,small
1785663979.1178637,4086035,0.0215,-0.1362,-1.0161,4.2114,1.77,8.0566,lying,Charlotte,small
1785663979.1178677,4086085,0.0933,-0.0068,-1.0327,7.3242,-2.5635,0.4883,lying,Charlotte,small
1785663979.1178718,4086135,0.0605,-0.0674,-1.0415,4.3335,2.1973,-12.085,lying,Charlotte,small
1785663979.1178758,4086185,0.2227,0.0615,-1.0317,1.9531,-0.7935,6.2866,lying,Charlotte,small
1785663979.1178794,4086235,0.1094,0.1484,-1.084,7.4463,-1.0376,-0.9155,lying,Charlotte,small
1785663979.1178832,4086285,0.1431,-0.0464,-1.0298,3.9062,1.3428,12.3291,lying,Charlotte,small
1785663980.7582066,4087367,0.1357,-0.0303,-1.0542,3.6011,9.5825,-13.4277,lying,Charlotte,small
1785663980.7582166,4087417,0.0835,0.0122,-1.002,3.2349,0.3662,1.2207,lying,Charlotte,small
1785663980.758221,4087467,0.0527,-0.1128,-1.0078,3.7231,-1.4038,-0.1831,lying,Charlotte,small
1785663980.7582245,4087517,0.0811,-0.0625,-0.9775,3.9673,1.4648,7.5073,lying,Charlotte,small
1785663980.7582278,4087567,0.3325,-0.0293,-1.043,2.9907,2.0752,-1.77,lying,Charlotte,small
1785663980.758231,4087617,0.2275,0.0415,-1.0293,8.3618,5.0659,-14.8926,lying,Charlotte,small
1785663980.7582347,4087667,0.126,0.0059,-1.0249,5.4932,3.2959,-8.606,lying,Charlotte,small
1785663980.7582376,4087717,0.1763,0.0298,-0.9561,4.2725,3.2959,-5.4932,lying,Charlotte,small
1785663980.7582405,4087767,0.1245,-0.0088,-1.0112,4.1504,2.4414,0.0,lying,Charlotte,small
1785663980.7582438,4087817,0.123,-0.0005,-1.0049,6.0425,0.6714,0.6714,lying,Charlotte,small
1785663981.5135667,4089001,0.1338,-0.0156,-1.0386,1.4038,1.4038,-0.6714,lying,Charlotte,small
1785663981.513579,4089051,0.1313,-0.0054,-1.0435,4.6387,0.1831,-0.1221,lying,Charlotte,small
1785663981.513584,4089101,0.1279,-0.0015,-0.9932,4.2114,1.3428,0.0,lying,Charlotte,small
1785663981.5135887,4089151,0.1318,-0.0073,-1.001,4.6997,1.2817,0.1831,lying,Charlotte,small
1785663981.5135932,4089201,0.1333,-0.0068,-1.0015,4.4556,0.9155,0.1221,lying,Charlotte,small
1785663981.513597,4089251,0.1323,-0.0068,-0.9932,4.6997,0.9766,0.0,lying,Charlotte,small
1785663981.5136008,4089301,0.1304,-0.0039,-1.002,4.2725,1.0986,0.0,lying,Charlotte,small
1785663981.5136044,4089351,0.1309,-0.0049,-0.9966,4.4556,1.1597,-0.3052,lying,Charlotte,small
1785663981.5136082,4089401,0.1309,-0.0073,-0.998,4.3945,1.0376,-0.2441,lying,Charlotte,small
1785663981.5136118,4089451,0.1313,-0.0073,-1.001,4.2725,1.0986,0.3052,lying,Charlotte,small
1785663983.3185956,4089774,0.1357,-0.0068,-0.9961,4.6387,1.2817,-0.1221,lying,Charlotte,small
1785663983.31861,4089824,0.1294,-0.0015,-0.9888,4.5166,0.9155,-0.1831,lying,Charlotte,small
1785663983.3186152,4089874,0.1309,0.001,-1.001,4.3945,1.3428,-0.2441,lying,Charlotte,small
1785663983.3186204,4089924,0.1357,-0.0054,-1.0024,4.5166,1.1597,0.061,lying,Charlotte,small
1785663983.3186245,4089974,0.1318,-0.0049,-1.0024,4.2725,1.1597,-0.061,lying,Charlotte,small
1785663983.3186283,4090024,0.1343,-0.0063,-0.9976,4.3945,1.2207,0.061,lying,Charlotte,small
1785663983.3186321,4090074,0.1343,-0.0044,-0.9961,4.4556,0.8545,-0.2441,lying,Charlotte,small
1785663983.318636,4090124,0.1328,-0.0044,-1.0015,4.3945,1.0376,0.061,lying,Charlotte,small
1785663983.3186395,4090174,0.1309,-0.0049,-1.0039,4.3335,1.2817,0.0,lying,Charlotte,small
1785663983.3186438,4090224,0.1304,-0.0044,-1.0088,4.3335,1.1597,-0.061,lying,Charlotte,small
1785663983.8324971,4091557,0.1299,-0.0068,-0.999,4.3945,1.1597,-0.1831,lying,Charlotte,small
1785663983.8325083,4091607,0.1299,0.0,-0.998,4.4556,1.4038,-0.061,lying,Charlotte,small
1785663983.8325136,4091657,0.1318,-0.0029,-0.9937,4.2725,1.0986,-0.2441,lying,Charlotte,small
1785663983.832518,4091707,0.1313,-0.002,-1.0024,4.2725,0.9766,-0.1831,lying,Charlotte,small
1785663983.832522,4091757,0.1309,-0.0063,-1.0044,4.3335,1.0376,-0.3052,lying,Charlotte,small
1785663983.8325257,4091807,0.1255,-0.0039,-1.0,4.5166,1.0376,-0.4272,lying,Charlotte,small
1785663983.8325295,4091857,0.1348,-0.0049,-1.0093,4.5776,1.3428,0.0,lying,Charlotte,small
1785663983.8325334,4091907,0.1338,-0.0044,-0.9951,4.3945,1.0986,0.061,lying,Charlotte,small
1785663983.832537,4091957,0.1304,-0.0088,-1.0059,4.6387,1.2817,0.0,lying,Charlotte,small
1785663983.8325405,4092007,0.1348,-0.0054,-0.9956,4.5776,1.0376,-0.1831,lying,Charlotte,small
1785663984.3561802,4092078,0.1328,-0.0088,-1.002,4.4556,1.1597,-0.1831,lying,Charlotte,small
1785663984.3561907,4092128,0.1318,-0.0005,-1.0005,4.6387,1.2207,0.1221,lying,Charlotte,small
1785663984.3561962,4092178,0.1323,-0.0029,-0.9951,4.3335,0.9766,-0.2441,lying,Charlotte,small
1785663984.356201,4092228,0.1313,-0.0112,-1.0068,4.3335,1.0986,-0.2441,lying,Charlotte,small
1785663984.3562047,4092278,0.1333,-0.0088,-0.9971,4.2114,1.2817,0.061,lying,Charlotte,small
1785663984.3562088,4092328,0.1323,-0.0068,-1.0044,4.5166,1.1597,-0.4272,lying,Charlotte,small
1785663984.356213,4092378,0.1328,-0.0059,-1.0,4.5776,1.3428,0.1221,lying,Charlotte,small
1785663984.3562167,4092428,0.1313,-0.0078,-1.0059,4.3945,1.1597,-0.1221,lying,Charlotte,small
1785663984.3562205,4092478,0.1309,-0.0068,-1.0054,4.4556,1.3428,0.1221,lying,Charlotte,small
1785663984.3562243,4092528,0.1333,-0.0039,-1.0073,4.4556,1.0986,-0.3052,lying,Charlotte,small
1785663984.9066496,4092631,0.1318,-0.0078,-1.0083,4.1504,0.9766,0.0,lying,Charlotte,small
1785663984.9066648,4092681,0.1313,-0.0068,-1.0063,4.3335,1.1597,-0.1831,lying,Charlotte,small
1785663984.9066715,4092731,0.1323,-0.0059,-1.0005,4.3945,1.2817,-0.1221,lying,Charlotte,small
1785663984.9066772,4092781,0.1338,-0.0039,-1.001,4.5776,1.1597,0.061,lying,Charlotte,small
1785663984.9066823,4092831,0.1318,-0.002,-1.0024,4.3945,1.0986,-0.2441,lying,Charlotte,small
1785663984.906687,4092881,0.1353,-0.0083,-1.0044,4.6997,1.3428,-0.1221,lying,Charlotte,small
1785663984.9066916,4092931,0.1333,-0.0044,-0.9995,4.3335,1.4038,-0.1221,lying,Charlotte,small
1785663984.9066968,4092981,0.1367,-0.0054,-1.0054,4.5166,1.0376,-0.1831,lying,Charlotte,small
1785663984.9067016,4093031,0.1289,-0.0063,-1.0029,4.3335,1.5259,-0.1221,lying,Charlotte,small
1785663984.9067063,4093081,0.1328,-0.0073,-1.0024,4.2725,1.1597,0.0,lying,Charlotte,small
1785663985.5093586,4093153,0.1309,-0.0029,-1.001,4.5166,0.9155,-0.061,lying,Charlotte,small
1785663985.509376,4093203,0.1348,-0.0024,-1.0044,4.4556,0.9766,-0.1221,lying,Charlotte,small
1785663985.5093815,4093253,0.1323,-0.0034,-1.001,4.3945,1.0986,-0.1831,lying,Charlotte,small
1785663985.509386,4093303,0.1304,-0.0039,-0.9971,4.3335,1.3428,0.061,lying,Charlotte,small
1785663985.5093899,4093353,0.1323,-0.0093,-1.001,4.3945,1.0986,-0.4883,lying,Charlotte,small
1785663985.5093956,4093403,0.1318,-0.0117,-1.0015,4.3945,1.2207,0.0,lying,Charlotte,small
1785663985.5094001,4093453,0.1313,-0.0029,-1.001,4.3945,1.2207,-0.2441,lying,Charlotte,small
1785663985.5094042,4093503,0.1304,-0.0049,-1.002,4.3945,1.2817,-0.1831,lying,Charlotte,small
1785663985.5094078,4093553,0.1323,-0.0059,-1.0098,4.3945,1.0986,0.2441,lying,Charlotte,small
1785663985.5094113,4093603,0.1318,-0.0078,-1.0,4.5166,1.4648,-0.061,lying,Charlotte,small
1785663986.0739236,4093747,0.1357,-0.0049,-1.0073,4.4556,1.0376,-0.4272,lying,Charlotte,small
1785663986.073935,4093797,0.1313,-0.0088,-1.0,4.3945,1.0986,-0.061,lying,Charlotte,small
1785663986.0739388,4093847,0.1323,-0.0098,-1.001,4.4556,1.1597,-0.061,lying,Charlotte,small
1785663986.0739424,4093897,0.1289,-0.0054,-0.9995,4.3335,1.2207,0.061,lying,Charlotte,small
1785663986.0739455,4093947,0.1299,-0.0039,-0.9961,4.4556,1.1597,-0.2441,lying,Charlotte,small
1785663986.0739489,4093997,0.1323,-0.0073,-0.9971,4.4556,1.3428,-0.1221,lying,Charlotte,small
1785663986.0739522,4094047,0.1313,-0.0024,-1.0044,4.5166,1.2207,-0.1831,lying,Charlotte,small
1785663986.0739553,4094097,0.1279,-0.0063,-0.9995,4.3945,1.1597,-0.4272,lying,Charlotte,small
1785663986.073958,4094147,0.1318,-0.0044,-1.0068,4.3945,1.0376,-0.1221,lying,Charlotte,small
1785663986.073961,4094197,0.1299,-0.0005,-1.0,4.3335,1.0376,0.0,lying,Charlotte,small
1785663987.937021,4094361,0.1309,-0.0093,-1.0049,4.5776,1.1597,-0.1221,lying,Charlotte,small
1785663987.9370332,4094411,0.1323,-0.0063,-1.0039,4.4556,1.3428,-0.1221,lying,Charlotte,small
1785663987.9370384,4094461,0.1299,-0.0078,-0.9966,4.4556,1.2817,-0.061,lying,Charlotte,small
1785663987.9370432,4094511,0.1309,-0.0034,-1.0034,4.4556,0.9155,-0.061,lying,Charlotte,small
1785663987.937047,4094561,0.1318,-0.0049,-1.0063,4.5776,1.0986,0.0,lying,Charlotte,small
1785663987.9370508,4094611,0.1362,-0.0068,-1.0054,4.4556,1.3428,-0.1221,lying,Charlotte,small
1785663987.9370553,4094661,0.1299,-0.0112,-0.9946,4.3945,1.2207,0.0,lying,Charlotte,small
1785663987.9370592,4094711,0.1309,-0.0029,-1.0029,4.3945,1.3428,-0.1831,lying,Charlotte,small
1785663987.937063,4094761,0.1348,-0.0083,-1.0039,4.3945,1.2207,-0.2441,lying,Charlotte,small
1785663987.9370666,4094811,0.1343,-0.0029,-1.0039,4.1504,1.0376,-0.1831,lying,Charlotte,small
1785663988.947631,4096182,0.1309,-0.0073,-1.0029,4.6387,0.9766,0.2441,lying,Charlotte,small
1785663988.947643,4096232,0.1333,-0.0068,-1.0,4.2725,1.3428,-0.2441,lying,Charlotte,small
1785663988.9476483,4096282,0.1299,-0.0029,-1.0015,4.4556,1.2207,-0.061,lying,Charlotte,small
1785663988.9476526,4096332,0.1313,-0.0107,-1.0029,4.4556,1.1597,-0.1831,lying,Charlotte,small
1785663988.9476564,4096382,0.1328,-0.0049,-0.9951,4.5776,1.0986,-0.1831,lying,Charlotte,small
1785663988.9476602,4096432,0.1284,-0.0034,-1.002,4.3945,1.2817,0.1831,lying,Charlotte,small
1785663988.9476645,4096482,0.1294,-0.002,-1.0054,4.5776,1.0986,-0.3662,lying,Charlotte,small
1785663988.9476683,4096532,0.1353,-0.0034,-1.0083,4.2725,1.2817,-0.2441,lying,Charlotte,small
1785663988.947672,4096582,0.1338,-0.0005,-0.9985,4.5776,0.9766,-0.1221,lying,Charlotte,small
1785663988.9476757,4096632,0.1328,-0.0039,-1.0,4.3945,1.3428,-0.3052,lying,Charlotte,small
1785663989.4703937,4097194,0.1313,-0.0049,-0.9995,4.3335,1.0986,-0.1221,lying,Charlotte,small
1785663989.4704034,4097244,0.1362,-0.0044,-0.9976,4.4556,1.2817,0.0,lying,Charlotte,small
1785663989.4704082,4097294,0.1323,0.0005,-0.9985,4.3945,1.1597,0.1221,lying,Charlotte,small
1785663989.470413,4097344,0.1328,-0.0049,-1.0039,4.3945,1.2817,-0.3052,lying,Charlotte,small
1785663989.4704175,4097394,0.1318,-0.0103,-0.9971,4.3945,1.2207,0.061,lying,Charlotte,small
1785663989.4704223,4097444,0.1328,-0.0063,-1.0049,4.4556,1.0986,-0.1221,lying,Charlotte,small
1785663989.4704263,4097494,0.1299,-0.0059,-1.0005,4.4556,1.2817,0.061,lying,Charlotte,small
1785663989.4704297,4097544,0.1348,-0.0073,-1.0034,4.3945,1.5259,-0.1831,lying,Charlotte,small
1785663989.4704332,4097594,0.1353,-0.0029,-1.0034,4.3335,1.3428,-0.061,lying,Charlotte,small
1785663989.470437,4097644,0.1318,-0.0049,-1.0029,4.6387,1.5259,0.061,lying,Charlotte,small
1785663992.5329776,4097716,0.1284,-0.0068,-1.0068,4.4556,1.2207,0.061,lying,Charlotte,small
1785663992.5329907,4097766,0.1294,-0.0034,-1.0078,4.3335,1.2207,-0.061,lying,Charlotte,small
1785663992.5330017,4097816,0.1294,-0.0029,-1.0024,4.3945,1.4038,0.0,lying,Charlotte,small
1785663992.5330064,4097866,0.1313,-0.002,-0.9985,4.5166,1.0986,-0.1831,lying,Charlotte,small
1785663992.5330105,4097916,0.1299,-0.0054,-1.0044,4.3335,0.9766,-0.2441,lying,Charlotte,small
1785663992.5330145,4097966,0.1304,-0.0073,-1.0039,4.5776,1.0986,0.1221,lying,Charlotte,small
1785663992.5330186,4098016,0.1313,-0.001,-1.002,4.2725,1.1597,0.061,lying,Charlotte,small
1785663992.5330226,4098066,0.1309,-0.0034,-1.0073,4.6387,1.1597,0.1221,lying,Charlotte,small
1785663992.5330262,4098116,0.1372,-0.0078,-1.0054,4.3945,0.9155,-0.2441,lying,Charlotte,small
1785663992.5330305,4098166,0.1309,-0.0063,-1.0015,4.4556,1.1597,-0.3052,lying,Charlotte,small
1785663993.3851924,4100776,0.1265,-0.0005,-1.0,4.5776,1.0986,0.0,lying,Charlotte,small
1785663993.3852005,4100826,0.1362,-0.0088,-1.0049,4.4556,1.1597,-0.1831,lying,Charlotte,small
1785663993.3852055,4100876,0.1294,0.0034,-0.9976,4.4556,1.2817,-0.4272,lying,Charlotte,small
1785663993.3852098,4100926,0.1318,-0.0059,-0.9941,4.1504,1.2817,-0.4272,lying,Charlotte,small
1785663993.3852139,4100976,0.1299,-0.001,-0.9966,4.5776,1.4648,-0.1831,lying,Charlotte,small
1785663993.3852181,4101026,0.1343,-0.0073,-1.0044,4.3945,1.2207,-0.1831,lying,Charlotte,small
1785663993.385222,4101076,0.1323,-0.0063,-0.998,4.6387,1.3428,-0.1831,lying,Charlotte,small
1785663993.385226,4101126,0.1313,-0.0054,-1.0054,4.2725,1.2207,-0.3662,lying,Charlotte,small
1785663993.3852298,4101176,0.1318,-0.0029,-1.0054,4.7607,1.2207,0.1221,lying,Charlotte,small
1785663993.3852334,4101226,0.1318,-0.0034,-0.999,4.3945,1.0986,-0.1221,lying,Charlotte,small
1785663995.0440636,4102105,0.1313,-0.0068,-0.9961,4.5776,1.3428,0.0,lying,Charlotte,small
1785663995.0440757,4102155,0.1318,-0.0068,-1.002,4.5166,1.2817,-0.1831,lying,Charlotte,small
1785663995.0440812,4102205,0.1313,-0.0029,-1.0,4.5166,1.1597,0.0,lying,Charlotte,small
1785663995.0440855,4102255,0.1318,-0.0083,-0.9946,4.1504,1.4648,-0.1831,lying,Charlotte,small
1785663995.0440896,4102305,0.1333,-0.0029,-0.999,4.5776,1.1597,-0.061,lying,Charlotte,small
1785663995.0440934,4102355,0.1313,0.001,-0.998,4.2114,1.0376,-0.1221,lying,Charlotte,small
1785663995.044098,4102405,0.1348,-0.0063,-1.0039,4.3335,1.2207,-0.1221,lying,Charlotte,small
1785663995.044102,4102455,0.1318,-0.0054,-0.9932,4.5166,1.2207,-0.1221,lying,Charlotte,small
1785663995.0441055,4102505,0.1289,-0.0039,-1.0024,4.6387,1.3428,0.1221,lying,Charlotte,small
1785663995.0441093,4102555,0.1318,-0.0049,-1.0059,4.3335,1.2207,0.1831,lying,Charlotte,small
1785663997.2428894,4103284,0.1362,-0.0049,-1.0005,4.5166,1.1597,-0.1221,lying,Charlotte,small
1785663997.2429016,4103334,0.1362,-0.0083,-0.9951,4.4556,1.2207,-0.1831,lying,Charlotte,small
1785663997.2429068,4103384,0.1353,-0.0068,-0.9951,4.5776,1.4038,-0.061,lying,Charlotte,small
1785663997.2429113,4103434,0.1328,-0.0073,-1.001,4.4556,1.1597,-0.061,lying,Charlotte,small
1785663997.2429152,4103484,0.1313,-0.0068,-1.0073,4.5776,1.4648,-0.1221,lying,Charlotte,small
1785663997.242919,4103534,0.1333,-0.0029,-1.0044,4.4556,1.0376,-0.2441,lying,Charlotte,small
1785663997.2429228,4103584,0.1279,-0.0044,-0.9961,4.2114,0.9766,0.1221,lying,Charlotte,small
1785663997.2429266,4103634,0.1353,-0.0088,-1.0049,4.3335,1.2207,0.1221,lying,Charlotte,small
1785663997.2429304,4103684,0.1343,-0.0103,-1.0093,4.5166,1.0986,-0.2441,lying,Charlotte,small
1785663997.2429342,4103734,0.1328,-0.0073,-1.001,4.5776,1.2817,-0.061,lying,Charlotte,small
1785663998.1713257,4105486,0.1313,-0.0112,-1.0063,4.5166,1.2207,-0.3052,lying,Charlotte,small
1785663998.171338,4105536,0.1309,-0.0078,-1.0039,4.4556,1.1597,-0.2441,lying,Charlotte,small
1785663998.171343,4105586,0.1309,-0.002,-0.998,4.4556,1.0376,-0.2441,lying,Charlotte,small
1785663998.1713474,4105636,0.1313,-0.0068,-1.0015,4.3335,1.1597,-0.2441,lying,Charlotte,small
1785663998.1713512,4105686,0.1343,-0.0044,-1.0015,4.6387,1.0986,0.0,lying,Charlotte,small
1785663998.1713548,4105736,0.1328,-0.0039,-1.001,4.5776,1.3428,0.2441,lying,Charlotte,small
1785663998.1713593,4105786,0.1328,0.0,-1.0024,4.4556,1.0376,-0.2441,lying,Charlotte,small
1785663998.1713629,4105836,0.1323,-0.0044,-0.999,4.5166,1.2207,0.1831,lying,Charlotte,small
1785663998.1713665,4105886,0.1299,-0.0005,-0.9956,4.3335,1.2817,-0.1831,lying,Charlotte,small
1785663998.1713705,4105936,0.1279,0.0024,-1.001,4.3335,1.0376,0.3052,lying,Charlotte,small
1785663999.7459316,4106410,0.1348,-0.0083,-0.9995,4.5776,1.0376,-0.2441,lying,Charlotte,small
1785663999.7459424,4106460,0.1289,-0.0049,-1.001,4.5776,1.0986,0.1831,lying,Charlotte,small
1785663999.7459478,4106510,0.1333,-0.0083,-1.0024,4.3335,1.0986,-0.1831,lying,Charlotte,small
1785663999.745953,4106560,0.1436,-0.0234,-1.0088,4.3335,1.4038,-0.061,lying,Charlotte,small
1785663999.7459571,4106610,0.1309,0.0034,-1.001,4.7607,1.1597,0.061,lying,Charlotte,small
1785663999.7459612,4106660,0.1318,-0.0039,-1.0024,4.4556,0.8545,0.1221,lying,Charlotte,small
1785663999.745965,4106710,0.1348,-0.0063,-0.9995,4.5166,1.3428,-0.1831,lying,Charlotte,small
1785663999.7459686,4106760,0.1323,-0.0088,-0.9995,4.2725,1.2817,0.0,lying,Charlotte,small
1785663999.7459722,4106810,0.1362,-0.0054,-1.0029,4.3335,1.4038,0.1221,lying,Charlotte,small
1785663999.745976,4106860,0.1313,-0.0044,-1.0044,4.2725,1.0986,-0.3052,lying,Charlotte,small
1785664000.3345995,4107984,0.1338,-0.002,-1.0059,4.4556,1.0376,0.061,lying,Charlotte,small
1785664000.3346102,4108034,0.1328,-0.0044,-1.0059,4.2725,1.1597,-0.061,lying,Charlotte,small
1785664000.3346152,4108084,0.1377,-0.001,-0.9985,4.4556,1.4038,0.1221,lying,Charlotte,small
1785664000.3346205,4108134,0.1338,-0.0083,-1.0029,4.3945,0.9766,-0.4272,lying,Charlotte,small
1785664000.3346243,4108184,0.1333,-0.0073,-1.0068,4.5166,0.9155,-0.2441,lying,Charlotte,small
1785664000.334628,4108234,0.1333,-0.0054,-1.0088,4.1504,1.2817,0.061,lying,Charlotte,small
1785664000.3346322,4108284,0.1284,-0.0054,-1.0005,4.5776,1.2207,-0.1221,lying,Charlotte,small
1785664000.3346357,4108334,0.1313,-0.0039,-1.0024,4.4556,0.9766,-0.2441,lying,Charlotte,small
1785664000.3346395,4108384,0.1333,-0.0063,-1.0039,4.5166,1.3428,-0.1831,lying,Charlotte,small
1785664000.3346431,4108434,0.1357,-0.0024,-0.9995,4.5166,1.4038,0.0,lying,Charlotte,small
1785664000.8533947,4108579,0.1318,-0.0049,-0.998,4.4556,1.2207,-0.061,lying,Charlotte,small
1785664000.8534048,4108629,0.1299,-0.0039,-1.0024,4.4556,1.3428,-0.3662,lying,Charlotte,small
1785664000.8534098,4108679,0.1309,-0.0093,-1.0044,4.4556,1.1597,-0.3052,lying,Charlotte,small
1785664000.8534143,4108729,0.126,-0.001,-0.9937,4.3335,1.3428,0.0,lying,Charlotte,small
1785664000.8534186,4108779,0.1338,-0.0068,-1.0039,4.4556,1.0376,-0.4272,lying,Charlotte,small
1785664000.8534224,4108829,0.1323,-0.0049,-1.0142,4.2725,1.1597,-0.061,lying,Charlotte,small
1785664000.8534262,4108879,0.1318,-0.0059,-0.9966,4.6387,1.0986,-0.3052,lying,Charlotte,small
1785664000.85343,4108929,0.1323,-0.0054,-1.0068,4.3945,1.3428,-0.1831,lying,Charlotte,small
1785664000.8534336,4108979,0.1323,-0.0054,-1.0117,4.3945,0.9155,-0.061,lying,Charlotte,small
1785664000.8534372,4109029,0.1313,-0.0029,-0.9995,4.5166,1.0986,-0.061,lying,Charlotte,small
1785664004.1616879,4109094,0.1309,-0.0039,-1.0034,4.3335,1.2207,-0.2441,lying,Charlotte,small
1785664004.1617007,4109144,0.1323,-0.0034,-1.002,4.5776,1.2817,-0.061,lying,Charlotte,small
1785664004.161706,4109194,0.1318,-0.0039,-0.999,4.4556,0.8545,-0.3052,lying,Charlotte,small
1785664004.1617103,4109244,0.1309,-0.0068,-1.0024,4.4556,1.2817,-0.1221,lying,Charlotte,small
1785664004.1617143,4109294,0.1299,-0.0049,-1.0024,4.5166,1.1597,-0.1221,lying,Charlotte,small
1785664004.1617181,4109344,0.1328,-0.0029,-0.999,4.5776,1.2817,0.1831,lying,Charlotte,small
1785664004.161722,4109394,0.1372,-0.0024,-1.0039,4.3335,1.0376,-0.061,lying,Charlotte,small
1785664004.1617258,4109444,0.1313,-0.0054,-1.001,4.2114,1.2207,0.0,lying,Charlotte,small
1785664004.1617298,4109494,0.1333,-0.0063,-1.0029,4.4556,0.9766,0.061,lying,Charlotte,small
1785664004.1617336,4109544,0.1318,-0.0059,-0.999,4.3945,1.2817,0.0,lying,Charlotte,small
1785664004.9217863,4112407,0.1362,-0.0039,-1.0,4.3945,1.0376,-0.2441,lying,Charlotte,small
1785664004.921797,4112457,0.1362,-0.0059,-1.001,4.5166,1.2207,-0.061,lying,Charlotte,small
1785664004.9218016,4112507,0.1333,-0.0063,-1.0063,4.4556,1.2207,-0.061,lying,Charlotte,small
1785664004.921807,4112557,0.1313,-0.0093,-1.0059,4.5166,1.2817,0.0,lying,Charlotte,small
1785664004.9218123,4112607,0.1348,-0.0073,-1.0049,4.0894,1.2207,-0.061,lying,Charlotte,small
1785664004.921816,4112657,0.1323,-0.0059,-1.0029,4.6387,0.9155,-0.3662,lying,Charlotte,small
1785664004.92182,4112707,0.1343,-0.0024,-1.0024,4.5166,1.4038,-0.1221,lying,Charlotte,small
1785664004.9218237,4112757,0.1318,-0.0068,-1.001,4.5776,1.2817,0.061,lying,Charlotte,small
1785664004.9218273,4112807,0.1328,-0.0068,-1.0063,4.2725,1.4038,-0.1831,lying,Charlotte,small
1785664004.9218311,4112857,0.1348,-0.0034,-0.9966,4.3335,1.1597,-0.2441,lying,Charlotte,small
1785664005.4447215,4113159,0.1309,-0.0059,-0.999,4.5166,0.9766,0.061,lying,Charlotte,small
1785664005.4447317,4113209,0.1328,-0.0073,-1.0024,4.5166,0.9155,0.0,lying,Charlotte,small
1785664005.4447381,4113259,0.127,0.0015,-0.998,4.5776,1.2817,-0.1831,lying,Charlotte,small
1785664005.444743,4113309,0.1309,-0.0049,-1.0093,4.2725,1.0986,-0.2441,lying,Charlotte,small
1785664005.4447474,4113359,0.1294,-0.0015,-1.0005,4.4556,1.0376,0.061,lying,Charlotte,small
1785664005.4447515,4113409,0.1318,-0.0039,-1.0044,4.3945,1.1597,-0.2441,lying,Charlotte,small
1785664005.4447556,4113459,0.1362,-0.0039,-0.9966,4.4556,1.0376,0.0,lying,Charlotte,small
1785664005.4447591,4113509,0.1357,-0.0044,-1.0034,4.3335,1.1597,-0.061,lying,Charlotte,small
1785664005.444763,4113559,0.1294,-0.0073,-1.0024,4.4556,0.9155,0.1221,lying,Charlotte,small
1785664005.4447668,4113609,0.1323,-0.0049,-0.9941,4.5776,1.2207,0.0,lying,Charlotte,small
1785664005.9946074,4113711,0.1323,-0.0049,-0.9956,4.4556,1.2817,-0.061,lying,Charlotte,small
1785664005.994617,4113761,0.1294,-0.0039,-1.0024,4.5166,1.1597,-0.2441,lying,Charlotte,small
1785664005.9946225,4113811,0.1348,-0.0073,-0.9985,4.5776,0.9766,-0.061,lying,Charlotte,small
1785664005.9946268,4113861,0.1348,-0.0083,-1.0029,4.3335,1.2207,-0.1221,lying,Charlotte,small
1785664005.9946308,4113911,0.1323,-0.0068,-1.0015,4.3945,1.1597,-0.061,lying,Charlotte,small
1785664005.9946344,4113961,0.1304,-0.0049,-1.0068,4.6387,1.0986,-0.061,lying,Charlotte,small
1785664005.9946387,4114011,0.1357,-0.0068,-0.9946,4.5166,1.1597,-0.1221,lying,Charlotte,small
1785664005.9946425,4114061,0.1353,-0.0098,-0.999,4.5166,1.2207,0.3052,lying,Charlotte,small
1785664005.994646,4114111,0.1343,-0.0005,-0.9995,4.6997,0.9155,-0.1221,lying,Charlotte,small
1785664005.9946501,4114161,0.1353,-0.0034,-0.9966,4.4556,1.1597,0.0,lying,Charlotte,small
1785664007.0714464,4114233,0.1309,0.0,-0.9971,4.5166,1.0986,-0.061,lying,Charlotte,small
1785664007.0714583,4114283,0.1323,-0.0029,-1.001,4.5776,1.2817,-0.2441,lying,Charlotte,small
1785664007.0714633,4114333,0.1348,-0.0024,-1.002,4.3945,1.2817,-0.3052,lying,Charlotte,small
1785664007.0714679,4114383,0.1299,-0.0044,-1.0083,4.3335,1.2207,0.0,lying,Charlotte,small
1785664007.0714717,4114433,0.1313,-0.0029,-1.0024,4.4556,1.1597,-0.3052,lying,Charlotte,small
1785664007.0714753,4114483,0.1323,-0.0063,-1.0,4.4556,1.2207,0.1221,lying,Charlotte,small
1785664007.071479,4114533,0.1328,-0.0059,-1.0049,4.5166,1.0376,0.0,lying,Charlotte,small
1785664007.0714827,4114583,0.1289,-0.0078,-1.0,4.3945,1.0986,-0.1221,lying,Charlotte,small
1785664007.0714862,4114633,0.1299,-0.0063,-1.0005,4.6387,1.1597,0.1831,lying,Charlotte,small
1785664007.0714898,4114683,0.1382,-0.0049,-1.0073,4.5166,1.0986,-0.1831,lying,Charlotte,small
1785664008.2176197,4115315,0.1333,-0.0054,-1.0039,4.3945,1.0376,-0.3052,lying,Charlotte,small
1785664008.217637,4115365,0.1323,-0.0039,-0.9966,4.5166,1.0986,0.061,lying,Charlotte,small
1785664008.2176425,4115415,0.1309,-0.0024,-0.9995,4.4556,1.2817,-0.1221,lying,Charlotte,small
1785664008.217647,4115465,0.1318,-0.0034,-1.0034,4.5776,1.3428,0.1831,lying,Charlotte,small
1785664008.2176511,4115515,0.1294,-0.0034,-0.9976,4.6997,1.4648,0.1831,lying,Charlotte,small
1785664008.2176547,4115565,0.1348,-0.0068,-1.0,4.1504,1.1597,0.0,lying,Charlotte,small
1785664008.217659,4115615,0.1333,-0.0049,-1.0073,4.2114,1.1597,-0.061,lying,Charlotte,small
1785664008.2176628,4115665,0.1323,-0.0063,-1.0015,4.3945,1.0376,-0.061,lying,Charlotte,small
1785664008.2176666,4115715,0.1284,-0.0029,-0.9985,4.3945,1.0986,-0.1831,lying,Charlotte,small
1785664008.2176704,4115765,0.1294,-0.0054,-0.9995,4.2725,1.2207,-0.1221,lying,Charlotte,small
1785664010.7372196,4116457,0.1323,-0.0059,-0.9985,4.3945,1.2207,0.0,lying,Charlotte,small
1785664010.7372296,4116507,0.1348,-0.0029,-0.9985,4.3335,1.0986,-0.3052,lying,Charlotte,small
1785664010.7372353,4116557,0.1333,-0.0044,-1.0029,4.2114,1.0986,-0.3662,lying,Charlotte,small
1785664010.7372398,4116607,0.1323,-0.0083,-0.9951,4.5166,1.0986,0.1221,lying,Charlotte,small
1785664010.7372441,4116657,0.1299,-0.0059,-0.9976,4.3945,1.0986,0.0,lying,Charlotte,small
1785664010.7372475,4116707,0.1338,-0.0088,-1.0034,4.5166,1.2207,-0.1221,lying,Charlotte,small
1785664010.7372515,4116757,0.1362,-0.0068,-1.0039,4.6387,1.5259,-0.061,lying,Charlotte,small
1785664010.7372553,4116807,0.1304,-0.0039,-1.0024,4.3335,1.2817,-0.1221,lying,Charlotte,small
1785664010.737259,4116857,0.1313,-0.0068,-1.0,4.2114,1.3428,-0.1831,lying,Charlotte,small
1785664010.7372625,4116907,0.1318,-0.001,-1.0,4.2114,1.2207,-0.1221,lying,Charlotte,small
1785664013.7281625,4120850,0.1333,-0.0088,-1.0005,4.5166,1.2817,0.0,lying,Charlotte,small
1785664013.728175,4120900,0.1362,-0.0034,-1.0039,4.4556,1.0986,-0.1831,lying,Charlotte,small
1785664013.7281802,4120950,0.1318,-0.0044,-0.999,4.4556,1.2207,-0.061,lying,Charlotte,small
1785664013.7281845,4121000,0.1328,-0.0068,-1.0078,4.1504,0.9766,0.1221,lying,Charlotte,small
1785664013.7281888,4121050,0.1338,-0.0068,-1.0034,4.4556,1.0376,-0.3052,lying,Charlotte,small
1785664013.7281926,4121100,0.1318,-0.0049,-1.002,4.3945,1.2207,0.1221,lying,Charlotte,small
1785664013.7281964,4121150,0.1333,-0.0059,-1.0049,4.3335,1.4038,-0.1221,lying,Charlotte,small
1785664013.7282004,4121200,0.1318,-0.0093,-0.9946,4.1504,0.9766,0.061,lying,Charlotte,small
1785664013.7282043,4121250,0.1299,0.0005,-1.001,4.5776,1.2817,-0.1221,lying,Charlotte,small
1785664013.7282083,4121300,0.1323,-0.0078,-1.001,4.3945,1.2817,0.0,lying,Charlotte,small
1785664014.6975358,4121966,0.1313,-0.0054,-1.0039,4.1504,1.0986,-0.3052,lying,Charlotte,small
1785664014.6975484,4122016,0.1338,-0.0049,-1.0034,4.3945,1.0376,-0.061,lying,Charlotte,small
1785664014.6975534,4122066,0.1313,-0.001,-1.0039,4.4556,1.1597,-0.1831,lying,Charlotte,small
1785664014.6975582,4122116,0.1343,-0.0059,-1.0024,4.5166,1.2207,0.1831,lying,Charlotte,small
1785664014.6975622,4122166,0.1338,-0.0049,-1.0,4.5166,1.3428,-0.3662,lying,Charlotte,small
1785664014.6975658,4122216,0.1304,-0.0039,-1.0034,4.3335,1.0376,0.0,lying,Charlotte,small
1785664014.6975703,4122266,0.1357,-0.0059,-1.0029,4.5166,1.0986,-0.4272,lying,Charlotte,small
1785664014.6975744,4122316,0.1333,-0.0039,-0.9971,4.3335,0.9766,-0.061,lying,Charlotte,small
1785664014.6975782,4122366,0.1328,-0.0054,-1.0005,4.5776,1.2207,-0.1221,lying,Charlotte,small
1785664014.697582,4122416,0.1357,-0.0078,-1.0005,4.4556,1.2207,0.0,lying,Charlotte,small
1785664015.5720148,4122938,0.1323,-0.0024,-1.0034,4.5166,1.0986,0.1221,lying,Charlotte,small
1785664015.5720317,4122988,0.1328,-0.0034,-1.0078,4.4556,1.0986,0.1221,lying,Charlotte,small
1785664015.5720372,4123038,0.1343,-0.0073,-1.0049,4.2725,1.3428,-0.2441,lying,Charlotte,small
1785664015.5720413,4123088,0.1348,-0.0029,-1.0093,4.4556,1.4038,-0.061,lying,Charlotte,small
1785664015.572045,4123138,0.1299,-0.0054,-1.0063,4.6387,1.2817,-0.1221,lying,Charlotte,small
1785664015.572049,4123188,0.1318,-0.0029,-0.999,4.4556,1.0376,-0.1831,lying,Charlotte,small
1785664015.572053,4123238,0.1294,-0.0005,-1.0015,4.3945,1.2817,0.0,lying,Charlotte,small
1785664015.572057,4123288,0.1343,-0.0034,-1.0083,4.2114,1.2207,-0.061,lying,Charlotte,small
1785664015.5720608,4123338,0.1299,-0.0039,-1.001,4.5776,1.1597,0.061,lying,Charlotte,small
1785664015.572065,4123388,0.1313,-0.0083,-1.0039,4.3945,1.2207,0.1221,lying,Charlotte,small
1785664017.0415285,4123815,0.1323,-0.0049,-1.0039,4.3945,1.1597,-0.3662,lying,Charlotte,small
1785664017.0415456,4123865,0.1323,-0.0049,-0.9966,4.5776,1.0986,0.0,lying,Charlotte,small
1785664017.041551,4123915,0.1299,-0.0088,-1.0015,4.3335,1.1597,0.0,lying,Charlotte,small
1785664017.0415552,4123965,0.1318,-0.0034,-1.0059,4.5166,1.2817,0.0,lying,Charlotte,small
1785664017.041559,4124015,0.1343,-0.0078,-1.0,4.3945,1.3428,-0.1831,lying,Charlotte,small
1785664017.0415626,4124065,0.1338,-0.0068,-1.0024,4.2114,1.4038,-0.3662,lying,Charlotte,small
1785664017.0415666,4124115,0.1333,-0.0034,-1.0024,4.3335,1.2817,-0.061,lying,Charlotte,small
1785664017.0415702,4124165,0.1338,-0.0068,-1.0039,4.6387,1.4038,-0.6104,lying,Charlotte,small
1785664017.041574,4124215,0.1333,-0.0103,-1.0054,4.4556,0.9766,0.061,lying,Charlotte,small
1785664017.041578,4124265,0.1318,-0.0034,-0.9995,4.3945,1.1597,-0.061,lying,Charlotte,small
1785664082.9599936,4185278,0.1328,-0.0098,-1.0029,4.3335,1.0986,-0.1831,lying,Charlotte,small
1785664082.9600072,4185328,0.1343,-0.0044,-0.9976,4.3945,1.0376,-0.2441,lying,Charlotte,small
1785664082.960012,4185378,0.1294,-0.0034,-1.0029,4.3335,1.1597,0.0,lying,Charlotte,small
1785664082.9600167,4185428,0.1367,-0.001,-0.9976,4.3945,1.3428,-0.1831,lying,Charlotte,small
1785664082.960021,4185478,0.1353,-0.0044,-0.9941,4.2725,1.0986,0.061,lying,Charlotte,small
1785664082.9600248,4185528,0.1328,-0.0054,-0.998,4.3945,1.0376,0.0,lying,Charlotte,small
1785664082.9600286,4185578,0.1343,-0.0054,-1.0059,4.3945,1.4648,-0.1831,lying,Charlotte,small
1785664082.9600325,4185628,0.1338,-0.0112,-0.9971,4.7607,1.2817,-0.1831,lying,Charlotte,small
1785664082.9600363,4185678,0.1323,-0.0059,-1.0068,4.4556,0.8545,-0.1221,lying,Charlotte,small
1785664082.9600399,4185728,0.1294,-0.0054,-0.998,4.5166,1.2817,-0.1221,lying,Charlotte,small
1785664083.4768035,4191196,0.1309,-0.002,-1.0034,4.2114,1.0376,-0.1221,lying,Charlotte,small
1785664083.4768136,4191246,0.1328,-0.002,-0.998,4.4556,0.9766,-0.2441,lying,Charlotte,small
1785664083.4768193,4191296,0.1362,-0.0005,-0.9985,4.4556,1.2817,-0.2441,lying,Charlotte,small
1785664083.4768238,4191346,0.1333,-0.0015,-1.0034,4.4556,1.2207,0.3052,lying,Charlotte,small
1785664083.4768286,4191396,0.1313,-0.002,-1.0088,4.8828,0.9766,0.061,lying,Charlotte,small
1785664083.4768329,4191446,0.1338,-0.0044,-1.0005,4.3945,1.0376,-0.1831,lying,Charlotte,small
1785664083.4768372,4191496,0.1348,-0.0049,-0.9971,4.5776,1.0986,-0.2441,lying,Charlotte,small
1785664083.476841,4191546,0.1328,-0.0049,-1.0,4.3335,1.2817,-0.061,lying,Charlotte,small
1785664083.4768445,4191596,0.1323,-0.002,-1.0024,4.3945,1.1597,-0.061,lying,Charlotte,small
1785664083.4768486,4191646,0.1357,-0.0088,-0.9966,4.5166,1.2207,-0.4272,lying,Charlotte,small
1785664084.392238,4191718,0.1299,-0.0054,-1.002,4.3335,0.9766,-0.1831,lying,Charlotte,small
1785664084.392246,4191768,0.1318,-0.0049,-1.0029,4.4556,1.4648,-0.061,lying,Charlotte,small
1785664084.3922505,4191818,0.1343,-0.0063,-0.9985,4.5776,1.4038,-0.3052,lying,Charlotte,small
1785664084.3922553,4191868,0.1333,-0.0024,-1.0059,4.3945,1.0376,0.061,lying,Charlotte,small
1785664084.3922596,4191918,0.1348,-0.0029,-1.0044,4.5776,1.4648,0.1221,lying,Charlotte,small
1785664084.3922634,4191968,0.1338,-0.0054,-1.0039,4.5776,1.1597,0.0,lying,Charlotte,small
1785664084.392267,4192018,0.1343,-0.0049,-1.0044,4.3335,1.0986,0.061,lying,Charlotte,small
1785664084.392271,4192068,0.1338,-0.0034,-1.0005,4.4556,1.1597,-0.3662,lying,Charlotte,small
1785664084.3922746,4192118,0.1323,-0.0059,-0.9971,4.4556,1.4038,0.1831,lying,Charlotte,small
1785664084.3922784,4192168,0.1333,-0.0049,-0.9985,4.3945,1.2207,-0.1831,lying,Charlotte,small
1785664086.226198,4192729,0.1299,-0.0049,-1.002,4.5166,1.1597,-0.1831,lying,Charlotte,small
1785664086.2262099,4192779,0.1343,-0.0039,-0.9995,4.7607,1.1597,0.061,lying,Charlotte,small
1785664086.2262151,4192829,0.1289,-0.0044,-1.0029,4.5166,1.1597,-0.3052,lying,Charlotte,small
1785664086.2262194,4192879,0.1318,-0.0039,-1.0044,4.4556,1.2817,0.061,lying,Charlotte,small
1785664086.2262237,4192929,0.1328,-0.0039,-1.0034,4.5166,1.1597,-0.061,lying,Charlotte,small
1785664086.2262273,4192979,0.1304,-0.0044,-1.0024,4.4556,1.2817,-0.061,lying,Charlotte,small
1785664086.226231,4193029,0.1333,-0.0049,-0.9971,4.4556,1.2817,-0.061,lying,Charlotte,small
1785664086.226235,4193079,0.1328,-0.0054,-1.0015,4.3335,1.2817,-0.1831,lying,Charlotte,small
1785664086.2262385,4193129,0.1323,-0.002,-1.0059,4.3945,1.2207,0.061,lying,Charlotte,small
1785664086.226242,4193179,0.1328,-0.0049,-1.001,4.3945,1.2817,-0.061,lying,Charlotte,small
1785664086.7615204,4194461,0.1333,-0.0044,-1.0073,4.3945,1.3428,0.061,lying,Charlotte,small
1785664086.7615306,4194511,0.1377,-0.0063,-1.0005,4.5776,1.2817,-0.3052,lying,Charlotte,small
1785664086.761536,4194561,0.1328,0.0005,-1.0,4.2725,0.9766,-0.1831,lying,Charlotte,small
1785664086.761541,4194611,0.1348,-0.0039,-1.0063,4.3945,0.9766,-0.1221,lying,Charlotte,small
1785664086.7615447,4194661,0.1333,0.0044,-1.001,4.6997,0.9766,-0.2441,lying,Charlotte,small
1785664086.7615485,4194711,0.1387,-0.0127,-1.0015,4.2725,1.0986,-0.2441,lying,Charlotte,small
1785664086.7615526,4194761,0.1328,-0.0059,-1.0015,4.4556,0.9766,-0.3052,lying,Charlotte,small
1785664086.7615564,4194811,0.1333,-0.002,-0.998,4.3945,1.0986,-0.061,lying,Charlotte,small
1785664086.76156,4194861,0.1289,-0.0059,-1.0098,4.3945,1.0376,-0.1831,lying,Charlotte,small
1785664086.7615635,4194911,0.1304,-0.0039,-1.0024,4.4556,1.2817,-0.4272,lying,Charlotte,small
1785664087.5570915,4194998,0.1323,-0.0059,-0.9985,4.3335,1.2207,-0.1831,lying,Charlotte,small
1785664087.5571036,4195048,0.1318,-0.0049,-0.9956,4.5166,1.2817,-0.1221,lying,Charlotte,small
1785664087.5571084,4195098,0.1309,-0.0063,-1.0034,4.3945,1.0376,0.2441,lying,Charlotte,small
1785664087.5571132,4195148,0.1362,-0.0039,-1.0054,4.4556,0.8545,-0.2441,lying,Charlotte,small
1785664087.557117,4195198,0.1323,-0.002,-0.9966,4.4556,1.3428,0.0,lying,Charlotte,small
1785664087.557121,4195248,0.1313,-0.0049,-1.0005,4.6387,0.9766,0.2441,lying,Charlotte,small
1785664087.557125,4195298,0.1299,-0.0078,-1.0059,4.3335,1.1597,0.061,lying,Charlotte,small
1785664087.557129,4195348,0.1338,-0.0044,-1.0034,4.5776,1.2817,-0.1221,lying,Charlotte,small
1785664087.5571325,4195398,0.1348,-0.0034,-1.0034,4.5776,1.3428,-0.1221,lying,Charlotte,small
1785664087.557136,4195448,0.1328,-0.001,-1.0,4.7607,1.0376,-0.3052,lying,Charlotte,small
1785664088.3913455,4195795,0.1299,-0.0054,-0.9966,4.3945,1.3428,-0.1831,lying,Charlotte,small
1785664088.3913527,4195845,0.1323,-0.0103,-1.0054,4.2725,1.4038,0.0,lying,Charlotte,small
1785664088.3913565,4195895,0.1304,-0.001,-0.9956,4.4556,1.2207,-0.061,lying,Charlotte,small
1785664088.3913603,4195945,0.1377,-0.0039,-1.0049,4.2114,1.1597,-0.1221,lying,Charlotte,small
1785664088.3913639,4195995,0.1333,-0.0063,-1.0029,4.3945,1.0986,0.061,lying,Charlotte,small
1785664088.391367,4196045,0.1333,-0.0039,-1.0029,4.6997,1.2817,-0.061,lying,Charlotte,small
1785664088.39137,4196095,0.1299,-0.0039,-1.0015,4.5776,1.0376,-0.1221,lying,Charlotte,small
1785664088.391373,4196145,0.1318,-0.0034,-0.9971,4.4556,1.3428,-0.3662,lying,Charlotte,small
1785664088.3913758,4196195,0.1313,-0.0068,-1.0015,4.5776,1.4648,0.0,lying,Charlotte,small
1785664088.3913786,4196245,0.1309,-0.0039,-1.0,4.5776,1.5259,-0.3662,lying,Charlotte,small
1785664089.709418,4196818,0.1343,-0.0034,-1.0059,4.3945,1.0376,-0.061,lying,Charlotte,small
1785664089.7094302,4196868,0.1289,0.0024,-0.999,4.2114,1.0376,-0.2441,lying,Charlotte,small
1785664089.7094355,4196918,0.1367,-0.0122,-1.0068,4.5776,1.4038,0.0,lying,Charlotte,small
1785664089.70944,4196968,0.1328,-0.0029,-1.0005,4.5776,1.2817,-0.1221,lying,Charlotte,small
1785664089.709444,4197018,0.1323,-0.0024,-0.999,4.3335,1.2817,-0.1221,lying,Charlotte,small
1785664089.7094479,4197068,0.1294,-0.0015,-1.0034,4.5166,1.0986,-0.061,lying,Charlotte,small
1785664089.7094524,4197118,0.1338,-0.0063,-1.001,4.3945,1.3428,-0.3052,lying,Charlotte,small
1785664089.7094564,4197168,0.1313,-0.0039,-1.002,4.5166,1.0376,0.1831,lying,Charlotte,small
1785664089.7094603,4197218,0.1348,-0.0029,-1.0044,4.3335,1.1597,0.0,lying,Charlotte,small
1785664089.7094638,4197268,0.1338,-0.0039,-1.0015,4.5166,1.2207,-0.1831,lying,Charlotte,small
1785664090.3969102,4197950,0.1338,-0.0034,-0.999,4.6387,1.1597,-0.4883,lying,Charlotte,small
1785664090.3969178,4198000,0.1353,-0.0024,-1.0039,4.6387,1.2207,-0.1831,lying,Charlotte,small
1785664090.3969216,4198050,0.1279,-0.0059,-1.002,4.3945,1.2817,-0.1831,lying,Charlotte,small
1785664090.3969252,4198100,0.1323,-0.0049,-1.0015,4.4556,1.0986,-0.1831,lying,Charlotte,small
1785664090.3969345,4198150,0.1294,-0.0054,-1.0029,4.5776,1.0376,0.0,lying,Charlotte,small
1785664090.3969374,4198200,0.1309,-0.0044,-1.0005,4.3945,1.1597,-0.3052,lying,Charlotte,small
1785664090.3969407,4198250,0.1313,-0.0024,-1.0005,4.2114,1.2817,-0.2441,lying,Charlotte,small
1785664090.3969436,4198300,0.1343,-0.0073,-1.0044,4.5776,1.2207,-0.1831,lying,Charlotte,small
1785664090.3969467,4198350,0.1299,-0.0059,-1.0073,4.3945,1.3428,-0.1831,lying,Charlotte,small
1785664090.3969495,4198400,0.1318,-0.0059,-0.998,4.3335,1.0986,0.061,lying,Charlotte,small
1785664092.3942275,4199782,0.1309,-0.0005,-1.0068,4.6997,1.1597,0.0,lying,Charlotte,small
1785664092.3942347,4199832,0.1362,0.0005,-1.0059,4.5166,1.0986,-0.1831,lying,Charlotte,small
1785664092.3942387,4199882,0.1318,-0.0039,-0.9976,4.4556,1.1597,-0.1831,lying,Charlotte,small
1785664092.3942423,4199932,0.1313,-0.0068,-1.0024,4.3335,1.2817,0.061,lying,Charlotte,small
1785664092.3942456,4199982,0.1333,-0.0039,-1.0073,4.5166,1.1597,-0.1221,lying,Charlotte,small
1785664092.3942487,4200032,0.1328,-0.0054,-1.0039,4.3945,1.3428,0.0,lying,Charlotte,small
1785664092.3942516,4200082,0.1323,-0.0034,-1.002,4.4556,1.0986,-0.2441,lying,Charlotte,small
1785664092.3942547,4200132,0.1318,-0.0063,-0.9946,4.3945,1.4648,-0.1221,lying,Charlotte,small
1785664092.3942573,4200182,0.1304,0.0005,-0.9937,4.3945,1.0986,0.061,lying,Charlotte,small
1785664092.3942604,4200232,0.1318,-0.0059,-1.0049,4.3945,1.1597,-0.3052,lying,Charlotte,small
1785664094.1116562,4201526,0.1333,-0.0127,-1.0054,4.6387,1.1597,0.0,lying,Charlotte,small
1785664094.111668,4201576,0.1313,-0.0073,-1.0049,4.5776,1.2207,0.3052,lying,Charlotte,small
1785664094.1116734,4201626,0.1333,-0.0093,-1.0015,4.3945,1.2207,-0.2441,lying,Charlotte,small
1785664094.1116776,4201676,0.1338,-0.0063,-0.999,4.4556,1.0986,0.1221,lying,Charlotte,small
1785664094.1116817,4201726,0.1353,-0.002,-0.9937,4.6387,1.2817,0.061,lying,Charlotte,small
1785664094.1116853,4201776,0.1348,-0.0063,-1.001,4.4556,1.2207,0.0,lying,Charlotte,small
1785664094.1116896,4201826,0.1318,-0.0098,-0.998,4.2725,1.1597,-0.1831,lying,Charlotte,small
1785664094.1116934,4201876,0.1328,-0.0049,-1.0044,4.5776,1.1597,-0.1221,lying,Charlotte,small
1785664094.111697,4201926,0.1333,-0.0034,-1.0073,4.3945,1.1597,-0.061,lying,Charlotte,small
1785664094.1117005,4201976,0.1343,-0.0068,-1.001,4.6387,1.4038,-0.1831,lying,Charlotte,small
1785664096.4670155,4202352,0.1318,-0.0039,-1.0044,4.5776,1.2817,-0.2441,lying,Charlotte,small
1785664096.4670317,4202402,0.1328,-0.0024,-0.9995,4.6387,0.9155,-0.3662,lying,Charlotte,small
1785664096.4670377,4202452,0.1333,-0.0049,-1.001,4.3335,1.1597,-0.061,lying,Charlotte,small
1785664096.467042,4202502,0.1299,-0.0049,-1.0068,4.5776,1.0986,-0.1221,lying,Charlotte,small
1785664096.4670463,4202552,0.1309,-0.0068,-1.001,4.3335,1.3428,0.061,lying,Charlotte,small
1785664096.4670498,4202602,0.1309,-0.0024,-1.001,4.5166,1.2207,-0.1221,lying,Charlotte,small
1785664096.4670537,4202652,0.1348,-0.0093,-1.0015,4.4556,1.1597,0.1831,lying,Charlotte,small
1785664096.4670575,4202702,0.1323,-0.0029,-0.999,4.3335,1.0376,0.0,lying,Charlotte,small
1785664096.4670615,4202752,0.1343,-0.0034,-1.001,4.4556,1.0986,0.0,lying,Charlotte,small
1785664096.467065,4202802,0.1328,-0.0034,-1.0005,4.2114,1.2817,0.1221,lying,Charlotte,small
1785664096.98442,4204700,0.1338,-0.0049,-0.999,4.3945,1.1597,-0.1831,lying,Charlotte,small
1785664096.9844306,4204750,0.1309,-0.0005,-0.9971,4.3945,1.1597,-0.1831,lying,Charlotte,small
1785664096.984436,4204800,0.1294,0.0024,-0.9971,4.5776,1.2207,-0.2441,lying,Charlotte,small
1785664096.9844406,4204850,0.1328,-0.001,-1.0088,4.6387,0.9766,-0.1831,lying,Charlotte,small
1785664096.9844446,4204900,0.1309,0.0015,-0.9985,4.2725,1.0986,-0.1221,lying,Charlotte,small
1785664096.9844487,4204950,0.1289,0.0049,-1.002,4.3945,1.2207,-0.1221,lying,Charlotte,small
1785664096.984453,4205000,0.1338,-0.0054,-1.0015,4.5166,1.2207,-0.1831,lying,Charlotte,small
1785664096.9844565,4205050,0.1309,-0.0015,-1.0029,4.4556,1.1597,0.061,lying,Charlotte,small
1785664096.9844604,4205100,0.1284,0.0029,-1.0039,4.2114,1.1597,-0.1221,lying,Charlotte,small
1785664096.9844642,4205150,0.1318,-0.0039,-1.002,4.6387,0.9766,-0.1221,lying,Charlotte,small
1785664097.5030441,4205222,0.1353,-0.0088,-1.001,4.2114,1.2817,-0.3052,lying,Charlotte,small
1785664097.503054,4205272,0.1313,-0.0083,-1.002,4.5166,1.0376,-0.1831,lying,Charlotte,small
1785664097.503059,4205322,0.1348,-0.0078,-0.9976,4.4556,1.0986,0.061,lying,Charlotte,small
1785664097.5030632,4205372,0.1309,-0.0039,-0.9971,4.4556,1.2207,-0.2441,lying,Charlotte,small
1785664097.5030675,4205422,0.1318,-0.0059,-0.9961,4.2725,1.2207,-0.1831,lying,Charlotte,small
1785664097.503071,4205472,0.1353,-0.0083,-1.002,4.4556,1.2817,-0.1831,lying,Charlotte,small
1785664097.503075,4205522,0.1353,-0.0039,-0.998,4.5166,1.1597,-0.1831,lying,Charlotte,small
1785664097.5030785,4205572,0.1313,-0.0034,-0.9961,4.5166,1.2207,0.061,lying,Charlotte,small
1785664097.503082,4205622,0.1348,-0.0039,-0.999,4.3335,1.3428,0.0,lying,Charlotte,small
1785664097.5030856,4205672,0.1313,-0.0093,-0.9941,4.3335,1.2817,-0.1831,lying,Charlotte,small
1785664098.7191243,4205735,0.1323,-0.0039,-1.0005,4.3945,1.0986,0.061,lying,Charlotte,small
1785664098.719136,4205785,0.1343,-0.0049,-1.0015,4.3335,0.9766,-0.1221,lying,Charlotte,small
1785664098.7191415,4205835,0.1323,-0.0044,-1.0039,4.5776,1.2207,-0.1831,lying,Charlotte,small
1785664098.719146,4205885,0.1333,-0.0034,-1.0039,4.6997,1.2817,-0.1831,lying,Charlotte,small
1785664098.7191498,4205935,0.1323,-0.0063,-1.002,4.5166,1.0986,-0.061,lying,Charlotte,small
1785664098.7191536,4205985,0.1328,-0.0044,-1.0049,4.4556,1.2207,-0.1831,lying,Charlotte,small
1785664098.7191577,4206035,0.1348,-0.0073,-1.0068,4.3945,1.0376,-0.1831,lying,Charlotte,small
1785664098.7191613,4206085,0.1338,-0.0054,-1.001,4.3945,1.2207,-0.1221,lying,Charlotte,small
1785664098.7191648,4206135,0.1313,-0.0039,-1.002,4.3335,1.0986,-0.2441,lying,Charlotte,small
1785664098.7191684,4206185,0.1318,-0.0063,-1.0093,4.2725,1.1597,0.061,lying,Charlotte,small
1785664099.6413856,4206957,0.1318,-0.001,-1.0029,4.3335,0.8545,-0.1831,lying,Charlotte,small
1785664099.6413994,4207007,0.1274,-0.0029,-0.9971,5.0659,0.7935,-0.1221,lying,Charlotte,small
1785664099.6414046,4207057,0.1353,-0.0083,-1.0049,4.5166,1.3428,-0.1221,lying,Charlotte,small
1785664099.641409,4207107,0.1396,-0.0088,-1.0039,4.4556,1.2817,-0.4272,lying,Charlotte,small
1785664099.641413,4207157,0.1348,-0.0083,-1.0005,4.3945,0.9155,0.061,lying,Charlotte,small
1785664099.6414168,4207207,0.1284,-0.0034,-1.022,4.5166,0.6104,0.0,lying,Charlotte,small
1785664099.6414208,4207257,0.1353,-0.0127,-1.0,3.9062,1.4648,0.1221,lying,Charlotte,small
1785664099.6414247,4207307,0.1274,-0.0073,-0.9946,4.6387,1.1597,-0.1831,lying,Charlotte,small
1785664099.6414285,4207357,0.1323,-0.0039,-1.0029,4.5166,1.4038,-0.1831,lying,Charlotte,small
1785664099.6414323,4207407,0.1309,-0.0078,-1.0005,4.5166,1.2817,-0.2441,lying,Charlotte,small
1785664100.3935459,4207880,0.1323,-0.0044,-1.0015,4.4556,0.9766,-0.1831,lying,Charlotte,small
1785664100.3935552,4207930,0.1299,-0.0073,-0.998,4.3945,1.0986,-0.061,lying,Charlotte,small
1785664100.3935602,4207980,0.1309,-0.0029,-0.9951,4.3945,1.0986,0.061,lying,Charlotte,small
1785664100.3935645,4208030,0.1333,-0.0088,-1.0029,4.5776,1.2817,-0.1221,lying,Charlotte,small
1785664100.3935685,4208080,0.1323,-0.0044,-1.0005,4.3945,1.1597,-0.1221,lying,Charlotte,small
1785664100.393572,4208130,0.1309,-0.0039,-1.0078,4.5166,1.0986,-0.1831,lying,Charlotte,small
1785664100.3935757,4208180,0.1343,-0.0024,-1.0024,4.4556,1.1597,-0.2441,lying,Charlotte,small
1785664100.3935795,4208230,0.1377,-0.0073,-1.0088,4.2725,1.4038,-0.1221,lying,Charlotte,small
1785664100.3935828,4208280,0.1318,0.0005,-0.9922,4.2114,1.4038,-0.2441,lying,Charlotte,small
1785664100.3935869,4208330,0.1333,-0.0059,-1.0034,4.4556,1.3428,-0.061,lying,Charlotte,small
1785664101.899707,4209613,0.1299,-0.0024,-1.0005,4.4556,1.1597,0.1831,lying,Charlotte,small
1785664101.8997173,4209663,0.1392,-0.0156,-0.999,4.4556,1.1597,0.0,lying,Charlotte,small
1785664101.8997226,4209713,0.1289,-0.001,-1.001,4.3945,1.4648,-0.1221,lying,Charlotte,small
1785664101.899727,4209763,0.1328,-0.0059,-1.0029,4.3945,1.0986,0.1831,lying,Charlotte,small
1785664101.8997312,4209813,0.1338,-0.0068,-1.0103,4.2725,1.0986,-0.4272,lying,Charlotte,small
1785664101.899735,4209863,0.1362,-0.0088,-1.002,4.2725,1.4038,0.061,lying,Charlotte,small
1785664101.8997388,4209913,0.1304,-0.0044,-0.9922,4.4556,1.0986,-0.061,lying,Charlotte,small
1785664101.899743,4209963,0.1343,-0.0044,-0.9985,4.3945,1.0376,-0.2441,lying,Charlotte,small
1785664101.8997467,4210013,0.1353,-0.0049,-1.0049,4.2725,1.0986,-0.1221,lying,Charlotte,small
1785664101.8997502,4210063,0.1333,0.0005,-1.001,4.2114,0.9155,-0.2441,lying,Charlotte,small
1785664102.4609141,4210175,0.125,-0.0034,-0.999,4.2725,1.1597,-0.061,lying,Charlotte,small
1785664102.4609268,4210225,0.1406,-0.0049,-1.0039,4.6387,0.8545,0.1221,lying,Charlotte,small
1785664102.4609323,4210275,0.1318,-0.0044,-0.9995,4.2725,0.6714,-0.2441,lying,Charlotte,small
1785664102.4609368,4210325,0.1348,-0.0142,-1.0098,4.3335,1.4648,-0.1221,lying,Charlotte,small
1785664102.4609406,4210375,0.1318,0.002,-1.0024,4.5776,1.1597,-0.2441,lying,Charlotte,small
1785664102.4609442,4210425,0.1323,-0.0225,-1.001,4.1504,1.0376,-0.3052,lying,Charlotte,small
1785664102.4609482,4210475,0.1318,0.0015,-1.0005,4.2114,0.8545,0.0,lying,Charlotte,small
1785664102.4609523,4210525,0.1367,0.0024,-1.0068,4.5166,1.1597,0.1221,lying,Charlotte,small
1785664102.4609563,4210575,0.1387,-0.0107,-0.999,4.2725,1.5259,-0.1221,lying,Charlotte,small
1785664102.4609601,4210625,0.1343,-0.0088,-1.0039,4.6387,0.9766,-0.1831,lying,Charlotte,small
1785664103.429856,4210698,0.1348,-0.0039,-1.0029,4.4556,1.1597,-0.061,lying,Charlotte,small
1785664103.4298735,4210748,0.1299,-0.0044,-1.002,4.4556,1.2817,0.0,lying,Charlotte,small
1785664103.4298787,4210798,0.1313,-0.0068,-0.999,4.2725,1.2207,0.0,lying,Charlotte,small
1785664103.4298832,4210848,0.1318,-0.0073,-0.9995,4.3945,1.0986,-0.1221,lying,Charlotte,small
1785664103.429887,4210898,0.1323,0.0005,-1.0088,4.2725,1.2207,0.061,lying,Charlotte,small
1785664103.429891,4210948,0.1279,-0.0063,-1.0029,4.4556,1.0986,-0.061,lying,Charlotte,small
1785664103.4298952,4210998,0.1313,-0.0063,-1.0015,4.3335,1.0376,-0.061,lying,Charlotte,small
1785664103.4298987,4211048,0.1367,-0.0098,-1.0059,4.5166,1.0986,-0.061,lying,Charlotte,small
1785664103.4299026,4211098,0.1392,-0.0044,-0.9995,4.5776,1.0986,0.1831,lying,Charlotte,small
1785664103.4299061,4211148,0.1318,-0.0078,-1.0093,4.2725,1.3428,0.2441,lying,Charlotte,small
1785664105.3239741,4211670,0.1348,-0.0063,-0.9966,4.5776,0.9155,0.0,lying,Charlotte,small
1785664105.323984,4211720,0.1348,-0.0068,-1.0034,4.3945,1.4038,-0.1831,lying,Charlotte,small
1785664105.3239894,4211770,0.1318,-0.0024,-1.0078,4.3335,1.4648,0.0,lying,Charlotte,small
1785664105.3239944,4211820,0.1313,-0.0034,-1.002,4.2725,1.0986,0.0,lying,Charlotte,small
1785664105.3239982,4211870,0.1294,-0.0024,-1.0063,4.4556,1.0986,-0.1221,lying,Charlotte,small
1785664105.3240023,4211920,0.1323,-0.0044,-0.9976,4.5166,1.3428,0.1221,lying,Charlotte,small
1785664105.3240063,4211970,0.1304,-0.0044,-0.999,4.5776,1.0986,-0.3052,lying,Charlotte,small
1785664105.32401,4212020,0.1304,-0.0039,-0.9971,4.7607,1.2817,-0.061,lying,Charlotte,small
1785664105.3240137,4212070,0.1333,-0.0044,-1.0005,4.5166,1.1597,0.061,lying,Charlotte,small
1785664105.3240178,4212120,0.1313,-0.0093,-0.998,4.3945,1.2207,0.1221,lying,Charlotte,small
1785664105.9988134,4213556,0.1343,-0.002,-0.999,4.4556,1.2817,-0.3052,lying,Charlotte,small
1785664105.9988275,4213606,0.1338,-0.0098,-0.998,4.4556,1.3428,-0.3052,lying,Charlotte,small
1785664105.9988334,4213656,0.1328,-0.0015,-1.0,4.4556,1.2207,-0.4272,lying,Charlotte,small
1785664105.998838,4213706,0.1328,-0.0068,-1.0005,4.3945,1.0986,0.1831,lying,Charlotte,small
1785664105.9988425,4213756,0.1289,-0.0044,-0.998,4.5166,1.0376,0.0,lying,Charlotte,small
1785664105.9988463,4213806,0.1328,-0.0063,-1.0005,4.5776,1.3428,-0.3052,lying,Charlotte,small
1785664105.9988503,4213856,0.1328,-0.002,-1.0044,4.5166,1.3428,-0.061,lying,Charlotte,small
1785664105.9988542,4213906,0.1323,-0.002,-1.0,4.5166,1.2207,0.0,lying,Charlotte,small
1785664105.9988575,4213956,0.1362,-0.0029,-0.9927,4.3335,1.2207,0.0,lying,Charlotte,small
1785664105.9988613,4214006,0.1357,-0.0039,-1.0005,4.6997,1.1597,0.0,lying,Charlotte,small
1785664106.518076,4214239,0.1333,-0.0044,-1.0049,4.2725,1.2817,-0.1831,lying,Charlotte,small
1785664106.5180855,4214289,0.1348,-0.0015,-1.0029,4.6387,1.3428,-0.2441,lying,Charlotte,small
1785664106.5180912,4214339,0.1304,-0.0063,-0.9995,4.4556,1.2207,-0.1831,lying,Charlotte,small
1785664106.5180957,4214389,0.1313,-0.002,-1.002,4.6387,1.3428,-0.3662,lying,Charlotte,small
1785664106.5180998,4214439,0.1313,-0.0049,-1.001,4.5166,1.3428,-0.061,lying,Charlotte,small
1785664106.5181036,4214489,0.1299,0.0,-0.998,4.4556,0.7935,-0.1831,lying,Charlotte,small
1785664106.5181074,4214539,0.1348,-0.0059,-1.0059,4.3945,1.2817,-0.061,lying,Charlotte,small
1785664106.5181112,4214589,0.1328,-0.0044,-1.0039,4.5776,1.1597,0.0,lying,Charlotte,small
1785664106.5181148,4214639,0.1318,-0.0044,-0.9951,4.1504,1.1597,-0.3052,lying,Charlotte,small
1785664106.5181189,4214689,0.1348,-0.0063,-1.0044,4.6997,1.0376,-0.1831,lying,Charlotte,small
1785664107.2185907,4214752,0.1318,0.0068,-1.0039,4.4556,1.0986,-0.1221,lying,Charlotte,small
1785664107.218602,4214802,0.1333,-0.002,-1.0054,4.3945,1.1597,0.061,lying,Charlotte,small
1785664107.2186072,4214852,0.1304,0.0015,-1.0044,4.6387,1.0986,-0.1831,lying,Charlotte,small
1785664107.218612,4214902,0.1353,-0.0127,-1.0044,4.2725,1.3428,-0.1831,lying,Charlotte,small
1785664107.2186158,4214952,0.1333,-0.0005,-1.0029,4.3335,1.0376,-0.1221,lying,Charlotte,small
1785664107.2186196,4215002,0.1353,-0.0098,-1.0029,4.4556,1.2207,-0.3662,lying,Charlotte,small
1785664107.2186234,4215052,0.1377,-0.021,-0.998,4.4556,1.2207,-0.061,lying,Charlotte,small
1785664107.2186272,4215102,0.1353,-0.0166,-1.0034,4.3335,0.9766,-0.2441,lying,Charlotte,small
1785664107.2186315,4215152,0.1328,0.0098,-1.0063,4.3335,1.1597,-0.1221,lying,Charlotte,small
1785664107.2186348,4215202,0.1362,-0.0063,-1.0005,4.3335,0.9766,-0.061,lying,Charlotte,small
1785664108.6549892,4215455,0.1377,-0.0112,-0.9995,4.2114,0.7935,-0.1221,lying,Charlotte,small
1785664108.6550016,4215505,0.126,0.0181,-0.9995,4.7607,1.2207,0.2441,lying,Charlotte,small
1785664108.655007,4215555,0.1279,-0.0044,-1.0034,4.2725,1.3428,-0.2441,lying,Charlotte,small
1785664108.6550117,4215605,0.1362,-0.0239,-1.0103,4.5776,1.4038,-0.2441,lying,Charlotte,small
1785664108.6550157,4215655,0.1284,0.0068,-0.9941,4.4556,0.9766,-0.3052,lying,Charlotte,small
1785664108.6550198,4215705,0.144,-0.0356,-1.0186,4.4556,1.2817,-0.2441,lying,Charlotte,small
1785664108.6550238,4215755,0.1309,0.0127,-0.9951,4.2725,1.1597,-0.3662,lying,Charlotte,small
1785664108.6550276,4215805,0.1304,0.0088,-1.0049,4.4556,0.9155,-0.061,lying,Charlotte,small
1785664108.6550312,4215855,0.1343,-0.0054,-0.9966,4.2114,1.2207,-0.1221,lying,Charlotte,small
1785664108.6550348,4215905,0.1313,-0.0073,-1.0,4.0894,1.1597,0.0,lying,Charlotte,small
1785664109.177423,4216893,0.1343,-0.0059,-1.0049,4.2114,1.0376,-0.3662,lying,Charlotte,small
1785664109.1774318,4216943,0.1289,-0.002,-1.0044,4.3945,1.2817,-0.061,lying,Charlotte,small
1785664109.1774356,4216993,0.1299,-0.0034,-0.9995,4.2725,1.1597,-0.1221,lying,Charlotte,small
1785664109.1774395,4217043,0.1328,-0.0024,-1.0063,4.5776,1.2207,-0.061,lying,Charlotte,small
1785664109.1774423,4217093,0.1328,-0.0073,-1.0034,4.5166,1.1597,0.2441,lying,Charlotte,small
1785664109.1774454,4217143,0.1333,-0.0132,-1.0039,4.3335,1.0986,-0.1221,lying,Charlotte,small
1785664109.1774492,4217193,0.1348,-0.0093,-1.0054,4.3335,1.1597,-0.2441,lying,Charlotte,small
1785664109.177452,4217243,0.1338,-0.0107,-0.9985,4.4556,1.0376,-0.061,lying,Charlotte,small
1785664109.177455,4217293,0.1338,-0.0029,-1.0024,4.5166,1.4038,-0.1831,lying,Charlotte,small
1785664109.1774576,4217343,0.1313,-0.002,-0.9937,4.5776,1.1597,0.1831,lying,Charlotte,small
1785664109.696703,4217415,0.1357,-0.001,-1.0049,4.7607,1.0376,-0.061,lying,Charlotte,small
1785664109.6967132,4217465,0.1348,-0.0068,-0.9976,4.3335,1.1597,-0.4883,lying,Charlotte,small
1785664109.6967187,4217515,0.1367,-0.0039,-1.002,4.3945,1.1597,0.061,lying,Charlotte,small
1785664109.696723,4217565,0.1343,-0.0059,-1.0078,4.5166,1.2207,-0.3052,lying,Charlotte,small
1785664109.6967268,4217615,0.1309,-0.0044,-0.9995,4.3945,1.0376,0.1831,lying,Charlotte,small
1785664109.6967309,4217665,0.1304,-0.0024,-1.0,4.3335,1.2207,0.0,lying,Charlotte,small
1785664109.6967354,4217715,0.1328,-0.0044,-0.999,4.4556,1.0986,-0.1831,lying,Charlotte,small
1785664109.6967397,4217765,0.1323,-0.0049,-1.001,4.4556,1.0376,0.061,lying,Charlotte,small
1785664109.6967435,4217815,0.1333,-0.0068,-1.0054,4.5166,0.9155,0.1221,lying,Charlotte,small
1785664109.696747,4217865,0.1304,-0.0054,-0.9985,4.3335,1.2207,-0.061,lying,Charlotte,small
1785664110.3860672,4217937,0.1323,-0.0024,-1.001,4.3945,1.2207,-0.1831,lying,Charlotte,small
1785664110.3860743,4217987,0.1328,-0.0063,-1.0049,4.3945,1.0986,-0.2441,lying,Charlotte,small
1785664110.3860781,4218037,0.1353,-0.0034,-1.002,4.6387,0.9766,0.061,lying,Charlotte,small
1785664110.3860817,4218087,0.1357,-0.002,-1.0073,4.4556,1.4038,0.061,lying,Charlotte,small
1785664110.3860848,4218137,0.1333,-0.0078,-1.0054,4.4556,1.0986,-0.1221,lying,Charlotte,small
1785664110.386088,4218187,0.1318,-0.0059,-1.0044,4.5776,1.3428,-0.061,lying,Charlotte,small
1785664110.386091,4218237,0.1328,-0.0063,-1.0059,4.6387,1.2207,-0.1221,lying,Charlotte,small
1785664110.3860939,4218287,0.1333,-0.0059,-1.0049,4.2725,1.4648,-0.1831,lying,Charlotte,small
1785664110.386097,4218337,0.1304,-0.0054,-1.002,4.3945,1.3428,-0.2441,lying,Charlotte,small
1785664110.3860998,4218387,0.1328,-0.0049,-1.0029,4.2114,1.3428,-0.1831,lying,Charlotte,small
1785664113.8748398,4219450,0.1313,-0.0054,-0.9971,4.5166,1.0986,-0.2441,lying,Charlotte,small
1785664113.8748522,4219500,0.1357,-0.002,-0.9971,4.5776,1.2207,-0.3052,lying,Charlotte,small
1785664113.8748572,4219550,0.1318,-0.0039,-1.002,4.4556,1.3428,0.0,lying,Charlotte,small
1785664113.8748617,4219600,0.1309,-0.0059,-1.0039,4.3945,1.2817,-0.3052,lying,Charlotte,small
1785664113.874866,4219650,0.1318,-0.0034,-1.0059,4.5166,1.0376,-0.4272,lying,Charlotte,small
1785664113.8748698,4219700,0.1328,-0.0044,-1.0039,4.2114,1.1597,-0.1831,lying,Charlotte,small
1785664113.8748739,4219750,0.1348,-0.0049,-1.002,4.5776,1.3428,0.1221,lying,Charlotte,small
1785664113.8748775,4219800,0.1348,-0.0073,-1.0044,4.3945,1.4038,0.061,lying,Charlotte,small
1785664113.874881,4219850,0.1318,-0.0054,-0.9956,4.3945,1.2817,0.1221,lying,Charlotte,small
1785664113.8748848,4219900,0.1338,-0.0049,-1.0049,4.3335,1.1597,-0.061,lying,Charlotte,small
1785664115.827562,4222110,0.1313,-0.0063,-1.002,4.3945,1.0986,-0.1831,lying,Charlotte,small
1785664115.8275769,4222160,0.1313,-0.0029,-0.999,4.3335,1.1597,-0.4272,lying,Charlotte,small
1785664115.827582,4222210,0.1343,-0.0054,-0.9995,4.4556,1.5259,0.0,lying,Charlotte,small
1785664115.8275864,4222260,0.1333,-0.0034,-0.9966,4.2725,1.3428,-0.1831,lying,Charlotte,small
1785664115.8275905,4222310,0.1338,-0.0068,-1.0005,4.5776,1.3428,-0.061,lying,Charlotte,small
1785664115.8275945,4222360,0.1309,-0.0029,-1.001,4.2725,1.2207,-0.1221,lying,Charlotte,small
1785664115.8275983,4222410,0.1333,-0.0054,-1.0068,4.4556,1.4038,0.1221,lying,Charlotte,small
1785664115.8276021,4222460,0.1338,-0.0073,-0.9932,4.5776,1.4038,0.1221,lying,Charlotte,small
1785664115.8276057,4222510,0.1328,-0.0034,-1.0039,4.5776,1.0376,-0.3662,lying,Charlotte,small
1785664115.8276095,4222560,0.1348,-0.0049,-1.0034,4.3335,0.9155,-0.1831,lying,Charlotte,small
1785664116.3473098,4224062,0.1338,-0.0073,-1.0034,4.3335,1.2207,-0.2441,lying,Charlotte,small
1785664116.3473196,4224112,0.1318,-0.002,-1.002,4.3945,1.3428,0.0,lying,Charlotte,small
1785664116.3473246,4224162,0.1323,0.0,-1.0024,4.4556,1.2817,-0.3662,lying,Charlotte,small
1785664116.3473291,4224212,0.1304,-0.001,-1.0,4.3945,1.1597,0.0,lying,Charlotte,small
1785664116.3473332,4224262,0.1323,-0.0024,-0.9995,4.4556,1.1597,-0.1221,lying,Charlotte,small
1785664116.3473372,4224312,0.1357,-0.0073,-1.002,4.6997,1.0986,0.0,lying,Charlotte,small
1785664116.3473408,4224362,0.1367,-0.0098,-1.001,4.5776,1.0376,-0.4272,lying,Charlotte,small
1785664116.3473446,4224412,0.1328,0.0,-1.002,4.2114,1.0986,-0.3662,lying,Charlotte,small
1785664116.3473485,4224462,0.1323,-0.0029,-1.0029,4.4556,1.0986,0.2441,lying,Charlotte,small
1785664116.3473523,4224512,0.1333,-0.0059,-1.0049,4.5166,1.0376,-0.1221,lying,Charlotte,small
1785664116.8829596,4224584,0.1338,-0.0068,-1.0029,4.5776,1.4038,-0.3052,lying,Charlotte,small
1785664116.8829694,4224634,0.1318,-0.0054,-1.0024,4.4556,1.2207,-0.3052,lying,Charlotte,small
1785664116.8829741,4224684,0.1323,-0.0024,-1.0029,4.5166,1.4038,-0.1831,lying,Charlotte,small
1785664116.882979,4224734,0.1328,-0.0024,-1.0024,4.6387,1.0376,-0.2441,lying,Charlotte,small
1785664116.8829827,4224784,0.1304,-0.0083,-1.0015,4.5166,1.2817,-0.2441,lying,Charlotte,small
1785664116.8829865,4224834,0.1309,-0.0029,-1.0024,4.4556,1.0986,0.0,lying,Charlotte,small
1785664116.8829901,4224884,0.1333,-0.0078,-1.0015,4.6387,1.0986,0.0,lying,Charlotte,small
1785664116.882994,4224934,0.126,0.0015,-1.0005,4.4556,1.0986,-0.3662,lying,Charlotte,small
1785664116.8829982,4224984,0.1333,-0.0029,-1.0034,4.3945,1.0986,0.061,lying,Charlotte,small
1785664116.8830023,4225034,0.1304,-0.0039,-1.002,4.3945,1.0986,-0.061,lying,Charlotte,small
1785664117.4032543,4225113,0.127,-0.0098,-0.9971,4.5776,1.0376,-0.1221,lying,Charlotte,small
1785664117.403267,4225163,0.1294,-0.0068,-1.0034,4.2725,0.9155,-0.2441,lying,Charlotte,small
1785664117.403272,4225213,0.1357,-0.0083,-1.0059,4.5776,1.0376,0.0,lying,Charlotte,small
1785664117.4032762,4225263,0.1323,-0.0049,-0.9995,4.5776,1.1597,0.0,lying,Charlotte,small
1785664117.4032805,4225313,0.1343,-0.0103,-1.0029,4.4556,1.2817,-0.2441,lying,Charlotte,small
1785664117.4032843,4225363,0.1328,-0.002,-1.0044,4.3945,1.3428,-0.061,lying,Charlotte,small
1785664117.4032881,4225413,0.1318,-0.001,-1.0044,4.4556,0.8545,-0.3662,lying,Charlotte,small
1785664117.403292,4225463,0.1343,-0.0059,-1.001,4.4556,1.0376,0.1831,lying,Charlotte,small
1785664117.4032955,4225513,0.1318,-0.0049,-1.0029,4.3335,1.2817,0.061,lying,Charlotte,small
1785664117.4032993,4225563,0.1328,-0.0054,-1.0054,4.4556,1.2207,-0.3662,lying,Charlotte,small
1785664119.3148603,4225637,0.1323,-0.0059,-0.9961,4.5166,1.1597,-0.1221,lying,Charlotte,small
1785664119.3148758,4225687,0.1284,-0.0044,-0.9961,4.3335,1.1597,-0.061,lying,Charlotte,small
1785664119.31488,4225737,0.1328,-0.0088,-0.999,4.2114,0.8545,-0.3662,lying,Charlotte,small
1785664119.3148835,4225787,0.1289,-0.0049,-1.0088,4.3335,1.2817,0.061,lying,Charlotte,small
1785664119.3148868,4225837,0.1318,-0.0029,-1.0024,4.3945,1.1597,-0.2441,lying,Charlotte,small
1785664119.3148897,4225887,0.1313,-0.0039,-0.998,4.4556,1.4038,0.061,lying,Charlotte,small
1785664119.314893,4225937,0.1323,-0.0024,-1.0044,4.4556,1.2817,0.0,lying,Charlotte,small
1785664119.314896,4225987,0.1323,-0.0024,-0.9971,4.4556,1.3428,0.0,lying,Charlotte,small
1785664119.314899,4226037,0.1309,-0.0039,-0.9937,4.3945,0.8545,-0.5493,lying,Charlotte,small
1785664119.314902,4226087,0.1338,-0.0073,-1.0029,4.2725,1.2817,-0.1831,lying,Charlotte,small
1785664119.8701766,4227570,0.1343,-0.0039,-1.0,4.5166,1.2817,-0.3052,lying,Charlotte,small
1785664119.8701866,4227620,0.1348,-0.0098,-0.998,4.6387,1.2817,-0.061,lying,Charlotte,small
1785664119.8701913,4227670,0.1338,-0.0024,-0.9932,4.3945,1.3428,-0.4272,lying,Charlotte,small
1785664119.8701959,4227720,0.1313,-0.0068,-1.0005,4.3945,1.0376,-0.1831,lying,Charlotte,small
1785664119.8702,4227770,0.1338,-0.0107,-1.0,4.3945,1.2207,-0.4883,lying,Charlotte,small
1785664119.8702037,4227820,0.1313,-0.0103,-1.0034,4.3335,0.9766,-0.1221,lying,Charlotte,small
1785664119.8702083,4227870,0.1357,-0.0059,-1.0083,4.5166,1.2207,-0.1831,lying,Charlotte,small
1785664119.8702128,4227920,0.1362,-0.0054,-1.0015,4.4556,1.2817,-0.061,lying,Charlotte,small
1785664119.8702164,4227970,0.1313,-0.0034,-0.9951,4.3945,1.0986,-0.1221,lying,Charlotte,small
1785664119.8702207,4228020,0.1348,0.0,-1.0107,4.3945,1.2207,0.0,lying,Charlotte,small
1785664120.3909929,4228104,0.1333,-0.0093,-1.0078,4.3335,0.9155,-0.1221,lying,Charlotte,small
1785664120.3910022,4228154,0.1333,0.002,-0.9917,4.5166,1.2817,-0.2441,lying,Charlotte,small
1785664120.391007,4228204,0.1338,-0.0044,-1.0049,4.2114,0.9155,-0.1221,lying,Charlotte,small
1785664120.3910115,4228254,0.1304,-0.002,-1.0029,4.5776,1.2207,-0.3052,lying,Charlotte,small
1785664120.3910158,4228304,0.1333,-0.0088,-1.0034,4.3945,1.3428,0.1221,lying,Charlotte,small
1785664120.3910193,4228354,0.1338,-0.0044,-1.001,4.5776,1.3428,-0.1221,lying,Charlotte,small
1785664120.3910232,4228404,0.1357,-0.0063,-1.0059,4.5776,1.2817,-0.061,lying,Charlotte,small
1785664120.3910267,4228454,0.1309,-0.0073,-1.0044,4.4556,0.9766,-0.3662,lying,Charlotte,small
1785664120.3910303,4228504,0.1318,-0.0054,-1.0015,4.4556,1.0986,-0.1831,lying,Charlotte,small
1785664120.3910341,4228554,0.1323,-0.0044,-0.9976,4.3335,1.3428,-0.061,lying,Charlotte,small
1785664125.6802497,4230617,0.1299,-0.0029,-1.0015,4.3945,1.2207,-0.1831,lying,Charlotte,small
1785664125.6802619,4230667,0.1348,-0.0063,-1.0068,4.3945,1.2817,0.061,lying,Charlotte,small
1785664125.6802673,4230717,0.1318,-0.0054,-0.9985,4.2725,1.3428,-0.3662,lying,Charlotte,small
1785664125.6802719,4230767,0.1328,-0.0073,-1.002,4.2114,1.0986,-0.1221,lying,Charlotte,small
1785664125.6802757,4230817,0.1328,-0.0054,-0.9961,4.3335,1.2207,-0.3052,lying,Charlotte,small
1785664125.6802793,4230867,0.1318,0.001,-1.0029,4.3335,1.1597,-0.061,lying,Charlotte,small
1785664125.6802835,4230917,0.1338,-0.0059,-1.0088,4.5166,0.9766,-0.061,lying,Charlotte,small
1785664125.6802876,4230967,0.1343,-0.0029,-1.001,4.4556,1.2817,-0.2441,lying,Charlotte,small
1785664125.6802914,4231017,0.1313,-0.0039,-1.0015,4.5166,1.4038,-0.3052,lying,Charlotte,small
1785664125.680295,4231067,0.1338,-0.0068,-1.0039,4.1504,1.0986,-0.2441,lying,Charlotte,small
1785664126.2009232,4233919,0.1333,-0.0034,-1.0029,4.5776,1.2207,0.0,lying,Charlotte,small
1785664126.2009335,4233969,0.1338,-0.0093,-1.0059,4.6997,1.4038,0.0,lying,Charlotte,small
1785664126.2009382,4234019,0.1333,-0.002,-1.0,4.5166,1.1597,0.061,lying,Charlotte,small
1785664126.2009425,4234069,0.1333,-0.002,-1.002,4.2725,1.3428,0.061,lying,Charlotte,small
1785664126.200946,4234119,0.1353,-0.0054,-1.0015,4.2725,0.9155,0.0,lying,Charlotte,small
1785664126.20095,4234169,0.1313,-0.0107,-1.0044,4.4556,1.2207,0.061,lying,Charlotte,small
1785664126.2009535,4234219,0.1353,-0.0054,-0.9961,4.2725,1.2207,0.0,lying,Charlotte,small
1785664126.2009573,4234269,0.1338,-0.0073,-1.0078,4.4556,1.2207,-0.2441,lying,Charlotte,small
1785664126.200961,4234319,0.1338,-0.0039,-1.002,4.5166,1.2207,-0.061,lying,Charlotte,small
1785664126.2009647,4234369,0.1333,-0.0063,-0.9995,4.3335,1.4038,-0.061,lying,Charlotte,small
1785664127.0893867,4234431,0.1353,-0.0024,-1.0054,4.4556,1.1597,-0.1221,lying,Charlotte,small
1785664127.089399,4234481,0.1309,-0.0059,-0.998,4.3335,1.0376,0.1831,lying,Charlotte,small
1785664127.089404,4234531,0.1304,-0.0054,-1.0015,4.3945,1.3428,-0.1831,lying,Charlotte,small
1785664127.0894084,4234581,0.1289,-0.0063,-1.002,4.5166,1.0986,0.061,lying,Charlotte,small
1785664127.0894127,4234631,0.1328,-0.0068,-0.998,4.4556,1.2817,0.0,lying,Charlotte,small
1785664127.0894165,4234681,0.1284,-0.0049,-0.9995,4.5166,1.2207,0.1221,lying,Charlotte,small
1785664127.0894206,4234731,0.1377,-0.0073,-0.9995,4.5776,1.0376,-0.3662,lying,Charlotte,small
1785664127.0894244,4234781,0.1338,-0.0098,-1.0034,4.4556,1.3428,-0.061,lying,Charlotte,small
1785664127.0894282,4234831,0.1362,-0.0044,-1.0044,4.3945,1.2207,-0.1831,lying,Charlotte,small
1785664127.089432,4234881,0.1323,-0.0034,-1.0073,4.3335,1.2817,-0.3052,lying,Charlotte,small
1785664130.5957003,4235323,0.1313,-0.0088,-1.0054,4.2725,1.5259,-0.061,lying,Charlotte,small
1785664130.595712,4235373,0.1328,-0.0024,-0.9985,4.5776,1.2207,-0.3052,lying,Charlotte,small
1785664130.5957172,4235423,0.1323,-0.002,-1.0039,4.5776,1.2207,0.0,lying,Charlotte,small
1785664130.5957217,4235473,0.1348,-0.0073,-1.0005,4.5776,1.1597,-0.061,lying,Charlotte,small
1785664130.5957258,4235523,0.1362,-0.0059,-0.9995,4.3945,1.0376,-0.3052,lying,Charlotte,small
1785664130.5957298,4235573,0.1318,-0.0034,-0.998,4.3335,1.0986,0.0,lying,Charlotte,small
1785664130.5957334,4235623,0.1279,-0.0015,-0.9995,4.2725,1.1597,-0.3662,lying,Charlotte,small
1785664130.5957377,4235673,0.1338,-0.0059,-1.0024,4.3335,1.2207,-0.3052,lying,Charlotte,small
1785664130.5957413,4235723,0.1338,-0.0044,-0.999,4.3335,1.4038,-0.3052,lying,Charlotte,small
1785664130.5957453,4235773,0.1313,-0.0054,-0.9961,4.6387,1.2207,0.061,lying,Charlotte,small
1785664131.412101,4238832,0.1318,-0.0005,-1.0034,4.4556,1.2817,-0.1221,lying,Charlotte,small
1785664131.412116,4238882,0.1318,-0.0093,-1.0063,4.2725,1.0376,0.061,lying,Charlotte,small
1785664131.4121213,4238932,0.1338,-0.0024,-1.0068,4.3945,1.0986,-0.061,lying,Charlotte,small
1785664131.412126,4238982,0.1357,-0.0029,-0.9971,4.3335,1.2817,-0.3662,lying,Charlotte,small
1785664131.4121299,4239032,0.1318,-0.0059,-1.0063,4.6387,1.1597,0.0,lying,Charlotte,small
1785664131.4121337,4239082,0.1367,-0.0093,-1.0049,4.5776,1.0986,-0.1831,lying,Charlotte,small
1785664131.412138,4239132,0.1333,-0.0088,-1.0054,4.3335,1.1597,0.061,lying,Charlotte,small
1785664131.4121418,4239182,0.1333,-0.0015,-1.0039,4.2114,1.1597,-0.3052,lying,Charlotte,small
1785664131.4121459,4239232,0.1348,-0.0039,-1.0044,4.4556,1.2817,-0.1221,lying,Charlotte,small
1785664131.4121497,4239282,0.1323,-0.0054,-1.0005,4.3945,1.3428,-0.1221,lying,Charlotte,small
1785664131.9435256,4239654,0.1313,-0.002,-0.9966,4.6387,1.3428,-0.061,lying,Charlotte,small
1785664131.943536,4239704,0.1289,-0.0044,-1.0039,4.5166,1.3428,0.061,lying,Charlotte,small
1785664131.9435415,4239754,0.1362,-0.0024,-1.0015,4.5776,1.5259,-0.061,lying,Charlotte,small
1785664131.9435458,4239804,0.1333,-0.0063,-1.0039,4.5166,1.2817,-0.061,lying,Charlotte,small
1785664131.9435496,4239854,0.1338,-0.0049,-1.0049,4.5166,1.2817,-0.061,lying,Charlotte,small
1785664131.9435532,4239904,0.1318,-0.002,-0.9985,4.4556,1.2207,0.0,lying,Charlotte,small
1785664131.9435573,4239954,0.1338,-0.0015,-1.0063,4.4556,1.2817,0.0,lying,Charlotte,small
1785664131.9435616,4240004,0.1343,-0.0059,-1.002,4.5776,1.2817,0.061,lying,Charlotte,small
1785664131.9435654,4240054,0.1348,-0.0054,-1.0044,4.5166,1.0986,-0.1831,lying,Charlotte,small
1785664131.9435692,4240104,0.1343,-0.0024,-0.998,4.1504,1.2207,-0.2441,lying,Charlotte,small
1785664132.4618108,4240176,0.1323,-0.0059,-1.0039,4.5776,1.0986,-0.3052,lying,Charlotte,small
1785664132.4618196,4240226,0.1328,-0.0083,-0.9956,4.5776,1.2207,0.061,lying,Charlotte,small
1785664132.461824,4240276,0.1343,-0.0088,-1.0059,4.4556,1.1597,-0.3662,lying,Charlotte,small
1785664132.4618275,4240326,0.1299,-0.0024,-0.999,4.2725,1.0376,-0.1831,lying,Charlotte,small
1785664132.4618306,4240376,0.1279,-0.0078,-1.0029,4.6997,1.2207,-0.4883,lying,Charlotte,small
1785664132.4618337,4240426,0.1313,-0.0088,-1.0005,4.4556,1.0986,-0.3052,lying,Charlotte,small
1785664132.4618368,4240476,0.1357,-0.0088,-1.0059,4.5776,1.2207,-0.2441,lying,Charlotte,small
1785664132.46184,4240526,0.1338,-0.0039,-0.9985,4.3335,1.2207,0.1221,lying,Charlotte,small
1785664132.4618428,4240576,0.1323,-0.0044,-0.998,4.3945,1.1597,-0.3052,lying,Charlotte,small
1785664132.4618459,4240626,0.1328,-0.0015,-1.0103,4.4556,1.0986,-0.1221,lying,Charlotte,small
1785664132.9811146,4240698,0.1294,-0.0034,-1.0073,4.5776,1.2207,0.2441,lying,Charlotte,small
1785664132.9811292,4240748,0.1362,-0.002,-0.999,4.2725,1.2207,-0.1221,lying,Charlotte,small
1785664132.981135,4240798,0.1357,-0.0093,-0.9961,4.4556,1.2207,-0.2441,lying,Charlotte,small
1785664132.9811392,4240848,0.1333,-0.0088,-1.001,4.6387,1.3428,0.0,lying,Charlotte,small
1785664132.9811432,4240898,0.1299,-0.001,-1.0054,4.3945,1.0986,-0.4883,lying,Charlotte,small
1785664132.9811478,4240948,0.1294,-0.0029,-1.0024,4.5166,1.3428,0.061,lying,Charlotte,small
1785664132.981152,4240998,0.1348,-0.0083,-0.999,4.3335,1.4648,-0.1221,lying,Charlotte,small
1785664132.9811559,4241048,0.1328,-0.0103,-1.0005,4.2725,1.1597,-0.1221,lying,Charlotte,small
1785664132.9811594,4241098,0.1338,-0.0054,-0.9985,4.4556,1.2207,-0.061,lying,Charlotte,small
1785664132.981163,4241148,0.1328,-0.0024,-0.9951,4.5166,1.2817,0.0,lying,Charlotte,small
1785664134.460929,4241211,0.1343,-0.0078,-0.9966,4.2725,1.0986,-0.1221,lying,Charlotte,small
1785664134.4609454,4241261,0.1313,-0.0039,-0.999,4.3335,1.2207,-0.061,lying,Charlotte,small
1785664134.4609506,4241311,0.1309,-0.0063,-0.9976,4.3945,1.2817,-0.061,lying,Charlotte,small
1785664134.460955,4241361,0.1348,-0.0015,-1.0005,4.4556,1.0986,0.1221,lying,Charlotte,small
1785664134.4609594,4241411,0.1348,-0.0073,-1.0063,4.3945,1.0376,-0.061,lying,Charlotte,small
1785664134.4609632,4241461,0.1333,-0.0063,-1.0034,4.3945,1.3428,0.0,lying,Charlotte,small
1785664134.4609678,4241511,0.1313,-0.0073,-1.0024,4.4556,1.0376,-0.1221,lying,Charlotte,small
1785664134.4609718,4241561,0.1313,-0.0029,-1.0024,4.5166,1.2207,-0.061,lying,Charlotte,small
1785664134.4609756,4241611,0.1318,-0.0068,-1.0034,4.5776,1.1597,-0.2441,lying,Charlotte,small
1785664134.4609792,4241661,0.1333,-0.0068,-1.0054,4.3335,1.2207,-0.1221,lying,Charlotte,small
1785664137.6328566,4242692,0.1333,-0.0049,-0.9971,4.4556,1.0376,-0.061,lying,Charlotte,small
1785664137.6328723,4242742,0.1304,-0.0049,-1.0024,4.5776,1.0986,-0.3052,lying,Charlotte,small
1785664137.632878,4242792,0.1309,-0.0034,-1.0034,4.3945,0.9766,-0.061,lying,Charlotte,small
1785664137.6328824,4242842,0.1353,-0.0049,-1.002,4.4556,1.3428,-0.3052,lying,Charlotte,small
1785664137.6328864,4242892,0.1338,-0.002,-1.0049,4.2725,1.0986,-0.1221,lying,Charlotte,small
1785664137.6328905,4242942,0.1338,-0.0049,-0.998,4.3335,1.2817,0.061,lying,Charlotte,small
1785664137.6328948,4242992,0.1313,-0.0088,-1.0015,4.4556,1.4038,-0.061,lying,Charlotte,small
1785664137.6328988,4243042,0.1313,-0.0044,-1.0015,4.3335,1.2207,0.1221,lying,Charlotte,small
1785664137.6329024,4243092,0.1353,-0.0117,-1.0,4.1504,1.2207,0.0,lying,Charlotte,small
1785664137.6329064,4243142,0.1338,-0.0068,-1.0059,4.3945,1.1597,0.0,lying,Charlotte,small
1785664140.6855967,4245865,0.1338,-0.0029,-1.0,4.3945,1.0986,-0.061,lying,Charlotte,small
1785664140.685609,4245915,0.1299,-0.0044,-1.0073,4.3945,1.2817,0.061,lying,Charlotte,small
1785664140.6856143,4245965,0.1309,-0.0068,-1.0,4.5166,1.3428,-0.2441,lying,Charlotte,small
1785664140.6856186,4246015,0.1328,-0.0063,-1.0,4.3945,1.2207,0.0,lying,Charlotte,small
1785664140.6856225,4246065,0.1294,-0.0063,-1.001,4.4556,1.5259,-0.061,lying,Charlotte,small
1785664140.6856265,4246115,0.1313,-0.0054,-1.001,4.4556,1.0986,-0.1831,lying,Charlotte,small
1785664140.6856306,4246165,0.1313,-0.0044,-0.9985,4.2725,1.0986,-0.2441,lying,Charlotte,small
1785664140.6856344,4246215,0.1313,-0.0034,-1.002,4.4556,1.0376,-0.1831,lying,Charlotte,small
1785664140.6856565,4246265,0.1318,-0.002,-1.0039,4.3945,1.3428,-0.1221,lying,Charlotte,small
1785664140.6856606,4246315,0.1353,-0.0068,-1.0,4.5776,1.2817,-0.3662,lying,Charlotte,small
1785664141.2023335,4248919,0.1299,-0.0083,-0.9941,4.5166,1.0376,-0.1831,lying,Charlotte,small
1785664141.202344,4248969,0.1318,-0.0068,-1.0039,4.4556,1.0376,0.061,lying,Charlotte,small
1785664141.202349,4249019,0.1309,-0.0034,-0.9932,4.5166,1.2817,-0.3662,lying,Charlotte,small
1785664141.2023535,4249069,0.1328,-0.0093,-1.0005,4.5776,1.2817,-0.061,lying,Charlotte,small
1785664141.2023575,4249119,0.1367,-0.0024,-0.9985,4.2725,0.9766,-0.3662,lying,Charlotte,small
1785664141.202361,4249169,0.1328,-0.0059,-1.0039,4.4556,0.9766,-0.061,lying,Charlotte,small
1785664141.202365,4249219,0.1323,-0.0049,-1.0015,4.4556,1.1597,-0.061,lying,Charlotte,small
1785664141.2023685,4249269,0.1348,-0.0068,-1.0049,4.3335,1.4038,0.0,lying,Charlotte,small
1785664141.202372,4249319,0.1313,-0.0039,-1.0044,4.5166,0.9766,-0.1831,lying,Charlotte,small
1785664141.2023757,4249369,0.1328,-0.0063,-1.001,4.3945,1.0986,-0.1221,lying,Charlotte,small
1785664141.7248595,4249431,0.1348,-0.0049,-1.0088,4.3945,0.9766,0.0,lying,Charlotte,small
1785664141.7248695,4249481,0.1313,-0.0049,-1.001,4.4556,1.0986,-0.061,lying,Charlotte,small
1785664141.724875,4249531,0.1328,-0.0039,-1.0015,4.5166,1.0986,-0.3052,lying,Charlotte,small
1785664141.7248795,4249581,0.1328,-0.0049,-0.9966,4.3945,1.2207,0.1221,lying,Charlotte,small
1785664141.7248838,4249631,0.1323,-0.0078,-0.9976,4.5776,1.3428,0.0,lying,Charlotte,small
1785664141.7248874,4249681,0.1367,-0.0049,-0.9941,4.3945,0.9155,0.1831,lying,Charlotte,small
1785664141.7248912,4249731,0.1318,-0.0039,-1.0,4.5776,1.2817,-0.1221,lying,Charlotte,small
1785664141.7248948,4249781,0.1318,-0.0068,-1.0024,4.5776,1.2817,-0.061,lying,Charlotte,small
1785664141.7248983,4249831,0.1313,-0.0103,-1.0063,4.5166,1.2207,0.0,lying,Charlotte,small
1785664141.724902,4249881,0.1304,-0.0049,-1.002,4.3945,1.2817,-0.061,lying,Charlotte,small
1785664142.2706473,4249983,0.1309,-0.001,-1.0054,4.3945,1.1597,-0.1221,lying,Charlotte,small
1785664142.2706606,4250033,0.1333,-0.0044,-1.0054,4.4556,1.0986,-0.3052,lying,Charlotte,small
1785664142.2706666,4250083,0.127,-0.0059,-0.998,4.4556,1.2207,0.0,lying,Charlotte,small
1785664142.270672,4250133,0.1343,-0.001,-1.0063,4.3335,1.2207,-0.1221,lying,Charlotte,small
1785664142.2706776,4250183,0.1313,-0.0034,-0.999,4.2725,1.4648,-0.3052,lying,Charlotte,small
1785664142.2706828,4250233,0.1343,-0.0024,-1.0073,4.4556,1.4038,0.061,lying,Charlotte,small
1785664142.2706878,4250283,0.1318,-0.0068,-1.002,4.4556,1.0376,-0.1221,lying,Charlotte,small
1785664142.2706926,4250333,0.1309,-0.0029,-1.0005,4.2114,1.2817,0.1831,lying,Charlotte,small
1785664142.270697,4250383,0.1304,-0.0024,-1.0015,4.4556,1.2207,-0.1831,lying,Charlotte,small
1785664142.2707021,4250433,0.1309,-0.0049,-0.9995,4.3945,1.4648,-0.1831,lying,Charlotte,small
1785664142.7910366,4250505,0.1313,-0.0068,-0.9985,4.3335,1.2207,-0.3052,lying,Charlotte,small
1785664142.7910464,4250555,0.1309,-0.0078,-0.9956,4.3945,1.1597,-0.061,lying,Charlotte,small
1785664142.7910516,4250605,0.1343,-0.0024,-1.0059,4.5166,1.3428,-0.2441,lying,Charlotte,small
1785664142.791056,4250655,0.1333,-0.0054,-0.9985,4.4556,0.9155,-0.061,lying,Charlotte,small
1785664142.7910597,4250705,0.1323,-0.0049,-1.0005,4.6387,1.2207,-0.3052,lying,Charlotte,small
1785664142.7910635,4250755,0.1318,-0.0063,-1.0059,4.5166,1.4038,0.0,lying,Charlotte,small
1785664142.7910671,4250805,0.1357,-0.0034,-1.0068,4.5166,1.1597,0.061,lying,Charlotte,small
1785664142.791071,4250855,0.1328,-0.0034,-1.0024,4.5166,1.0986,-0.061,lying,Charlotte,small
1785664142.7910748,4250905,0.1338,-0.0034,-1.0078,4.6997,1.0376,-0.1221,lying,Charlotte,small
1785664142.7910786,4250955,0.1328,-0.001,-1.0034,4.3335,1.0376,0.1221,lying,Charlotte,small
1785664146.173157,4251027,0.1289,-0.0088,-1.0005,4.3945,1.0376,0.1831,lying,Charlotte,small
1785664146.173169,4251077,0.1289,-0.0024,-0.9995,4.4556,1.0376,-0.1221,lying,Charlotte,small
1785664146.173174,4251127,0.1328,-0.0078,-0.999,4.3945,1.2817,-0.3052,lying,Charlotte,small
1785664146.1731782,4251177,0.1318,-0.0039,-1.0005,4.5166,1.0376,-0.2441,lying,Charlotte,small
1785664146.1731822,4251227,0.1294,-0.0059,-1.001,4.5166,1.0376,-0.1831,lying,Charlotte,small
1785664146.173186,4251277,0.1338,-0.0034,-1.0049,4.4556,1.1597,0.0,lying,Charlotte,small
1785664146.17319,4251327,0.1333,-0.0059,-0.998,4.4556,1.4038,-0.1221,lying,Charlotte,small
1785664146.1731942,4251377,0.1338,-0.0088,-1.0049,4.2114,1.2207,-0.2441,lying,Charlotte,small
1785664146.173198,4251427,0.1313,-0.0034,-1.0024,4.3335,1.2817,-0.3052,lying,Charlotte,small
1785664146.173202,4251477,0.1328,-0.0049,-1.002,4.5776,1.1597,0.1221,lying,Charlotte,small
1785664146.6941066,4254403,0.1313,-0.0044,-1.0,4.2725,1.2207,0.061,lying,Charlotte,small
1785664146.694116,4254453,0.1338,-0.0044,-1.002,4.5776,1.0986,-0.3662,lying,Charlotte,small
1785664146.6941214,4254503,0.1323,-0.0063,-1.0059,4.7607,1.2207,-0.3662,lying,Charlotte,small
1785664146.6941268,4254553,0.1372,-0.0059,-1.0044,4.3945,1.4648,-0.3662,lying,Charlotte,small
1785664146.694131,4254603,0.1357,-0.0029,-1.002,4.2114,1.2207,-0.1831,lying,Charlotte,small
1785664146.6941347,4254653,0.1309,-0.002,-1.0034,4.4556,1.2207,-0.1831,lying,Charlotte,small
1785664146.6941385,4254703,0.1309,-0.0068,-0.999,4.4556,1.1597,-0.061,lying,Charlotte,small
1785664146.694142,4254753,0.1377,-0.0093,-1.001,4.5166,1.1597,-0.061,lying,Charlotte,small
1785664146.6941457,4254803,0.1323,-0.0049,-1.0039,4.5776,1.0986,-0.2441,lying,Charlotte,small
1785664146.6941497,4254853,0.1323,-0.0078,-0.999,4.3335,1.4038,0.061,lying,Charlotte,small
1785664147.3840802,4254929,0.1289,0.0005,-1.0005,4.5776,1.2817,-0.4272,lying,Charlotte,small
1785664147.3840878,4254979,0.1343,-0.0029,-1.001,4.6997,1.1597,0.0,lying,Charlotte,small
1785664147.3840916,4255029,0.1309,0.0005,-1.001,4.3335,1.1597,0.0,lying,Charlotte,small
1785664147.384095,4255079,0.1328,-0.0049,-1.0044,4.3945,1.4038,-0.3052,lying,Charlotte,small
1785664147.3840983,4255129,0.1318,-0.0054,-1.0088,4.1504,1.2207,-0.061,lying,Charlotte,small
1785664147.3841014,4255179,0.1333,-0.0088,-1.0044,4.3335,1.3428,-0.1221,lying,Charlotte,small
1785664147.3841045,4255229,0.1323,-0.002,-1.0073,4.5166,1.3428,0.061,lying,Charlotte,small
1785664147.3841078,4255279,0.1343,-0.0063,-0.9966,4.4556,1.2207,-0.4272,lying,Charlotte,small
1785664147.3841107,4255329,0.1313,-0.0078,-1.0039,4.3945,1.1597,-0.3662,lying,Charlotte,small
1785664147.3841136,4255379,0.1328,-0.001,-1.002,4.4556,1.3428,-0.1831,lying,Charlotte,small
1785664149.7276597,4257440,0.1338,-0.0054,-1.0005,4.3945,1.2817,-0.1221,lying,Charlotte,small
1785664149.72767,4257490,0.1343,-0.0078,-0.9985,4.5166,1.3428,-0.1221,lying,Charlotte,small
1785664149.7276757,4257540,0.1348,-0.0054,-1.0059,4.3945,1.2207,0.061,lying,Charlotte,small
1785664149.7276802,4257590,0.1353,-0.001,-1.0063,4.5166,1.4038,-0.1221,lying,Charlotte,small
1785664149.7276852,4257640,0.1338,-0.0029,-1.0,4.3945,1.0986,0.1221,lying,Charlotte,small
1785664149.727689,4257690,0.1313,-0.0039,-1.0024,4.6387,1.5259,-0.1221,lying,Charlotte,small
1785664149.727693,4257740,0.1328,-0.0063,-1.0029,4.4556,1.3428,-0.1831,lying,Charlotte,small
1785664149.727697,4257790,0.1318,-0.0078,-0.9985,4.5166,1.1597,-0.1221,lying,Charlotte,small
1785664149.7277005,4257840,0.1299,-0.0054,-1.0054,4.5776,1.4648,0.061,lying,Charlotte,small
1785664149.7277043,4257890,0.1309,-0.0034,-1.001,4.2725,1.0986,-0.1831,lying,Charlotte,small
1785664150.2534137,4257962,0.1343,-0.002,-0.998,4.5166,0.9766,-0.2441,lying,Charlotte,small
1785664150.2534242,4258012,0.1318,-0.0039,-1.0093,4.4556,1.2207,0.3052,lying,Charlotte,small
1785664150.2534292,4258062,0.1309,-0.0044,-1.0039,4.2725,1.4648,-0.1221,lying,Charlotte,small
1785664150.253434,4258112,0.1318,-0.0083,-0.9995,4.5166,1.2817,-0.1221,lying,Charlotte,small
1785664150.2534375,4258162,0.1323,-0.0063,-1.002,4.3335,1.2207,0.1221,lying,Charlotte,small
1785664150.2534413,4258212,0.1323,-0.0044,-1.002,4.3945,1.1597,-0.1831,lying,Charlotte,small
1785664150.2534454,4258262,0.1299,-0.0073,-1.0039,4.6387,1.0986,-0.3052,lying,Charlotte,small
1785664150.253449,4258312,0.1377,-0.0044,-1.0,4.3945,1.0986,-0.2441,lying,Charlotte,small
1785664150.2534528,4258362,0.1304,-0.0034,-1.0063,4.3945,1.2207,0.0,lying,Charlotte,small
1785664150.2534564,4258412,0.1333,-0.0068,-1.0,4.2114,1.3428,0.0,lying,Charlotte,small
1785664150.788844,4258484,0.1333,-0.0073,-0.9985,4.3335,1.2817,-0.061,lying,Charlotte,small
1785664150.7888534,4258534,0.1372,-0.0068,-0.9995,4.4556,1.0376,-0.2441,lying,Charlotte,small
1785664150.7888587,4258584,0.1309,-0.0049,-1.0034,4.5166,1.2817,0.1221,lying,Charlotte,small
1785664150.788863,4258634,0.1338,0.0005,-1.0005,4.3335,1.4038,-0.2441,lying,Charlotte,small
1785664150.7888672,4258684,0.1328,-0.0039,-1.001,4.6387,1.4038,0.0,lying,Charlotte,small
1785664150.788871,4258734,0.1323,-0.0078,-1.0059,4.5166,1.1597,-0.3662,lying,Charlotte,small
1785664150.788875,4258784,0.1333,-0.0044,-0.9985,4.5166,1.2817,-0.3052,lying,Charlotte,small
1785664150.788879,4258834,0.1318,-0.0078,-1.0054,4.5166,1.2817,-0.3052,lying,Charlotte,small
1785664150.7888827,4258884,0.1362,-0.0034,-1.0005,4.3335,1.1597,-0.3052,lying,Charlotte,small
1785664150.7888865,4258934,0.1338,-0.0044,-0.9946,4.2725,0.9766,-0.1831,lying,Charlotte,small
1785664154.2372665,4259019,0.1313,-0.0049,-1.0054,4.5776,1.0986,-0.4272,lying,Charlotte,small
1785664154.2372835,4259069,0.1309,-0.0044,-0.9951,4.2725,1.0986,0.1221,lying,Charlotte,small
1785664154.2372913,4259119,0.1357,-0.0073,-0.999,4.5166,1.1597,-0.4883,lying,Charlotte,small
1785664154.237298,4259169,0.1333,-0.0063,-1.0059,4.3945,1.2207,-0.1831,lying,Charlotte,small
1785664154.2373037,4259219,0.1323,-0.0049,-1.0005,4.5166,1.2817,-0.1221,lying,Charlotte,small
1785664154.23731,4259269,0.1343,-0.0054,-1.0039,4.2114,1.1597,0.061,lying,Charlotte,small
1785664154.2373161,4259319,0.1294,-0.0015,-1.0044,4.4556,1.0376,-0.061,lying,Charlotte,small
1785664154.2373235,4259369,0.1338,-0.0054,-1.0,4.4556,1.4038,-0.061,lying,Charlotte,small
1785664154.23733,4259419,0.1318,-0.0098,-0.9941,4.2114,1.2817,-0.4883,lying,Charlotte,small
1785664154.2373369,4259469,0.1348,0.001,-1.001,4.3335,1.1597,0.061,lying,Charlotte,small
1785664154.7440856,4262466,0.1343,-0.002,-1.0068,4.3945,1.1597,-0.4883,lying,Charlotte,small
1785664154.744095,4262516,0.1318,-0.0049,-1.0024,4.2725,1.2207,0.3052,lying,Charlotte,small
1785664154.7441,4262566,0.1328,-0.0068,-1.0034,4.5166,1.3428,-0.1221,lying,Charlotte,small
1785664154.7441046,4262616,0.1338,-0.0029,-0.999,4.5166,1.1597,-0.1221,lying,Charlotte,small
1785664154.7441084,4262666,0.1328,-0.0068,-1.0063,4.3335,1.0376,-0.3052,lying,Charlotte,small
1785664154.7441125,4262716,0.1328,-0.0063,-1.0063,4.3335,1.4038,-0.1831,lying,Charlotte,small
1785664154.7441163,4262766,0.1309,-0.0039,-1.0029,4.5166,1.2207,-0.061,lying,Charlotte,small
1785664154.74412,4262816,0.1328,-0.0063,-1.0039,4.4556,1.2817,-0.3052,lying,Charlotte,small
1785664154.7441237,4262866,0.1328,-0.0029,-0.9985,4.5776,0.9766,-0.1221,lying,Charlotte,small
1785664154.7441273,4262916,0.127,-0.0005,-0.9927,4.2725,0.9155,-0.061,lying,Charlotte,small
1785664158.1747446,4262977,0.1357,-0.0107,-1.0059,4.4556,1.1597,0.0,lying,Charlotte,small
1785664158.174757,4263027,0.1372,-0.0024,-1.0024,4.4556,1.1597,-0.1831,lying,Charlotte,small
1785664158.1747625,4263077,0.1323,-0.0005,-1.0,4.6387,1.2207,-0.061,lying,Charlotte,small
1785664158.174767,4263127,0.1313,-0.0015,-1.0049,4.3335,0.9766,-0.4272,lying,Charlotte,small
1785664158.1747713,4263177,0.1279,-0.0029,-0.9961,4.4556,1.0376,-0.061,lying,Charlotte,small
1785664158.1747756,4263227,0.1343,-0.0098,-0.9966,4.5776,1.2207,0.0,lying,Charlotte,small
1785664158.1747794,4263277,0.1328,-0.0044,-1.001,4.5166,1.2207,-0.3662,lying,Charlotte,small
1785664158.1747832,4263327,0.1323,-0.0049,-1.0054,4.2725,0.9766,0.1221,lying,Charlotte,small
1785664158.174787,4263377,0.1357,-0.0073,-0.9971,4.5166,1.4038,-0.1831,lying,Charlotte,small
1785664158.1747909,4263427,0.1299,-0.0068,-1.0024,4.4556,1.1597,0.1831,lying,Charlotte,small
1785664159.790443,4266410,0.1343,-0.0015,-1.0078,4.3945,1.0986,-0.061,lying,Charlotte,small
1785664159.7904556,4266460,0.1333,-0.0078,-1.0024,4.4556,1.1597,0.1831,lying,Charlotte,small
1785664159.7904608,4266510,0.1318,-0.0034,-1.0015,4.3335,1.4648,-0.3662,lying,Charlotte,small
1785664159.7904656,4266560,0.1372,-0.0063,-1.0015,4.5776,1.3428,0.0,lying,Charlotte,small
1785664159.7904694,4266610,0.1309,-0.0059,-1.0,4.4556,1.3428,-0.4883,lying,Charlotte,small
1785664159.7904732,4266660,0.1309,-0.0015,-1.0005,4.3945,1.0986,-0.3052,lying,Charlotte,small
1785664159.7904775,4266710,0.1313,-0.0044,-1.002,4.2725,1.5869,0.061,lying,Charlotte,small
1785664159.790481,4266760,0.1357,-0.0054,-1.0,4.2725,1.0986,0.0,lying,Charlotte,small
1785664159.7904847,4266810,0.1367,-0.0059,-1.0029,4.2725,1.1597,0.061,lying,Charlotte,small
1785664159.7904885,4266860,0.1362,0.001,-1.0,4.4556,1.3428,-0.3662,lying,Charlotte,small
1785664160.308221,4268022,0.1323,-0.0039,-0.9966,4.6387,1.1597,-0.1221,lying,Charlotte,small
1785664160.308231,4268072,0.1323,-0.0044,-1.0054,4.5166,0.9155,-0.2441,lying,Charlotte,small
1785664160.3082368,4268122,0.1294,-0.001,-1.0034,4.3945,1.4038,-0.1831,lying,Charlotte,small
1785664160.3082418,4268172,0.1333,-0.0015,-1.0005,4.3945,1.0376,0.0,lying,Charlotte,small
1785664160.3082469,4268222,0.1338,-0.0049,-1.002,4.5776,1.2207,-0.3052,lying,Charlotte,small
1785664160.3082511,4268272,0.1304,-0.0083,-1.0044,4.3945,1.2817,-0.1221,lying,Charlotte,small
1785664160.3082552,4268322,0.1304,-0.0054,-1.0083,4.4556,1.0986,-0.2441,lying,Charlotte,small
1785664160.308259,4268372,0.1338,-0.0078,-1.0015,4.5776,1.1597,-0.2441,lying,Charlotte,small
1785664160.3082626,4268422,0.1338,-0.0015,-1.0059,4.2725,1.2207,-0.1831,lying,Charlotte,small
1785664160.3082662,4268472,0.1338,-0.0068,-1.0059,4.3945,1.3428,-0.061,lying,Charlotte,small
1785664160.824156,4268537,0.1323,-0.0015,-1.0049,4.2725,1.2817,-0.2441,lying,Charlotte,small
1785664160.8241677,4268587,0.1313,-0.0044,-1.0015,4.4556,1.1597,0.0,lying,Charlotte,small
1785664160.8241735,4268637,0.1338,-0.0059,-0.9995,4.3945,1.2817,-0.3052,lying,Charlotte,small
1785664160.8241792,4268687,0.1348,-0.0054,-1.0039,4.4556,1.3428,-0.061,lying,Charlotte,small
1785664160.8241844,4268737,0.1299,-0.0005,-0.999,5.188,0.6714,-0.1831,lying,Charlotte,small
1785664160.8241892,4268787,0.1318,-0.0039,-1.0044,3.7842,1.4648,0.1221,lying,Charlotte,small
1785664160.8241951,4268837,0.1313,-0.0068,-0.9966,5.5542,0.7935,0.0,lying,Charlotte,small
1785664160.8241997,4268887,0.1313,0.0,-0.9995,3.6011,1.4038,-0.3052,lying,Charlotte,small
1785664160.824204,4268937,0.1431,-0.0039,-1.0376,4.6997,0.061,0.0,lying,Charlotte,small
1785664160.824209,4268987,0.1372,0.001,-1.0171,4.6997,1.1597,-0.1831,lying,Charlotte,small
1785664161.9002924,4269052,0.1304,-0.0044,-1.0015,4.2114,1.4038,-0.061,lying,Charlotte,small
1785664161.9003043,4269102,0.1318,-0.0068,-1.0029,4.4556,1.0986,-0.1221,lying,Charlotte,small
1785664161.9003098,4269152,0.1323,-0.0063,-1.001,4.7607,0.8545,-0.061,lying,Charlotte,small
1785664161.900314,4269202,0.1323,-0.0024,-1.0044,4.5776,0.9766,-0.4883,lying,Charlotte,small
1785664161.9003181,4269252,0.1333,-0.0107,-1.0005,5.5542,0.5493,-0.1221,lying,Charlotte,small
1785664161.900322,4269302,0.1353,-0.0005,-1.0049,3.8452,1.5259,-0.2441,lying,Charlotte,small
1785664161.9003265,4269352,0.1323,-0.002,-1.0034,4.3335,0.9766,-0.1831,lying,Charlotte,small
1785664161.9003303,4269402,0.1318,0.002,-1.0005,5.127,0.8545,-0.2441,lying,Charlotte,small
1785664161.9003341,4269452,0.1348,-0.0093,-0.998,2.8076,2.1362,-0.3662,lying,Charlotte,small
1785664161.900338,4269502,0.1299,-0.0005,-0.9873,3.7842,1.6479,-0.1831,lying,Charlotte,small
1785664162.4162102,4270135,0.1309,-0.0059,-1.0,4.3335,1.2207,-0.1831,lying,Charlotte,small
1785664162.4162226,4270185,0.1333,-0.0034,-1.0039,4.1504,1.2817,0.0,lying,Charlotte,small
1785664162.4162278,4270235,0.1353,-0.0054,-0.9956,4.3945,1.2207,-0.061,lying,Charlotte,small
1785664162.4162323,4270285,0.1313,-0.0039,-0.998,4.5776,1.0986,-0.1221,lying,Charlotte,small
1785664162.4162366,4270335,0.1313,-0.0034,-0.999,4.4556,1.2207,0.3662,lying,Charlotte,small
1785664162.4162405,4270385,0.1313,-0.0054,-1.002,4.5776,1.0986,-0.1831,lying,Charlotte,small
1785664162.4162443,4270435,0.1357,-0.0122,-1.001,4.3335,1.3428,-0.1221,lying,Charlotte,small
1785664162.416248,4270485,0.1318,-0.0078,-0.999,4.6387,1.1597,0.0,lying,Charlotte,small
1785664162.4162514,4270535,0.1313,-0.0015,-1.0005,4.6387,1.1597,-0.2441,lying,Charlotte,small
1785664162.4162555,4270585,0.1348,-0.0054,-1.0049,4.5776,0.9155,0.1221,lying,Charlotte,small
1785664165.4860337,4270647,0.1362,-0.0073,-1.0015,4.2114,1.0986,0.0,lying,Charlotte,small
1785664165.486048,4270697,0.1309,-0.0098,-0.9995,4.3335,1.1597,-0.4272,lying,Charlotte,small
1785664165.4860537,4270747,0.1372,-0.0044,-0.9941,4.4556,1.1597,-0.1831,lying,Charlotte,small
1785664165.486058,4270797,0.1333,-0.0005,-1.0068,4.5776,1.2207,-0.061,lying,Charlotte,small
1785664165.4860623,4270847,0.1333,-0.0068,-0.9985,4.4556,1.2207,-0.1221,lying,Charlotte,small
1785664165.486066,4270897,0.1323,-0.002,-1.0078,4.3945,1.2207,0.1831,lying,Charlotte,small
1785664165.48607,4270947,0.1367,-0.0049,-0.9917,4.5776,1.2207,0.1221,lying,Charlotte,small
1785664165.4860735,4270997,0.1323,-0.0039,-1.0,4.3945,1.3428,-0.061,lying,Charlotte,small
1785664165.4860775,4271047,0.1318,-0.0039,-1.0044,4.4556,1.1597,-0.1831,lying,Charlotte,small
1785664165.4860814,4271097,0.1309,-0.0015,-0.999,4.3945,1.1597,-0.2441,lying,Charlotte,small
1785664166.007791,4273720,0.1323,-0.0015,-1.002,4.3945,1.1597,-0.2441,lying,Charlotte,small
1785664166.007801,4273770,0.1353,-0.0054,-0.9995,4.5776,1.2207,0.0,lying,Charlotte,small
1785664166.0078065,4273820,0.1357,-0.0029,-0.9966,4.5776,1.1597,-0.1831,lying,Charlotte,small
1785664166.0078115,4273870,0.1299,-0.002,-1.0015,4.6387,1.0986,-0.1831,lying,Charlotte,small
1785664166.0078166,4273920,0.1328,-0.001,-1.002,4.6387,1.0376,-0.2441,lying,Charlotte,small
1785664166.0078204,4273970,0.1343,-0.0093,-1.0005,4.5776,1.2207,-0.2441,lying,Charlotte,small
1785664166.0078242,4274020,0.1333,-0.0059,-1.0029,4.3945,1.0376,-0.1831,lying,Charlotte,small
1785664166.0078278,4274070,0.1348,-0.0029,-1.0029,4.3335,1.2207,-0.061,lying,Charlotte,small
1785664166.0078316,4274120,0.1318,-0.0005,-1.0078,4.3335,1.4038,0.1221,lying,Charlotte,small
1785664166.0078354,4274170,0.1338,-0.0029,-1.0,4.4556,1.0986,0.061,lying,Charlotte,small
1785664167.841531,4274242,0.1343,-0.0054,-1.0029,4.3945,1.2817,-0.1221,lying,Charlotte,small
1785664167.8415413,4274292,0.1348,-0.002,-1.0054,4.5166,1.2817,-0.061,lying,Charlotte,small
1785664167.8415468,4274342,0.1299,-0.0073,-1.0029,4.5166,1.4648,-0.1221,lying,Charlotte,small
1785664167.841551,4274392,0.1309,-0.0049,-1.0044,4.2114,1.2207,0.061,lying,Charlotte,small
1785664167.8415546,4274442,0.1343,-0.0049,-1.0,4.5166,1.2207,0.0,lying,Charlotte,small
1785664167.8415585,4274492,0.1304,-0.0039,-1.0039,4.5166,1.4038,-0.061,lying,Charlotte,small
1785664167.8415625,4274542,0.1279,-0.0044,-0.9937,4.4556,1.5259,0.0,lying,Charlotte,small
1785664167.8415663,4274592,0.1323,-0.0059,-1.0,4.3945,1.0376,0.1831,lying,Charlotte,small
1785664167.84157,4274642,0.1338,-0.0078,-1.001,4.2725,1.1597,-0.1221,lying,Charlotte,small
1785664167.8415744,4274692,0.1362,-0.0029,-1.0015,4.3945,0.9766,-0.3662,lying,Charlotte,small
1785664168.870581,4276584,0.1323,-0.0073,-1.0005,4.5166,0.9155,0.0,lying,Charlotte,small
1785664168.870591,4276634,0.1357,-0.0088,-1.0073,4.4556,1.2207,-0.1831,lying,Charlotte,small
1785664168.8705966,4276684,0.1323,-0.0078,-1.0049,4.5166,1.1597,0.1221,lying,Charlotte,small
1785664168.8706012,4276734,0.1318,-0.0083,-0.9971,4.4556,1.2207,-0.3662,lying,Charlotte,small
1785664168.8706052,4276784,0.1333,-0.0044,-1.0039,4.5776,1.0986,0.1221,lying,Charlotte,small
1785664168.8706088,4276834,0.1328,-0.0024,-0.999,4.5166,1.2207,-0.1221,lying,Charlotte,small
1785664168.870613,4276884,0.1318,-0.0073,-1.0068,4.5166,1.3428,-0.061,lying,Charlotte,small
1785664168.8706167,4276934,0.1357,-0.0024,-1.0,4.5776,1.0376,-0.1831,lying,Charlotte,small
1785664168.8706205,4276984,0.1304,-0.0029,-1.0015,4.4556,1.2817,-0.1221,lying,Charlotte,small
1785664168.8706243,4277034,0.1304,-0.0083,-1.0044,4.3945,1.3428,0.2441,lying,Charlotte,small
1785664169.3915982,4277098,0.1348,-0.0044,-1.001,4.5776,1.2817,-0.2441,lying,Charlotte,small
1785664169.3916087,4277148,0.1353,-0.0029,-0.9971,4.4556,1.2817,-0.1221,lying,Charlotte,small
1785664169.391615,4277198,0.1343,-0.001,-1.0034,4.3945,1.3428,0.0,lying,Charlotte,small
1785664169.3916202,4277248,0.1348,-0.0073,-0.9937,4.4556,1.1597,-0.1831,lying,Charlotte,small
1785664169.3916254,4277298,0.1328,-0.0029,-1.0015,4.5776,1.0986,-0.061,lying,Charlotte,small
1785664169.39163,4277348,0.1313,-0.0078,-1.0,4.5776,1.0986,-0.1221,lying,Charlotte,small
1785664169.391635,4277398,0.1333,-0.0054,-1.0044,4.3335,1.3428,-0.061,lying,Charlotte,small
1785664169.39164,4277448,0.1318,-0.0034,-1.0059,4.6387,1.2207,-0.061,lying,Charlotte,small
1785664169.3916445,4277498,0.1362,-0.0039,-1.0034,4.3335,1.0986,-0.1831,lying,Charlotte,small
1785664169.3916492,4277548,0.1353,-0.0005,-1.001,4.4556,1.1597,0.0,lying,Charlotte,small
1785664169.9100351,4277627,0.1338,-0.0015,-0.9985,4.3335,1.0376,0.061,lying,Charlotte,small
1785664169.9100454,4277677,0.1348,-0.0015,-1.0005,4.6387,1.2817,-0.1831,lying,Charlotte,small
1785664169.9100509,4277727,0.1328,-0.0054,-1.0015,4.5166,1.1597,-0.1221,lying,Charlotte,small
1785664169.9100554,4277777,0.1313,-0.0073,-1.0005,4.3335,1.0986,-0.061,lying,Charlotte,small
1785664169.9100592,4277827,0.1309,-0.0034,-1.0,4.5166,1.2207,-0.2441,lying,Charlotte,small
1785664169.910063,4277877,0.1343,-0.0029,-1.0054,4.3335,1.2817,0.0,lying,Charlotte,small
1785664169.910067,4277927,0.1328,-0.0063,-1.0029,4.5776,1.0986,-0.1221,lying,Charlotte,small
1785664169.9100711,4277977,0.1353,-0.0039,-1.0063,4.5166,1.0376,-0.1831,lying,Charlotte,small
1785664169.910075,4278027,0.1328,-0.0054,-1.0024,4.2114,0.9766,-0.061,lying,Charlotte,small
1785664169.9100785,4278077,0.1318,-0.0044,-1.0049,4.3945,1.2207,-0.2441,lying,Charlotte,small
1785664170.4531024,4278141,0.1294,-0.0068,-1.0034,4.3335,1.1597,-0.1831,lying,Charlotte,small
1785664170.4531124,4278191,0.1318,-0.0024,-0.998,4.5776,1.3428,-0.1221,lying,Charlotte,small
1785664170.4531176,4278241,0.1343,-0.002,-1.0024,4.5166,1.0986,0.0,lying,Charlotte,small
1785664170.453123,4278291,0.1323,-0.0029,-1.0044,4.2114,1.4038,-0.1831,lying,Charlotte,small
1785664170.4531276,4278341,0.1313,-0.0068,-1.0098,4.2725,1.3428,-0.1221,lying,Charlotte,small
1785664170.4531317,4278391,0.1304,-0.0044,-0.9937,4.3945,1.2207,-0.061,lying,Charlotte,small
1785664170.4531357,4278441,0.1323,-0.0034,-0.9995,4.4556,1.2817,-0.1831,lying,Charlotte,small
1785664170.4531395,4278491,0.1304,-0.0068,-1.0,4.6997,1.3428,-0.3052,lying,Charlotte,small
1785664170.4531431,4278541,0.1338,-0.0005,-1.0039,4.5166,1.0986,-0.3662,lying,Charlotte,small
1785664170.4531474,4278591,0.1299,-0.0059,-1.0039,4.3335,1.2817,-0.1221,lying,Charlotte,small
1785664173.1558068,4278687,0.1313,-0.0029,-1.002,4.3335,1.2817,0.0,lying,Charlotte,small
1785664173.1558144,4278737,0.1304,-0.0034,-1.0029,4.3335,1.1597,-0.3052,lying,Charlotte,small
1785664173.155819,4278787,0.1338,-0.0054,-1.0059,4.3335,1.3428,-0.1831,lying,Charlotte,small
1785664173.1558244,4278837,0.1323,-0.0078,-1.001,4.3945,1.2207,-0.3052,lying,Charlotte,small
1785664173.15583,4278887,0.1333,-0.0059,-0.9976,4.3335,1.1597,0.0,lying,Charlotte,small
1785664173.1558352,4278937,0.1353,-0.0156,-1.0063,4.2725,1.2207,0.0,lying,Charlotte,small
1785664173.1558392,4278987,0.1333,-0.0044,-0.998,4.5776,0.8545,-0.3662,lying,Charlotte,small
1785664173.1558425,4279037,0.1357,-0.0034,-1.001,4.2725,1.2817,0.2441,lying,Charlotte,small
1785664173.1558456,4279087,0.1333,-0.0044,-1.0015,4.5166,1.2207,-0.3052,lying,Charlotte,small
1785664173.1558487,4279137,0.1313,-0.002,-1.0,4.5776,1.2817,0.0,lying,Charlotte,small
1785664173.6799557,4281396,0.1357,-0.0059,-0.9956,4.3335,1.1597,0.061,lying,Charlotte,small
1785664173.679967,4281446,0.1299,-0.0044,-1.0039,4.4556,1.2207,0.0,lying,Charlotte,small
1785664173.6799724,4281496,0.1328,-0.0054,-1.002,4.3335,1.0986,-0.3052,lying,Charlotte,small
1785664173.679977,4281546,0.1343,-0.0063,-1.0059,4.4556,1.1597,0.061,lying,Charlotte,small
1785664173.6799808,4281596,0.1328,-0.0098,-0.9985,4.5776,1.4038,-0.1221,lying,Charlotte,small
1785664173.6799848,4281646,0.1372,-0.002,-0.9985,4.5776,1.1597,0.061,lying,Charlotte,small
1785664173.679989,4281696,0.1323,-0.0029,-1.0063,4.4556,1.2817,-0.3662,lying,Charlotte,small
1785664173.6799927,4281746,0.1333,-0.0054,-1.0005,4.6997,1.1597,-0.1221,lying,Charlotte,small
1785664173.6799965,4281796,0.1323,-0.0107,-1.0039,4.3945,1.2207,-0.1221,lying,Charlotte,small
1785664173.6800003,4281846,0.1323,-0.0039,-0.998,4.3945,1.4648,-0.061,lying,Charlotte,small
1785664174.499007,4281908,0.1328,-0.0049,-1.0,4.4556,1.3428,-0.1831,lying,Charlotte,small
1785664174.499019,4281958,0.1323,-0.0044,-1.0034,4.3335,1.2207,0.0,lying,Charlotte,small
1785664174.499024,4282008,0.1362,-0.0068,-0.999,4.2725,1.3428,-0.1831,lying,Charlotte,small
1785664174.4990287,4282058,0.1333,-0.0107,-0.9985,4.5776,1.3428,0.1831,lying,Charlotte,small
1785664174.4990327,4282108,0.1328,-0.0073,-1.001,4.3335,1.3428,-0.1221,lying,Charlotte,small
1785664174.4990368,4282158,0.1343,-0.002,-1.0054,4.3335,1.2817,-0.4883,lying,Charlotte,small
1785664174.4990408,4282208,0.1323,-0.0073,-0.9956,4.3945,1.0986,-0.1831,lying,Charlotte,small
1785664174.4990447,4282258,0.1338,-0.0054,-1.0024,4.4556,1.2207,-0.2441,lying,Charlotte,small
1785664174.4990482,4282308,0.1313,-0.0073,-1.0034,4.5776,1.0376,-0.1221,lying,Charlotte,small
1785664174.4990518,4282358,0.1309,-0.0068,-1.0,4.3945,1.2207,-0.1831,lying,Charlotte,small
1785664175.8295798,4282730,0.1348,-0.0039,-1.0029,4.5776,1.0376,0.2441,lying,Charlotte,small
1785664175.8295944,4282780,0.1372,-0.0034,-1.0,4.5166,0.9766,-0.1831,lying,Charlotte,small
1785664175.829599,4282830,0.1309,-0.0024,-0.9971,4.5166,1.4648,0.1221,lying,Charlotte,small
1785664175.8296025,4282880,0.1318,-0.0059,-0.9995,4.6387,1.2207,-0.061,lying,Charlotte,small
1785664175.8296058,4282930,0.1343,-0.0059,-1.0049,4.5776,1.3428,-0.1831,lying,Charlotte,small
1785664175.8296092,4282980,0.1333,-0.0049,-1.0005,4.4556,1.0986,-0.061,lying,Charlotte,small
1785664175.8296123,4283030,0.1304,0.0,-1.002,4.3945,1.0376,-0.4272,lying,Charlotte,small
1785664175.8296154,4283080,0.1333,-0.0063,-1.0029,4.5776,1.1597,-0.1831,lying,Charlotte,small
1785664175.8296185,4283130,0.1348,-0.0088,-1.001,4.3945,1.1597,-0.2441,lying,Charlotte,small
1785664175.8296213,4283180,0.1328,-0.0039,-0.9971,4.5776,1.4648,0.0,lying,Charlotte,small
1785664176.3530908,4284061,0.1343,-0.0068,-1.0049,4.3945,1.1597,0.061,lying,Charlotte,small
1785664176.3531008,4284111,0.1328,-0.0054,-1.0,4.4556,1.0986,-0.3052,lying,Charlotte,small
1785664176.353105,4284161,0.1299,-0.0039,-1.0059,4.4556,1.2817,-0.2441,lying,Charlotte,small
1785664176.3531086,4284211,0.1343,-0.0044,-1.001,4.5776,1.3428,-0.1221,lying,Charlotte,small
1785664176.3531117,4284261,0.1309,-0.0024,-1.0029,4.5166,1.1597,-0.061,lying,Charlotte,small
1785664176.3531148,4284311,0.1299,-0.0024,-0.9995,4.5166,1.2207,-0.1831,lying,Charlotte,small
1785664176.3531182,4284361,0.1289,-0.0059,-1.0024,4.5166,1.0986,0.061,lying,Charlotte,small
1785664176.353121,4284411,0.1294,-0.0054,-1.0015,4.6387,1.1597,0.061,lying,Charlotte,small
1785664176.353124,4284461,0.1318,-0.0059,-1.0024,4.5166,1.2207,0.0,lying,Charlotte,small
1785664176.353127,4284511,0.1265,0.0,-1.0024,4.5776,1.1597,-0.3052,lying,Charlotte,small
1785664177.1515975,4284584,0.1338,-0.0054,-0.999,4.2114,0.9766,-0.1221,lying,Charlotte,small
1785664177.1516075,4284634,0.1338,-0.0093,-1.0039,4.2725,1.2817,-0.3052,lying,Charlotte,small
1785664177.1516132,4284684,0.1333,-0.0049,-0.9976,4.4556,1.4038,-0.061,lying,Charlotte,small
1785664177.151619,4284734,0.1323,-0.0083,-1.0083,4.0894,1.2207,0.0,lying,Charlotte,small
1785664177.1516247,4284784,0.1362,-0.0063,-1.0005,4.5166,1.4648,-0.1221,lying,Charlotte,small
1785664177.1516297,4284834,0.1318,-0.0005,-1.0015,4.5776,1.2207,-0.1221,lying,Charlotte,small
1785664177.1516328,4284884,0.1323,-0.0015,-0.9985,4.5776,0.9766,-0.2441,lying,Charlotte,small
1785664177.1516364,4284934,0.1309,-0.0029,-0.9976,4.3945,1.2817,-0.061,lying,Charlotte,small
1785664177.1516411,4284984,0.1323,-0.0103,-1.0068,4.6387,1.4038,-0.3052,lying,Charlotte,small
1785664177.1516466,4285034,0.1338,-0.0034,-1.0029,4.4556,1.3428,0.061,lying,Charlotte,small
1785664181.2065623,4286207,0.1333,-0.0073,-1.0059,4.4556,1.2817,0.061,lying,Charlotte,small
1785664181.2065747,4286257,0.1313,-0.0049,-1.0,4.2114,1.0376,-0.061,lying,Charlotte,small
1785664181.2065797,4286307,0.1309,-0.001,-1.0024,4.4556,1.2817,-0.2441,lying,Charlotte,small
1785664181.2065847,4286357,0.1328,-0.0059,-1.0059,4.3335,1.0376,0.1831,lying,Charlotte,small
1785664181.2065887,4286407,0.1333,-0.0034,-0.9976,4.3945,1.4038,-0.3052,lying,Charlotte,small
1785664181.2065926,4286457,0.1318,-0.0034,-1.0049,4.3945,1.0376,0.1221,lying,Charlotte,small
1785664181.2065966,4286507,0.1318,0.0005,-1.0029,4.2725,1.2817,-0.061,lying,Charlotte,small
1785664181.2066007,4286557,0.1299,-0.0078,-1.001,4.6387,1.2817,-0.4883,lying,Charlotte,small
1785664181.2066045,4286607,0.1323,-0.0068,-1.0005,4.5166,1.0986,-0.061,lying,Charlotte,small
1785664181.2066083,4286657,0.1328,-0.0054,-1.001,4.4556,1.0986,-0.1831,lying,Charlotte,small
1785664183.515135,4289439,0.1333,-0.0049,-1.0015,4.3335,1.1597,-0.3662,lying,Charlotte,small
1785664183.515147,4289489,0.1299,-0.0059,-1.0,4.3335,1.1597,-0.3662,lying,Charlotte,small
1785664183.515152,4289539,0.1313,-0.0073,-1.0054,4.5166,1.2207,0.0,lying,Charlotte,small
1785664183.5151563,4289589,0.1338,-0.0059,-0.9917,4.6387,1.2817,-0.2441,lying,Charlotte,small
1785664183.5151603,4289639,0.1323,-0.0044,-1.0005,4.2114,1.2207,-0.061,lying,Charlotte,small
1785664183.5151641,4289689,0.1328,-0.0034,-1.0005,4.5166,1.0376,-0.1831,lying,Charlotte,small
1785664183.5151682,4289739,0.1309,-0.0034,-1.0,4.3945,1.1597,0.0,lying,Charlotte,small
1785664183.5151715,4289789,0.1353,-0.0034,-1.0024,4.4556,1.0376,-0.3052,lying,Charlotte,small
1785664183.5151927,4289839,0.1411,-0.0059,-0.9995,4.3945,1.1597,-0.3662,lying,Charlotte,small
1785664183.5151966,4289889,0.1333,-0.0103,-1.0024,4.3945,1.1597,0.0,lying,Charlotte,small
1785664184.0385485,4291748,0.1328,-0.0044,-0.999,4.5776,1.4038,-0.4272,lying,Charlotte,small
1785664184.0385752,4291798,0.1333,-0.0103,-1.0054,4.2725,1.2817,-0.1831,lying,Charlotte,small
1785664184.0385804,4291848,0.1304,-0.0103,-1.0015,4.4556,1.2817,0.061,lying,Charlotte,small
1785664184.0385854,4291898,0.1328,-0.0078,-1.0044,4.5776,1.0376,-0.061,lying,Charlotte,small
1785664184.0385895,4291948,0.1353,-0.0039,-0.999,4.5166,1.2207,-0.061,lying,Charlotte,small
1785664184.0385933,4291998,0.1333,-0.0039,-0.9995,4.3335,1.2817,-0.1831,lying,Charlotte,small
1785664184.0385976,4292048,0.1318,-0.0054,-0.9976,4.2725,1.2207,0.1831,lying,Charlotte,small
1785664184.0386014,4292098,0.1313,-0.0098,-0.999,4.3945,1.1597,-0.1831,lying,Charlotte,small
1785664184.0386052,4292148,0.1348,-0.0044,-1.0049,4.4556,1.1597,-0.1221,lying,Charlotte,small
1785664184.0386088,4292198,0.1304,-0.0054,-0.9966,4.5166,1.2207,0.1221,lying,Charlotte,small
1785664184.8385646,4292272,0.1348,-0.0015,-1.0,4.4556,1.2207,-0.1221,lying,Charlotte,small
1785664184.8385758,4292322,0.1328,-0.0034,-1.0005,4.2114,1.2207,0.1221,lying,Charlotte,small
1785664184.838581,4292372,0.1313,-0.0068,-1.002,4.3945,1.2207,-0.1221,lying,Charlotte,small
1785664184.8385854,4292422,0.1309,-0.0044,-1.001,4.5166,1.0986,0.061,lying,Charlotte,small
1785664184.8385892,4292472,0.1338,-0.0044,-1.0005,4.2725,1.2817,-0.061,lying,Charlotte,small
1785664184.838593,4292522,0.1338,-0.0044,-1.001,4.3335,1.4038,0.0,lying,Charlotte,small
1785664184.838597,4292572,0.1304,-0.0073,-1.0034,4.4556,1.2817,-0.4272,lying,Charlotte,small
1785664184.838601,4292622,0.1294,-0.0049,-1.002,4.3335,1.0986,-0.3052,lying,Charlotte,small
1785664184.8386047,4292672,0.1338,-0.0107,-1.002,4.2725,1.2207,-0.2441,lying,Charlotte,small
1785664184.8386087,4292722,0.1318,-0.0015,-1.0044,4.4556,1.2817,-0.1831,lying,Charlotte,small
1785664185.4862385,4293066,0.1328,-0.0044,-0.9966,4.5776,1.3428,-0.061,lying,Charlotte,small
1785664185.4862494,4293116,0.1323,-0.0054,-0.9932,4.2725,1.0986,-0.1831,lying,Charlotte,small
1785664185.4862537,4293166,0.1338,-0.0029,-1.0029,4.4556,0.9155,-0.3052,lying,Charlotte,small
1785664185.4862573,4293216,0.1299,-0.0068,-1.0029,4.5776,1.0986,-0.3052,lying,Charlotte,small
1785664185.4862628,4293266,0.1338,-0.0068,-0.998,4.5166,1.2207,0.1221,lying,Charlotte,small
1785664185.4862678,4293316,0.1328,-0.001,-1.001,4.4556,1.1597,-0.1831,lying,Charlotte,small
1785664185.4862738,4293366,0.1289,-0.002,-1.0,4.5166,1.0986,-0.2441,lying,Charlotte,small
1785664185.4862773,4293416,0.1309,-0.0015,-1.0049,4.5166,1.2817,-0.2441,lying,Charlotte,small
1785664185.4862807,4293466,0.1348,-0.0024,-0.9961,4.5166,1.1597,0.061,lying,Charlotte,small
1785664185.4862838,4293516,0.1323,-0.0034,-1.001,4.5776,1.2207,-0.2441,lying,Charlotte,small
1785664186.1428819,4293718,0.1333,-0.0059,-1.002,4.6387,1.0376,-0.2441,lying,Charlotte,small
1785664186.1428907,4293768,0.1318,-0.0005,-1.002,4.2725,0.9155,-0.061,lying,Charlotte,small
1785664186.1428964,4293818,0.1323,-0.0054,-0.999,4.3945,1.1597,-0.3052,lying,Charlotte,small
1785664186.1429017,4293868,0.1328,-0.0034,-0.9995,4.6997,1.0986,0.1221,lying,Charlotte,small
1785664186.142907,4293918,0.1309,-0.0015,-0.9951,4.3945,1.0986,-0.2441,lying,Charlotte,small
1785664186.142912,4293968,0.1289,-0.0073,-1.0029,4.6387,1.2207,0.0,lying,Charlotte,small
1785664186.1429174,4294018,0.1304,-0.0083,-1.0005,4.4556,0.9155,-0.061,lying,Charlotte,small
1785664186.1429222,4294068,0.1348,-0.0049,-1.0044,4.2114,1.1597,-0.1831,lying,Charlotte,small
1785664186.1429272,4294118,0.1343,-0.0054,-1.0054,4.4556,1.2207,-0.061,lying,Charlotte,small
1785664186.1429317,4294168,0.1309,-0.0049,-1.0044,4.2725,1.1597,-0.3052,lying,Charlotte,small
1785664186.8167295,4294427,0.1304,-0.0059,-1.001,4.3335,1.0376,-0.3052,lying,Charlotte,small
1785664186.8167427,4294477,0.1313,-0.0073,-1.0005,4.3945,1.1597,-0.1831,lying,Charlotte,small
1785664186.8167477,4294527,0.1348,-0.0039,-1.0024,4.4556,1.0986,-0.3662,lying,Charlotte,small
1785664186.8167522,4294577,0.1353,-0.0078,-0.9995,4.5166,1.2207,0.0,lying,Charlotte,small
1785664186.8167562,4294627,0.1313,-0.0044,-0.9995,4.3335,1.5259,-0.3662,lying,Charlotte,small
1785664186.81676,4294677,0.1304,-0.0044,-0.9971,4.4556,1.2207,-0.1221,lying,Charlotte,small
1785664186.8167644,4294727,0.1284,-0.0044,-1.0024,4.2725,1.2207,-0.4272,lying,Charlotte,small
1785664186.8167682,4294777,0.1284,-0.0063,-0.9976,4.4556,1.3428,-0.1831,lying,Charlotte,small
1785664186.8167715,4294827,0.1343,-0.0029,-1.0059,4.3945,1.0376,0.0,lying,Charlotte,small
1785664186.816775,4294877,0.1348,-0.0078,-0.998,4.3945,1.0376,-0.061,lying,Charlotte,small
1785664188.729983,4295047,0.1318,-0.0073,-1.0049,4.4556,1.2207,0.061,lying,Charlotte,small
1785664188.7299998,4295097,0.1343,-0.0103,-1.0078,4.3335,1.3428,0.1221,lying,Charlotte,small
1785664188.7300055,4295147,0.1338,-0.0039,-1.0015,4.5776,1.2207,0.061,lying,Charlotte,small
1785664188.73001,4295197,0.1304,-0.0044,-1.0034,4.5166,1.2817,0.061,lying,Charlotte,small
1785664188.7300138,4295247,0.1338,-0.0059,-0.9976,4.6387,1.0986,-0.3052,lying,Charlotte,small
1785664188.730018,4295297,0.1338,-0.0029,-0.9995,4.3945,1.0986,-0.1831,lying,Charlotte,small
1785664188.730022,4295347,0.1348,-0.0059,-1.0,4.3335,1.0986,-0.1831,lying,Charlotte,small
1785664188.7300258,4295397,0.1338,-0.0034,-0.9956,4.5776,1.1597,-0.061,lying,Charlotte,small
1785664188.7300296,4295447,0.1318,-0.0054,-0.998,4.5776,1.2817,-0.2441,lying,Charlotte,small
1785664188.7300334,4295497,0.1348,-0.0059,-1.0,4.5166,0.9766,-0.061,lying,Charlotte,small
1785664189.549841,4296961,0.1333,-0.0015,-1.001,4.3335,1.2207,-0.061,lying,Charlotte,small
1785664189.5498517,4297011,0.1348,-0.001,-1.0034,4.3945,1.0376,-0.061,lying,Charlotte,small
1785664189.549856,4297061,0.1333,-0.0029,-1.001,4.3335,1.0986,-0.1221,lying,Charlotte,small
1785664189.5498595,4297111,0.1318,-0.0039,-0.999,4.4556,1.0376,-0.1831,lying,Charlotte,small
1785664189.5498629,4297161,0.1353,-0.0059,-0.9941,4.5776,1.3428,0.061,lying,Charlotte,small
1785664189.549866,4297211,0.1299,0.0,-1.0054,4.3945,1.2817,-0.1831,lying,Charlotte,small
1785664189.5498695,4297261,0.1318,-0.0049,-1.0,4.0283,1.3428,0.0,lying,Charlotte,small
1785664189.5498724,4297311,0.1289,-0.0049,-1.0034,4.3945,1.4038,0.0,lying,Charlotte,small
1785664189.5498755,4297361,0.1323,-0.0044,-0.9995,4.5776,1.0986,-0.061,lying,Charlotte,small
1785664189.5498784,4297411,0.1343,-0.0044,-0.999,4.5776,1.1597,-0.1221,lying,Charlotte,small
1785664190.1492488,4297782,0.1323,-0.0059,-1.0015,4.5166,1.2207,0.061,lying,Charlotte,small
1785664190.1492572,4297832,0.1357,-0.0044,-1.0034,4.5166,1.1597,-0.1221,lying,Charlotte,small
1785664190.1492631,4297882,0.1362,-0.0034,-1.0029,4.2114,1.2207,-0.3052,lying,Charlotte,small
1785664190.1492684,4297932,0.1323,-0.0059,-1.0029,4.4556,1.3428,-0.061,lying,Charlotte,small
1785664190.1492734,4297982,0.1313,-0.0039,-1.0029,4.6387,1.0986,0.061,lying,Charlotte,small
1785664190.1492784,4298032,0.1299,-0.002,-0.9985,4.4556,1.3428,0.0,lying,Charlotte,small
1785664190.149284,4298082,0.1338,-0.0039,-1.0015,4.5166,1.0376,-0.061,lying,Charlotte,small
1785664190.1492891,4298132,0.1333,-0.0029,-1.0034,4.3335,1.2207,0.1221,lying,Charlotte,small
1785664190.1492949,4298182,0.1328,-0.0059,-0.999,4.3335,1.1597,-0.061,lying,Charlotte,small
1785664190.1492999,4298232,0.1294,-0.0034,-0.9946,4.3335,1.3428,-0.2441,lying,Charlotte,small
1785664192.527461,4298383,0.1333,-0.0059,-0.9995,4.5776,1.0986,-0.2441,lying,Charlotte,small
1785664192.5274737,4298433,0.1338,-0.0068,-1.0078,4.4556,1.2207,0.0,lying,Charlotte,small
1785664192.527479,4298483,0.1338,-0.0049,-1.0034,4.6387,1.2817,0.061,lying,Charlotte,small
1785664192.5274837,4298533,0.1372,-0.0039,-1.0054,4.5166,1.4648,-0.1831,lying,Charlotte,small
1785664192.527488,4298583,0.1323,-0.0083,-1.001,4.2114,1.0986,-0.1221,lying,Charlotte,small
1785664192.5275137,4298633,0.1304,-0.0073,-0.9995,4.2114,1.2817,-0.1831,lying,Charlotte,small
1785664192.527518,4298683,0.1348,-0.0078,-0.9966,4.2114,1.0986,-0.1221,lying,Charlotte,small
1785664192.5275218,4298733,0.1338,-0.0039,-0.999,4.5776,0.9766,0.0,lying,Charlotte,small
1785664192.5275254,4298783,0.1357,-0.0049,-0.9985,4.5776,1.0376,-0.1221,lying,Charlotte,small
1785664192.5275295,4298833,0.1309,-0.0034,-0.999,4.5166,1.3428,-0.2441,lying,Charlotte,small
1785664193.7498622,4300760,0.1348,-0.0054,-1.0039,4.8218,1.2817,-0.1831,lying,Charlotte,small
1785664193.7498744,4300810,0.1338,-0.0073,-1.0024,4.4556,1.2817,0.0,lying,Charlotte,small
1785664193.7498798,4300860,0.1333,-0.0083,-0.9961,4.6387,1.2207,-0.1831,lying,Charlotte,small
1785664193.7498844,4300910,0.1333,-0.0073,-1.0122,4.5776,1.2207,-0.1221,lying,Charlotte,small
1785664193.7498882,4300960,0.1348,-0.0054,-0.9966,4.5166,1.2817,0.061,lying,Charlotte,small
1785664193.749892,4301010,0.1353,-0.0024,-1.0059,4.3335,1.1597,-0.1221,lying,Charlotte,small
1785664193.7498963,4301060,0.1343,-0.0054,-1.001,4.5166,1.3428,-0.1831,lying,Charlotte,small
1785664193.7499,4301110,0.1318,-0.0112,-0.9951,4.6387,1.3428,0.0,lying,Charlotte,small
1785664193.7499037,4301160,0.1333,-0.002,-1.0,4.2725,1.4038,-0.1221,lying,Charlotte,small
1785664193.7499075,4301210,0.1284,-0.0039,-1.0044,4.2725,1.2817,0.061,lying,Charlotte,small
1785664194.265616,4301976,0.1304,-0.0034,-1.0015,4.3945,1.3428,0.0,lying,Charlotte,small
1785664194.265626,4302026,0.1299,-0.0073,-1.0,4.4556,1.0986,-0.1831,lying,Charlotte,small
1785664194.2656314,4302076,0.1289,-0.0059,-1.0024,4.3335,1.0376,0.0,lying,Charlotte,small
1785664194.2656362,4302126,0.1323,-0.0039,-0.9937,4.4556,1.0376,-0.1831,lying,Charlotte,small
1785664194.2656403,4302176,0.1362,-0.0005,-1.0059,4.3335,1.2817,0.1221,lying,Charlotte,small
1785664194.2656443,4302226,0.1338,-0.0044,-1.0044,4.4556,1.3428,-0.2441,lying,Charlotte,small
1785664194.2656484,4302276,0.1304,-0.0059,-1.0039,4.4556,1.2207,-0.2441,lying,Charlotte,small
1785664194.2656524,4302326,0.1328,-0.0044,-1.0073,4.4556,1.2207,-0.061,lying,Charlotte,small
1785664194.265656,4302376,0.1338,-0.0054,-0.9971,4.4556,1.1597,0.0,lying,Charlotte,small
1785664194.2656598,4302426,0.1313,-0.0049,-0.9985,4.1504,1.0376,-0.1831,lying,Charlotte,small
1785664194.7998738,4302498,0.1318,-0.0059,-0.998,4.4556,0.9766,-0.4272,lying,Charlotte,small
1785664194.7998843,4302548,0.1323,-0.0044,-1.0029,4.4556,1.2817,-0.1831,lying,Charlotte,small
1785664194.7998896,4302598,0.1289,-0.0112,-1.002,4.5776,1.3428,-0.1221,lying,Charlotte,small
1785664194.7998946,4302648,0.1333,-0.0059,-1.0015,4.5166,1.3428,-0.2441,lying,Charlotte,small
1785664194.7998984,4302698,0.1338,0.0005,-1.0034,4.3335,1.4038,-0.1221,lying,Charlotte,small
1785664194.7999024,4302748,0.1304,-0.0093,-1.0044,4.3335,1.1597,-0.2441,lying,Charlotte,small
1785664194.7999063,4302798,0.1328,-0.0024,-0.9995,4.5776,1.1597,-0.061,lying,Charlotte,small
1785664194.7999103,4302848,0.1304,-0.0015,-1.0015,4.5776,1.3428,0.0,lying,Charlotte,small
1785664194.7999141,4302898,0.1343,-0.0088,-1.0034,4.3335,1.3428,-0.1221,lying,Charlotte,small
1785664194.7999187,4302948,0.1318,-0.0059,-0.9995,4.4556,1.0986,-0.1831,lying,Charlotte,small
1785664195.4879723,4303036,0.1328,-0.0073,-1.0078,4.4556,1.4648,-0.061,lying,Charlotte,small
1785664195.4879873,4303086,0.1323,-0.0054,-0.9966,4.4556,1.4648,0.0,lying,Charlotte,small
1785664195.4879937,4303136,0.1333,-0.0059,-1.002,4.3945,1.1597,-0.2441,lying,Charlotte,small
1785664195.487999,4303186,0.1328,-0.002,-1.0063,4.2114,1.1597,-0.3662,lying,Charlotte,small
1785664195.4880037,4303236,0.1333,-0.002,-0.999,4.5166,1.0986,-0.1221,lying,Charlotte,small
1785664195.4880092,4303286,0.1333,-0.0054,-1.001,4.5776,1.1597,-0.061,lying,Charlotte,small
1785664195.4880142,4303336,0.1318,-0.0088,-1.0059,4.4556,1.1597,-0.1221,lying,Charlotte,small
1785664195.4880188,4303386,0.1294,-0.0024,-1.0,4.3945,1.1597,-0.2441,lying,Charlotte,small
1785664195.4880233,4303436,0.1357,-0.0015,-1.0049,4.5166,1.0986,-0.1221,lying,Charlotte,small
1785664195.4880288,4303486,0.1348,-0.0063,-1.0015,4.3945,1.0986,0.1831,lying,Charlotte,small
1785664196.0001693,4303718,0.1348,-0.0073,-1.0029,4.4556,1.3428,-0.061,lying,Charlotte,small
1785664196.0001814,4303768,0.1323,-0.0054,-1.0044,4.1504,1.2817,-0.3662,lying,Charlotte,small
1785664196.000187,4303818,0.1338,-0.0049,-1.0034,4.4556,1.2817,-0.2441,lying,Charlotte,small
1785664196.000191,4303868,0.1348,-0.0078,-1.0088,4.3335,0.9766,0.1831,lying,Charlotte,small
1785664196.0001948,4303918,0.1328,-0.0039,-0.9995,4.2725,1.1597,0.1221,lying,Charlotte,small
1785664196.0001988,4303968,0.1318,-0.0073,-0.9985,4.4556,1.2817,0.1221,lying,Charlotte,small
1785664196.0002027,4304018,0.1343,-0.0039,-1.0015,4.3335,1.2817,-0.1221,lying,Charlotte,small
1785664196.0002062,4304068,0.1318,-0.0049,-1.0049,4.5166,0.8545,0.061,lying,Charlotte,small
1785664196.0002103,4304118,0.1299,-0.0044,-1.0034,4.2114,1.2817,-0.061,lying,Charlotte,small
1785664196.0002139,4304168,0.1328,-0.0127,-1.0044,4.3335,0.9766,0.061,lying,Charlotte,small
1785664196.5300932,4304230,0.1318,-0.0034,-1.0029,4.5776,1.1597,0.0,lying,Charlotte,small
1785664196.530104,4304280,0.1318,-0.0059,-1.0054,4.5166,1.0986,0.061,lying,Charlotte,small
1785664196.5301092,4304330,0.1294,-0.0068,-1.0049,4.2725,1.2817,-0.1221,lying,Charlotte,small
1785664196.5301144,4304380,0.1348,-0.0083,-1.0039,4.6387,1.2817,0.061,lying,Charlotte,small
1785664196.5301182,4304430,0.1309,-0.0088,-0.9976,4.3945,1.1597,-0.2441,lying,Charlotte,small
1785664196.530122,4304480,0.1299,-0.0029,-1.0039,4.4556,1.0986,0.3052,lying,Charlotte,small
1785664196.530126,4304530,0.1313,-0.0068,-1.0,4.3335,1.2817,-0.061,lying,Charlotte,small
1785664196.5301297,4304580,0.1323,-0.0015,-1.0059,4.3945,1.2817,-0.061,lying,Charlotte,small
1785664196.5301335,4304630,0.1338,-0.0063,-0.9976,4.4556,1.3428,-0.061,lying,Charlotte,small
1785664196.5301375,4304680,0.1318,-0.001,-1.001,4.3335,1.0986,0.061,lying,Charlotte,small
1785664197.5465603,4305252,0.1304,-0.001,-1.0049,4.3335,1.1597,0.1831,lying,Charlotte,small
1785664197.54657,4305302,0.1343,-0.0015,-0.9995,4.3945,1.4038,-0.1221,lying,Charlotte,small
1785664197.5465753,4305352,0.1294,-0.0039,-0.9937,4.5166,1.0986,0.0,lying,Charlotte,small
1785664197.5465796,4305402,0.1343,-0.0024,-1.0029,4.3335,1.2207,-0.1221,lying,Charlotte,small
1785664197.5465841,4305452,0.1323,-0.0034,-1.0054,4.4556,1.2817,-0.1221,lying,Charlotte,small
1785664197.546588,4305502,0.1304,-0.0083,-0.9976,4.6387,1.2817,-0.1221,lying,Charlotte,small
1785664197.5465918,4305552,0.1299,-0.0059,-1.001,4.4556,1.3428,-0.1221,lying,Charlotte,small
1785664197.5465956,4305602,0.1304,-0.0029,-1.0,4.2725,1.1597,-0.2441,lying,Charlotte,small
1785664197.5465994,4305652,0.1304,-0.001,-0.9976,4.5776,1.1597,0.2441,lying,Charlotte,small
1785664197.5466032,4305702,0.1357,-0.0044,-0.9995,4.3945,1.2817,-0.1831,lying,Charlotte,small
1785664198.3678913,4306076,0.1343,-0.0068,-1.0063,4.6997,1.2817,-0.061,lying,Charlotte,small
1785664198.3679018,4306126,0.1294,-0.0029,-1.0024,4.5166,1.1597,-0.1831,lying,Charlotte,small
1785664198.3679078,4306176,0.1309,-0.0054,-1.0015,4.2725,1.2817,0.061,lying,Charlotte,small
1785664198.3679132,4306226,0.1333,-0.0054,-1.0063,4.5166,1.0376,0.061,lying,Charlotte,small
1785664198.367918,4306276,0.1328,-0.0044,-1.0063,4.3335,1.3428,-0.1831,lying,Charlotte,small
1785664198.3679216,4306326,0.1343,-0.0034,-1.0005,4.5166,1.2817,-0.061,lying,Charlotte,small
1785664198.3679256,4306376,0.1323,-0.0063,-1.001,4.2725,1.2817,-0.1221,lying,Charlotte,small
1785664198.367929,4306426,0.1343,-0.0039,-1.0034,4.2725,1.0986,0.0,lying,Charlotte,small
1785664198.3679326,4306476,0.1313,-0.0054,-1.0029,4.4556,1.4038,-0.061,lying,Charlotte,small
1785664198.3679368,4306526,0.1323,-0.0068,-1.001,4.3335,1.2817,-0.061,lying,Charlotte,small
1785664201.0216942,4307609,0.1338,-0.0015,-0.9961,4.5776,1.0986,-0.2441,lying,Charlotte,small
1785664201.0217113,4307659,0.1323,-0.0068,-1.0015,4.4556,1.2817,-0.2441,lying,Charlotte,small
1785664201.0217168,4307709,0.1338,-0.0034,-1.0024,4.3945,1.0986,-0.3662,lying,Charlotte,small
1785664201.0217211,4307759,0.1304,-0.0068,-0.998,4.3945,1.2207,0.1221,lying,Charlotte,small
1785664201.021725,4307809,0.1333,-0.0059,-0.9995,4.5776,1.2207,-0.3662,lying,Charlotte,small
1785664201.0217288,4307859,0.1313,-0.0049,-0.9971,4.6387,1.2207,0.4272,lying,Charlotte,small
1785664201.0217328,4307909,0.1343,-0.0024,-0.9985,4.4556,1.2207,-0.4272,lying,Charlotte,small
1785664201.0217361,4307959,0.1309,-0.0044,-1.0054,4.4556,1.2207,0.0,lying,Charlotte,small
1785664201.02174,4308009,0.1328,-0.0068,-1.0029,4.3335,1.4038,-0.1831,lying,Charlotte,small
1785664201.0217438,4308059,0.1304,-0.002,-1.002,4.3945,1.2207,0.1831,lying,Charlotte,small
1785664202.3564906,4309253,0.1338,-0.0088,-1.0044,4.4556,1.2207,-0.1221,lying,Charlotte,small
1785664202.3565056,4309303,0.1323,-0.0049,-1.0059,4.2725,1.2207,-0.1221,lying,Charlotte,small
1785664202.3565109,4309353,0.1343,-0.002,-1.0034,4.6387,1.0376,-0.061,lying,Charlotte,small
1785664202.3565156,4309403,0.1323,-0.0049,-1.0044,4.6387,1.2817,-0.1221,lying,Charlotte,small
1785664202.3565195,4309453,0.1328,-0.0078,-0.998,4.5166,1.4038,0.0,lying,Charlotte,small
1785664202.3565235,4309503,0.1333,-0.0044,-1.0029,4.3945,1.1597,-0.061,lying,Charlotte,small
1785664202.3565278,4309553,0.1353,-0.0054,-0.9941,4.6387,1.2817,0.0,lying,Charlotte,small
1785664202.3565316,4309603,0.1299,-0.0059,-1.0024,4.3335,1.2207,0.1831,lying,Charlotte,small
1785664202.3565352,4309653,0.1279,-0.0034,-1.0,4.3335,1.1597,-0.2441,lying,Charlotte,small
1785664202.3565392,4309703,0.1338,-0.0088,-0.999,4.3335,1.4038,0.0,lying,Charlotte,small
1785664202.8898695,4310586,0.1338,-0.001,-1.0044,4.4556,1.2817,-0.1221,lying,Charlotte,small
1785664202.8898792,4310636,0.1362,-0.0015,-1.001,4.4556,1.0376,0.0,lying,Charlotte,small
1785664202.8898845,4310686,0.1318,-0.0063,-0.9946,4.3335,1.2817,0.1831,lying,Charlotte,small
1785664202.889889,4310736,0.1318,-0.0073,-1.0024,4.3945,1.4038,-0.061,lying,Charlotte,small
1785664202.889893,4310786,0.1357,-0.002,-0.999,4.3945,1.3428,-0.1221,lying,Charlotte,small
1785664202.889897,4310836,0.1318,-0.0029,-1.002,4.5776,1.1597,-0.2441,lying,Charlotte,small
1785664202.8899012,4310886,0.1333,-0.0029,-1.0024,4.3335,1.2207,0.0,lying,Charlotte,small
1785664202.8899045,4310936,0.1353,-0.0132,-1.0,4.6997,1.3428,-0.1221,lying,Charlotte,small
1785664202.8899083,4310986,0.1343,-0.0063,-1.0039,4.2114,1.0986,-0.1221,lying,Charlotte,small
1785664202.889912,4311036,0.1333,-0.0098,-1.0078,4.5166,1.2817,-0.061,lying,Charlotte,small
1785664204.2237852,4311910,0.1343,0.0005,-1.0083,4.4556,1.0376,0.061,lying,Charlotte,small
1785664204.2237978,4311960,0.1333,-0.0005,-1.0015,4.2725,1.2207,-0.1221,lying,Charlotte,small
1785664204.223803,4312010,0.1294,-0.0049,-1.0,4.5166,1.2207,-0.1831,lying,Charlotte,small
1785664204.2238076,4312060,0.1274,-0.0039,-1.0098,4.3335,1.2207,-0.1831,lying,Charlotte,small
1785664204.2238116,4312110,0.1333,-0.0044,-0.9985,4.3945,1.1597,-0.061,lying,Charlotte,small
1785664204.2238154,4312160,0.1323,-0.0039,-1.0044,4.4556,1.2817,-0.1221,lying,Charlotte,small
1785664204.2238197,4312210,0.1353,-0.0054,-1.0005,4.5166,1.1597,-0.061,lying,Charlotte,small
1785664204.2238233,4312260,0.1323,-0.0029,-1.0024,4.3945,1.0986,-0.3052,lying,Charlotte,small
1785664204.2238271,4312310,0.1348,-0.0063,-0.999,4.5166,1.3428,-0.1831,lying,Charlotte,small
1785664204.2238307,4312360,0.1309,-0.0088,-1.0,4.5776,1.3428,-0.3662,lying,Charlotte,small
1785664205.3922422,4312933,0.1353,-0.0068,-0.998,4.3945,1.2207,-0.061,lying,Charlotte,small
1785664205.3922496,4312983,0.1323,-0.0068,-0.9995,4.7607,1.3428,-0.061,lying,Charlotte,small
1785664205.3922534,4313033,0.1313,-0.0054,-1.0039,4.3945,1.1597,0.1221,lying,Charlotte,small
1785664205.392257,4313083,0.1313,-0.0054,-0.9985,4.5166,1.3428,0.0,lying,Charlotte,small
1785664205.39226,4313133,0.1304,-0.0039,-1.0049,4.5776,1.2207,-0.1831,lying,Charlotte,small
1785664205.3922632,4313183,0.1343,-0.0044,-1.0005,4.5166,1.4038,-0.2441,lying,Charlotte,small
1785664205.3922665,4313233,0.1328,-0.0054,-0.999,4.4556,1.2817,0.2441,lying,Charlotte,small
1785664205.3922696,4313283,0.1323,-0.0068,-0.9995,4.5166,1.2207,0.061,lying,Charlotte,small
1785664205.3922727,4313333,0.1343,-0.0039,-1.0015,4.5166,1.1597,-0.1221,lying,Charlotte,small
1785664205.3922758,4313383,0.1328,0.0,-0.9961,4.3335,1.2817,-0.1831,lying,Charlotte,small
1785664210.5930285,4316515,0.1338,-0.0049,-0.9946,4.5166,1.2207,-0.2441,lying,Charlotte,small
1785664210.5930426,4316565,0.1328,-0.0068,-1.0054,4.3335,1.1597,-0.1831,lying,Charlotte,small
1785664210.593048,4316615,0.1323,-0.0024,-1.0039,4.5776,1.1597,-0.3052,lying,Charlotte,small
1785664210.5930526,4316665,0.1328,-0.0078,-1.0044,4.5166,1.1597,0.0,lying,Charlotte,small
1785664210.5930564,4316715,0.1343,-0.0122,-1.0015,4.5776,1.2207,-0.1221,lying,Charlotte,small
1785664210.5930605,4316765,0.1323,0.0015,-1.0005,4.3945,1.1597,-0.061,lying,Charlotte,small
1785664210.5930648,4316815,0.1343,0.0039,-0.9971,4.3335,1.2817,-0.3662,lying,Charlotte,small
1785664210.5930688,4316865,0.1328,-0.0049,-1.002,4.5166,1.0376,-0.061,lying,Charlotte,small
1785664210.5930727,4316915,0.1323,-0.002,-1.0034,4.4556,1.0986,-0.061,lying,Charlotte,small
1785664210.5930765,4316965,0.1343,-0.0063,-1.0005,4.2725,1.0986,-0.061,lying,Charlotte,small
1785664211.3871717,4318818,0.1328,-0.0059,-0.999,4.5776,1.2817,-0.2441,lying,Charlotte,small
1785664211.3871796,4318868,0.1328,-0.0063,-1.0015,4.3945,1.1597,-0.061,lying,Charlotte,small
1785664211.3871837,4318918,0.1333,-0.0059,-1.001,4.4556,1.0376,-0.3052,lying,Charlotte,small
1785664211.3871872,4318968,0.1343,-0.0024,-0.9971,4.4556,1.2207,0.061,lying,Charlotte,small
1785664211.3871903,4319018,0.1304,-0.0039,-1.0005,4.2725,1.1597,-0.2441,lying,Charlotte,small
1785664211.3871934,4319068,0.1338,-0.0044,-1.0,4.5166,1.0986,-0.061,lying,Charlotte,small
1785664211.3871963,4319118,0.1333,-0.0054,-1.0068,4.3335,1.0986,0.061,lying,Charlotte,small
1785664211.3871996,4319168,0.1309,-0.0068,-1.0078,4.4556,1.2817,0.0,lying,Charlotte,small
1785664211.3872027,4319218,0.1309,-0.001,-0.9976,4.3945,0.9155,-0.061,lying,Charlotte,small
1785664211.387206,4319268,0.1313,-0.001,-1.0029,4.0894,1.4038,0.061,lying,Charlotte,small
1785664216.1735346,4320939,0.1343,-0.0054,-1.0024,4.6387,1.1597,-0.3052,lying,Charlotte,small
1785664216.17355,4320989,0.1328,-0.0034,-1.0078,4.5166,1.0986,-0.1831,lying,Charlotte,small
1785664216.173555,4321039,0.1313,-0.0029,-1.0044,4.2725,1.4038,-0.061,lying,Charlotte,small
1785664216.1735597,4321089,0.1294,-0.002,-1.0044,4.2725,1.2817,-0.1831,lying,Charlotte,small
1785664216.1735635,4321139,0.1313,-0.0068,-0.9985,4.5166,1.2207,-0.061,lying,Charlotte,small
1785664216.173567,4321189,0.1357,-0.0063,-0.999,4.3945,1.1597,-0.061,lying,Charlotte,small
1785664216.1735713,4321239,0.1304,-0.0044,-1.0024,4.4556,1.4648,-0.1831,lying,Charlotte,small
1785664216.1735752,4321289,0.1323,-0.0039,-0.9985,4.5776,1.1597,-0.1831,lying,Charlotte,small
1785664216.1735787,4321339,0.1313,-0.0068,-1.002,4.3945,1.0986,0.061,lying,Charlotte,small
1785664216.1735826,4321389,0.1338,-0.0024,-1.0059,4.3335,1.1597,-0.061,lying,Charlotte,small
1785664216.7053416,4324407,0.1353,-0.0073,-1.001,4.6997,1.2817,-0.2441,lying,Charlotte,small
1785664216.7053516,4324457,0.1343,-0.0049,-0.9976,4.3945,1.3428,-0.061,lying,Charlotte,small
1785664216.705357,4324507,0.1294,0.0,-1.0083,4.5166,0.9155,-0.1831,lying,Charlotte,small
1785664216.7053616,4324557,0.1338,-0.0093,-1.0059,4.4556,1.0376,-0.1221,lying,Charlotte,small
1785664216.7053657,4324607,0.1338,-0.0059,-1.0029,4.3945,1.2817,0.0,lying,Charlotte,small
1785664216.705369,4324657,0.1313,-0.0039,-0.9995,4.3945,1.3428,0.0,lying,Charlotte,small
1785664216.7053728,4324707,0.1318,-0.0054,-0.9995,4.5166,1.0376,-0.4883,lying,Charlotte,small
1785664216.7053769,4324757,0.1284,-0.001,-1.001,4.4556,1.0986,-0.061,lying,Charlotte,small
1785664216.705381,4324807,0.1289,-0.0029,-0.9976,4.3335,1.2207,-0.1831,lying,Charlotte,small
1785664216.7053847,4324857,0.1333,-0.0054,-0.999,4.3335,1.4038,0.0,lying,Charlotte,small
1785664217.397672,4324984,0.1401,-0.0078,-1.0024,4.3335,1.2207,-0.1221,lying,Charlotte,small
1785664217.397679,4325034,0.1309,-0.0054,-1.0049,4.5166,1.2817,0.2441,lying,Charlotte,small
1785664217.3976831,4325084,0.1343,-0.0073,-1.002,4.5776,1.0986,-0.1221,lying,Charlotte,small
1785664217.3976865,4325134,0.1309,-0.0015,-1.0034,4.5166,1.0986,-0.1221,lying,Charlotte,small
1785664217.39769,4325184,0.1323,-0.0034,-0.9985,4.5166,1.1597,-0.1221,lying,Charlotte,small
1785664217.3976932,4325234,0.1353,-0.0044,-1.0,4.3945,1.0376,-0.1831,lying,Charlotte,small
1785664217.3976965,4325284,0.127,-0.0034,-1.0005,4.5166,1.2817,0.0,lying,Charlotte,small
1785664217.3976996,4325334,0.1343,-0.001,-0.999,4.4556,1.1597,-0.1221,lying,Charlotte,small
1785664217.397703,4325384,0.1333,-0.0039,-1.0063,4.1504,1.1597,-0.1221,lying,Charlotte,small
1785664217.397706,4325434,0.1323,-0.0078,-1.0015,4.3945,1.0986,-0.4272,lying,Charlotte,small
1785664218.1016722,4325727,0.1328,-0.002,-1.002,4.2725,1.3428,-0.1831,lying,Charlotte,small
1785664218.1016827,4325777,0.1328,-0.0029,-1.0049,4.4556,1.0986,0.061,lying,Charlotte,small
1785664218.1016881,4325827,0.1318,-0.0054,-1.0005,4.6997,1.1597,0.0,lying,Charlotte,small
1785664218.1016924,4325877,0.1362,-0.0039,-0.999,4.4556,1.2207,-0.061,lying,Charlotte,small
1785664218.1016965,4325927,0.1289,-0.0059,-1.0054,4.2725,1.2817,-0.061,lying,Charlotte,small
1785664218.1017003,4325977,0.1318,-0.0034,-1.0005,4.2725,1.4038,0.1221,lying,Charlotte,small
1785664218.1017041,4326027,0.1323,-0.0083,-1.0,4.3945,1.0986,-0.061,lying,Charlotte,small
1785664218.1017077,4326077,0.1343,-0.0049,-1.0015,4.6387,1.4038,-0.061,lying,Charlotte,small
1785664218.1017113,4326127,0.1294,-0.0054,-0.9976,4.3335,1.1597,-0.061,lying,Charlotte,small
1785664218.101715,4326177,0.1294,-0.0029,-0.9995,4.5776,1.0376,-0.1221,lying,Charlotte,small
1785664221.7002094,4326775,0.1348,-0.0054,-0.999,4.3945,1.1597,-0.3662,lying,Charlotte,small
1785664221.7002244,4326825,0.1343,-0.0063,-1.0,4.5166,1.1597,-0.1221,lying,Charlotte,small
1785664221.7002296,4326875,0.1289,-0.0029,-0.9985,4.2725,1.2207,-0.1221,lying,Charlotte,small
1785664221.7002342,4326925,0.1323,-0.0083,-1.0063,4.4556,1.2817,-0.2441,lying,Charlotte,small
1785664221.700238,4326975,0.1294,-0.0063,-1.002,4.3945,1.2207,0.061,lying,Charlotte,small
1785664221.7002418,4327025,0.1328,-0.0049,-1.0073,4.5776,1.1597,-0.1831,lying,Charlotte,small
1785664221.7002463,4327075,0.1367,-0.0015,-1.0034,4.4556,1.2207,-0.061,lying,Charlotte,small
1785664221.7002501,4327125,0.1313,-0.0029,-1.0024,4.2114,1.2817,0.0,lying,Charlotte,small
1785664221.7002544,4327175,0.1304,-0.0054,-1.0024,4.5776,1.4038,-0.061,lying,Charlotte,small
1785664221.7002583,4327225,0.1318,-0.0034,-1.0068,4.5776,1.2207,0.0,lying,Charlotte,small
1785664222.522956,4329929,0.1348,-0.0088,-1.0054,4.3945,1.3428,-0.2441,lying,Charlotte,small
1785664222.522966,4329979,0.1299,-0.0015,-1.0015,4.3945,1.0376,0.061,lying,Charlotte,small
1785664222.5229704,4330029,0.1318,-0.0073,-0.9976,4.3335,1.3428,-0.4883,lying,Charlotte,small
1785664222.5229743,4330079,0.1318,-0.0063,-1.0,4.4556,1.1597,-0.3052,lying,Charlotte,small
1785664222.5229774,4330129,0.1353,-0.0059,-0.9985,4.2725,1.0986,-0.2441,lying,Charlotte,small
1785664222.5229805,4330179,0.1353,-0.0015,-1.002,4.3945,1.0376,-0.3052,lying,Charlotte,small
1785664222.5229838,4330229,0.1348,-0.0049,-0.9995,4.2725,1.4038,0.1831,lying,Charlotte,small
1785664222.5229864,4330279,0.1343,-0.0083,-1.001,4.5166,1.0986,-0.3662,lying,Charlotte,small
1785664222.5229895,4330329,0.1338,-0.0054,-1.0005,4.3335,1.1597,0.1221,lying,Charlotte,small
1785664222.5229926,4330379,0.1313,-0.0073,-0.9976,4.5166,1.1597,-0.4883,lying,Charlotte,small
1785664223.8599014,4330753,0.1362,-0.0068,-1.0024,4.3335,1.0376,-0.1221,lying,Charlotte,small
1785664223.8599138,4330803,0.1313,-0.0059,-0.999,4.3945,1.1597,-0.1221,lying,Charlotte,small
1785664223.8599188,4330853,0.1343,-0.0078,-1.0029,4.2725,1.0986,-0.1831,lying,Charlotte,small
1785664223.8599231,4330903,0.1353,-0.0063,-1.0005,4.3945,1.1597,-0.1221,lying,Charlotte,small
1785664223.8599267,4330953,0.1309,-0.0034,-0.9961,4.6997,1.0376,-0.4883,lying,Charlotte,small
1785664223.8599305,4331003,0.1333,-0.0063,-1.0098,4.4556,1.2207,-0.061,lying,Charlotte,small
1785664223.8599348,4331053,0.1362,-0.0049,-0.9946,4.5776,1.3428,-0.3052,lying,Charlotte,small
1785664223.8599386,4331103,0.1313,-0.0029,-1.0005,4.5166,1.0986,0.061,lying,Charlotte,small
1785664223.8599424,4331153,0.1328,-0.0039,-1.0088,4.6997,1.4038,-0.1831,lying,Charlotte,small
1785664223.8599463,4331203,0.1338,-0.0029,-1.0,4.6387,1.2817,-0.061,lying,Charlotte,small
1785664224.3695807,4332085,0.1343,-0.0015,-1.0,4.3945,1.1597,0.061,lying,Charlotte,small
1785664224.3695936,4332135,0.1348,-0.002,-1.0029,4.2725,1.2207,-0.3662,lying,Charlotte,small
1785664224.3696,4332185,0.1362,-0.0083,-1.0044,4.6387,1.1597,0.0,lying,Charlotte,small
1785664224.3696046,4332235,0.1343,-0.0039,-0.9966,4.5776,1.3428,-0.3052,lying,Charlotte,small
1785664224.3696086,4332285,0.1333,-0.0049,-1.0103,4.5776,1.2817,-0.1221,lying,Charlotte,small
1785664224.3696125,4332335,0.1284,-0.001,-1.0078,4.3335,1.2817,-0.061,lying,Charlotte,small
1785664224.3696167,4332385,0.1309,-0.0093,-1.0015,4.4556,1.0986,-0.061,lying,Charlotte,small
1785664224.3696206,4332435,0.1309,-0.0044,-1.0034,4.5776,1.0986,-0.2441,lying,Charlotte,small
1785664224.3696241,4332485,0.1353,0.0005,-1.0,4.5166,1.3428,0.0,lying,Charlotte,small
1785664224.3696277,4332535,0.1318,-0.0044,-1.0039,4.3335,1.3428,-0.2441,lying,Charlotte,small
1785664227.034503,4332597,0.1338,0.0005,-1.0034,4.3945,1.2207,-0.061,lying,Charlotte,small
1785664227.034517,4332647,0.1309,-0.0005,-1.0044,4.3945,1.2207,-0.061,lying,Charlotte,small
1785664227.0345232,4332697,0.1323,-0.0039,-1.0,4.3945,1.4038,-0.1831,lying,Charlotte,small
1785664227.034529,4332747,0.1362,-0.0093,-0.9932,4.5166,1.1597,-0.061,lying,Charlotte,small
1785664227.0345352,4332797,0.1304,-0.0024,-1.0024,4.2725,1.0986,-0.1221,lying,Charlotte,small
1785664227.0345407,4332847,0.1333,-0.0063,-0.9995,4.3945,1.2817,-0.3052,lying,Charlotte,small
1785664227.0345464,4332897,0.1323,-0.0054,-1.0029,4.2725,1.2207,0.1831,lying,Charlotte,small
1785664227.0345516,4332947,0.1328,-0.0098,-1.0005,4.3945,1.2207,-0.3662,lying,Charlotte,small
1785664227.0345566,4332997,0.1299,-0.0044,-1.0005,4.6387,1.1597,-0.061,lying,Charlotte,small
1785664227.0345614,4333047,0.1338,-0.0068,-0.9995,4.4556,1.2207,-0.1221,lying,Charlotte,small
1785664227.567936,4335260,0.1367,-0.0161,-1.0078,4.4556,1.4038,-0.1831,lying,Charlotte,small
1785664227.5679455,4335310,0.1284,0.0127,-0.999,4.3945,0.7324,0.061,lying,Charlotte,small
1785664227.5679502,4335360,0.1338,-0.0103,-1.0117,4.5166,1.6479,-0.1221,lying,Charlotte,small
1785664227.5679553,4335410,0.1289,-0.002,-0.998,4.3945,1.1597,-0.061,lying,Charlotte,small
1785664227.567959,4335460,0.1318,-0.0083,-1.0093,4.3945,1.1597,0.061,lying,Charlotte,small
1785664227.567963,4335510,0.1353,-0.0093,-1.0039,4.2725,1.3428,-0.3662,lying,Charlotte,small
1785664227.5679667,4335560,0.1289,-0.0059,-1.0015,4.4556,1.2817,0.0,lying,Charlotte,small
1785664227.5679703,4335610,0.1279,0.0044,-1.0122,4.2114,1.1597,-0.3052,lying,Charlotte,small
1785664227.5679743,4335660,0.1382,-0.0142,-0.999,4.5776,1.3428,-0.1831,lying,Charlotte,small
1785664227.567978,4335710,0.1328,-0.0005,-1.0029,4.3945,1.1597,-0.1831,lying,Charlotte,small
1785664228.391323,4335833,0.1323,-0.0068,-1.0,4.6997,1.2207,0.0,lying,Charlotte,small
1785664228.3913302,4335883,0.1304,-0.001,-0.998,4.6387,1.0986,-0.4272,lying,Charlotte,small
1785664228.3913343,4335933,0.1294,-0.0034,-1.0005,4.4556,1.0376,-0.1221,lying,Charlotte,small
1785664228.3913379,4335983,0.1328,-0.0029,-1.0024,4.3945,1.0376,-0.1831,lying,Charlotte,small
1785664228.391341,4336033,0.1348,-0.0029,-1.0034,4.3335,1.2817,-0.061,lying,Charlotte,small
1785664228.391344,4336083,0.1328,-0.0078,-1.0063,4.0894,0.9766,-0.1221,lying,Charlotte,small
1785664228.3913472,4336133,0.125,0.0112,-1.002,4.4556,1.5259,-0.1221,lying,Charlotte,small
1785664228.3913505,4336183,0.1284,0.0176,-0.9912,4.3335,1.0376,-0.061,lying,Charlotte,small
1785664228.3913536,4336233,0.1343,-0.0034,-0.9995,4.4556,1.3428,-0.061,lying,Charlotte,small
1785664228.3913567,4336283,0.1353,-0.0049,-1.0068,4.6387,1.3428,-0.1221,lying,Charlotte,small
1785664229.4965618,4337210,0.1333,-0.0063,-1.0059,4.3335,1.4038,-0.3662,lying,Charlotte,small
1785664229.496572,4337260,0.1333,0.001,-1.0,4.5166,1.1597,0.0,lying,Charlotte,small
1785664229.496577,4337310,0.1323,-0.0063,-1.001,4.3945,1.2207,0.0,lying,Charlotte,small
1785664229.4965813,4337360,0.1382,-0.0073,-0.9985,4.4556,1.3428,-0.061,lying,Charlotte,small
1785664229.4965854,4337410,0.1328,-0.0054,-1.0005,4.2725,1.3428,-0.1221,lying,Charlotte,small
1785664229.4965894,4337460,0.1328,-0.001,-1.0015,4.5166,1.2207,-0.061,lying,Charlotte,small
1785664229.4965932,4337510,0.1343,-0.0049,-1.0112,4.2725,1.0986,0.1221,lying,Charlotte,small
1785664229.496598,4337560,0.1294,-0.0063,-0.998,4.3945,1.4038,-0.061,lying,Charlotte,small
1785664229.4966016,4337610,0.1304,-0.0039,-1.0024,4.4556,1.0986,0.1221,lying,Charlotte,small
1785664229.4966052,4337660,0.1309,-0.0034,-0.9941,4.3945,0.9766,-0.2441,lying,Charlotte,small
1785664230.3912425,4337723,0.1377,-0.0068,-1.0005,4.2725,1.0986,-0.2441,lying,Charlotte,small
1785664230.39125,4337773,0.1333,-0.0034,-0.9966,4.3335,1.0986,-0.3052,lying,Charlotte,small
1785664230.3912537,4337823,0.1323,-0.0049,-1.001,4.2725,1.2207,0.1831,lying,Charlotte,small
1785664230.391257,4337873,0.1338,-0.0024,-1.0039,4.5166,1.0986,-0.1221,lying,Charlotte,small
1785664230.3912773,4337923,0.1338,-0.0039,-0.999,4.4556,1.2817,0.1221,lying,Charlotte,small
1785664230.3912807,4337973,0.1313,-0.0063,-0.998,4.3945,1.0986,0.0,lying,Charlotte,small
1785664230.3912838,4338023,0.1348,-0.0049,-0.9985,4.3335,1.1597,0.061,lying,Charlotte,small
1785664230.391287,4338073,0.1318,-0.0029,-0.9976,4.3945,1.0376,-0.061,lying,Charlotte,small
1785664230.3912902,4338123,0.1348,-0.0044,-0.9995,4.4556,1.1597,-0.1221,lying,Charlotte,small
1785664230.3912933,4338173,0.1333,-0.0029,-0.9995,4.5776,1.1597,-0.2441,lying,Charlotte,small
1785664232.7661848,4338615,0.1318,-0.0073,-0.999,4.3945,1.4648,0.061,lying,Charlotte,small
1785664232.7662024,4338665,0.1289,-0.0054,-1.0005,4.5776,1.2207,0.1221,lying,Charlotte,small
1785664232.7662075,4338715,0.1338,-0.0044,-0.9946,4.3945,1.2207,-0.3052,lying,Charlotte,small
1785664232.7662117,4338765,0.1309,-0.0054,-0.9985,4.4556,1.0986,0.0,lying,Charlotte,small
1785664232.766216,4338815,0.1343,-0.0039,-1.0029,4.3945,1.2207,0.0,lying,Charlotte,small
1785664232.7662199,4338865,0.1309,-0.0073,-1.0029,4.3945,1.2207,-0.2441,lying,Charlotte,small
1785664232.7662237,4338915,0.1338,-0.0068,-0.9976,4.6387,1.2817,0.0,lying,Charlotte,small
1785664232.7662272,4338965,0.1353,-0.0078,-0.9976,4.2114,1.0376,0.061,lying,Charlotte,small
1785664232.7662308,4339015,0.1318,-0.0015,-1.0005,4.4556,1.2207,0.061,lying,Charlotte,small
1785664232.7662349,4339065,0.1304,-0.0024,-1.0029,4.4556,1.2207,-0.2441,lying,Charlotte,small
1785664233.2873235,4340997,0.1357,-0.0049,-1.0049,4.5776,1.2817,-0.1221,lying,Charlotte,small
1785664233.2873337,4341047,0.1289,-0.001,-1.0005,4.5166,1.4038,-0.3052,lying,Charlotte,small
1785664233.2873392,4341097,0.1323,-0.0049,-0.9995,4.3945,1.2817,-0.3052,lying,Charlotte,small
1785664233.287344,4341147,0.1338,-0.0068,-0.9985,4.2725,1.0986,-0.1831,lying,Charlotte,small
1785664233.2873483,4341197,0.1323,-0.0029,-1.0015,4.6997,1.0986,-0.061,lying,Charlotte,small
1785664233.287352,4341247,0.1338,-0.0063,-1.001,4.4556,1.2207,-0.1221,lying,Charlotte,small
1785664233.2873561,4341297,0.1343,-0.0039,-0.9971,4.4556,0.9766,-0.1221,lying,Charlotte,small
1785664233.28736,4341347,0.1333,-0.0078,-1.0049,4.5776,1.2817,-0.061,lying,Charlotte,small
1785664233.2873635,4341397,0.1309,-0.0068,-1.0068,4.4556,1.2207,0.0,lying,Charlotte,small
1785664233.2873673,4341447,0.1323,-0.0078,-0.999,4.4556,1.3428,-0.1831,lying,Charlotte,small
1785664237.6834886,4341518,0.1328,-0.0068,-0.9971,4.4556,1.1597,-0.061,lying,Charlotte,small
1785664237.6835005,4341568,0.1299,-0.0078,-1.0059,4.3945,1.2207,-0.061,lying,Charlotte,small
1785664237.683506,4341618,0.1304,-0.0073,-0.999,4.6997,1.0986,-0.3052,lying,Charlotte,small
1785664237.6835105,4341668,0.1348,-0.0015,-1.0054,4.5166,1.2207,0.0,lying,Charlotte,small
1785664237.683515,4341718,0.1313,-0.0034,-1.0029,4.3335,1.1597,-0.061,lying,Charlotte,small
1785664237.683519,4341768,0.1338,-0.0059,-1.0,4.5776,1.0986,-0.1831,lying,Charlotte,small
1785664237.6835232,4341818,0.1328,-0.0024,-1.0015,4.5776,1.2817,0.1221,lying,Charlotte,small
1785664237.6835272,4341868,0.1309,-0.0088,-1.0063,4.3335,1.2817,-0.1831,lying,Charlotte,small
1785664237.683531,4341918,0.1353,-0.0073,-1.0039,4.3945,1.0376,-0.1221,lying,Charlotte,small
1785664237.6835346,4341968,0.1323,0.0005,-1.0068,4.5166,1.0986,-0.1221,lying,Charlotte,small
1785664238.1982117,4345906,0.1338,-0.0063,-1.002,4.2725,1.2207,-0.2441,lying,Charlotte,small
1785664238.198226,4345956,0.1338,-0.0039,-0.9985,4.4556,1.1597,-0.2441,lying,Charlotte,small
1785664238.1982322,4346006,0.1328,-0.0029,-1.0068,4.5166,1.4038,0.061,lying,Charlotte,small
1785664238.198238,4346056,0.1348,-0.001,-1.0024,4.5166,1.4038,-0.061,lying,Charlotte,small
1785664238.1982434,4346106,0.1338,-0.0049,-1.0015,4.6387,1.3428,0.061,lying,Charlotte,small
1785664238.1982481,4346156,0.1357,-0.0059,-1.0049,4.1504,1.0986,-0.2441,lying,Charlotte,small
1785664238.1982539,4346206,0.1333,-0.0039,-0.998,4.1504,1.1597,-0.3052,lying,Charlotte,small
1785664238.1982589,4346256,0.1328,-0.0054,-1.0015,4.3945,1.2207,-0.1831,lying,Charlotte,small
1785664238.198264,4346306,0.1309,-0.0044,-1.0034,4.3945,1.3428,0.1221,lying,Charlotte,small
1785664238.198269,4346356,0.1348,-0.0098,-0.999,4.3945,1.2817,-0.4883,lying,Charlotte,small
1785664241.2251546,4346428,0.1338,-0.0049,-1.0073,4.5166,1.2817,-0.1221,lying,Charlotte,small
1785664241.225167,4346478,0.1343,-0.0073,-1.001,4.3945,1.0376,-0.1831,lying,Charlotte,small
1785664241.2251725,4346528,0.1299,-0.0049,-1.0034,4.5776,1.2817,-0.1831,lying,Charlotte,small
1785664241.2251768,4346578,0.1343,-0.0063,-1.0034,4.3945,1.2207,-0.061,lying,Charlotte,small
1785664241.2251809,4346628,0.1338,-0.0088,-1.0024,4.5776,1.3428,0.061,lying,Charlotte,small
1785664241.225185,4346678,0.1313,-0.0049,-1.0068,4.5776,0.9766,-0.2441,lying,Charlotte,small
1785664241.2251892,4346728,0.1353,-0.0039,-1.0005,4.5166,0.6714,0.1831,lying,Charlotte,small
1785664241.2251928,4346778,0.1338,-0.0059,-0.9976,4.2725,1.2817,-0.2441,lying,Charlotte,small
1785664241.2251966,4346828,0.1309,-0.0049,-1.0,4.4556,1.2207,-0.1221,lying,Charlotte,small
1785664241.2252002,4346878,0.1309,-0.0054,-1.002,4.4556,1.4038,-0.2441,lying,Charlotte,small
1785664244.6858497,4349460,0.1309,-0.0049,-1.0,4.3335,1.2207,-0.061,lying,Charlotte,small
1785664244.6858616,4349510,0.1318,-0.002,-1.0039,4.4556,1.2817,-0.3052,lying,Charlotte,small
1785664244.685867,4349560,0.1323,-0.0029,-1.0005,4.3945,1.3428,-0.061,lying,Charlotte,small
1785664244.6858716,4349610,0.1333,-0.0029,-0.998,4.4556,1.0376,-0.1221,lying,Charlotte,small
1785664244.6858754,4349660,0.1343,-0.0039,-1.0034,4.5776,1.1597,-0.061,lying,Charlotte,small
1785664244.685879,4349710,0.1372,-0.0039,-1.0049,4.5776,1.2207,-0.1221,lying,Charlotte,small
1785664244.6858828,4349760,0.1318,-0.0059,-0.999,4.4556,1.2207,-0.2441,lying,Charlotte,small
1785664244.6858866,4349810,0.1323,-0.0029,-0.9985,4.5166,1.1597,0.1221,lying,Charlotte,small
1785664244.6858902,4349860,0.1328,-0.0044,-0.998,4.5776,1.2207,-0.1831,lying,Charlotte,small
1785664244.6858938,4349910,0.1348,-0.0063,-1.0049,4.3945,1.1597,0.1831,lying,Charlotte,small
1785664245.211171,4352916,0.1343,-0.0059,-1.0005,4.3945,1.3428,-0.3052,lying,Charlotte,small
1785664245.2111824,4352966,0.1328,-0.0049,-0.9995,4.5776,1.4038,-0.061,lying,Charlotte,small
1785664245.2111876,4353016,0.1353,-0.0059,-0.9995,4.4556,1.1597,-0.4272,lying,Charlotte,small
1785664245.2111921,4353066,0.1318,-0.0029,-0.9951,4.4556,1.0986,-0.1221,lying,Charlotte,small
1785664245.211196,4353116,0.1333,-0.0054,-1.0034,4.3945,1.1597,-0.1831,lying,Charlotte,small
1785664245.2111998,4353166,0.1333,-0.0029,-0.9985,4.5166,1.4038,-0.061,lying,Charlotte,small
1785664245.2112036,4353216,0.1313,-0.0039,-1.0078,4.5166,1.1597,0.061,lying,Charlotte,small
1785664245.2112076,4353266,0.1328,-0.0015,-0.9995,4.5776,1.0986,-0.1831,lying,Charlotte,small
1785664245.2112117,4353316,0.1318,0.001,-1.0015,4.4556,1.0986,0.1221,lying,Charlotte,small
1785664245.211216,4353366,0.1348,-0.0054,-1.0049,4.3335,1.1597,-0.3662,lying,Charlotte,small
1785664245.7772853,4353437,0.1338,-0.0049,-0.999,4.3335,1.2817,-0.3052,lying,Charlotte,small
1785664245.7772946,4353487,0.1333,-0.0073,-1.0098,4.5166,1.1597,-0.061,lying,Charlotte,small
1785664245.7772985,4353537,0.1299,-0.0039,-1.001,4.5776,1.4038,0.0,lying,Charlotte,small
1785664245.777302,4353587,0.1328,-0.0054,-1.0005,4.3335,1.0986,-0.3052,lying,Charlotte,small
1785664245.7773054,4353637,0.1343,-0.002,-1.0098,4.4556,1.0986,0.0,lying,Charlotte,small
1785664245.7773085,4353687,0.1299,-0.0039,-0.9985,4.5776,0.9766,-0.1221,lying,Charlotte,small
1785664245.7773118,4353737,0.1323,-0.0073,-0.998,4.5166,1.0376,-0.3052,lying,Charlotte,small
1785664245.7773151,4353787,0.1318,-0.002,-1.0034,4.5776,1.1597,-0.3662,lying,Charlotte,small
1785664245.777318,4353837,0.1348,-0.0029,-0.9937,4.5776,1.3428,0.061,lying,Charlotte,small
1785664245.7773209,4353887,0.1348,-0.0039,-1.0039,4.5166,0.9766,-0.3662,lying,Charlotte,small
1785664246.2996116,4354007,0.1318,-0.0029,-0.9985,4.5166,1.0986,-0.1221,lying,Charlotte,small
1785664246.299621,4354057,0.1328,-0.0005,-1.001,4.5166,1.2817,-0.061,lying,Charlotte,small
1785664246.2996264,4354107,0.1318,-0.0034,-1.0005,4.5776,1.3428,-0.3052,lying,Charlotte,small
1785664246.299631,4354157,0.1299,-0.0044,-1.0049,4.5776,1.0376,-0.2441,lying,Charlotte,small
1785664246.299635,4354207,0.1328,-0.0029,-1.0054,4.3335,1.2207,-0.1831,lying,Charlotte,small
1785664246.2996387,4354257,0.1323,-0.0034,-1.0024,4.5776,0.9155,0.0,lying,Charlotte,small
1785664246.2996426,4354307,0.1318,-0.0063,-1.0083,4.2725,1.3428,-0.1831,lying,Charlotte,small
1785664246.2996464,4354357,0.1328,-0.0078,-0.9956,4.3335,1.1597,-0.1831,lying,Charlotte,small
1785664246.2996502,4354407,0.1367,-0.0083,-1.0034,4.5776,1.3428,-0.1831,lying,Charlotte,small
1785664246.299654,4354457,0.1328,-0.0044,-0.998,4.5166,1.2207,-0.2441,lying,Charlotte,small
1785664246.825674,4354530,0.1309,-0.0024,-0.9961,4.4556,0.9766,-0.1831,lying,Charlotte,small
1785664246.8256843,4354580,0.1313,-0.0083,-0.998,4.3945,1.3428,0.1831,lying,Charlotte,small
1785664246.8256893,4354630,0.1367,-0.0024,-0.9932,4.3945,0.9766,-0.2441,lying,Charlotte,small
1785664246.8256938,4354680,0.1318,-0.0039,-1.0029,4.3335,1.1597,-0.061,lying,Charlotte,small
1785664246.8256981,4354730,0.1338,-0.0078,-1.0044,4.5166,1.1597,0.0,lying,Charlotte,small
1785664246.825702,4354780,0.1328,-0.0059,-1.0044,4.5166,1.3428,0.1221,lying,Charlotte,small
1785664246.8257058,4354830,0.1328,-0.0015,-1.0073,4.5776,1.2817,0.0,lying,Charlotte,small
1785664246.8257098,4354880,0.1318,-0.0029,-1.0059,4.5776,1.5259,-0.2441,lying,Charlotte,small
1785664246.8257139,4354930,0.1333,-0.0054,-1.0034,4.4556,1.4038,-0.061,lying,Charlotte,small
1785664246.8257177,4354980,0.1328,-0.0054,-1.002,4.4556,1.0376,-0.4272,lying,Charlotte,small
1785664247.4578724,4355054,0.1304,-0.0059,-0.9961,4.3945,1.0986,0.1831,lying,Charlotte,small
1785664247.4578838,4355104,0.1328,-0.0034,-1.0054,4.5776,1.0376,0.061,lying,Charlotte,small
1785664247.4578893,4355154,0.1333,-0.0029,-1.0015,4.5166,1.3428,-0.061,lying,Charlotte,small
1785664247.4578938,4355204,0.1313,-0.0063,-0.9966,4.5166,1.2817,-0.1221,lying,Charlotte,small
1785664247.4578977,4355254,0.1304,-0.0034,-0.9966,4.5776,1.0376,-0.1221,lying,Charlotte,small
1785664247.4579012,4355304,0.1313,-0.0059,-0.9961,4.3945,1.2817,-0.3052,lying,Charlotte,small
1785664247.457905,4355354,0.1318,0.001,-0.9971,4.4556,1.2817,-0.1831,lying,Charlotte,small
1785664247.4579093,4355404,0.1313,-0.0093,-1.0068,4.2725,1.2817,-0.1831,lying,Charlotte,small
1785664247.4579132,4355454,0.1333,-0.002,-1.0112,4.5166,1.2817,-0.1221,lying,Charlotte,small
1785664247.457917,4355504,0.1367,-0.0093,-0.9961,4.3945,1.3428,-0.1221,lying,Charlotte,small
1785664247.9996536,4355689,0.1313,-0.0029,-1.0029,4.4556,1.1597,-0.3662,lying,Charlotte,small
1785664247.9996653,4355739,0.1343,-0.0044,-1.0054,4.6387,1.1597,-0.2441,lying,Charlotte,small
1785664247.9996707,4355789,0.1353,-0.0024,-1.0029,4.4556,1.5259,-0.2441,lying,Charlotte,small
1785664247.999675,4355839,0.1348,-0.0098,-1.0005,4.4556,1.2207,-0.3052,lying,Charlotte,small
1785664247.999679,4355889,0.1348,-0.0054,-0.998,4.4556,1.2817,-0.061,lying,Charlotte,small
1785664247.999683,4355939,0.1353,-0.0044,-1.0029,4.4556,1.0376,-0.2441,lying,Charlotte,small
1785664247.9996867,4355989,0.1313,-0.0054,-1.0024,4.5166,1.3428,-0.061,lying,Charlotte,small
1785664247.99969,4356039,0.1313,-0.0039,-1.0029,4.3945,1.2207,-0.1831,lying,Charlotte,small
1785664247.9996936,4356089,0.1348,-0.0029,-1.0005,4.5776,1.0376,0.061,lying,Charlotte,small
1785664247.9996972,4356139,0.1343,-0.0059,-1.0005,4.3335,1.2817,-0.3662,lying,Charlotte,small
1785664248.556164,4356257,0.1338,-0.0044,-1.002,4.5166,1.4648,-0.1221,lying,Charlotte,small
1785664248.556174,4356307,0.1333,-0.0063,-0.9961,4.5776,1.0986,-0.3052,lying,Charlotte,small
1785664248.5561795,4356357,0.1367,-0.0068,-1.001,4.4556,1.2207,-0.1221,lying,Charlotte,small
1785664248.5561843,4356407,0.1323,-0.0024,-0.9971,4.2725,1.3428,0.1221,lying,Charlotte,small
1785664248.5561883,4356457,0.1313,0.001,-0.9956,4.5166,1.2817,0.0,lying,Charlotte,small
1785664248.5561924,4356507,0.1328,-0.0088,-1.0044,4.2725,1.3428,0.1831,lying,Charlotte,small
1785664248.556197,4356557,0.1338,-0.0029,-1.0078,4.6387,1.4648,-0.3662,lying,Charlotte,small
1785664248.5562007,4356607,0.1328,-0.0083,-1.0034,4.6387,1.0986,-0.061,lying,Charlotte,small
1785664248.5562043,4356657,0.1343,-0.0078,-1.0,4.3945,1.1597,0.0,lying,Charlotte,small
1785664248.556208,4356707,0.1318,-0.0063,-0.9995,4.2725,1.0376,-0.061,lying,Charlotte,small
1785664249.3925934,4356779,0.1343,-0.0078,-1.0078,4.3335,1.2817,0.0,lying,Charlotte,small
1785664249.3926003,4356829,0.1338,-0.0068,-0.9985,4.5166,0.9155,-0.1831,lying,Charlotte,small
1785664249.3926044,4356879,0.1313,-0.0083,-1.0063,4.2725,1.0986,0.0,lying,Charlotte,small
1785664249.3926075,4356929,0.1338,-0.0078,-0.9985,4.3945,1.2207,-0.1221,lying,Charlotte,small
1785664249.3926108,4356979,0.1289,-0.0044,-0.9985,4.3945,1.1597,0.0,lying,Charlotte,small
1785664249.3926136,4357029,0.1318,-0.0068,-0.998,4.5166,1.1597,-0.1221,lying,Charlotte,small
1785664249.3926167,4357079,0.1309,-0.0049,-0.998,4.4556,1.2207,-0.3662,lying,Charlotte,small
1785664249.3926196,4357129,0.1299,-0.002,-0.999,4.5166,1.3428,-0.1221,lying,Charlotte,small
1785664249.3926227,4357179,0.1313,-0.0029,-1.0039,4.4556,1.2817,-0.3662,lying,Charlotte,small
1785664249.3926256,4357229,0.1318,-0.0063,-1.0034,4.3945,1.3428,-0.2441,lying,Charlotte,small
1785664251.3978899,4359111,0.1318,-0.001,-0.9956,4.5166,1.0986,-0.4883,lying,Charlotte,small
1785664251.3979003,4359161,0.1323,-0.0054,-0.9995,4.5166,1.1597,-0.1831,lying,Charlotte,small
1785664251.3979053,4359211,0.1304,-0.0063,-1.0034,4.4556,1.1597,0.0,lying,Charlotte,small
1785664251.3979096,4359261,0.1294,-0.0073,-1.0068,4.3945,1.0986,0.1831,lying,Charlotte,small
1785664251.397914,4359311,0.1357,-0.0054,-1.002,4.3335,1.3428,-0.2441,lying,Charlotte,small
1785664251.3979177,4359361,0.1338,-0.0029,-1.0,4.2114,1.2207,0.1221,lying,Charlotte,small
1785664251.3979216,4359411,0.1333,-0.0059,-0.9995,4.4556,1.2207,-0.1831,lying,Charlotte,small
1785664251.3979254,4359461,0.1309,-0.0049,-0.9966,4.5166,1.1597,-0.1831,lying,Charlotte,small
1785664251.397929,4359511,0.1323,-0.0068,-0.9995,4.4556,1.4648,-0.061,lying,Charlotte,small
1785664251.3979328,4359561,0.1338,0.0,-0.998,4.3945,1.0986,-0.061,lying,Charlotte,small
1785664251.909273,4359623,0.1328,-0.0083,-1.002,4.2725,1.2817,-0.1221,lying,Charlotte,small
1785664251.909283,4359673,0.1387,-0.002,-1.0029,4.3945,1.0986,0.2441,lying,Charlotte,small
1785664251.9092877,4359723,0.1348,-0.0049,-0.9941,4.3945,1.2207,-0.061,lying,Charlotte,small
1785664251.9092922,4359773,0.1304,-0.0054,-1.0024,4.3335,1.2817,-0.3052,lying,Charlotte,small
1785664251.9092963,4359823,0.1323,-0.0039,-0.9985,4.3335,1.3428,-0.1221,lying,Charlotte,small
1785664251.9093003,4359873,0.1309,-0.0039,-0.9961,4.5166,1.2207,0.0,lying,Charlotte,small
1785664251.9093041,4359923,0.1377,-0.0122,-0.9956,4.3335,1.2817,0.3662,lying,Charlotte,small
1785664251.9093082,4359973,0.1343,-0.0063,-1.0044,4.5776,1.3428,-0.2441,lying,Charlotte,small
1785664251.9093118,4360023,0.1333,-0.002,-0.998,4.6997,1.0986,-0.2441,lying,Charlotte,small
1785664251.9093156,4360073,0.1357,-0.0063,-1.001,4.5776,1.2817,-0.3052,lying,Charlotte,small
1785664254.2662988,4360135,0.1323,0.0029,-0.9946,4.5166,1.0376,-0.2441,lying,Charlotte,small
1785664254.2663114,4360185,0.1353,-0.0024,-1.0034,4.4556,1.0986,0.1831,lying,Charlotte,small
1785664254.2663167,4360235,0.1309,-0.0054,-0.9946,4.3335,0.9766,-0.061,lying,Charlotte,small
1785664254.266321,4360285,0.1304,-0.0049,-1.0029,4.3945,1.4038,0.0,lying,Charlotte,small
1785664254.266325,4360335,0.1328,-0.0078,-0.999,4.3335,1.2817,0.061,lying,Charlotte,small
1785664254.266329,4360385,0.1294,-0.0034,-1.0049,4.3945,1.0376,-0.3662,lying,Charlotte,small
1785664254.266333,4360435,0.1318,-0.0015,-0.9971,4.4556,1.0986,0.0,lying,Charlotte,small
1785664254.266337,4360485,0.1323,-0.0078,-1.0034,4.3945,1.3428,-0.061,lying,Charlotte,small
1785664254.2663412,4360535,0.1328,-0.0063,-1.002,4.5166,1.4648,0.1221,lying,Charlotte,small
1785664254.266345,4360585,0.1343,-0.0063,-1.002,4.3945,1.1597,-0.3052,lying,Charlotte,small
1785664255.8026054,4362487,0.1338,-0.001,-1.0049,4.5166,1.1597,0.1831,lying,Charlotte,small
1785664255.8026175,4362537,0.1318,0.001,-1.0015,4.4556,1.3428,-0.1831,lying,Charlotte,small
1785664255.8026228,4362587,0.1313,-0.0015,-1.0054,4.3945,1.2207,-0.061,lying,Charlotte,small
1785664255.8026276,4362637,0.1333,-0.0039,-1.0005,4.4556,0.9766,-0.1831,lying,Charlotte,small
1785664255.8026316,4362687,0.1348,-0.0083,-1.0034,4.6387,1.2207,-0.1831,lying,Charlotte,small
1785664255.8026354,4362737,0.1333,-0.0049,-1.0039,4.5166,1.4038,-0.4883,lying,Charlotte,small
1785664255.8026392,4362787,0.1318,-0.0039,-0.999,4.4556,1.2207,-0.1831,lying,Charlotte,small
1785664255.802643,4362837,0.1328,-0.0034,-0.9976,4.4556,1.0986,-0.3662,lying,Charlotte,small
1785664255.8026466,4362887,0.1333,-0.0059,-1.0044,4.3335,1.4648,0.0,lying,Charlotte,small
1785664255.8026505,4362937,0.1304,-0.0034,-0.999,4.5166,1.1597,-0.061,lying,Charlotte,small
1785664257.3402767,4364030,0.1353,-0.002,-1.0049,4.4556,1.1597,-0.1221,lying,Charlotte,small
1785664257.3402953,4364080,0.1318,-0.0073,-1.0005,4.6387,1.2817,-0.1831,lying,Charlotte,small
1785664257.3403008,4364130,0.1313,-0.0098,-1.0044,4.3945,1.4648,0.0,lying,Charlotte,small
1785664257.3403053,4364180,0.1328,0.001,-0.9971,4.3945,1.0986,0.061,lying,Charlotte,small
1785664257.3403099,4364230,0.1338,-0.002,-1.0005,4.4556,1.1597,0.1221,lying,Charlotte,small
1785664257.3403137,4364280,0.1343,-0.0034,-1.0083,4.2114,1.3428,-0.061,lying,Charlotte,small
1785664257.3403177,4364330,0.1348,-0.0088,-0.9971,4.7607,1.2207,0.1221,lying,Charlotte,small
1785664257.3403215,4364380,0.1343,-0.0088,-1.0,4.3335,1.0986,-0.3662,lying,Charlotte,small
1785664257.340325,4364430,0.1343,0.0039,-1.0005,4.6997,1.2817,0.0,lying,Charlotte,small
1785664257.3403287,4364480,0.1348,0.0,-0.9971,3.9673,1.3428,-0.1221,lying,Charlotte,small
1785664260.6854806,4365562,0.1318,-0.0034,-0.999,4.7607,1.3428,-0.2441,lying,Charlotte,small
1785664260.6854928,4365612,0.1343,-0.0029,-0.998,4.4556,1.2207,-0.1221,lying,Charlotte,small
1785664260.685498,4365662,0.1299,-0.0039,-0.999,4.4556,1.1597,-0.1221,lying,Charlotte,small
1785664260.6855023,4365712,0.1348,-0.0005,-1.0054,4.4556,1.2817,-0.1831,lying,Charlotte,small
1785664260.6855068,4365762,0.1333,-0.0024,-0.9951,4.5166,1.2207,0.0,lying,Charlotte,small
1785664260.6855106,4365812,0.1299,-0.0029,-0.998,4.5776,1.1597,-0.3052,lying,Charlotte,small
1785664260.6855147,4365862,0.1338,-0.0039,-1.002,4.5776,1.2817,0.061,lying,Charlotte,small
1785664260.6855185,4365912,0.1338,-0.0034,-1.0005,4.6997,1.1597,0.0,lying,Charlotte,small
1785664260.685522,4365962,0.1333,-0.0054,-0.9951,4.5776,1.1597,-0.3052,lying,Charlotte,small
1785664260.6855257,4366012,0.1313,-0.0039,-0.9985,4.3945,1.1597,0.0,lying,Charlotte,small
1785664261.2061453,4368913,0.1333,-0.0029,-1.002,4.3945,1.3428,-0.061,lying,Charlotte,small
1785664261.2061548,4368963,0.1318,-0.0024,-1.0,4.4556,1.0986,-0.061,lying,Charlotte,small
1785664261.2061598,4369013,0.1323,-0.0044,-1.0054,4.4556,1.0986,-0.1831,lying,Charlotte,small
1785664261.2061646,4369063,0.1343,-0.0044,-0.9956,4.6387,1.2207,0.0,lying,Charlotte,small
1785664261.2061684,4369113,0.1309,-0.0044,-0.9995,4.5166,1.4038,0.0,lying,Charlotte,small
1785664261.206172,4369163,0.1343,-0.001,-0.9966,4.2725,1.2207,-0.1831,lying,Charlotte,small
1785664261.206176,4369213,0.1338,-0.0034,-1.0059,4.3945,1.1597,0.0,lying,Charlotte,small
1785664261.2061796,4369263,0.1328,-0.0054,-1.0,4.3945,1.0986,-0.2441,lying,Charlotte,small
1785664261.2061832,4369313,0.1348,-0.0054,-0.9971,4.5166,1.2207,0.0,lying,Charlotte,small
1785664261.2061868,4369363,0.1333,-0.0078,-1.0044,4.6387,1.0376,-0.1831,lying,Charlotte,small
1785664262.1976588,4369435,0.1343,-0.0024,-1.0059,4.5166,1.2817,-0.1831,lying,Charlotte,small
1785664262.1976714,4369485,0.1333,-0.0063,-0.998,4.6387,1.0986,0.061,lying,Charlotte,small
1785664262.197677,4369535,0.1323,-0.002,-1.0063,4.3335,1.2207,0.061,lying,Charlotte,small
1785664262.1976812,4369585,0.1353,-0.0044,-1.0049,4.5776,1.2207,-0.1221,lying,Charlotte,small
1785664262.197685,4369635,0.1323,-0.0063,-1.0005,4.3335,1.0376,-0.1831,lying,Charlotte,small
1785664262.1976888,4369685,0.1304,-0.0063,-1.0024,4.5166,1.2207,-0.1831,lying,Charlotte,small
1785664262.1976929,4369735,0.1328,-0.0059,-1.0044,4.5166,1.4038,-0.061,lying,Charlotte,small
1785664262.1976967,4369785,0.1299,-0.0034,-1.002,4.4556,0.9766,-0.1831,lying,Charlotte,small
1785664262.1977005,4369835,0.1348,-0.002,-1.0005,4.6387,1.2207,0.061,lying,Charlotte,small
1785664262.197704,4369885,0.1313,-0.0034,-1.0,4.2725,1.2817,-0.1831,lying,Charlotte,small
1785664264.6720026,4370427,0.1304,-0.0063,-1.001,4.5776,1.2817,0.1221,lying,Charlotte,small
1785664264.6720128,4370477,0.1318,-0.0039,-1.0093,4.3335,1.3428,-0.061,lying,Charlotte,small
1785664264.6720178,4370527,0.1304,-0.0054,-1.0059,4.5166,1.2207,-0.1831,lying,Charlotte,small
1785664264.6720226,4370577,0.1323,0.002,-0.9976,4.6387,1.0376,0.061,lying,Charlotte,small
1785664264.6720269,4370627,0.1318,-0.0015,-1.0073,4.5166,1.0376,-0.061,lying,Charlotte,small
1785664264.6720312,4370677,0.1367,-0.0103,-1.0005,4.5166,1.0986,0.0,lying,Charlotte,small
1785664264.6720352,4370727,0.1313,-0.001,-1.0015,4.3945,1.3428,-0.1831,lying,Charlotte,small
1785664264.6720395,4370777,0.1328,-0.001,-0.9995,4.3335,1.0376,-0.3052,lying,Charlotte,small
1785664264.6720433,4370827,0.1328,-0.0059,-1.0005,4.4556,1.0376,-0.1221,lying,Charlotte,small
1785664264.672047,4370877,0.1299,-0.0073,-0.9956,4.2114,1.0376,-0.1221,lying,Charlotte,small
1785664265.3841782,4372893,0.1328,-0.002,-1.0039,4.5776,1.0986,-0.1221,lying,Charlotte,small
1785664265.3841856,4372943,0.1323,-0.0068,-1.0,4.5166,1.3428,-0.1221,lying,Charlotte,small
1785664265.3841896,4372993,0.1328,-0.0054,-1.0,4.4556,1.2817,0.0,lying,Charlotte,small
1785664265.384193,4373043,0.1323,-0.0034,-1.002,4.4556,1.3428,0.061,lying,Charlotte,small
1785664265.3841963,4373093,0.1299,-0.0044,-1.0015,4.3335,1.3428,-0.061,lying,Charlotte,small
1785664265.3841994,4373143,0.1323,-0.0049,-1.0039,4.3945,1.2207,-0.2441,lying,Charlotte,small
1785664265.3842025,4373193,0.1318,-0.0029,-1.0039,4.3335,0.9766,-0.1221,lying,Charlotte,small
1785664265.3842053,4373243,0.1338,-0.0107,-0.9961,4.5166,1.3428,-0.1221,lying,Charlotte,small
1785664265.3842084,4373293,0.1333,-0.0088,-1.0024,4.2725,0.8545,0.0,lying,Charlotte,small
1785664265.3842113,4373343,0.1333,-0.0024,-0.9976,4.6997,1.0376,-0.5493,lying,Charlotte,small
1785664268.2106564,4375914,0.1328,-0.0049,-1.0,4.3945,1.1597,-0.2441,lying,Charlotte,small
1785664268.210666,4375964,0.1333,-0.0015,-1.001,4.4556,1.2207,-0.1221,lying,Charlotte,small
1785664268.2106726,4376014,0.1299,-0.0059,-1.0029,4.3945,1.1597,-0.3662,lying,Charlotte,small
1785664268.210678,4376064,0.1328,-0.0044,-1.0029,4.3945,1.2817,-0.1221,lying,Charlotte,small
1785664268.210682,4376114,0.1289,-0.0029,-0.9956,4.3335,1.0986,-0.2441,lying,Charlotte,small
1785664268.2106857,4376164,0.1318,-0.0039,-1.002,4.4556,1.2207,-0.1221,lying,Charlotte,small
1785664268.21069,4376214,0.1338,-0.0029,-0.9995,4.3335,1.2207,-0.1221,lying,Charlotte,small
1785664268.2106938,4376264,0.1318,-0.0044,-1.0088,4.5166,1.0986,-0.3662,lying,Charlotte,small
1785664268.2106977,4376314,0.1309,0.0005,-1.0005,4.2725,1.1597,-0.1831,lying,Charlotte,small
1785664268.2107015,4376364,0.1318,-0.0073,-1.0044,4.5776,1.2817,0.061,lying,Charlotte,small
1785664269.1535766,4376435,0.1318,-0.001,-1.0044,4.3945,1.1597,0.1221,lying,Charlotte,small
1785664269.1535895,4376485,0.1353,-0.0005,-1.002,4.3335,1.2817,0.061,lying,Charlotte,small
1785664269.153595,4376535,0.1299,-0.0044,-1.0044,4.3945,1.1597,-0.1221,lying,Charlotte,small
1785664269.1535993,4376585,0.1353,-0.0073,-1.0054,4.3335,1.3428,0.061,lying,Charlotte,small
1785664269.153603,4376635,0.1294,-0.0054,-1.002,4.3335,1.2207,0.061,lying,Charlotte,small
1785664269.153607,4376685,0.1313,-0.001,-1.0034,4.5776,1.1597,-0.061,lying,Charlotte,small
1785664269.1536107,4376735,0.1328,-0.0029,-1.0054,4.3945,1.1597,-0.061,lying,Charlotte,small
1785664269.1536145,4376785,0.1348,-0.002,-1.0073,4.3335,1.2207,-0.1221,lying,Charlotte,small
1785664269.153618,4376835,0.1348,-0.0044,-1.0005,4.4556,1.0376,0.1221,lying,Charlotte,small
1785664269.1536217,4376885,0.1309,-0.0034,-0.998,4.4556,1.3428,-0.2441,lying,Charlotte,small
1785664271.2658217,4377417,0.1299,-0.0029,-0.999,4.4556,1.2817,-0.061,lying,Charlotte,small
1785664271.2658336,4377467,0.1343,-0.0093,-1.001,4.3335,1.2207,-0.1221,lying,Charlotte,small
1785664271.265839,4377517,0.1309,-0.0034,-1.0068,4.3335,1.0986,-0.1831,lying,Charlotte,small
1785664271.2658436,4377567,0.1313,-0.0063,-1.0029,4.5166,1.1597,0.061,lying,Charlotte,small
1785664271.265848,4377617,0.1318,-0.0015,-1.0015,4.5776,1.2207,-0.1831,lying,Charlotte,small
1785664271.265852,4377667,0.1367,-0.0034,-1.0,4.3945,1.1597,-0.061,lying,Charlotte,small
1785664271.265856,4377717,0.1372,-0.0083,-1.0015,4.2725,1.2207,-0.1221,lying,Charlotte,small
1785664271.2658598,4377767,0.1353,-0.0034,-1.0039,4.4556,1.0376,0.061,lying,Charlotte,small
1785664271.2658637,4377817,0.1343,-0.0068,-1.002,4.2725,1.2207,0.0,lying,Charlotte,small
1785664271.2658675,4377867,0.1304,-0.0063,-0.999,4.4556,1.1597,-0.1221,lying,Charlotte,small
1785664271.77998,4379490,0.1309,-0.0015,-1.0029,4.6387,1.0376,0.0,lying,Charlotte,small
1785664271.7799904,4379540,0.1357,-0.002,-1.0005,4.5776,1.4648,-0.061,lying,Charlotte,small
1785664271.7799962,4379590,0.1323,-0.0049,-1.0034,4.4556,1.1597,-0.1221,lying,Charlotte,small
1785664271.780001,4379640,0.1318,-0.0059,-0.9956,4.6387,1.5869,-0.061,lying,Charlotte,small
1785664271.7800045,4379690,0.1323,-0.0078,-1.0024,4.5776,1.2207,0.2441,lying,Charlotte,small
1785664271.7800088,4379740,0.1343,-0.0044,-1.0034,4.0894,1.2817,0.0,lying,Charlotte,small
1785664271.7800124,4379790,0.1309,-0.0073,-0.9995,4.5776,1.3428,0.061,lying,Charlotte,small
1785664271.7800162,4379840,0.1318,-0.0063,-1.0039,4.5776,1.2207,-0.061,lying,Charlotte,small
1785664271.7800198,4379890,0.1318,-0.0068,-1.0044,4.4556,1.1597,0.061,lying,Charlotte,small
1785664271.7800233,4379940,0.1338,-0.0093,-1.0083,4.5776,1.2817,-0.3052,lying,Charlotte,small
1785664272.4545012,4380002,0.1313,-0.0073,-0.9985,4.2114,1.1597,-0.1221,lying,Charlotte,small
1785664272.4545121,4380052,0.1299,-0.0015,-0.9995,4.5776,1.4038,0.0,lying,Charlotte,small
1785664272.4545176,4380102,0.1328,-0.0073,-0.9985,4.5166,1.0986,0.0,lying,Charlotte,small
1785664272.454522,4380152,0.1323,-0.0063,-1.0049,4.5776,1.0986,0.0,lying,Charlotte,small
1785664272.4545257,4380202,0.1367,-0.0024,-0.9971,4.5166,1.0376,-0.2441,lying,Charlotte,small
1785664272.4545295,4380252,0.1343,-0.0063,-1.0005,4.2725,1.2817,-0.3052,lying,Charlotte,small
1785664272.4545336,4380302,0.1323,-0.0059,-1.0024,4.5166,1.4648,-0.061,lying,Charlotte,small
1785664272.4545376,4380352,0.1294,-0.0063,-1.0039,4.6387,1.0986,0.0,lying,Charlotte,small
1785664272.4545412,4380402,0.1333,-0.0029,-1.0015,4.5776,1.0986,-0.3052,lying,Charlotte,small
1785664272.4545448,4380452,0.1343,-0.0044,-1.0034,4.4556,1.2817,0.0,lying,Charlotte,small
1785664274.0892024,4380682,0.1274,-0.0073,-0.9932,4.5166,1.1597,-0.2441,lying,Charlotte,small
1785664274.0892131,4380732,0.1304,-0.0054,-0.9985,4.5776,1.2817,-0.1831,lying,Charlotte,small
1785664274.0892181,4380782,0.1318,-0.0039,-1.001,4.4556,1.2817,-0.1221,lying,Charlotte,small
1785664274.0892227,4380832,0.1323,0.0005,-1.0044,4.4556,1.2817,0.1221,lying,Charlotte,small
1785664274.089227,4380882,0.1289,-0.0083,-1.0,4.4556,1.0376,0.061,lying,Charlotte,small
1785664274.0892308,4380932,0.1338,-0.0093,-0.9995,4.3335,0.9766,-0.1221,lying,Charlotte,small
1785664274.0892348,4380982,0.1299,-0.001,-1.0024,4.4556,1.0986,-0.1831,lying,Charlotte,small
1785664274.089239,4381032,0.1289,-0.0049,-1.0024,4.4556,1.1597,-0.061,lying,Charlotte,small
1785664274.0892427,4381082,0.1299,-0.002,-1.0024,4.4556,1.4038,-0.1831,lying,Charlotte,small
1785664274.0892463,4381132,0.1299,-0.0078,-0.9995,4.5166,1.2207,-0.2441,lying,Charlotte,small
1785664274.6588268,4382370,0.1323,-0.0049,-1.0024,4.4556,1.4038,0.061,lying,Charlotte,small
1785664274.6588364,4382420,0.1318,-0.0063,-1.0015,4.2725,1.4038,0.2441,lying,Charlotte,small
1785664274.6588416,4382470,0.1294,-0.0029,-0.9985,4.5166,1.0376,-0.2441,lying,Charlotte,small
1785664274.6588461,4382520,0.1348,-0.0039,-1.0,4.5776,1.1597,-0.1221,lying,Charlotte,small
1785664274.65885,4382570,0.1328,-0.0049,-1.0059,4.3945,1.3428,0.1221,lying,Charlotte,small
1785664274.6588538,4382620,0.1313,-0.0088,-1.001,4.5776,1.2207,-0.4272,lying,Charlotte,small
1785664274.6588578,4382670,0.1333,-0.0044,-0.9956,4.5166,1.2207,-0.1221,lying,Charlotte,small
1785664274.6588614,4382720,0.1353,-0.0015,-0.998,4.5776,1.0986,-0.2441,lying,Charlotte,small
1785664274.6588655,4382770,0.1343,-0.0059,-1.0015,4.4556,1.4038,0.1831,lying,Charlotte,small
1785664274.6588695,4382820,0.1338,-0.002,-0.9995,4.5776,0.9766,-0.1221,lying,Charlotte,small
1785664277.6876779,4382883,0.1372,-0.0049,-1.0034,4.5166,1.1597,0.1831,lying,Charlotte,small
1785664277.68769,4382933,0.1338,-0.0068,-1.0034,4.5166,1.2817,0.1831,lying,Charlotte,small
1785664277.687695,4382983,0.1328,-0.0044,-0.9966,4.5776,1.1597,-0.2441,lying,Charlotte,small
1785664277.6876998,4383033,0.1333,-0.0083,-0.9995,4.5166,1.0986,-0.3052,lying,Charlotte,small
1785664277.6877038,4383083,0.1333,-0.0049,-1.0005,4.4556,1.2817,-0.3662,lying,Charlotte,small
1785664277.6877077,4383133,0.1313,-0.0039,-0.9971,4.3335,1.1597,-0.2441,lying,Charlotte,small
1785664277.6877115,4383183,0.1362,-0.0073,-1.001,4.2725,1.0986,0.0,lying,Charlotte,small
1785664277.6877155,4383233,0.1313,-0.0034,-1.0073,4.3945,1.0986,-0.1831,lying,Charlotte,small
1785664277.6877193,4383283,0.1313,-0.0054,-0.9985,4.5776,1.1597,0.1221,lying,Charlotte,small
1785664277.6877232,4383333,0.1328,-0.0068,-1.001,4.3335,1.1597,0.1221,lying,Charlotte,small
1785664278.2094483,4385907,0.1343,-0.0063,-0.999,4.4556,0.9766,-0.1831,lying,Charlotte,small
1785664278.2094593,4385957,0.1348,-0.0093,-0.9995,4.3335,1.2207,-0.3052,lying,Charlotte,small
1785664278.2094646,4386007,0.1333,-0.0044,-0.9995,4.5776,1.1597,-0.3662,lying,Charlotte,small
1785664278.209469,4386057,0.1318,0.0015,-1.001,4.5166,1.2207,-0.2441,lying,Charlotte,small
1785664278.2094736,4386107,0.1338,-0.0039,-1.0063,4.4556,0.9766,-0.1221,lying,Charlotte,small
1785664278.2094777,4386157,0.1338,-0.0029,-1.0005,4.6997,1.2207,0.061,lying,Charlotte,small
1785664278.209482,4386207,0.1299,-0.0073,-1.002,4.6387,1.3428,-0.1221,lying,Charlotte,small
1785664278.2094855,4386257,0.1333,-0.0024,-1.0024,4.3335,1.0376,-0.3662,lying,Charlotte,small
1785664278.2094893,4386307,0.1333,-0.0063,-1.0,4.3335,1.1597,-0.4272,lying,Charlotte,small
1785664278.209493,4386357,0.1304,-0.0093,-1.002,4.5166,1.2207,-0.061,lying,Charlotte,small
1785664278.7391818,4386438,0.1348,-0.0054,-1.002,4.1504,1.2207,0.061,lying,Charlotte,small
1785664278.7391925,4386488,0.1328,-0.0044,-0.9976,4.4556,1.2817,0.061,lying,Charlotte,small
1785664278.7391977,4386538,0.1348,-0.0049,-1.0024,4.5166,1.0986,-0.2441,lying,Charlotte,small
1785664278.739202,4386588,0.1328,-0.0029,-0.999,4.3335,1.3428,-0.1221,lying,Charlotte,small
1785664278.7392056,4386638,0.1348,-0.0039,-0.999,4.4556,1.1597,-0.1221,lying,Charlotte,small
1785664278.7392094,4386688,0.1333,-0.0034,-1.0059,4.6387,1.2207,-0.1831,lying,Charlotte,small
1785664278.7392135,4386738,0.1372,-0.0063,-0.999,4.3335,1.1597,-0.061,lying,Charlotte,small
1785664278.7392175,4386788,0.1318,-0.0044,-1.0088,4.6387,1.0376,-0.2441,lying,Charlotte,small
1785664278.7392216,4386838,0.1367,-0.0054,-1.0005,4.3945,1.2817,0.061,lying,Charlotte,small
1785664278.7392251,4386888,0.1333,-0.0005,-1.0044,4.5166,1.1597,0.0,lying,Charlotte,small
1785664279.7955825,4387000,0.1338,-0.0015,-1.0078,4.4556,1.3428,-0.061,lying,Charlotte,small
1785664279.795595,4387050,0.1353,-0.0068,-1.0,4.4556,1.1597,-0.1221,lying,Charlotte,small
1785664279.7956004,4387100,0.1328,-0.0015,-1.001,4.3945,1.0986,-0.061,lying,Charlotte,small
1785664279.795605,4387150,0.1313,-0.0088,-1.002,4.6387,1.0986,-0.1221,lying,Charlotte,small
1785664279.7956088,4387200,0.1343,-0.0068,-1.0024,4.5166,1.2207,-0.2441,lying,Charlotte,small
1785664279.7956126,4387250,0.1367,-0.0054,-1.0,4.3335,1.2207,0.1221,lying,Charlotte,small
1785664279.7956166,4387300,0.1328,-0.0073,-0.9985,4.5166,1.2817,-0.1221,lying,Charlotte,small
1785664279.7956202,4387350,0.1284,-0.0068,-0.9976,4.3335,1.3428,0.0,lying,Charlotte,small
1785664279.7956243,4387400,0.1348,-0.0029,-1.0044,4.4556,1.2207,-0.061,lying,Charlotte,small
1785664279.795628,4387450,0.1353,-0.0073,-1.001,4.3945,1.5259,-0.2441,lying,Charlotte,small
1785664283.390083,4388022,0.1328,-0.0015,-1.0059,4.5166,1.1597,0.0,lying,Charlotte,small
1785664283.3900905,4388072,0.1299,-0.0068,-0.9985,4.3945,1.1597,-0.2441,lying,Charlotte,small
1785664283.3900948,4388122,0.1323,-0.0107,-0.999,4.1504,1.2817,-0.061,lying,Charlotte,small
1785664283.390098,4388172,0.1328,-0.0015,-0.9966,4.3335,1.2207,-0.3662,lying,Charlotte,small
1785664283.3901014,4388222,0.1333,-0.0044,-1.0063,4.3945,1.0986,0.061,lying,Charlotte,small
1785664283.3901045,4388272,0.1357,-0.0029,-1.0068,4.3945,1.3428,0.0,lying,Charlotte,small
1785664283.3901076,4388322,0.1318,-0.0068,-1.0063,4.6997,1.3428,-0.061,lying,Charlotte,small
1785664283.3901107,4388372,0.1323,-0.0029,-0.9985,4.2725,1.2207,0.0,lying,Charlotte,small
1785664283.3901134,4388422,0.1338,-0.0083,-1.0044,4.5776,1.1597,0.061,lying,Charlotte,small
1785664283.3901165,4388472,0.1299,-0.0039,-1.0063,4.5166,1.2817,-0.061,lying,Charlotte,small
1785664285.3944423,4392796,0.1313,-0.0005,-1.001,4.3945,1.4038,0.061,lying,Charlotte,small
1785664285.3944497,4392846,0.1343,-0.0049,-0.9995,4.2725,1.2207,0.0,lying,Charlotte,small
1785664285.3944535,4392896,0.1338,-0.0103,-1.002,4.4556,1.2817,0.061,lying,Charlotte,small
1785664285.3944569,4392946,0.1323,-0.0098,-1.0024,4.5166,1.1597,0.061,lying,Charlotte,small
1785664285.39446,4392996,0.1338,-0.0044,-1.0024,4.2725,1.1597,-0.2441,lying,Charlotte,small
1785664285.3944628,4393046,0.1304,-0.0083,-1.0029,4.3945,1.2207,-0.3052,lying,Charlotte,small
1785664285.3944662,4393096,0.1333,-0.0078,-0.998,4.5776,1.2817,-0.4883,lying,Charlotte,small
1785664285.394469,4393146,0.1304,-0.0098,-1.0029,4.2725,1.2207,0.0,lying,Charlotte,small
1785664285.394472,4393196,0.1328,-0.0093,-1.0015,4.5166,1.3428,-0.061,lying,Charlotte,small
1785664285.394475,4393246,0.1343,-0.0029,-1.0024,4.4556,1.1597,-0.3052,lying,Charlotte,small
1785664286.1186628,4393828,0.1343,-0.0078,-0.998,4.6997,1.0986,-0.061,lying,Charlotte,small
1785664286.1186728,4393878,0.1353,-0.0073,-1.0044,4.4556,1.0376,-0.3052,lying,Charlotte,small
1785664286.1186783,4393928,0.1353,-0.002,-0.9976,4.5776,1.0986,0.1831,lying,Charlotte,small
1785664286.1186826,4393978,0.1333,-0.0044,-1.0015,4.5166,1.0986,-0.061,lying,Charlotte,small
1785664286.1186864,4394028,0.1338,-0.0005,-1.0029,4.3945,1.2817,-0.1221,lying,Charlotte,small
1785664286.1186905,4394078,0.1323,-0.0024,-0.9985,4.3335,1.0376,-0.1831,lying,Charlotte,small
1785664286.118695,4394128,0.1304,-0.0059,-0.999,4.5166,1.2817,-0.1221,lying,Charlotte,small
1785664286.1186986,4394178,0.1313,-0.0088,-0.999,4.3945,1.2207,-0.1221,lying,Charlotte,small
1785664286.1187022,4394228,0.1333,-0.0024,-1.0005,4.3945,1.2207,-0.3052,lying,Charlotte,small
1785664286.1187062,4394278,0.1289,-0.0024,-1.0024,4.3945,1.1597,0.1831,lying,Charlotte,small
1785664288.7473266,4394341,0.1333,-0.0049,-1.0029,4.3335,0.7935,-0.2441,lying,Charlotte,small
1785664288.7473376,4394391,0.1323,-0.0049,-1.0015,4.6387,1.2817,-0.061,lying,Charlotte,small
1785664288.7473416,4394441,0.1318,-0.0088,-0.9976,4.4556,1.2817,0.0,lying,Charlotte,small
1785664288.7473452,4394491,0.1318,-0.0044,-1.0005,4.7607,1.3428,-0.1831,lying,Charlotte,small
1785664288.7473483,4394541,0.1343,-0.0034,-0.9976,4.3335,1.0986,0.3052,lying,Charlotte,small
1785664288.7473514,4394591,0.1333,-0.0049,-1.0063,4.5166,0.9766,-0.061,lying,Charlotte,small
1785664288.7473545,4394641,0.1338,-0.0059,-1.0049,4.4556,1.3428,0.0,lying,Charlotte,small
1785664288.7473574,4394691,0.126,-0.0044,-1.0059,4.6997,1.4648,-0.2441,lying,Charlotte,small
1785664288.7473605,4394741,0.1343,-0.0083,-0.999,4.3335,1.3428,-0.3662,lying,Charlotte,small
1785664288.7473636,4394791,0.1333,-0.0054,-1.0059,4.7607,1.3428,-0.2441,lying,Charlotte,small
1785664289.9004664,4397604,0.1333,-0.0049,-1.0034,3.9673,1.4648,-0.4883,lying,Charlotte,small
1785664289.900477,4397654,0.1309,-0.0068,-0.9951,4.6997,1.0376,-0.3052,lying,Charlotte,small
1785664289.9004824,4397704,0.1343,-0.0029,-0.9995,4.5166,1.0376,-0.2441,lying,Charlotte,small
1785664289.900487,4397754,0.1309,-0.0005,-1.001,4.3945,1.2207,-0.061,lying,Charlotte,small
1785664289.900491,4397804,0.1377,-0.002,-1.0088,4.5776,0.9766,-0.1221,lying,Charlotte,small
1785664289.9004948,4397854,0.1304,-0.0054,-1.0068,4.2114,0.9766,-0.061,lying,Charlotte,small
1785664289.9004986,4397904,0.1323,-0.0063,-1.0015,4.5776,1.2207,-0.3052,lying,Charlotte,small
1785664289.9005027,4397954,0.1333,-0.0083,-1.002,4.5776,1.0376,-0.1221,lying,Charlotte,small
1785664289.9005067,4398004,0.1348,-0.0098,-1.0073,4.3945,1.3428,-0.2441,lying,Charlotte,small
1785664289.9005103,4398054,0.1333,-0.0024,-1.001,4.4556,0.8545,-0.1831,lying,Charlotte,small
1785664290.4235544,4398128,0.1333,-0.0054,-1.002,4.5776,1.2207,0.061,lying,Charlotte,small
1785664290.4235644,4398178,0.1338,-0.0034,-1.0005,4.4556,0.9766,0.0,lying,Charlotte,small
1785664290.42357,4398228,0.1338,-0.0029,-1.0044,4.6387,1.2817,-0.3052,lying,Charlotte,small
1785664290.4235744,4398278,0.1333,-0.0073,-1.0034,4.4556,1.2817,-0.061,lying,Charlotte,small
1785664290.4235787,4398328,0.1328,-0.0083,-1.0034,4.5166,1.2817,-0.1831,lying,Charlotte,small
1785664290.4235823,4398378,0.1338,-0.0078,-1.0029,4.5166,1.1597,-0.1221,lying,Charlotte,small
1785664290.4235861,4398428,0.1348,-0.0054,-1.0068,4.3335,0.9766,0.1831,lying,Charlotte,small
1785664290.42359,4398478,0.1362,-0.0059,-1.0029,4.5776,1.2207,-0.1831,lying,Charlotte,small
1785664290.4235935,4398528,0.1299,-0.0059,-0.9976,4.6387,1.2207,0.1831,lying,Charlotte,small
1785664290.4235973,4398578,0.1372,-0.0059,-1.001,4.4556,1.0376,0.0,lying,Charlotte,small
1785664291.1332617,4398650,0.1318,-0.0044,-1.0029,4.3945,1.2817,-0.1831,lying,Charlotte,small
1785664291.133275,4398700,0.1338,-0.0088,-0.9961,4.3945,1.2207,-0.061,lying,Charlotte,small
1785664291.1332808,4398750,0.1357,-0.0078,-1.0034,4.3945,1.2817,-0.2441,lying,Charlotte,small
1785664291.1332865,4398800,0.1294,-0.0015,-1.001,4.5166,1.1597,0.1831,lying,Charlotte,small
1785664291.1332917,4398850,0.1333,-0.0005,-1.0059,4.3335,1.1597,-0.2441,lying,Charlotte,small
1785664291.1332967,4398900,0.1323,-0.0029,-1.0005,4.6387,1.0986,-0.1221,lying,Charlotte,small
1785664291.1333022,4398950,0.1313,0.0029,-1.0049,4.5776,1.1597,-0.061,lying,Charlotte,small
1785664291.1333075,4399000,0.1343,-0.0015,-1.0107,4.3945,1.3428,-0.1221,lying,Charlotte,small
1785664291.1333125,4399050,0.1309,-0.0029,-1.0103,4.5166,1.0376,-0.3052,lying,Charlotte,small
1785664291.133318,4399100,0.1323,-0.0063,-1.001,4.5776,1.2817,-0.2441,lying,Charlotte,small
1785664291.6466193,4399353,0.1294,-0.0103,-1.001,4.2725,0.9766,-0.2441,lying,Charlotte,small
1785664291.6466293,4399403,0.1289,-0.0098,-1.0015,4.6387,1.2207,-0.3052,lying,Charlotte,small
1785664291.6466346,4399453,0.1309,-0.0059,-1.0024,4.3945,1.2207,0.1221,lying,Charlotte,small
1785664291.6466389,4399503,0.1328,-0.001,-0.9951,4.5776,1.2817,-0.2441,lying,Charlotte,small
1785664291.6466622,4399553,0.1313,-0.0024,-0.9995,4.5776,1.1597,-0.061,lying,Charlotte,small
1785664291.6466663,4399603,0.1299,-0.0049,-1.001,4.5166,1.0376,-0.061,lying,Charlotte,small
1785664291.64667,4399653,0.1313,0.0044,-0.9937,4.3945,0.9766,0.0,lying,Charlotte,small
1785664291.646674,4399703,0.1294,0.001,-0.9941,4.4556,1.3428,-0.061,lying,Charlotte,small
1785664291.646678,4399753,0.1318,-0.0068,-1.0049,4.5166,1.4648,-0.3052,lying,Charlotte,small
1785664291.646682,4399803,0.1313,-0.0054,-1.0,4.4556,1.0986,-0.1221,lying,Charlotte,small
1785664292.1892862,4399875,0.1279,0.001,-0.9985,4.3335,1.2207,-0.1221,lying,Charlotte,small
1785664292.189297,4399925,0.1294,0.0,-1.0,4.4556,1.4038,0.061,lying,Charlotte,small
1785664292.1893017,4399975,0.1333,-0.0068,-1.0034,4.4556,1.4038,0.0,lying,Charlotte,small
1785664292.1893067,4400025,0.1309,-0.0059,-0.9985,4.2725,1.2817,-0.3052,lying,Charlotte,small
1785664292.1893108,4400075,0.1289,-0.0103,-0.999,4.3945,1.1597,-0.1221,lying,Charlotte,small
1785664292.1893144,4400125,0.1367,-0.0073,-1.002,4.3335,1.0986,-0.3052,lying,Charlotte,small
1785664292.1893182,4400175,0.1338,-0.0039,-0.998,4.3945,0.9766,-0.2441,lying,Charlotte,small
1785664292.189322,4400225,0.1299,-0.0034,-1.0029,4.3945,1.2207,-0.2441,lying,Charlotte,small
1785664292.189326,4400275,0.1318,-0.0054,-1.0078,4.4556,1.3428,-0.2441,lying,Charlotte,small
1785664292.1893299,4400325,0.1357,-0.0024,-0.999,4.5776,1.0986,-0.061,lying,Charlotte,small
1785664293.1910264,4400410,0.1318,-0.0034,-0.9985,4.4556,1.0376,-0.061,lying,Charlotte,small
1785664293.1910431,4400460,0.1304,-0.0044,-1.0039,4.5166,1.2207,-0.1221,lying,Charlotte,small
1785664293.1910486,4400510,0.1338,-0.0068,-1.0049,4.5776,1.0376,-0.1831,lying,Charlotte,small
1785664293.1910534,4400560,0.1323,-0.0034,-1.0029,4.2114,1.2207,-0.061,lying,Charlotte,small
1785664293.1910572,4400610,0.1338,-0.0063,-0.9976,4.5776,1.0376,-0.1221,lying,Charlotte,small
1785664293.191061,4400660,0.1348,-0.002,-1.001,4.6387,1.0986,-0.061,lying,Charlotte,small
1785664293.1910648,4400710,0.1348,-0.0034,-1.0039,4.5166,1.3428,-0.061,lying,Charlotte,small
1785664293.1910686,4400760,0.1304,-0.0044,-0.9941,4.5166,1.3428,0.0,lying,Charlotte,small
1785664293.1910722,4400810,0.1328,-0.002,-0.9976,4.6387,1.2207,-0.1831,lying,Charlotte,small
1785664293.191076,4400860,0.1279,-0.0039,-0.999,4.4556,1.2207,0.0,lying,Charlotte,small
1785664294.102839,4401412,0.1328,-0.0029,-1.0068,4.5166,1.1597,-0.061,lying,Charlotte,small
1785664294.1028512,4401462,0.1309,-0.0015,-0.999,4.3335,1.2817,-0.1831,lying,Charlotte,small
1785664294.1028569,4401512,0.1357,-0.0078,-1.0063,4.5776,1.3428,0.0,lying,Charlotte,small
1785664294.1028626,4401562,0.1333,-0.0044,-1.0029,4.4556,1.1597,-0.2441,lying,Charlotte,small
1785664294.102867,4401612,0.1343,-0.0068,-1.0024,4.2114,1.3428,-0.1221,lying,Charlotte,small
1785664294.1028707,4401662,0.1304,-0.0068,-1.0034,4.3945,1.3428,-0.3662,lying,Charlotte,small
1785664294.1028745,4401712,0.1333,-0.0049,-1.0005,4.3945,1.1597,-0.1221,lying,Charlotte,small
1785664294.102878,4401762,0.1333,-0.0039,-1.0034,4.4556,1.2207,0.0,lying,Charlotte,small
1785664294.1028812,4401812,0.1357,-0.0063,-1.0039,4.5166,1.2817,-0.061,lying,Charlotte,small
1785664294.102885,4401862,0.1333,-0.0034,-1.0034,4.5166,1.0986,0.061,lying,Charlotte,small
1785664294.6111047,4402324,0.1382,-0.0049,-0.998,4.3945,1.3428,-0.3052,lying,Charlotte,small
1785664294.6111147,4402374,0.1357,-0.0098,-1.0039,4.3945,0.9766,0.061,lying,Charlotte,small
1785664294.6111202,4402424,0.1313,-0.0098,-1.0054,4.4556,1.2817,-0.3662,lying,Charlotte,small
1785664294.6111245,4402474,0.1313,-0.0054,-0.9985,4.2114,1.2817,-0.1221,lying,Charlotte,small
1785664294.6111283,4402524,0.1348,-0.0049,-0.9932,4.4556,1.2207,0.0,lying,Charlotte,small
1785664294.611132,4402574,0.1309,-0.0073,-1.0049,4.3335,1.2817,-0.1221,lying,Charlotte,small
1785664294.611136,4402624,0.1299,-0.001,-1.0005,4.2114,1.0986,0.0,lying,Charlotte,small
1785664294.6111398,4402674,0.1309,-0.0059,-1.0063,4.6387,1.0376,-0.1831,lying,Charlotte,small
1785664294.6111436,4402724,0.1372,-0.0024,-1.002,4.6387,1.1597,0.061,lying,Charlotte,small
1785664294.6111474,4402774,0.1367,-0.001,-1.0044,4.4556,1.0986,-0.1221,lying,Charlotte,small
1785664295.3864677,4402835,0.1362,-0.0005,-0.999,4.3335,1.1597,-0.061,lying,Charlotte,small
1785664295.386475,4402885,0.1299,-0.0049,-1.0015,4.4556,1.3428,-0.1221,lying,Charlotte,small
1785664295.3864791,4402935,0.1309,-0.0078,-1.0049,4.4556,1.1597,0.1221,lying,Charlotte,small
1785664295.3864827,4402985,0.1343,-0.0039,-1.002,4.2725,1.4038,-0.1221,lying,Charlotte,small
1785664295.3864858,4403035,0.1348,0.001,-1.002,4.3335,1.2817,-0.061,lying,Charlotte,small
1785664295.386489,4403085,0.1328,-0.0083,-1.0049,4.5166,0.9155,-0.1221,lying,Charlotte,small
1785664295.3864923,4403135,0.1333,-0.0049,-1.0,4.6997,1.2817,-0.2441,lying,Charlotte,small
1785664295.386495,4403185,0.1343,-0.0039,-0.9995,4.3945,0.9766,0.061,lying,Charlotte,small
1785664295.3864982,4403235,0.1313,-0.002,-1.0044,4.3335,1.2207,-0.1221,lying,Charlotte,small
1785664295.3865013,4403285,0.1309,-0.0024,-1.002,4.2725,1.0376,-0.4272,lying,Charlotte,small
1785664299.526716,4407237,0.1343,-0.002,-0.9951,4.3335,1.1597,0.0,lying,Charlotte,small
1785664299.5267253,4407287,0.1294,-0.0044,-1.0073,4.6387,1.4038,0.0,lying,Charlotte,small
1785664299.5267303,4407337,0.1309,-0.0024,-1.0034,4.4556,1.1597,-0.061,lying,Charlotte,small
1785664299.526735,4407387,0.1362,-0.0054,-0.999,4.5166,1.2817,0.1221,lying,Charlotte,small
1785664299.5267386,4407437,0.1318,-0.0034,-1.0044,4.3945,1.3428,-0.3662,lying,Charlotte,small
1785664299.5267427,4407487,0.1338,-0.0098,-1.0024,4.3945,1.4648,-0.1831,lying,Charlotte,small
1785664299.5267465,4407537,0.1309,-0.0039,-1.001,4.3335,1.2207,-0.061,lying,Charlotte,small
1785664299.5267503,4407587,0.1323,-0.0015,-1.0039,4.3945,1.2207,0.0,lying,Charlotte,small
1785664299.526754,4407637,0.1353,-0.0024,-0.9995,4.4556,1.1597,-0.4272,lying,Charlotte,small
1785664299.5267577,4407687,0.1304,-0.0078,-1.0068,4.6997,1.2207,-0.1831,lying,Charlotte,small
1785664301.4836717,4407748,0.1313,-0.0024,-0.9951,4.1504,1.0376,-0.2441,lying,Charlotte,small
1785664301.4836829,4407798,0.1333,-0.0049,-1.0,4.5166,1.4038,-0.1831,lying,Charlotte,small
1785664301.483687,4407848,0.1348,-0.0024,-0.998,4.4556,0.9766,-0.1831,lying,Charlotte,small
1785664301.4837065,4407898,0.1338,-0.0015,-1.0049,4.2725,1.0986,-0.1221,lying,Charlotte,small
1785664301.4837103,4407948,0.1333,0.0,-1.0073,4.3335,1.0376,0.0,lying,Charlotte,small
1785664301.4837134,4407998,0.1289,0.0005,-1.0073,4.3945,1.1597,-0.2441,lying,Charlotte,small
1785664301.4837162,4408048,0.1323,-0.0063,-0.9976,4.3945,1.0376,-0.061,lying,Charlotte,small
1785664301.4837196,4408098,0.1343,-0.0068,-0.999,4.2725,1.2207,0.0,lying,Charlotte,small
1785664301.4837224,4408148,0.1362,-0.0039,-1.0005,4.3945,1.2207,-0.1221,lying,Charlotte,small
1785664301.4837255,4408198,0.1313,-0.002,-1.001,4.2725,1.1597,-0.1221,lying,Charlotte,small
1785664303.52024,4409708,0.1309,-0.0049,-0.9946,4.5166,1.2207,-0.061,lying,Charlotte,small
1785664303.520257,4409758,0.1357,-0.0068,-1.0078,4.3335,1.3428,-0.1831,lying,Charlotte,small
1785664303.5202625,4409808,0.1289,-0.0068,-1.0015,4.2725,1.1597,-0.061,lying,Charlotte,small
1785664303.5202668,4409858,0.1333,-0.0054,-1.0078,4.5776,1.3428,-0.1831,lying,Charlotte,small
1785664303.5202706,4409908,0.1353,-0.0005,-1.0015,4.5776,1.1597,-0.1831,lying,Charlotte,small
1785664303.5202744,4409958,0.1362,-0.0049,-1.0029,4.5776,1.1597,0.1221,lying,Charlotte,small
1785664303.5202785,4410008,0.1328,-0.0107,-1.0029,4.6387,1.4038,0.061,lying,Charlotte,small
1785664303.520282,4410058,0.1304,-0.0034,-1.0034,4.4556,1.1597,-0.2441,lying,Charlotte,small
1785664303.5202858,4410108,0.1279,-0.0039,-1.0005,4.4556,1.2207,0.0,lying,Charlotte,small
1785664303.5202894,4410158,0.1367,-0.0024,-0.9971,4.3945,1.3428,-0.1221,lying,Charlotte,small
1785664304.548773,4411745,0.1333,-0.0068,-1.0049,4.6387,1.0376,-0.061,lying,Charlotte,small
1785664304.5487902,4411795,0.1348,-0.0039,-1.0063,4.3945,1.0986,0.0,lying,Charlotte,small
1785664304.5487957,4411845,0.1313,-0.0137,-1.0034,4.3335,1.2817,0.1221,lying,Charlotte,small
1785664304.5488,4411895,0.1343,-0.0098,-0.9961,4.3945,1.2207,0.0,lying,Charlotte,small
1785664304.548804,4411945,0.1323,-0.0068,-1.0034,4.5776,1.2207,-0.061,lying,Charlotte,small
1785664304.5488076,4411995,0.1299,-0.002,-1.0044,4.4556,1.0376,0.061,lying,Charlotte,small
1785664304.5488117,4412045,0.1323,-0.0068,-0.9971,4.3335,1.4648,-0.1221,lying,Charlotte,small
1785664304.548816,4412095,0.1309,-0.0068,-0.9937,4.3945,1.0986,0.061,lying,Charlotte,small
1785664304.5488195,4412145,0.1353,-0.0054,-1.0,4.4556,0.9766,-0.061,lying,Charlotte,small
1785664304.548823,4412195,0.1294,-0.0005,-1.0059,4.4556,1.2207,-0.1831,lying,Charlotte,small
1785664308.3384757,4412768,0.1323,-0.0063,-1.002,4.2725,1.4038,-0.1221,lying,Charlotte,small
1785664308.3384886,4412818,0.1313,-0.0073,-1.0029,4.3945,1.2207,-0.061,lying,Charlotte,small
1785664308.3384936,4412868,0.1304,-0.0015,-0.9971,4.3945,1.1597,-0.3052,lying,Charlotte,small
1785664308.3384984,4412918,0.1367,-0.0034,-1.002,4.3945,1.1597,-0.1221,lying,Charlotte,small
1785664308.3385024,4412968,0.1328,-0.0054,-0.999,4.3945,1.2207,-0.2441,lying,Charlotte,small
1785664308.338506,4413018,0.1348,-0.0093,-1.0034,4.4556,1.1597,-0.4272,lying,Charlotte,small
1785664308.33851,4413068,0.1348,-0.0039,-1.0039,4.5166,1.2207,0.061,lying,Charlotte,small
1785664308.338514,4413118,0.1343,-0.0034,-1.002,4.3945,0.8545,-0.1831,lying,Charlotte,small
1785664308.3385177,4413168,0.1318,-0.0049,-0.9946,4.5776,1.1597,-0.061,lying,Charlotte,small
1785664308.3385212,4413218,0.1357,-0.0029,-1.0044,4.3945,1.3428,-0.061,lying,Charlotte,small
1785664309.5708876,4416560,0.1318,-0.0029,-1.0054,4.5776,1.2817,-0.1831,lying,Charlotte,small
1785664309.5708992,4416610,0.1353,-0.0029,-1.0034,4.5166,1.2817,-0.2441,lying,Charlotte,small
1785664309.5709045,4416660,0.1333,-0.0059,-1.0063,4.2725,1.1597,-0.1221,lying,Charlotte,small
1785664309.570909,4416710,0.1318,-0.0073,-1.0059,4.3945,1.0986,0.0,lying,Charlotte,small
1785664309.5709128,4416760,0.1328,-0.0029,-0.9961,4.2114,1.0986,0.0,lying,Charlotte,small
1785664309.5709167,4416810,0.1309,-0.0054,-0.9951,4.3945,1.0986,-0.1221,lying,Charlotte,small
1785664309.5709207,4416860,0.1323,-0.0049,-1.0049,4.5166,1.0986,-0.2441,lying,Charlotte,small
1785664309.5709245,4416910,0.1343,-0.0015,-0.9951,4.3335,1.2817,-0.1221,lying,Charlotte,small
1785664309.5709283,4416960,0.1304,-0.0044,-1.0015,4.5166,1.1597,-0.061,lying,Charlotte,small
1785664309.5709321,4417010,0.1387,-0.0068,-1.001,4.2114,0.9766,-0.061,lying,Charlotte,small
1785664310.0891178,4417794,0.1318,-0.019,-0.9937,4.8218,1.5869,-0.1831,lying,Charlotte,small
1785664310.0891285,4417844,0.1294,-0.0068,-1.0161,4.1504,1.1597,0.2441,lying,Charlotte,small
1785664310.0891335,4417894,0.1299,-0.0063,-0.9883,4.6387,1.3428,-0.1831,lying,Charlotte,small
1785664310.0891383,4417944,0.1318,-0.002,-1.002,4.2725,1.0986,-0.1221,lying,Charlotte,small
1785664310.0891423,4417994,0.1353,-0.002,-1.0054,4.6387,1.0376,0.1221,lying,Charlotte,small
1785664310.0891464,4418044,0.1323,-0.0073,-1.0049,4.6387,1.3428,-0.5493,lying,Charlotte,small
1785664310.089151,4418094,0.1362,-0.0098,-1.0015,4.3945,1.2207,-0.2441,lying,Charlotte,small
1785664310.0891547,4418144,0.1338,-0.0029,-1.0024,4.3335,1.3428,-0.1221,lying,Charlotte,small
1785664310.0891583,4418194,0.1343,-0.0005,-1.0093,4.3945,1.2207,-0.2441,lying,Charlotte,small
1785664310.0891626,4418244,0.1333,-0.0088,-0.999,4.3945,1.2817,0.1221,lying,Charlotte,small
1785664311.0038867,4418307,0.1362,-0.0122,-0.9976,4.5776,1.5869,0.0,lying,Charlotte,small
1785664311.0039043,4418357,0.1353,-0.0044,-1.0,4.6387,1.2207,-0.3662,lying,Charlotte,small
1785664311.0039096,4418407,0.1348,-0.002,-0.9966,4.5166,1.2207,-0.1221,lying,Charlotte,small
1785664311.0039139,4418457,0.1323,-0.0059,-1.0049,4.5166,1.0986,-0.2441,lying,Charlotte,small
1785664311.0039182,4418507,0.1299,-0.0054,-1.0029,4.6387,1.2817,-0.1221,lying,Charlotte,small
1785664311.0039222,4418557,0.1333,-0.0063,-0.9985,4.2725,1.0986,-0.2441,lying,Charlotte,small
1785664311.003926,4418607,0.1313,-0.0049,-1.0024,4.4556,1.2817,-0.2441,lying,Charlotte,small
1785664311.0039296,4418657,0.1338,-0.0063,-0.998,4.5166,1.1597,-0.3052,lying,Charlotte,small
1785664311.0039334,4418707,0.1333,-0.0068,-1.002,4.4556,1.2817,-0.061,lying,Charlotte,small
1785664311.003937,4418757,0.1309,-0.0063,-0.9966,4.3945,1.4038,0.0,lying,Charlotte,small
1785664312.0226488,4419224,0.1353,-0.0029,-1.0034,4.4556,1.1597,-0.1831,lying,Charlotte,small
1785664312.0226614,4419274,0.1318,-0.0059,-1.0024,4.4556,1.4038,-0.1221,lying,Charlotte,small
1785664312.0226667,4419324,0.1343,-0.0068,-1.0073,4.4556,1.1597,0.0,lying,Charlotte,small
1785664312.0226712,4419374,0.1338,-0.0088,-1.0029,4.4556,1.2207,-0.061,lying,Charlotte,small
1785664312.0226753,4419424,0.1313,-0.0063,-1.0,4.3945,1.2817,-0.3052,lying,Charlotte,small
1785664312.022679,4419474,0.1348,-0.0078,-1.0024,4.2725,1.2207,-0.3052,lying,Charlotte,small
1785664312.022683,4419524,0.1313,-0.0044,-1.0029,4.2114,1.1597,-0.2441,lying,Charlotte,small
1785664312.0226867,4419574,0.1353,-0.0068,-1.0,4.4556,1.2207,0.0,lying,Charlotte,small
1785664312.02269,4419624,0.1328,0.001,-1.0015,4.5776,1.0986,-0.061,lying,Charlotte,small
1785664312.022694,4419674,0.1333,-0.0054,-1.0044,4.3945,1.1597,-0.061,lying,Charlotte,small
1785664315.098075,4420249,0.1333,-0.0034,-0.9976,4.6997,0.9766,-0.2441,lying,Charlotte,small
1785664315.0980906,4420299,0.1338,-0.0039,-1.0005,4.5776,1.1597,-0.2441,lying,Charlotte,small
1785664315.0980985,4420349,0.1309,-0.0029,-1.0049,4.4556,1.1597,0.1221,lying,Charlotte,small
1785664315.0981054,4420399,0.1323,-0.0054,-1.0059,4.6387,1.2207,0.061,lying,Charlotte,small
1785664315.0981126,4420449,0.1357,0.0005,-1.0,4.4556,1.2817,-0.1831,lying,Charlotte,small
1785664315.0981197,4420499,0.1313,-0.0063,-0.9976,4.4556,1.4038,0.061,lying,Charlotte,small
1785664315.098127,4420549,0.1362,-0.002,-1.002,4.3335,1.3428,0.0,lying,Charlotte,small
1785664315.0981336,4420599,0.1362,-0.0103,-1.0034,4.3945,1.1597,-0.3662,lying,Charlotte,small
1785664315.09814,4420649,0.1313,-0.0034,-1.0029,4.5166,1.3428,-0.061,lying,Charlotte,small
1785664315.0981457,4420699,0.1323,-0.0049,-1.001,4.4556,1.0986,-0.1831,lying,Charlotte,small
1785664315.6232152,4423324,0.1328,-0.0059,-1.0015,4.4556,1.1597,-0.3052,lying,Charlotte,small
1785664315.623225,4423374,0.1338,-0.0068,-1.0015,4.4556,1.1597,0.1221,lying,Charlotte,small
1785664315.6232302,4423424,0.1304,-0.0044,-1.002,4.5776,1.2817,0.1221,lying,Charlotte,small
1785664315.6232347,4423474,0.1343,-0.0039,-0.999,4.4556,1.1597,-0.1831,lying,Charlotte,small
1785664315.6232388,4423524,0.1357,-0.0044,-1.0039,4.5776,1.2817,0.0,lying,Charlotte,small
1785664315.6232424,4423574,0.1333,-0.0103,-1.0015,4.6387,1.0986,0.061,lying,Charlotte,small
1785664315.6232471,4423624,0.1328,-0.0059,-0.999,4.5166,1.0986,0.0,lying,Charlotte,small
1785664315.6232507,4423674,0.1353,-0.0015,-1.0034,4.4556,1.1597,-0.3052,lying,Charlotte,small
1785664315.6232548,4423724,0.1353,-0.0005,-1.0024,4.5166,0.9766,0.0,lying,Charlotte,small
1785664315.6232586,4423774,0.1313,-0.0029,-0.998,4.5166,1.2207,-0.3662,lying,Charlotte,small
1785664316.146008,4423848,0.1338,0.0,-0.9995,4.3335,1.0376,0.061,lying,Charlotte,small
1785664316.1460235,4423898,0.1328,0.0073,-1.0054,4.6997,1.2207,-0.1831,lying,Charlotte,small
1785664316.1460288,4423948,0.1343,-0.0078,-1.0024,4.3945,1.1597,-0.1221,lying,Charlotte,small
1785664316.1460335,4423998,0.1338,-0.0039,-1.0,4.6997,1.0986,0.0,lying,Charlotte,small
1785664316.146037,4424048,0.1357,-0.0107,-1.0044,4.5166,1.0376,0.061,lying,Charlotte,small
1785664316.146041,4424098,0.1299,-0.0005,-1.0015,4.5776,1.3428,0.0,lying,Charlotte,small
1785664316.1460452,4424148,0.1328,-0.0034,-1.0029,4.2114,1.2817,-0.1221,lying,Charlotte,small
1785664316.1460493,4424198,0.1377,-0.0088,-1.002,4.3945,1.0376,-0.2441,lying,Charlotte,small
1785664316.1460528,4424248,0.1338,-0.0024,-1.0005,4.3945,1.2207,-0.3052,lying,Charlotte,small
1785664316.1460564,4424298,0.1343,-0.0049,-0.9917,4.5776,1.2817,-0.3052,lying,Charlotte,small
1785664317.4630575,4424370,0.1348,-0.0044,-1.0083,4.3945,1.3428,-0.2441,lying,Charlotte,small
1785664317.4630702,4424420,0.1333,-0.0059,-1.0044,4.6997,1.2207,-0.1831,lying,Charlotte,small
1785664317.4630754,4424470,0.1333,0.001,-0.9971,4.4556,1.0376,-0.061,lying,Charlotte,small
1785664317.4630802,4424520,0.1289,-0.002,-1.0054,4.3945,1.4038,-0.1221,lying,Charlotte,small
1785664317.4630842,4424570,0.1372,-0.0044,-0.9971,4.3335,1.2207,-0.1831,lying,Charlotte,small
1785664317.463088,4424620,0.1343,-0.0039,-1.0015,4.8218,1.2207,-0.1221,lying,Charlotte,small
1785664317.4630923,4424670,0.1323,-0.0078,-1.0029,4.5776,1.2207,-0.1221,lying,Charlotte,small
1785664317.463096,4424720,0.1348,-0.0024,-1.0039,4.4556,1.2207,-0.1221,lying,Charlotte,small
1785664317.4630992,4424770,0.1348,0.001,-1.001,4.6387,1.0986,0.1221,lying,Charlotte,small
1785664317.463103,4424820,0.1348,-0.0107,-0.9961,4.4556,1.3428,-0.1221,lying,Charlotte,small
1785664320.7392163,4425682,0.1323,-0.0044,-0.998,4.3945,1.1597,0.1221,lying,Charlotte,small
1785664320.7392263,4425732,0.1328,-0.0039,-1.002,4.4556,1.2207,-0.1221,lying,Charlotte,small
1785664320.7392318,4425782,0.1362,-0.0054,-1.001,4.6387,1.5259,-0.1831,lying,Charlotte,small
1785664320.739236,4425832,0.1362,-0.0073,-1.0083,4.3945,1.0986,-0.1221,lying,Charlotte,small
1785664320.73924,4425882,0.1343,-0.0029,-1.0039,4.2725,1.1597,-0.3052,lying,Charlotte,small
1785664320.7392437,4425932,0.1299,-0.0029,-1.0034,4.5166,1.0986,-0.061,lying,Charlotte,small
1785664320.7392476,4425982,0.1304,-0.0059,-1.0015,4.4556,1.0376,0.1221,lying,Charlotte,small
1785664320.7392514,4426032,0.1367,-0.0024,-1.0088,4.4556,1.0376,0.061,lying,Charlotte,small
1785664320.739255,4426082,0.1313,-0.0054,-1.0015,4.3945,1.1597,-0.1221,lying,Charlotte,small
1785664320.7392588,4426132,0.1299,-0.0044,-1.0029,4.5166,0.9155,-0.1221,lying,Charlotte,small
1785664324.20254,4428957,0.1333,-0.0059,-0.998,4.3945,1.1597,-0.1831,lying,Charlotte,small
1785664324.2025552,4429007,0.1348,-0.0024,-1.0088,4.6997,1.1597,-0.2441,lying,Charlotte,small
1785664324.2025614,4429057,0.1328,-0.0063,-1.0034,4.4556,1.4648,-0.1831,lying,Charlotte,small
1785664324.202566,4429107,0.1333,-0.0029,-1.0039,4.3945,1.2817,-0.061,lying,Charlotte,small
1785664324.2025697,4429157,0.1338,-0.0044,-0.9961,4.4556,1.0986,-0.1221,lying,Charlotte,small
1785664324.2025738,4429207,0.1313,-0.0068,-1.0039,4.5776,1.1597,-0.2441,lying,Charlotte,small
1785664324.2025776,4429257,0.1333,-0.0034,-1.0054,4.3335,1.4648,0.1221,lying,Charlotte,small
1785664324.2025814,4429307,0.1299,-0.0029,-1.0039,4.5166,1.1597,-0.1831,lying,Charlotte,small
1785664324.202585,4429357,0.1289,-0.0049,-1.0015,4.5166,0.9766,-0.3052,lying,Charlotte,small
1785664324.202589,4429407,0.1313,-0.0083,-1.0049,4.5776,1.2207,-0.2441,lying,Charlotte,small
1785664325.1264622,4432420,0.1338,-0.0068,-0.9932,4.5166,1.3428,-0.1221,lying,Charlotte,small
1785664325.1264787,4432470,0.1304,-0.0073,-0.999,4.4556,1.0376,-0.2441,lying,Charlotte,small
1785664325.126484,4432520,0.1338,-0.0059,-1.0039,4.5166,1.2817,-0.061,lying,Charlotte,small
1785664325.1264887,4432570,0.1343,-0.0049,-1.0015,4.3335,1.1597,-0.4272,lying,Charlotte,small
1785664325.1264925,4432620,0.1333,0.0,-1.0024,4.2725,1.0986,-0.061,lying,Charlotte,small
1785664325.1264966,4432670,0.1353,-0.0059,-1.0015,4.2725,1.1597,-0.1221,lying,Charlotte,small
1785664325.1265004,4432720,0.1304,-0.0068,-1.0054,4.4556,1.1597,0.061,lying,Charlotte,small
1785664325.1265042,4432770,0.1333,-0.0044,-0.9922,4.4556,0.9155,-0.2441,lying,Charlotte,small
1785664325.1265078,4432820,0.1309,-0.0068,-1.0068,4.3945,1.2817,-0.061,lying,Charlotte,small
1785664325.1265113,4432870,0.1333,-0.0063,-1.0068,4.3945,1.4038,-0.3052,lying,Charlotte,small
1785664327.0229132,4433346,0.1313,-0.0024,-1.0068,4.4556,1.4038,-0.3052,lying,Charlotte,small
1785664327.0229294,4433396,0.1313,-0.0054,-1.0083,4.5166,1.4648,0.2441,lying,Charlotte,small
1785664327.0229335,4433446,0.1328,-0.0059,-1.0049,4.2725,1.2207,-0.1831,lying,Charlotte,small
1785664327.0229368,4433496,0.1372,-0.0088,-1.0015,4.5166,1.4038,-0.1831,lying,Charlotte,small
1785664327.0229402,4433546,0.1333,-0.0044,-0.9971,4.4556,1.4038,0.1221,lying,Charlotte,small
1785664327.022943,4433596,0.1338,-0.0068,-1.0059,4.4556,1.2817,-0.2441,lying,Charlotte,small
1785664327.0229461,4433646,0.1299,-0.001,-1.0005,4.5166,1.3428,0.1221,lying,Charlotte,small
1785664327.0229495,4433696,0.1353,-0.0034,-0.9966,4.8218,1.2207,0.0,lying,Charlotte,small
1785664327.0229526,4433746,0.1328,-0.0054,-1.0034,4.5776,0.9766,-0.3052,lying,Charlotte,small
1785664327.022956,4433796,0.1313,-0.0078,-1.001,4.3945,1.3428,-0.3052,lying,Charlotte,small
1785664327.5628765,4435248,0.1357,-0.0049,-0.9966,4.3335,1.1597,-0.3052,lying,Charlotte,small
1785664327.562887,4435298,0.1338,-0.0005,-0.9995,4.2114,1.2207,-0.2441,lying,Charlotte,small
1785664327.562892,4435348,0.1333,-0.0049,-1.001,4.3945,1.3428,-0.1831,lying,Charlotte,small
1785664327.5628967,4435398,0.1372,-0.0063,-0.9966,4.3335,1.4648,-0.061,lying,Charlotte,small
1785664327.5629005,4435448,0.1309,-0.0029,-1.0024,4.3945,1.1597,0.061,lying,Charlotte,small
1785664327.5629046,4435498,0.1348,-0.0049,-0.9995,4.4556,1.0986,-0.2441,lying,Charlotte,small
1785664327.5629084,4435548,0.1309,-0.0049,-1.0029,4.5166,1.2817,-0.1221,lying,Charlotte,small
1785664327.562912,4435598,0.1313,-0.0044,-1.0024,4.2725,1.0376,-0.2441,lying,Charlotte,small
1785664327.562916,4435648,0.1323,0.0015,-0.998,4.5776,1.2207,-0.1221,lying,Charlotte,small
1785664327.5629199,4435698,0.1377,-0.0059,-0.9985,4.3335,1.1597,-0.1831,lying,Charlotte,small
1785664328.4408395,4436110,0.1299,-0.0034,-0.9995,4.4556,1.2207,0.061,lying,Charlotte,small
1785664328.4408498,4436160,0.1328,-0.0034,-0.9946,4.5166,1.2207,-0.1221,lying,Charlotte,small
1785664328.4408553,4436210,0.1348,-0.0078,-0.998,4.5776,1.3428,0.0,lying,Charlotte,small
1785664328.4408593,4436260,0.1313,-0.0039,-1.001,4.3945,1.2817,-0.1831,lying,Charlotte,small
1785664328.4408634,4436310,0.1343,-0.0059,-1.0049,4.4556,1.0986,-0.061,lying,Charlotte,small
1785664328.4408672,4436360,0.1309,-0.0015,-1.0015,4.4556,1.1597,-0.1221,lying,Charlotte,small
1785664328.4408715,4436410,0.1309,-0.0029,-0.9946,4.5166,1.2207,-0.1831,lying,Charlotte,small
1785664328.4408753,4436460,0.1338,-0.0068,-1.0054,4.4556,1.2207,-0.2441,lying,Charlotte,small
1785664328.4408789,4436510,0.1367,-0.0054,-1.001,4.3945,1.0986,0.061,lying,Charlotte,small
1785664328.4408827,4436560,0.1362,-0.002,-1.0029,4.3945,1.2817,-0.061,lying,Charlotte,small
1785664330.041898,4437234,0.1353,-0.0029,-1.0083,4.3335,1.0986,0.061,lying,Charlotte,small
1785664330.0419102,4437284,0.1328,-0.0063,-1.0015,4.4556,1.1597,-0.5493,lying,Charlotte,small
1785664330.0419157,4437334,0.1289,-0.0039,-1.001,4.3945,1.2817,0.0,lying,Charlotte,small
1785664330.04192,4437384,0.1313,-0.0039,-1.0044,4.4556,1.2817,0.0,lying,Charlotte,small
1785664330.041924,4437434,0.1343,-0.0103,-0.9976,4.3945,1.4038,-0.061,lying,Charlotte,small
1785664330.041928,4437484,0.1304,-0.0068,-1.0024,4.2725,1.4038,-0.1831,lying,Charlotte,small
1785664330.041932,4437534,0.1357,-0.0049,-0.9966,4.5166,1.2207,-0.4272,lying,Charlotte,small
1785664330.041936,4437584,0.1343,-0.0059,-1.0005,4.5776,1.2207,0.061,lying,Charlotte,small
1785664330.0419393,4437634,0.1333,-0.0078,-1.0034,4.5166,1.3428,-0.1221,lying,Charlotte,small
1785664330.0419428,4437684,0.1338,-0.0078,-0.9995,4.2114,1.0376,0.0,lying,Charlotte,small
1785664331.4803102,4438260,0.1309,-0.0088,-1.0063,4.5776,1.1597,0.0,lying,Charlotte,small
1785664331.4803264,4438310,0.1318,-0.0073,-1.0063,4.6387,1.2207,-0.3052,lying,Charlotte,small
1785664331.4803317,4438360,0.1333,-0.002,-1.0,4.5166,1.1597,0.3662,lying,Charlotte,small
1785664331.4803362,4438410,0.1318,0.0005,-1.002,4.5166,1.2207,-0.3662,lying,Charlotte,small
1785664331.4803402,4438460,0.1318,-0.0029,-1.0034,4.4556,1.4038,-0.061,lying,Charlotte,small
1785664331.4803443,4438510,0.1328,-0.0034,-1.0024,4.4556,1.4648,-0.3662,lying,Charlotte,small
1785664331.480348,4438560,0.1304,-0.0034,-1.001,4.5776,1.1597,0.1221,lying,Charlotte,small
1785664331.4803517,4438610,0.1318,-0.0024,-1.0024,4.4556,1.2817,-0.2441,lying,Charlotte,small
1785664331.4803555,4438660,0.1357,-0.0049,-1.002,4.2725,1.4038,0.1221,lying,Charlotte,small
1785664331.4803593,4438710,0.1304,-0.0024,-1.0054,4.6387,1.2207,0.061,lying,Charlotte,small
1785664331.999937,4439703,0.1318,-0.0073,-1.0044,4.5166,1.0986,-0.2441,lying,Charlotte,small
1785664331.9999466,4439753,0.1323,-0.0044,-1.0015,4.5776,1.4038,-0.3662,lying,Charlotte,small
1785664331.9999516,4439803,0.1328,-0.0029,-1.0068,4.3335,1.1597,0.0,lying,Charlotte,small
1785664331.999956,4439853,0.1299,-0.0063,-1.0039,4.5166,1.2207,-0.3662,lying,Charlotte,small
1785664331.99996,4439903,0.1353,-0.0029,-1.0005,4.4556,1.2207,0.061,lying,Charlotte,small
1785664331.999964,4439953,0.1357,-0.0112,-1.0068,4.4556,1.0986,-0.2441,lying,Charlotte,small
1785664331.999968,4440003,0.1338,-0.0098,-0.9995,4.2114,1.2207,-0.061,lying,Charlotte,small
1785664331.9999716,4440053,0.1367,-0.0049,-1.0005,4.5166,1.0986,-0.1831,lying,Charlotte,small
1785664331.9999754,4440103,0.1313,-0.001,-1.0034,4.3945,1.0376,0.0,lying,Charlotte,small
1785664331.9999793,4440153,0.1313,-0.0054,-1.0073,4.3335,1.0986,0.0,lying,Charlotte,small
1785664332.523876,4440225,0.1348,-0.0024,-1.0073,4.2725,1.1597,-0.3052,lying,Charlotte,small
1785664332.5238853,4440275,0.1343,-0.0098,-1.0005,4.5166,1.0986,-0.3662,lying,Charlotte,small
1785664332.5238893,4440325,0.1309,-0.0024,-0.999,4.5776,1.2817,-0.1221,lying,Charlotte,small
1785664332.5238929,4440375,0.1309,-0.0059,-1.002,4.5166,1.1597,-0.1831,lying,Charlotte,small
1785664332.5238962,4440425,0.1318,-0.0093,-1.0059,4.4556,1.2817,-0.1831,lying,Charlotte,small
1785664332.523899,4440475,0.1343,-0.0117,-1.001,4.4556,1.4038,-0.1221,lying,Charlotte,small
1785664332.5239024,4440525,0.1343,-0.0029,-1.0088,4.5166,1.2207,-0.2441,lying,Charlotte,small
1785664332.5239205,4440575,0.1362,-0.0034,-1.0015,4.6387,1.2207,-0.4272,lying,Charlotte,small
1785664332.523924,4440625,0.1353,-0.0024,-1.0039,4.2114,1.2817,-0.1221,lying,Charlotte,small
1785664332.523927,4440675,0.1333,-0.0068,-1.0073,4.5166,1.2207,-0.1221,lying,Charlotte,small
1785664333.393909,4440747,0.1318,-0.0005,-1.002,4.3335,1.2817,-0.1831,lying,Charlotte,small
1785664333.3939185,4440797,0.1299,-0.0029,-1.0015,4.3945,1.1597,0.061,lying,Charlotte,small
1785664333.3939247,4440847,0.1333,-0.0059,-0.9971,4.4556,1.2817,0.061,lying,Charlotte,small
1785664333.39393,4440897,0.1357,-0.0054,-1.0024,4.2114,1.0376,-0.3052,lying,Charlotte,small
1785664333.3939352,4440947,0.1338,-0.0005,-1.0005,4.2725,1.2817,-0.061,lying,Charlotte,small
1785664333.3939404,4440997,0.1343,-0.0044,-1.0088,4.5166,1.1597,-0.4883,lying,Charlotte,small
1785664333.3939457,4441047,0.1328,-0.0029,-1.0024,4.6387,1.0986,0.061,lying,Charlotte,small
1785664333.3939507,4441097,0.1333,-0.0093,-0.9917,4.5166,1.4038,-0.2441,lying,Charlotte,small
1785664333.393956,4441147,0.1343,-0.002,-1.0059,4.5776,1.2207,0.061,lying,Charlotte,small
1785664333.3939607,4441197,0.1343,-0.0049,-0.9985,4.6387,1.3428,-0.1221,lying,Charlotte,small
1785664334.6569211,4442361,0.1323,-0.002,-1.0063,4.6387,0.9766,-0.1221,lying,Charlotte,small
1785664334.6569312,4442411,0.1328,-0.0078,-1.0034,4.5776,1.4648,-0.3662,lying,Charlotte,small
1785664334.6569362,4442461,0.1309,-0.0005,-0.999,4.3945,0.9766,-0.061,lying,Charlotte,small
1785664334.6569414,4442511,0.1338,-0.0029,-1.0073,4.3945,1.2817,-0.1831,lying,Charlotte,small
1785664334.6569452,4442561,0.1318,-0.0034,-1.0034,4.2725,1.0376,0.3052,lying,Charlotte,small
1785664334.656949,4442611,0.1367,-0.0083,-0.9995,4.3335,1.0376,0.0,lying,Charlotte,small
1785664334.6569526,4442661,0.1333,-0.0044,-0.998,4.6387,1.1597,0.061,lying,Charlotte,small
1785664334.6569567,4442711,0.1299,-0.0044,-1.001,4.3335,1.3428,-0.2441,lying,Charlotte,small
1785664334.6569605,4442761,0.1328,-0.0063,-0.9995,4.3335,1.3428,-0.3052,lying,Charlotte,small
1785664334.6569643,4442811,0.1304,-0.0059,-1.0,4.1504,1.2817,-0.1831,lying,Charlotte,small
1785664335.3963144,4442882,0.1377,-0.0083,-1.001,4.0894,1.1597,-0.1831,lying,Charlotte,small
1785664335.3963213,4442932,0.1348,-0.0049,-1.0059,4.4556,1.1597,-0.5493,lying,Charlotte,small
1785664335.396325,4442982,0.1343,-0.0059,-0.9961,4.3945,1.2817,-0.1221,lying,Charlotte,small
1785664335.3963287,4443032,0.1304,-0.0005,-1.002,4.2114,1.0376,-0.1831,lying,Charlotte,small
1785664335.3963323,4443082,0.1318,-0.0049,-1.0044,4.5166,0.9766,-0.1831,lying,Charlotte,small
1785664335.3963354,4443132,0.1377,-0.0088,-1.0039,4.3335,1.0986,-0.1221,lying,Charlotte,small
1785664335.3963385,4443182,0.1289,-0.0098,-1.0024,4.1504,1.3428,-0.2441,lying,Charlotte,small
1785664335.3963416,4443232,0.1372,-0.0059,-1.0054,4.3335,1.2817,0.0,lying,Charlotte,small
1785664335.3963444,4443282,0.1357,-0.0083,-1.0049,4.4556,1.2817,0.061,lying,Charlotte,small
1785664335.3963473,4443332,0.1318,-0.002,-0.998,4.6387,1.2817,-0.1221,lying,Charlotte,small
1785664336.804235,4444505,0.1299,0.0005,-1.0015,4.4556,1.0376,-0.1221,lying,Charlotte,small
1785664336.8042452,4444555,0.1328,-0.0049,-1.0034,4.5166,1.0376,0.0,lying,Charlotte,small
1785664336.8042505,4444605,0.1333,0.001,-0.9995,4.6387,1.2817,-0.2441,lying,Charlotte,small
1785664336.8042552,4444655,0.1299,-0.0044,-0.999,4.3945,1.2817,-0.1221,lying,Charlotte,small
1785664336.8042593,4444705,0.1343,-0.0103,-1.0024,4.3335,1.1597,-0.1831,lying,Charlotte,small
1785664336.804263,4444755,0.1338,-0.0068,-0.999,4.3945,1.2817,-0.3662,lying,Charlotte,small
1785664336.8042667,4444805,0.1294,-0.0088,-1.0039,4.3945,1.1597,-0.2441,lying,Charlotte,small
1785664336.8042705,4444855,0.1353,-0.0078,-1.0078,4.5166,1.3428,-0.2441,lying,Charlotte,small
1785664336.8042738,4444905,0.1372,-0.0088,-1.0024,4.3945,1.1597,0.061,lying,Charlotte,small
1785664336.8042774,4444955,0.1309,-0.0107,-0.9971,4.3945,1.2817,-0.3052,lying,Charlotte,small
1785664337.3903308,4445023,0.1323,0.0,-1.002,4.5776,1.2817,0.2441,lying,Charlotte,small
1785664337.3903384,4445073,0.1348,-0.0039,-1.0034,4.3335,1.0986,0.0,lying,Charlotte,small
1785664337.390342,4445123,0.1299,-0.0044,-1.001,4.3945,1.5259,-0.3662,lying,Charlotte,small
1785664337.3903456,4445173,0.1318,-0.0073,-1.0049,4.5166,1.2817,-0.061,lying,Charlotte,small
1785664337.390349,4445223,0.1328,-0.0059,-0.998,4.4556,0.9766,-0.3662,lying,Charlotte,small
1785664337.3903518,4445273,0.1338,-0.0063,-1.0,4.6387,1.0986,0.0,lying,Charlotte,small
1785664337.3903546,4445323,0.1328,-0.002,-0.9985,4.3335,1.1597,-0.2441,lying,Charlotte,small
1785664337.3903575,4445373,0.1333,-0.0093,-0.999,4.4556,1.0986,-0.1221,lying,Charlotte,small
1785664337.3903604,4445423,0.1289,0.0005,-1.0049,4.5776,1.0376,0.1831,lying,Charlotte,small
1785664337.3903637,4445473,0.1309,-0.0068,-1.0005,4.6997,1.1597,-0.2441,lying,Charlotte,small
1785664338.8547351,4445614,0.1362,-0.0063,-1.0063,4.3945,1.3428,0.0,lying,Charlotte,small
1785664338.854749,4445664,0.1353,-0.0068,-1.002,4.4556,1.2207,-0.1221,lying,Charlotte,small
1785664338.854755,4445714,0.1323,-0.0049,-1.0015,4.2725,1.0376,-0.1221,lying,Charlotte,small
1785664338.8547604,4445764,0.1333,-0.0039,-1.001,4.5166,1.1597,-0.4272,lying,Charlotte,small
1785664338.8547657,4445814,0.1323,-0.0068,-1.0029,4.2114,1.2817,0.0,lying,Charlotte,small
1785664338.8547704,4445864,0.1328,-0.002,-1.0059,4.2725,0.9766,0.061,lying,Charlotte,small
1785664338.854776,4445914,0.1333,-0.0039,-0.998,4.6387,1.2207,-0.1221,lying,Charlotte,small
1785664338.8547807,4445964,0.1377,-0.0073,-1.0005,4.2114,1.2817,-0.2441,lying,Charlotte,small
1785664338.8547852,4446014,0.1353,-0.0156,-1.0024,4.3335,1.3428,0.0,lying,Charlotte,small
1785664338.85479,4446064,0.1294,0.0083,-0.9971,4.5166,1.5259,-0.1221,lying,Charlotte,small
1785664339.3894043,4447076,0.1338,-0.0049,-0.9961,4.3335,1.2817,-0.4272,lying,Charlotte,small
1785664339.3894134,4447126,0.1313,-0.0049,-1.0024,4.3335,1.0376,0.0,lying,Charlotte,small
1785664339.389418,4447176,0.1318,-0.002,-1.0024,4.3335,1.1597,-0.3052,lying,Charlotte,small
1785664339.3894224,4447226,0.1318,-0.0088,-0.9985,4.5776,0.9155,-0.1221,lying,Charlotte,small
1785664339.3894258,4447276,0.1353,-0.0024,-1.0,4.5166,1.1597,-0.5493,lying,Charlotte,small
1785664339.3894284,4447326,0.1323,-0.0039,-1.0,4.3945,1.4038,-0.1831,lying,Charlotte,small
1785664339.3894315,4447376,0.1392,-0.0034,-1.001,4.5166,0.9766,0.2441,lying,Charlotte,small
1785664339.3894346,4447426,0.1323,-0.0029,-0.9995,4.5166,1.2207,-0.3052,lying,Charlotte,small
1785664339.3894374,4447476,0.1318,-0.0068,-0.999,4.6387,1.0376,-0.1221,lying,Charlotte,small
1785664339.3894405,4447526,0.1323,-0.0063,-1.002,4.3945,1.0986,-0.2441,lying,Charlotte,small
1785664339.9109364,4447608,0.1318,-0.002,-1.0073,4.4556,1.1597,-0.3052,lying,Charlotte,small
1785664339.9109464,4447658,0.1328,-0.0063,-1.001,4.2114,1.2207,-0.1831,lying,Charlotte,small
1785664339.9109514,4447708,0.1357,-0.0107,-0.9966,4.3335,1.4038,-0.2441,lying,Charlotte,small
1785664339.9109557,4447758,0.1328,-0.0083,-1.0015,4.5166,1.0376,-0.3052,lying,Charlotte,small
1785664339.91096,4447808,0.1294,0.0005,-0.9961,4.2725,1.2817,-0.1221,lying,Charlotte,small
1785664339.9109643,4447858,0.1318,-0.0063,-1.001,4.5166,1.3428,-0.1221,lying,Charlotte,small
1785664339.9109683,4447908,0.1299,-0.0073,-1.0024,4.3335,1.0376,-0.1221,lying,Charlotte,small
1785664339.910972,4447958,0.127,0.001,-0.9995,4.3335,1.1597,0.0,lying,Charlotte,small
1785664339.9109762,4448008,0.1362,0.0049,-1.0049,4.3335,1.0986,-0.061,lying,Charlotte,small
1785664339.91098,4448058,0.1353,-0.0024,-1.0098,4.5166,1.0986,-0.1831,lying,Charlotte,small
1785664340.4272282,4448129,0.1289,0.0166,-0.9961,4.4556,0.9766,0.3052,lying,Charlotte,small
1785664340.4272382,4448179,0.1323,-0.0039,-1.0103,4.2114,1.3428,-0.1221,lying,Charlotte,small
1785664340.4272437,4448229,0.1377,-0.0088,-1.0063,4.6387,1.5259,0.1221,lying,Charlotte,small
1785664340.4272482,4448279,0.1357,-0.0015,-1.0005,4.3945,1.2817,-0.3662,lying,Charlotte,small
1785664340.4272525,4448329,0.1299,0.0,-0.9995,4.3945,1.0986,-0.1831,lying,Charlotte,small
1785664340.4272566,4448379,0.1323,-0.0088,-1.001,4.4556,1.2207,-0.2441,lying,Charlotte,small
1785664340.4272606,4448429,0.1348,-0.0068,-1.0078,4.3335,1.0986,-0.4272,lying,Charlotte,small
1785664340.4272645,4448479,0.1304,-0.0063,-1.0034,4.5166,1.1597,0.0,lying,Charlotte,small
1785664340.427268,4448529,0.1372,-0.0059,-1.0005,4.3945,1.3428,-0.4272,lying,Charlotte,small
1785664340.4272718,4448579,0.1313,-0.0073,-0.9976,4.2114,1.0986,-0.4272,lying,Charlotte,small
1785664340.9482641,4448651,0.1357,-0.002,-1.0073,4.3945,1.2207,-0.3662,lying,Charlotte,small
1785664340.9482744,4448701,0.1304,0.0,-0.9956,4.3335,1.0376,-0.1831,lying,Charlotte,small
1785664340.9482796,4448751,0.1304,-0.0039,-0.9976,4.5166,1.0986,-0.1221,lying,Charlotte,small
1785664340.948284,4448801,0.1348,0.0015,-1.0029,4.4556,1.1597,0.061,lying,Charlotte,small
1785664340.948288,4448851,0.1338,-0.0039,-1.0073,4.4556,1.2207,0.0,lying,Charlotte,small
1785664340.948292,4448901,0.1343,-0.0044,-1.0049,4.3945,1.2817,-0.1831,lying,Charlotte,small
1785664340.9482958,4448951,0.1313,-0.0049,-0.9966,4.3335,1.0986,0.0,lying,Charlotte,small
1785664340.9482994,4449001,0.1387,-0.0049,-0.999,4.4556,1.1597,0.061,lying,Charlotte,small
1785664340.9483032,4449051,0.1348,0.0,-1.0054,4.4556,1.0986,-0.061,lying,Charlotte,small
1785664340.9483068,4449101,0.1357,-0.0049,-1.0063,4.3335,1.3428,0.1831,lying,Charlotte,small
1785664341.4720204,4449173,0.1338,-0.0059,-1.0063,4.3945,1.2817,0.061,lying,Charlotte,small
1785664341.4720304,4449223,0.1367,-0.0122,-1.0015,4.3945,1.2817,-0.1831,lying,Charlotte,small
1785664341.4720356,4449273,0.1333,-0.0049,-1.0049,4.5776,1.0376,-0.1221,lying,Charlotte,small
1785664341.4720402,4449323,0.1328,-0.0073,-0.9946,4.5776,1.2207,-0.1221,lying,Charlotte,small
1785664341.472044,4449373,0.1304,-0.0039,-1.0029,4.5776,1.2207,-0.1221,lying,Charlotte,small
1785664341.472048,4449423,0.1333,-0.0068,-1.0034,4.3945,1.2207,-0.1831,lying,Charlotte,small
1785664341.4720516,4449473,0.1353,-0.0054,-1.0054,4.5776,1.0986,-0.3662,lying,Charlotte,small
1785664341.4720554,4449523,0.1333,-0.0034,-0.999,4.3945,1.1597,-0.1221,lying,Charlotte,small
1785664341.4720592,4449573,0.1353,-0.0034,-0.9966,4.5166,1.2817,0.0,lying,Charlotte,small
1785664341.4720628,4449623,0.1323,-0.0068,-1.0044,4.2725,1.0986,-0.061,lying,Charlotte,small
1785664341.9957712,4449694,0.1309,-0.0005,-1.0,4.3945,1.2207,-0.1221,lying,Charlotte,small
1785664341.9957814,4449744,0.1367,-0.0034,-1.001,4.3335,1.1597,0.0,lying,Charlotte,small
1785664341.995787,4449794,0.1309,-0.0005,-1.001,4.4556,1.2207,-0.3052,lying,Charlotte,small
1785664341.9957924,4449844,0.1318,-0.002,-1.0024,4.3335,1.2817,0.061,lying,Charlotte,small
1785664341.9957967,4449894,0.1343,-0.0049,-1.0034,4.4556,1.1597,-0.2441,lying,Charlotte,small
1785664341.9958003,4449944,0.1333,-0.0063,-1.001,4.5776,1.4648,0.061,lying,Charlotte,small
1785664341.9958043,4449994,0.1313,-0.0063,-1.0,4.5776,1.0986,-0.061,lying,Charlotte,small
1785664341.995808,4450044,0.1353,-0.0063,-1.0039,4.5166,1.0986,0.1831,lying,Charlotte,small
1785664341.9958117,4450094,0.1328,-0.0029,-0.998,4.3335,1.2207,0.1221,lying,Charlotte,small
1785664341.9958153,4450144,0.1343,-0.002,-1.0015,4.4556,1.3428,-0.2441,lying,Charlotte,small
1785664342.5060952,4450215,0.1333,-0.001,-1.0029,4.5166,1.2817,-0.3052,lying,Charlotte,small
1785664342.5061052,4450265,0.1348,-0.0068,-1.0005,4.6997,1.0376,0.061,lying,Charlotte,small
1785664342.5061102,4450315,0.1357,-0.0049,-1.001,4.5166,1.4648,-0.3052,lying,Charlotte,small
1785664342.5061154,4450365,0.1333,-0.0059,-0.9971,4.2114,1.2817,-0.061,lying,Charlotte,small
1785664342.5061195,4450415,0.1323,-0.0063,-0.9971,4.3945,1.1597,-0.5493,lying,Charlotte,small
1785664342.506123,4450465,0.1348,-0.0103,-0.999,4.5166,1.2817,-0.1221,lying,Charlotte,small
1785664342.5061269,4450515,0.1313,-0.0083,-1.0024,4.4556,1.1597,0.1221,lying,Charlotte,small
1785664342.5061307,4450565,0.1348,-0.0039,-1.0034,4.4556,1.2817,-0.1831,lying,Charlotte,small
1785664342.5061343,4450615,0.1284,-0.0063,-0.9976,4.3945,1.2207,0.061,lying,Charlotte,small
1785664342.506138,4450665,0.1348,-0.0093,-1.0005,4.3335,1.1597,-0.1221,lying,Charlotte,small
1785664344.382668,4450727,0.1362,-0.001,-0.9985,4.2725,1.0986,-0.061,lying,Charlotte,small
1785664344.382706,4450777,0.1353,-0.0059,-1.0039,4.3335,1.0376,0.1221,lying,Charlotte,small
1785664344.3827114,4450827,0.1328,-0.0059,-1.0024,4.3335,1.0986,0.0,lying,Charlotte,small
1785664344.3827157,4450877,0.1313,-0.0029,-1.0039,4.4556,1.1597,-0.1221,lying,Charlotte,small
1785664344.3827198,4450927,0.1333,-0.0068,-1.0078,4.3945,1.4038,-0.1831,lying,Charlotte,small
1785664344.3827236,4450977,0.1328,-0.0093,-1.0029,4.2114,1.1597,-0.4883,lying,Charlotte,small
1785664344.3827274,4451027,0.1304,-0.0093,-1.0078,4.3335,1.4038,0.061,lying,Charlotte,small
1785664344.382731,4451077,0.1338,-0.0073,-1.0073,4.2114,1.2207,-0.1221,lying,Charlotte,small
1785664344.3827348,4451127,0.1357,-0.0024,-1.0068,4.6997,1.0376,0.0,lying,Charlotte,small
1785664344.382738,4451177,0.1323,-0.0039,-1.002,4.3945,1.4038,-0.1221,lying,Charlotte,small
1785664361.5052812,4452599,0.1333,-0.0024,-1.0015,4.7607,1.4648,0.0,lying,Charlotte,small
1785664361.5052938,4452649,0.1318,-0.0039,-1.0059,4.4556,1.0376,-0.1831,lying,Charlotte,small
1785664361.505299,4452699,0.1377,-0.0103,-1.002,4.3335,1.2207,0.1221,lying,Charlotte,small
1785664361.5053036,4452749,0.1318,-0.002,-1.0039,4.3335,0.9766,0.061,lying,Charlotte,small
1785664361.5053077,4452799,0.1318,-0.002,-0.9985,4.2725,1.1597,-0.1221,lying,Charlotte,small
1785664361.5053115,4452849,0.1318,-0.0039,-1.0015,4.4556,1.2817,-0.1831,lying,Charlotte,small
1785664361.5053155,4452899,0.1333,-0.0044,-0.9976,4.5166,1.0376,-0.3052,lying,Charlotte,small
1785664361.5053194,4452949,0.1357,-0.0054,-1.0088,4.3945,1.2817,-0.1221,lying,Charlotte,small
1785664361.505323,4452999,0.1323,-0.0029,-1.0073,4.5166,1.4038,-0.1221,lying,Charlotte,small
1785664361.5053265,4453049,0.1338,-0.0063,-1.0044,4.3335,1.1597,-0.061,lying,Charlotte,small
1785664387.8082194,4468971,0.1357,-0.0073,-1.0044,4.3335,1.5869,0.1221,lying,Charlotte,small
1785664387.8082323,4469021,0.1338,-0.0039,-0.998,4.3335,1.4038,0.0,lying,Charlotte,small
1785664387.8082373,4469071,0.1367,-0.002,-0.999,4.5166,1.0986,-0.1831,lying,Charlotte,small
1785664387.8082418,4469121,0.1338,-0.001,-1.0015,4.2725,1.0986,-0.061,lying,Charlotte,small
1785664387.808246,4469171,0.1343,-0.0073,-0.9961,4.2725,0.9766,-0.1221,lying,Charlotte,small
1785664387.80825,4469221,0.1357,-0.0078,-1.002,4.4556,0.9155,-0.4883,lying,Charlotte,small
1785664387.8082542,4469271,0.1313,-0.0039,-1.0029,4.4556,1.2207,-0.1221,lying,Charlotte,small
1785664387.808258,4469321,0.1313,-0.0054,-1.0029,4.6997,1.2207,-0.1831,lying,Charlotte,small
1785664387.8082616,4469371,0.1318,-0.0059,-1.0049,4.3945,1.1597,-0.061,lying,Charlotte,small
1785664387.8082652,4469421,0.1338,-0.0088,-1.0,4.6387,1.0376,-0.1831,lying,Charlotte,small
1785664391.7531743,4497626,0.1353,-0.0068,-1.0,4.4556,1.2817,-0.1221,lying,Charlotte,small
1785664391.753184,4497676,0.1309,-0.0063,-0.9961,4.5776,1.2207,0.1221,lying,Charlotte,small
1785664391.753189,4497726,0.1309,-0.0088,-1.0015,4.2725,1.2817,0.0,lying,Charlotte,small
1785664391.753194,4497776,0.1338,-0.0093,-0.9985,4.5776,1.2207,-0.061,lying,Charlotte,small
1785664391.753198,4497826,0.1294,-0.0034,-0.9937,4.3945,1.2207,-0.2441,lying,Charlotte,small
1785664391.7532015,4497876,0.1328,-0.0063,-0.9985,4.3945,1.1597,0.061,lying,Charlotte,small
1785664391.7532055,4497926,0.1328,-0.0063,-1.0024,4.5776,1.0986,0.0,lying,Charlotte,small
1785664391.7532094,4497976,0.1338,-0.0024,-0.9971,4.3335,1.1597,-0.4883,lying,Charlotte,small
1785664391.753213,4498026,0.1343,-0.0024,-0.999,4.3945,1.3428,0.0,lying,Charlotte,small
1785664391.7532165,4498076,0.1323,-0.0063,-0.998,4.6387,1.1597,-0.1831,lying,Charlotte,small
1785664392.726104,4499970,0.1313,-0.002,-0.9966,4.3335,1.2817,-0.1831,lying,Charlotte,small
1785664392.7261143,4500020,0.1372,-0.0054,-1.0015,4.3335,1.2207,-0.1221,lying,Charlotte,small
1785664392.72612,4500070,0.1343,-0.0044,-1.002,4.3335,1.0986,-0.1831,lying,Charlotte,small
1785664392.7261245,4500120,0.1323,-0.0078,-1.001,4.3335,1.2817,-0.1221,lying,Charlotte,small
1785664392.7261286,4500170,0.1304,-0.0044,-1.0,4.5166,1.2207,-0.061,lying,Charlotte,small
1785664392.7261324,4500220,0.1357,-0.0049,-1.0,4.5776,1.2207,0.0,lying,Charlotte,small
1785664392.7261362,4500270,0.1309,-0.0078,-1.0015,4.4556,1.0986,-0.3662,lying,Charlotte,small
1785664392.7261405,4500320,0.1348,-0.0132,-1.0034,4.5776,1.4648,-0.061,lying,Charlotte,small
1785664392.726144,4500370,0.1318,-0.0034,-0.998,4.2114,1.2817,-0.1831,lying,Charlotte,small
1785664392.7261477,4500420,0.1353,-0.002,-1.0049,4.4556,1.1597,-0.1221,lying,Charlotte,small
1785664393.3965046,4500956,0.1328,-0.0083,-0.9976,4.6997,1.2207,0.0,lying,Charlotte,small
1785664393.396513,4501006,0.1318,-0.0078,-1.0034,4.4556,1.1597,-0.061,lying,Charlotte,small
1785664393.3965182,4501056,0.1274,-0.0078,-1.0005,4.3945,0.9155,-0.1221,lying,Charlotte,small
1785664393.3965225,4501106,0.1343,-0.0039,-1.001,4.4556,1.1597,-0.1831,lying,Charlotte,small
1785664393.3965263,4501156,0.1328,-0.0073,-1.0039,4.3945,1.0376,-0.4272,lying,Charlotte,small
1785664393.3965302,4501206,0.1313,-0.0073,-1.0039,4.5166,0.9766,0.0,lying,Charlotte,small
1785664393.396534,4501256,0.1323,-0.0063,-1.001,4.5166,1.1597,-0.061,lying,Charlotte,small
1785664393.396538,4501306,0.1323,-0.0034,-1.0073,4.3945,1.2817,-0.1831,lying,Charlotte,small
1785664393.3965416,4501356,0.1313,-0.002,-1.001,4.5776,1.2817,-0.1831,lying,Charlotte,small
1785664393.3965456,4501406,0.1328,-0.0054,-1.0039,4.4556,1.4648,-0.3052,lying,Charlotte,small
1785664395.393926,4503075,0.1323,-0.0059,-1.001,4.4556,1.4038,0.1831,lying,Charlotte,small
1785664395.3939328,4503125,0.1318,-0.0044,-0.9995,4.6997,1.2207,-0.2441,lying,Charlotte,small
1785664395.3939366,4503175,0.1338,-0.0073,-1.0063,4.4556,1.2207,0.061,lying,Charlotte,small
1785664395.3939402,4503225,0.1338,-0.0044,-0.998,4.5776,0.9766,-0.2441,lying,Charlotte,small
1785664395.3939433,4503275,0.1318,-0.001,-1.0068,4.5166,1.1597,0.0,lying,Charlotte,small
1785664395.3939466,4503325,0.1353,-0.002,-1.001,4.3335,1.2207,0.061,lying,Charlotte,small
1785664395.39395,4503375,0.1304,-0.0034,-1.0068,4.3945,1.1597,-0.6104,lying,Charlotte,small
1785664395.3939533,4503425,0.1382,-0.0034,-1.0015,4.3335,1.1597,0.0,lying,Charlotte,small
1785664395.3939562,4503475,0.1343,-0.0044,-1.0,4.3945,1.1597,-0.1221,lying,Charlotte,small
1785664395.3939593,4503525,0.1279,0.0039,-0.9873,4.5166,1.1597,-0.061,lying,Charlotte,small
1785664398.720158,4503610,0.124,0.0112,-0.9927,4.2725,1.2207,-0.061,lying,Charlotte,small
1785664398.7201715,4503660,0.1362,-0.022,-0.998,4.3945,1.2207,0.1221,lying,Charlotte,small
1785664398.720177,4503710,0.1348,0.0039,-0.999,4.5776,1.0986,-0.3052,lying,Charlotte,small
1785664398.7201815,4503760,0.1348,-0.0054,-0.9976,4.1504,1.0376,0.1221,lying,Charlotte,small
1785664398.7201855,4503810,0.1343,-0.0078,-1.0073,4.4556,1.0376,0.1221,lying,Charlotte,small
1785664398.7201898,4503860,0.1353,-0.0044,-1.0073,4.3945,1.0986,-0.061,lying,Charlotte,small
1785664398.7201936,4503910,0.1299,-0.0078,-1.0054,4.5166,1.0986,0.0,lying,Charlotte,small
1785664398.7201974,4503960,0.1343,-0.0122,-1.0044,4.5166,1.3428,0.1221,lying,Charlotte,small
1785664398.7202013,4504010,0.1309,-0.0059,-1.0024,4.3945,1.2207,0.061,lying,Charlotte,small
1785664398.720205,4504060,0.1309,-0.0063,-1.0005,4.5166,1.0986,-0.2441,lying,Charlotte,small
1785664401.5217469,4506953,0.1372,-0.0088,-0.999,4.3945,1.0376,-0.1831,lying,Charlotte,small
1785664401.521759,4507003,0.1338,-0.0044,-1.0059,4.5166,0.9766,0.0,lying,Charlotte,small
1785664401.5217643,4507053,0.1362,-0.0073,-1.0107,4.5776,1.4648,-0.061,lying,Charlotte,small
1785664401.5217693,4507103,0.1323,-0.0034,-1.0034,4.2725,1.0986,-0.3052,lying,Charlotte,small
1785664401.5217733,4507153,0.1328,-0.0039,-1.0024,4.5166,1.2817,0.1221,lying,Charlotte,small
1785664401.521777,4507203,0.1338,-0.0054,-1.0015,4.4556,1.3428,-0.1221,lying,Charlotte,small
1785664401.521781,4507253,0.1318,-0.0034,-1.0054,4.3945,1.0986,-0.1221,lying,Charlotte,small
1785664401.5217845,4507303,0.1304,-0.0063,-0.9971,4.4556,1.1597,-0.061,lying,Charlotte,small
1785664401.5217881,4507353,0.1357,-0.0044,-1.0083,4.7607,1.1597,-0.3052,lying,Charlotte,small
1785664401.521792,4507403,0.1323,-0.0034,-0.9985,3.9673,1.6479,-0.2441,lying,Charlotte,small
1785664403.9238195,4509735,0.1289,-0.0059,-1.002,4.2725,0.9155,0.0,lying,Charlotte,small
1785664403.923829,4509785,0.1333,-0.0029,-1.0024,4.5776,1.2207,-0.1221,lying,Charlotte,small
1785664403.923834,4509835,0.1357,-0.0054,-1.0029,4.6997,1.1597,-0.1221,lying,Charlotte,small
1785664403.9238381,4509885,0.1309,-0.0049,-1.0029,4.4556,1.3428,-0.1831,lying,Charlotte,small
1785664403.9238422,4509935,0.1333,-0.0054,-1.0068,4.3335,1.1597,0.0,lying,Charlotte,small
1785664403.9238455,4509985,0.1309,-0.0083,-0.9976,4.3945,1.1597,0.1221,lying,Charlotte,small
1785664403.9238496,4510035,0.1289,-0.0093,-1.0015,4.4556,1.2817,0.0,lying,Charlotte,small
1785664403.9238532,4510085,0.1318,-0.0044,-1.0054,4.3945,1.1597,-0.1831,lying,Charlotte,small
1785664403.923857,4510135,0.1343,-0.0098,-1.0029,4.3335,1.3428,-0.4883,lying,Charlotte,small
1785664403.9238605,4510185,0.1338,-0.0049,-0.9995,4.3945,1.2207,-0.1831,lying,Charlotte,small
1785664406.2383018,4512139,0.1357,-0.0063,-0.9976,4.5776,1.0376,-0.2441,lying,Charlotte,small
1785664406.238314,4512189,0.1372,-0.0049,-1.0044,4.3335,0.9766,-0.2441,lying,Charlotte,small
1785664406.2383192,4512239,0.1338,-0.0024,-1.0,4.3945,1.0376,0.0,lying,Charlotte,small
1785664406.238324,4512289,0.1309,-0.0054,-1.0024,4.3335,1.2817,-0.1831,lying,Charlotte,small
1785664406.238328,4512339,0.1328,-0.0059,-1.0015,4.6997,1.0986,-0.061,lying,Charlotte,small
1785664406.2383318,4512389,0.1353,-0.0039,-1.0029,4.3945,1.3428,0.0,lying,Charlotte,small
1785664406.2383354,4512439,0.1309,-0.0029,-0.999,4.6387,1.4038,-0.3052,lying,Charlotte,small
1785664406.2383394,4512489,0.1289,-0.0078,-0.9985,4.5166,1.1597,-0.061,lying,Charlotte,small
1785664406.2383432,4512539,0.1313,-0.0044,-1.0059,4.4556,1.2207,0.1221,lying,Charlotte,small
1785664406.238347,4512589,0.1333,-0.0029,-1.0,4.6387,1.0376,-0.1221,lying,Charlotte,small
1785664406.7580154,4514453,0.1333,-0.0029,-0.9995,4.5166,1.1597,-0.3052,lying,Charlotte,small
1785664406.758032,4514503,0.1304,-0.002,-1.002,4.6387,1.0376,0.1831,lying,Charlotte,small
1785664406.7580373,4514553,0.1357,-0.0049,-1.0005,4.4556,1.2817,-0.2441,lying,Charlotte,small
1785664406.7580416,4514603,0.1338,-0.0059,-1.002,4.5166,1.2207,-0.1831,lying,Charlotte,small
1785664406.7580454,4514653,0.1338,-0.0049,-1.0059,4.3335,1.3428,-0.1831,lying,Charlotte,small
1785664406.758049,4514703,0.1343,-0.0049,-1.002,4.2725,1.1597,-0.061,lying,Charlotte,small
1785664406.7580528,4514753,0.1338,-0.0034,-1.0054,4.3945,1.0986,-0.061,lying,Charlotte,small
1785664406.7580564,4514803,0.1367,-0.0073,-1.0,4.4556,1.1597,-0.2441,lying,Charlotte,small
1785664406.75806,4514853,0.1304,-0.0044,-1.0029,4.3945,1.2207,-0.3052,lying,Charlotte,small
1785664406.758064,4514903,0.1294,-0.0073,-1.0044,4.5166,1.1597,-0.1221,lying,Charlotte,small
1785664409.5061615,4514978,0.1318,-0.0054,-0.9995,4.3335,1.2207,-0.061,lying,Charlotte,small
1785664409.5061743,4515028,0.1318,-0.0073,-1.0054,4.5166,1.3428,0.061,lying,Charlotte,small
1785664409.5061793,4515078,0.1318,-0.002,-0.998,4.2725,1.0986,-0.061,lying,Charlotte,small
1785664409.5061839,4515128,0.1299,-0.0054,-1.0,4.3335,0.9766,-0.2441,lying,Charlotte,small
1785664409.5061877,4515178,0.1333,-0.0034,-0.998,4.3945,1.1597,0.0,lying,Charlotte,small
1785664409.5061917,4515228,0.1304,-0.0029,-0.999,4.0894,1.2817,0.0,lying,Charlotte,small
1785664409.5061955,4515278,0.1343,-0.0044,-1.001,4.3945,1.2207,0.061,lying,Charlotte,small
1785664409.5061994,4515328,0.1333,-0.0049,-0.9985,4.4556,1.2207,-0.1221,lying,Charlotte,small
1785664409.506203,4515378,0.1313,-0.0029,-1.0034,4.6387,1.1597,0.0,lying,Charlotte,small
1785664409.5062065,4515428,0.1318,-0.0044,-1.0029,4.3335,1.0986,0.0,lying,Charlotte,small
1785664410.0170596,4517720,0.1343,-0.0044,-1.002,4.5776,1.1597,-0.3052,lying,Charlotte,small
1785664410.0170717,4517770,0.1323,-0.0039,-1.0015,4.5166,0.9766,-0.3052,lying,Charlotte,small
1785664410.017077,4517820,0.1338,-0.0073,-0.9941,4.3335,0.9155,-0.1221,lying,Charlotte,small
1785664410.0170813,4517870,0.1328,-0.0024,-0.9995,4.5776,1.1597,-0.1221,lying,Charlotte,small
1785664410.017085,4517920,0.1328,-0.0039,-0.999,4.3335,1.2207,-0.1221,lying,Charlotte,small
1785664410.0170891,4517970,0.1333,-0.0059,-1.002,4.4556,1.1597,-0.1221,lying,Charlotte,small
1785664410.017093,4518020,0.1367,-0.0107,-1.0059,4.2725,1.2817,-0.061,lying,Charlotte,small
1785664410.0170968,4518070,0.1333,-0.0029,-1.0054,4.3945,1.2207,-0.1221,lying,Charlotte,small
1785664410.0171003,4518120,0.1323,-0.0049,-1.0088,4.6997,1.0376,0.1221,lying,Charlotte,small
1785664410.017104,4518170,0.1343,-0.0059,-1.0024,4.3945,0.9766,-0.061,lying,Charlotte,small
1785664410.5296793,4518232,0.1294,-0.0059,-1.0015,4.4556,1.1597,0.1831,lying,Charlotte,small
1785664410.5296898,4518282,0.1328,-0.0063,-1.0024,4.2114,1.1597,-0.1221,lying,Charlotte,small
1785664410.529695,4518332,0.1343,-0.0088,-1.0,4.3945,1.0376,0.0,lying,Charlotte,small
1785664410.529699,4518382,0.1318,0.0005,-1.0005,4.3945,1.0986,-0.1221,lying,Charlotte,small
1785664410.5297034,4518432,0.1313,-0.0039,-1.002,4.3945,1.2207,0.061,lying,Charlotte,small
1785664410.5297074,4518482,0.1338,-0.0039,-1.0024,4.6387,1.0986,-0.1831,lying,Charlotte,small
1785664410.5297112,4518532,0.1353,-0.0034,-1.0049,4.2114,1.2207,-0.1831,lying,Charlotte,small
1785664410.529715,4518582,0.1338,-0.0088,-1.0059,4.3335,1.1597,-0.3052,lying,Charlotte,small
1785664410.5297189,4518632,0.1377,-0.0078,-1.0049,4.3945,1.2207,0.1221,lying,Charlotte,small
1785664410.5297225,4518682,0.1318,-0.0039,-1.002,4.4556,1.2207,-0.061,lying,Charlotte,small
1785664412.379176,4518745,0.1289,-0.0044,-1.002,4.3945,1.2817,-0.1221,lying,Charlotte,small
1785664412.3791935,4518795,0.1367,-0.0005,-1.0005,4.3945,1.2817,0.061,lying,Charlotte,small
1785664412.3791993,4518845,0.1338,-0.0039,-0.998,4.3945,1.1597,-0.061,lying,Charlotte,small
1785664412.3792036,4518895,0.1318,-0.0073,-1.0039,4.4556,1.0376,0.1221,lying,Charlotte,small
1785664412.3792076,4518945,0.1328,-0.0015,-0.9995,4.3945,1.3428,0.061,lying,Charlotte,small
1785664412.3792117,4518995,0.1353,-0.0098,-1.0049,4.3335,1.1597,-0.1831,lying,Charlotte,small
1785664412.379216,4519045,0.1304,-0.0029,-0.998,4.3945,1.1597,0.0,lying,Charlotte,small
1785664412.3792198,4519095,0.1343,-0.0054,-0.9937,4.5776,1.0376,0.061,lying,Charlotte,small
1785664412.3792236,4519145,0.1353,-0.0054,-1.0,4.3945,0.9766,0.061,lying,Charlotte,small
1785664412.3792272,4519195,0.1318,-0.0039,-0.9966,4.3945,1.0986,-0.1221,lying,Charlotte,small
1785664413.2063334,4520598,0.1338,-0.0049,-1.0039,4.5166,0.9766,-0.1831,lying,Charlotte,small
1785664413.2063448,4520648,0.1313,-0.0063,-0.9976,4.5776,1.4038,-0.1831,lying,Charlotte,small
1785664413.2063494,4520698,0.1309,-0.0005,-1.0039,4.3335,0.9766,0.1831,lying,Charlotte,small
1785664413.2063532,4520748,0.1323,-0.0039,-1.0024,4.5776,1.2817,-0.1221,lying,Charlotte,small
1785664413.2063563,4520798,0.1284,-0.0063,-0.998,4.5776,1.2817,-0.061,lying,Charlotte,small
1785664413.2063594,4520848,0.1367,-0.0034,-0.9956,4.3945,0.9766,-0.1221,lying,Charlotte,small
1785664413.2063625,4520898,0.1328,0.0,-0.998,4.5166,1.1597,0.1831,lying,Charlotte,small
1785664413.2063656,4520948,0.1323,-0.0078,-1.0059,4.5776,1.1597,-0.2441,lying,Charlotte,small
1785664413.2063684,4520998,0.1309,-0.0039,-0.9961,4.5166,1.0986,-0.1221,lying,Charlotte,small
1785664413.2063715,4521048,0.1348,-0.0049,-0.9985,4.4556,1.2207,-0.061,lying,Charlotte,small
1785664414.0454116,4521420,0.1328,-0.0073,-1.0044,4.5776,0.9766,-0.1831,lying,Charlotte,small
1785664414.045424,4521470,0.1309,-0.0063,-1.0039,4.4556,1.0986,-0.1221,lying,Charlotte,small
1785664414.045429,4521520,0.1318,-0.0034,-1.0005,4.2725,1.2817,-0.061,lying,Charlotte,small
1785664414.0454335,4521570,0.1299,-0.0073,-0.999,4.4556,1.0986,-0.3052,lying,Charlotte,small
1785664414.0454378,4521620,0.1318,-0.0059,-1.0039,4.4556,1.1597,-0.061,lying,Charlotte,small
1785664414.0454416,4521670,0.1328,-0.0029,-1.0044,4.5776,1.2817,0.061,lying,Charlotte,small
1785664414.0454454,4521720,0.1328,0.0024,-0.998,4.5166,1.2207,-0.4272,lying,Charlotte,small
1785664414.0454495,4521770,0.1357,-0.0083,-0.9951,4.4556,1.2817,0.0,lying,Charlotte,small
1785664414.0454533,4521820,0.1338,-0.0073,-1.001,4.6387,1.3428,-0.3052,lying,Charlotte,small
1785664414.0454574,4521870,0.1323,-0.0078,-0.9995,4.6387,1.1597,0.1221,lying,Charlotte,small
1785664416.2672276,4522262,0.1328,-0.0015,-1.0,4.3945,1.2207,-0.2441,lying,Charlotte,small
1785664416.2672448,4522312,0.1343,-0.0029,-0.9976,4.2114,0.9155,0.0,lying,Charlotte,small
1785664416.26725,4522362,0.1338,-0.0063,-1.0039,4.5166,1.1597,-0.061,lying,Charlotte,small
1785664416.2672546,4522412,0.1309,-0.0068,-1.0029,4.2114,1.3428,-0.1831,lying,Charlotte,small
1785664416.2672586,4522462,0.1294,-0.0063,-1.0068,4.3945,1.4038,-0.061,lying,Charlotte,small
1785664416.2672622,4522512,0.1343,-0.0049,-1.0059,4.5776,1.2817,0.1221,lying,Charlotte,small
1785664416.2672663,4522562,0.1333,-0.0049,-0.999,4.2114,1.3428,0.2441,lying,Charlotte,small
1785664416.2672696,4522612,0.1338,-0.0078,-1.0083,4.5166,1.0376,-0.1831,lying,Charlotte,small
1785664416.2672732,4522662,0.1343,-0.0044,-0.9976,4.6997,1.2817,0.061,lying,Charlotte,small
1785664416.267277,4522712,0.1328,-0.0054,-0.999,4.3945,1.0986,-0.4272,lying,Charlotte,small
1785664418.518711,4524484,0.1313,-0.0049,-1.0098,4.3335,1.0376,-0.4272,lying,Charlotte,small
1785664418.5187247,4524534,0.1265,-0.0068,-1.0054,4.6997,1.2817,-0.3662,lying,Charlotte,small
1785664418.51873,4524584,0.1318,-0.002,-0.998,4.4556,1.3428,0.061,lying,Charlotte,small
1785664418.5187345,4524634,0.1313,-0.002,-0.999,4.2114,1.2817,-0.2441,lying,Charlotte,small
1785664418.5187383,4524684,0.1323,-0.0044,-0.9995,4.3945,1.1597,-0.1221,lying,Charlotte,small
1785664418.518742,4524734,0.1348,-0.0063,-1.0,4.4556,1.2817,-0.3052,lying,Charlotte,small
1785664418.5187461,4524784,0.1333,-0.0029,-1.0024,4.5776,1.1597,0.061,lying,Charlotte,small
1785664418.51875,4524834,0.1328,-0.0063,-0.9961,4.5166,1.0376,-0.1831,lying,Charlotte,small
1785664418.5187538,4524884,0.1313,-0.0044,-0.9985,4.3335,0.9766,-0.1221,lying,Charlotte,small
1785664418.5187576,4524934,0.1328,-0.0078,-1.0005,4.2725,1.3428,-0.2441,lying,Charlotte,small
1785664419.0363755,4526736,0.1328,-0.0039,-1.0034,4.4556,1.2207,-0.3662,lying,Charlotte,small
1785664419.036388,4526786,0.1313,-0.0034,-1.0044,4.4556,1.1597,-0.2441,lying,Charlotte,small
1785664419.0363936,4526836,0.1318,-0.0029,-0.9976,4.4556,1.2207,-0.1221,lying,Charlotte,small
1785664419.0363996,4526886,0.1343,-0.0068,-0.9985,4.3335,1.0986,-0.3052,lying,Charlotte,small
1785664419.0364048,4526936,0.1357,-0.0049,-1.0059,4.5166,1.0986,0.0,lying,Charlotte,small
1785664419.0364099,4526986,0.1328,-0.0039,-1.0034,4.5776,1.2207,-0.1221,lying,Charlotte,small
1785664419.0364153,4527036,0.1343,-0.0029,-1.0073,4.5166,1.2817,0.1831,lying,Charlotte,small
1785664419.03642,4527086,0.1318,-0.0063,-1.0054,4.2725,1.2207,-0.2441,lying,Charlotte,small
1785664419.0364246,4527136,0.1357,-0.0049,-0.999,4.4556,1.3428,-0.2441,lying,Charlotte,small
1785664419.03643,4527186,0.1328,-0.0063,-1.0063,4.1504,0.9155,-0.1221,lying,Charlotte,small
1785664419.5792704,4527248,0.1309,0.0015,-0.9995,4.5166,1.1597,-0.1831,lying,Charlotte,small
1785664419.579281,4527298,0.1323,-0.0063,-0.9976,4.2725,1.0986,-0.061,lying,Charlotte,small
1785664419.579286,4527348,0.1333,-0.0015,-1.0049,4.3335,1.2207,0.0,lying,Charlotte,small
1785664419.5792906,4527398,0.1372,-0.0054,-1.0068,4.3945,1.0986,-0.1831,lying,Charlotte,small
1785664419.5792947,4527448,0.1362,-0.0073,-1.0049,4.5776,1.1597,-0.1221,lying,Charlotte,small
1785664419.5792985,4527498,0.1357,-0.002,-1.0049,4.5166,1.5259,0.1831,lying,Charlotte,small
1785664419.5793023,4527548,0.1348,-0.0083,-1.0039,4.1504,1.2207,0.1221,lying,Charlotte,small
1785664419.5793061,4527598,0.1294,-0.0029,-1.0024,4.5776,1.0986,-0.3052,lying,Charlotte,small
1785664419.57931,4527648,0.1309,-0.0078,-1.0044,4.5776,1.2207,-0.1831,lying,Charlotte,small
1785664419.5793138,4527698,0.1309,-0.0024,-1.001,4.5166,1.2207,0.0,lying,Charlotte,small
1785664420.3985198,4527805,0.1338,-0.0078,-1.0005,4.5776,0.9766,-0.1831,lying,Charlotte,small
1785664420.398527,4527855,0.1353,-0.0034,-1.0005,4.4556,1.2817,-0.1221,lying,Charlotte,small
1785664420.3985307,4527905,0.1328,-0.0034,-1.002,4.5166,1.0376,0.0,lying,Charlotte,small
1785664420.3985343,4527955,0.1309,-0.0068,-1.0054,4.4556,1.1597,-0.5493,lying,Charlotte,small
1785664420.3985376,4528005,0.1377,-0.0063,-1.0083,4.4556,1.1597,-0.1221,lying,Charlotte,small
1785664420.3985407,4528055,0.1343,-0.0015,-0.999,4.3335,1.3428,-0.1221,lying,Charlotte,small
1785664420.398544,4528105,0.1309,-0.0029,-1.0034,4.5166,1.4648,-0.061,lying,Charlotte,small
1785664420.3985472,4528155,0.1328,-0.0054,-1.0068,4.3335,1.1597,-0.1221,lying,Charlotte,small
1785664420.3985505,4528205,0.1353,-0.0083,-0.9995,4.5776,1.2207,-0.1831,lying,Charlotte,small
1785664420.3985534,4528255,0.1318,-0.0049,-1.0015,4.4556,1.0376,-0.2441,lying,Charlotte,small
1785664425.0082169,4528776,0.1338,-0.0049,-1.0044,4.4556,0.9155,0.0,lying,Charlotte,small
1785664425.0082288,4528826,0.1343,-0.0088,-1.0015,4.3335,1.2817,-0.3662,lying,Charlotte,small
1785664425.0082343,4528876,0.1328,-0.0029,-1.0039,4.6387,1.1597,0.0,lying,Charlotte,small
1785664425.008238,4528926,0.1353,-0.0024,-1.0024,4.4556,1.3428,-0.3052,lying,Charlotte,small
1785664425.008242,4528976,0.1318,-0.0073,-0.998,4.3335,1.2207,0.3052,lying,Charlotte,small
1785664425.0082457,4529026,0.1353,-0.0068,-1.002,4.3945,1.1597,-0.1831,lying,Charlotte,small
1785664425.0082498,4529076,0.1309,-0.0015,-1.0,4.5166,1.2817,-0.061,lying,Charlotte,small
1785664425.008254,4529126,0.1372,-0.0049,-0.9966,4.4556,1.0376,-0.061,lying,Charlotte,small
1785664425.0082579,4529176,0.1333,-0.0112,-1.0015,4.3335,1.3428,0.061,lying,Charlotte,small
1785664425.0082617,4529226,0.1323,-0.002,-0.9951,4.3945,1.0376,0.0,lying,Charlotte,small
1785664426.4010403,4533260,0.1313,-0.0044,-1.0,4.4556,1.1597,-0.2441,lying,Charlotte,small
1785664426.4010532,4533310,0.1333,-0.0029,-1.0015,4.3335,1.1597,-0.061,lying,Charlotte,small
1785664426.4010587,4533360,0.1318,-0.0049,-1.0029,4.5776,1.2207,-0.061,lying,Charlotte,small
1785664426.401063,4533410,0.1343,-0.0059,-1.001,4.3945,1.2207,-0.4272,lying,Charlotte,small
1785664426.4010668,4533460,0.1318,-0.0059,-1.0015,4.4556,1.2207,-0.061,lying,Charlotte,small
1785664426.4010704,4533510,0.1338,-0.0068,-1.0029,4.4556,1.2817,-0.1221,lying,Charlotte,small
1785664426.4010744,4533560,0.1289,-0.0044,-1.0054,4.5166,1.2817,0.3052,lying,Charlotte,small
1785664426.4010782,4533610,0.1323,-0.0073,-1.0,4.6387,1.0986,-0.2441,lying,Charlotte,small
1785664426.401082,4533660,0.1318,-0.0005,-1.0073,4.4556,0.9766,-0.3662,lying,Charlotte,small
1785664426.401086,4533710,0.1304,-0.002,-0.9966,4.3335,1.4038,0.061,lying,Charlotte,small
1785664429.8916073,4534614,0.1318,0.0005,-1.0024,4.5776,1.0986,-0.061,lying,Charlotte,small
1785664429.8916206,4534664,0.1318,-0.0034,-0.9937,4.5166,0.8545,-0.1831,lying,Charlotte,small
1785664429.891626,4534714,0.1309,0.001,-1.0088,4.4556,1.0986,-0.2441,lying,Charlotte,small
1785664429.891631,4534764,0.1333,-0.0049,-1.001,4.4556,1.3428,0.061,lying,Charlotte,small
1785664429.8916347,4534814,0.1323,-0.0073,-1.0044,4.5776,1.1597,-0.4272,lying,Charlotte,small
1785664429.8916388,4534864,0.1284,0.0005,-0.9976,4.2725,1.2207,-0.1221,lying,Charlotte,small
1785664429.8916433,4534914,0.1377,-0.0098,-1.0044,4.5166,1.2207,-0.1831,lying,Charlotte,small
1785664429.8916473,4534964,0.1313,-0.0044,-1.0044,4.2725,1.1597,-0.061,lying,Charlotte,small
1785664429.8916512,4535014,0.1299,-0.0073,-1.0005,4.5776,1.1597,-0.1221,lying,Charlotte,small
1785664429.891655,4535064,0.1309,-0.0103,-1.0015,4.4556,1.0986,-0.1831,lying,Charlotte,small
1785664430.4074316,4538106,0.1309,-0.0049,-1.0039,4.6387,1.0986,-0.1831,lying,Charlotte,small
1785664430.4074416,4538156,0.1318,-0.001,-0.998,4.2114,1.1597,0.1221,lying,Charlotte,small
1785664430.4074469,4538206,0.1333,-0.0039,-1.0044,4.3945,1.2817,-0.1831,lying,Charlotte,small
1785664430.4074516,4538256,0.1348,-0.0054,-1.0015,4.5166,1.2817,0.061,lying,Charlotte,small
1785664430.4074554,4538306,0.1348,-0.0049,-1.0029,4.5776,1.1597,-0.061,lying,Charlotte,small
1785664430.407459,4538356,0.1309,-0.0029,-1.002,4.4556,1.0376,-0.3052,lying,Charlotte,small
1785664430.407463,4538406,0.1299,-0.0078,-1.0,4.5166,1.5259,0.1221,lying,Charlotte,small
1785664430.4074671,4538456,0.1353,-0.0063,-1.0034,4.7607,1.5259,-0.1831,lying,Charlotte,small
1785664430.4074712,4538506,0.1353,-0.0112,-1.0,4.2725,1.4648,-0.3052,lying,Charlotte,small
1785664430.4074748,4538556,0.1333,-0.001,-1.0039,4.6387,1.0986,0.061,lying,Charlotte,small
1785664431.4229674,4538618,0.1304,-0.0054,-1.001,4.3945,1.3428,0.0,lying,Charlotte,small
1785664431.4229784,4538668,0.1328,-0.0044,-1.0068,4.3945,1.2817,0.1831,lying,Charlotte,small
1785664431.4229834,4538718,0.1328,-0.0059,-1.001,4.6387,0.9766,-0.2441,lying,Charlotte,small
1785664431.4229877,4538768,0.1357,-0.0005,-1.0005,4.4556,1.2207,0.0,lying,Charlotte,small
1785664431.422992,4538818,0.1309,-0.0063,-1.0039,4.2114,1.0986,-0.1221,lying,Charlotte,small
1785664431.422996,4538868,0.1362,-0.0088,-1.0039,4.5166,1.2817,-0.1221,lying,Charlotte,small
1785664431.4229999,4538918,0.1309,-0.0078,-0.998,4.4556,1.1597,0.0,lying,Charlotte,small
1785664431.4230034,4538968,0.1333,0.002,-1.0039,4.4556,1.3428,-0.1221,lying,Charlotte,small
1785664431.4230075,4539018,0.1357,-0.0063,-1.002,4.3335,1.4648,-0.2441,lying,Charlotte,small
1785664431.423011,4539068,0.1353,-0.0029,-1.0039,4.5166,1.3428,-0.2441,lying,Charlotte,small
1785664432.2457273,4539640,0.1348,-0.0073,-1.001,4.3335,1.3428,0.1221,lying,Charlotte,small
1785664432.2457383,4539690,0.1333,-0.0015,-1.0015,4.5776,1.2817,0.061,lying,Charlotte,small
1785664432.2457426,4539740,0.1328,-0.0049,-1.001,4.3335,1.0986,0.061,lying,Charlotte,small
1785664432.2457461,4539790,0.1323,-0.0059,-1.002,4.5166,1.4038,0.3052,lying,Charlotte,small
1785664432.2457492,4539840,0.1348,-0.0054,-1.0088,4.5166,1.4038,-0.3052,lying,Charlotte,small
1785664432.2457523,4539890,0.1338,-0.0049,-1.0005,4.1504,1.2817,0.061,lying,Charlotte,small
1785664432.2457554,4539940,0.1343,-0.0039,-1.0073,4.3335,1.3428,-0.1831,lying,Charlotte,small
1785664432.2457588,4539990,0.127,-0.001,-1.0,4.3945,1.2207,-0.061,lying,Charlotte,small
1785664432.245762,4540040,0.1328,-0.0059,-1.0005,4.3945,1.3428,-0.061,lying,Charlotte,small
1785664432.2457652,4540090,0.1338,-0.0054,-1.0078,4.3335,1.2207,-0.3052,lying,Charlotte,small
1785664435.7509632,4540462,0.1294,-0.0063,-0.9995,4.4556,1.2207,-0.1221,lying,Charlotte,small
1785664435.750976,4540512,0.1343,-0.0015,-1.0005,4.5166,1.1597,-0.061,lying,Charlotte,small
1785664435.7509813,4540562,0.1333,-0.0054,-1.0005,4.3945,1.2817,-0.2441,lying,Charlotte,small
1785664435.7509863,4540612,0.1357,-0.0078,-1.0029,4.5776,1.0986,-0.2441,lying,Charlotte,small
1785664435.7509902,4540662,0.1313,-0.0078,-1.0039,4.4556,1.2207,-0.1831,lying,Charlotte,small
1785664435.750994,4540712,0.1377,-0.0034,-0.9976,4.2114,1.0986,-0.2441,lying,Charlotte,small
1785664435.7509978,4540762,0.1304,0.002,-1.002,4.2725,1.3428,0.1221,lying,Charlotte,small
1785664435.7510016,4540812,0.1362,-0.0039,-1.001,4.5166,1.0986,-0.061,lying,Charlotte,small
1785664435.7510056,4540862,0.1333,-0.0093,-1.0015,4.4556,1.0986,0.3052,lying,Charlotte,small
1785664435.7510092,4540912,0.1328,-0.0044,-0.9976,4.6387,1.2207,-0.061,lying,Charlotte,small
1785664437.6071396,4543963,0.1318,-0.002,-1.0,4.3945,1.0376,-0.3052,lying,Charlotte,small
1785664437.6071515,4544013,0.1323,-0.0049,-1.0054,4.2725,1.2207,0.061,lying,Charlotte,small
1785664437.607157,4544063,0.1318,-0.0073,-1.0024,4.2725,1.1597,-0.2441,lying,Charlotte,small
1785664437.6071615,4544113,0.1357,-0.0054,-1.0127,4.5166,1.2817,0.1831,lying,Charlotte,small
1785664437.6071653,4544163,0.1323,-0.0049,-1.0034,4.5166,1.2207,-0.1221,lying,Charlotte,small
1785664437.6071694,4544213,0.1333,-0.0044,-1.0,4.3945,1.2817,0.0,lying,Charlotte,small
1785664437.6071734,4544263,0.1343,-0.0044,-1.0024,4.5166,0.9766,-0.1831,lying,Charlotte,small
1785664437.6071773,4544313,0.1353,-0.0073,-0.998,4.3945,1.2817,-0.061,lying,Charlotte,small
1785664437.607181,4544363,0.1353,-0.0039,-1.0005,4.3335,1.2207,-0.3052,lying,Charlotte,small
1785664437.607185,4544413,0.1323,-0.0054,-1.0073,4.3945,1.3428,0.3662,lying,Charlotte,small
1785664438.1678052,4545825,0.1318,-0.0005,-1.0044,4.3335,1.2207,-0.3052,lying,Charlotte,small
1785664438.167816,4545875,0.1338,-0.0024,-1.0,4.4556,1.3428,-0.1221,lying,Charlotte,small
1785664438.1678207,4545925,0.1328,-0.0049,-1.0059,4.3335,1.0986,-0.2441,lying,Charlotte,small
1785664438.1678252,4545975,0.1338,-0.0044,-1.0015,4.5166,1.0376,-0.1831,lying,Charlotte,small
1785664438.167829,4546025,0.1328,-0.0044,-0.999,4.2114,1.0986,-0.1831,lying,Charlotte,small
1785664438.1678329,4546075,0.1343,-0.0015,-1.0063,4.3945,1.1597,-0.1221,lying,Charlotte,small
1785664438.1678371,4546125,0.1357,-0.002,-1.0068,4.5166,1.0986,-0.3662,lying,Charlotte,small
1785664438.167841,4546175,0.1318,-0.0068,-1.0063,4.3945,1.2207,-0.061,lying,Charlotte,small
1785664438.1678448,4546225,0.1362,-0.0039,-1.0044,4.4556,1.3428,0.061,lying,Charlotte,small
1785664438.1678483,4546275,0.1328,-0.0054,-0.9961,4.3945,1.3428,-0.1221,lying,Charlotte,small
1785664439.7224574,4546410,0.1318,-0.0073,-0.9976,4.4556,1.3428,0.0,lying,Charlotte,small
1785664439.722471,4546460,0.1318,-0.0054,-1.0059,4.3945,1.2207,-0.061,lying,Charlotte,small
1785664439.7224767,4546510,0.1338,-0.0044,-1.0049,4.0894,1.2207,-0.1831,lying,Charlotte,small
1785664439.7224827,4546560,0.1343,-0.0024,-1.0054,4.6387,1.0376,-0.061,lying,Charlotte,small
1785664439.722488,4546610,0.1348,-0.0044,-1.0005,4.3335,1.1597,-0.1831,lying,Charlotte,small
1785664439.7224925,4546660,0.1362,-0.0034,-1.0024,4.5776,1.2817,0.2441,lying,Charlotte,small
1785664439.7224977,4546710,0.1304,-0.0063,-1.0068,4.2725,1.2207,-0.2441,lying,Charlotte,small
1785664439.7225027,4546760,0.1328,-0.0044,-1.0,4.3945,1.4648,0.0,lying,Charlotte,small
1785664439.7225075,4546810,0.1323,-0.0005,-1.0044,4.5166,1.0986,0.061,lying,Charlotte,small
1785664439.722513,4546860,0.1318,-0.0078,-1.002,4.3945,1.4038,-0.1221,lying,Charlotte,small
1785664440.3875763,4547976,0.1353,-0.0044,-1.0049,4.2725,1.5259,0.0,lying,Charlotte,small
1785664440.387586,4548026,0.1353,-0.001,-1.0034,4.2725,1.1597,-0.2441,lying,Charlotte,small
1785664440.3875926,4548076,0.1338,-0.0063,-0.9961,4.2725,1.3428,-0.1221,lying,Charlotte,small
1785664440.387598,4548126,0.1313,-0.0024,-0.9946,4.5166,1.2207,0.1221,lying,Charlotte,small
1785664440.3876035,4548176,0.1357,-0.0044,-0.9995,4.5776,1.2817,-0.3662,lying,Charlotte,small
1785664440.3876085,4548226,0.1343,-0.0054,-1.0044,4.5166,1.4038,-0.2441,lying,Charlotte,small
1785664440.3876138,4548276,0.1313,-0.0024,-1.002,4.3335,1.5869,-0.1221,lying,Charlotte,small
1785664440.3876193,4548326,0.1318,-0.0054,-1.0015,4.3335,0.9766,-0.061,lying,Charlotte,small
1785664440.3876247,4548376,0.1304,-0.0044,-0.9946,4.3335,1.4038,0.0,lying,Charlotte,small
1785664440.3876297,4548426,0.1323,-0.0054,-1.002,4.5166,1.1597,0.0,lying,Charlotte,small
1785664441.565704,4548957,0.1338,-0.0034,-1.0103,4.5776,1.2817,-0.061,lying,Charlotte,small
1785664441.5657175,4549007,0.1328,-0.0029,-1.0049,4.2725,1.2817,0.0,lying,Charlotte,small
1785664441.565724,4549057,0.1309,-0.0049,-1.0034,4.4556,1.1597,-0.1221,lying,Charlotte,small
1785664441.5657299,4549107,0.1333,-0.0093,-1.0049,4.4556,1.2817,-0.1221,lying,Charlotte,small
1785664441.5657349,4549157,0.1323,-0.0063,-1.0,4.3335,1.2207,-0.1831,lying,Charlotte,small
1785664441.5657403,4549207,0.1333,-0.0029,-1.0005,4.3945,1.2207,-0.061,lying,Charlotte,small
1785664441.5657458,4549257,0.1333,-0.0005,-0.9937,4.6387,1.1597,-0.061,lying,Charlotte,small
1785664441.5657518,4549307,0.1313,-0.0059,-1.0054,4.4556,1.2817,0.061,lying,Charlotte,small
1785664441.565757,4549357,0.1353,-0.0078,-1.0015,4.2725,1.4038,0.1221,lying,Charlotte,small
1785664441.5657623,4549407,0.1362,-0.0073,-1.0005,4.2725,1.4038,-0.1221,lying,Charlotte,small
1785664442.3922675,4549779,0.1323,-0.0039,-1.0059,4.5776,1.1597,-0.061,lying,Charlotte,small
1785664442.392275,4549829,0.1333,-0.0039,-1.002,4.6387,1.4038,-0.061,lying,Charlotte,small
1785664442.3922794,4549879,0.1294,0.002,-0.9956,4.3945,1.3428,-0.1221,lying,Charlotte,small
1785664442.392283,4549929,0.1328,-0.0044,-1.0054,4.5166,1.1597,-0.061,lying,Charlotte,small
1785664442.392286,4549979,0.1323,-0.0049,-1.0044,4.3335,1.0986,0.1831,lying,Charlotte,small
1785664442.392289,4550029,0.1323,-0.0044,-1.0029,4.5776,1.2207,-0.3052,lying,Charlotte,small
1785664442.392292,4550079,0.1338,-0.0054,-1.0039,4.4556,1.0376,0.061,lying,Charlotte,small
1785664442.392295,4550129,0.1318,-0.0024,-1.0093,4.5776,1.1597,-0.1831,lying,Charlotte,small
1785664442.392298,4550179,0.1357,-0.0039,-1.0044,4.3335,1.1597,-0.2441,lying,Charlotte,small
1785664442.3923008,4550229,0.1318,-0.0063,-1.0073,4.4556,1.0986,-0.1221,lying,Charlotte,small
1785664443.2039251,4550903,0.1353,-0.0054,-1.0005,4.2725,1.2817,-0.1221,lying,Charlotte,small
1785664443.2039413,4550953,0.1338,-0.0088,-1.0044,4.5166,1.2207,-0.1221,lying,Charlotte,small
1785664443.203948,4551003,0.1318,-0.0063,-0.9956,4.2725,1.3428,-0.1831,lying,Charlotte,small
1785664443.2039535,4551053,0.1328,-0.0059,-1.0034,4.3335,1.4038,0.2441,lying,Charlotte,small
1785664443.2039583,4551103,0.1328,-0.0103,-1.0029,4.4556,1.1597,-0.1831,lying,Charlotte,small
1785664443.2039638,4551153,0.1338,-0.0034,-0.9985,4.6387,1.2817,0.3052,lying,Charlotte,small
1785664443.203969,4551203,0.1357,0.0005,-1.0098,4.1504,1.1597,-0.1221,lying,Charlotte,small
1785664443.2039745,4551253,0.1309,-0.0049,-0.9995,4.0894,1.2817,-0.061,lying,Charlotte,small
1785664443.2039793,4551303,0.1318,0.0005,-1.0015,4.5166,1.0986,-0.061,lying,Charlotte,small
1785664443.2039845,4551353,0.1362,-0.0068,-0.9961,4.6997,1.2207,-0.2441,lying,Charlotte,small
1785664443.7120075,4551415,0.1343,-0.0073,-1.0005,4.5776,1.0376,-0.061,lying,Charlotte,small
1785664443.7120209,4551465,0.1313,-0.0059,-0.9971,4.5776,1.1597,-0.061,lying,Charlotte,small
1785664443.7120278,4551515,0.1372,-0.0073,-1.0063,4.6997,1.4038,0.0,lying,Charlotte,small
1785664443.7120337,4551565,0.1313,-0.0029,-1.0049,4.3945,1.2207,-0.1221,lying,Charlotte,small
1785664443.7120397,4551615,0.1289,-0.0034,-1.0029,4.6997,1.2207,-0.1221,lying,Charlotte,small
1785664443.712045,4551665,0.1333,-0.0049,-1.0059,4.3335,1.1597,0.0,lying,Charlotte,small
1785664443.7120504,4551715,0.1323,-0.0044,-1.0034,4.4556,1.2817,-0.1221,lying,Charlotte,small
1785664443.712056,4551765,0.1318,-0.0039,-1.0044,4.3945,1.2817,-0.1221,lying,Charlotte,small
1785664443.7120612,4551815,0.1338,-0.0054,-1.0015,4.2114,1.1597,0.0,lying,Charlotte,small
1785664443.7120664,4551865,0.1353,-0.0054,-1.002,4.3945,1.0986,0.0,lying,Charlotte,small
1785664444.3881187,4551927,0.1357,-0.0049,-1.0054,4.3335,1.3428,-0.1831,lying,Charlotte,small
1785664444.3881266,4551977,0.1304,-0.0049,-1.0039,4.5166,1.2817,-0.3052,lying,Charlotte,small
1785664444.3881307,4552027,0.1304,-0.0063,-1.0049,4.4556,1.2817,-0.3662,lying,Charlotte,small
1785664444.3881342,4552077,0.1333,-0.0054,-1.0044,4.4556,1.4648,-0.2441,lying,Charlotte,small
1785664444.388137,4552127,0.1348,-0.0034,-1.002,4.1504,1.2207,-0.1221,lying,Charlotte,small
1785664444.3881402,4552177,0.1338,-0.0078,-0.999,4.4556,1.2207,-0.061,lying,Charlotte,small
1785664444.3881433,4552227,0.1323,-0.0122,-0.9907,4.5166,1.4038,-0.061,lying,Charlotte,small
1785664444.3881464,4552277,0.1387,-0.0068,-1.0063,4.4556,1.0376,0.0,lying,Charlotte,small
1785664444.3881495,4552327,0.1338,-0.0039,-1.0044,4.5166,1.0986,0.0,lying,Charlotte,small
1785664444.3881524,4552377,0.1313,-0.0039,-1.0049,4.3945,1.0376,-0.3662,lying,Charlotte,small
1785664447.2918847,4554080,0.1299,-0.0049,-0.998,4.5166,1.0986,0.0,lying,Charlotte,small
1785664447.2918994,4554130,0.1323,-0.0034,-1.001,4.4556,1.0986,0.0,lying,Charlotte,small
1785664447.2919059,4554180,0.1333,-0.0005,-1.0015,4.4556,1.2817,-0.3052,lying,Charlotte,small
1785664447.2919145,4554230,0.1313,-0.0039,-0.999,4.4556,0.9766,-0.1221,lying,Charlotte,small
1785664447.2919204,4554280,0.1348,-0.0073,-1.0063,4.2114,1.2817,-0.1831,lying,Charlotte,small
1785664447.291926,4554330,0.1333,-0.0029,-1.0015,4.3945,1.2207,-0.061,lying,Charlotte,small
1785664447.2919319,4554380,0.1333,-0.001,-1.001,4.2725,1.0986,-0.1221,lying,Charlotte,small
1785664447.2919378,4554430,0.1357,-0.0029,-1.001,4.5776,1.4038,-0.1831,lying,Charlotte,small
1785664447.291943,4554480,0.1343,-0.0073,-1.0049,4.2725,1.4648,0.061,lying,Charlotte,small
1785664447.2919488,4554530,0.1338,-0.0083,-1.0,4.4556,1.4648,-0.1221,lying,Charlotte,small
1785664448.1136098,4555507,0.1279,-0.0063,-0.998,4.4556,1.1597,-0.061,lying,Charlotte,small
1785664448.1136246,4555557,0.1362,-0.0068,-1.0029,4.2725,1.0376,-0.1831,lying,Charlotte,small
1785664448.1136308,4555607,0.1294,-0.0015,-1.0039,4.3945,1.2817,-0.1221,lying,Charlotte,small
1785664448.1136372,4555657,0.1348,-0.0054,-1.0063,4.5166,1.1597,0.0,lying,Charlotte,small
1785664448.1136427,4555707,0.1333,-0.0015,-1.0034,4.6387,0.9766,-0.2441,lying,Charlotte,small
1785664448.1136484,4555757,0.1348,-0.0029,-1.0,4.5776,1.2817,-0.1221,lying,Charlotte,small
1785664448.1136544,4555807,0.1304,-0.0034,-1.0054,4.5166,1.1597,-0.3052,lying,Charlotte,small
1785664448.1136596,4555857,0.1353,-0.0078,-0.9976,4.5776,1.1597,-0.2441,lying,Charlotte,small
1785664448.1136653,4555907,0.1328,-0.0034,-0.9966,4.6387,0.9155,-0.1221,lying,Charlotte,small
1785664448.1136706,4555957,0.1372,-0.0039,-0.998,5.188,0.6104,-0.1221,lying,Charlotte,small
1785664450.5732818,4556329,0.1377,-0.0054,-1.0103,2.7466,1.77,-0.3052,lying,Charlotte,small
1785664450.5732963,4556379,0.1338,-0.0029,-1.002,4.6997,1.2817,0.0,lying,Charlotte,small
1785664450.5733016,4556429,0.1328,-0.0015,-0.9951,4.2114,1.709,-0.1831,lying,Charlotte,small
1785664450.5733066,4556479,0.1338,0.0005,-0.9937,4.4556,1.1597,-0.4272,lying,Charlotte,small
1785664450.573311,4556529,0.1357,-0.0107,-1.0127,4.3335,1.4648,-0.1221,lying,Charlotte,small
1785664450.573315,4556579,0.1353,-0.0034,-1.0044,4.5776,1.2207,-0.1221,lying,Charlotte,small
1785664450.573319,4556629,0.1323,-0.0039,-0.998,4.2725,1.0376,0.2441,lying,Charlotte,small
1785664450.5733228,4556679,0.1333,-0.0063,-1.0,4.5166,1.2207,-0.1221,lying,Charlotte,small
1785664450.5733263,4556729,0.1313,-0.0054,-0.9985,4.5776,1.3428,-0.2441,lying,Charlotte,small
1785664450.5733302,4556779,0.1313,-0.0059,-1.0044,4.5166,1.3428,0.0,lying,Charlotte,small
1785664451.0914552,4558789,0.1309,-0.0073,-1.0054,4.6387,1.1597,-0.3662,lying,Charlotte,small
1785664451.0914676,4558839,0.1323,0.0005,-1.0063,4.6387,1.2817,-0.3052,lying,Charlotte,small
1785664451.0914745,4558889,0.1323,-0.0049,-1.0039,4.5166,1.3428,-0.061,lying,Charlotte,small
1785664451.09148,4558939,0.1333,-0.0103,-1.0005,4.5166,1.1597,-0.1831,lying,Charlotte,small
1785664451.091486,4558989,0.1323,-0.0015,-1.0005,4.5776,1.1597,-0.4272,lying,Charlotte,small
1785664451.0914912,4559039,0.1304,-0.0024,-0.9932,4.6997,1.2207,-0.1221,lying,Charlotte,small
1785664451.0914972,4559089,0.1343,-0.0029,-0.9966,4.3945,1.0376,-0.1221,lying,Charlotte,small
1785664451.0915031,4559139,0.1323,-0.0088,-1.0015,4.3945,1.1597,-0.4272,lying,Charlotte,small
1785664451.0915084,4559189,0.1323,-0.0039,-1.002,4.3335,1.2207,-0.1831,lying,Charlotte,small
1785664451.0915139,4559239,0.1333,-0.002,-1.002,4.3945,1.2207,-0.1831,lying,Charlotte,small
1785664451.6189816,4559310,0.1323,-0.0059,-1.0024,4.3335,0.9766,-0.1831,lying,Charlotte,small
1785664451.6189957,4559360,0.1318,-0.0049,-0.9971,4.3945,1.2817,-0.3052,lying,Charlotte,small
1785664451.6190023,4559410,0.1338,-0.0049,-0.9985,4.3945,1.2207,-0.1831,lying,Charlotte,small
1785664451.619008,4559460,0.1313,-0.0078,-1.0054,4.4556,1.3428,-0.2441,lying,Charlotte,small
1785664451.619013,4559510,0.1328,-0.0034,-1.0044,4.5166,1.2207,0.1221,lying,Charlotte,small
1785664451.6190186,4559560,0.1343,-0.001,-1.0029,4.5166,0.9766,-0.2441,lying,Charlotte,small
1785664451.619024,4559610,0.1313,-0.0049,-1.0034,4.4556,1.2207,-0.061,lying,Charlotte,small
1785664451.6190293,4559660,0.1348,-0.0068,-0.9995,4.3335,1.1597,-0.2441,lying,Charlotte,small
1785664451.619034,4559710,0.1318,-0.0039,-1.0024,4.3945,1.1597,-0.1221,lying,Charlotte,small
1785664451.619039,4559760,0.1323,-0.0015,-1.0054,4.2725,1.1597,-0.1831,lying,Charlotte,small
1785664452.9271657,4559830,0.1348,-0.0132,-0.9995,4.2114,1.2207,-0.061,lying,Charlotte,small
1785664452.9271808,4559880,0.1309,-0.0034,-0.998,4.5166,1.2207,-0.1221,lying,Charlotte,small
1785664452.9271884,4559930,0.1304,-0.0044,-1.002,4.2725,1.1597,-0.1221,lying,Charlotte,small
1785664452.9271953,4559980,0.1294,-0.0068,-0.9966,4.2114,1.0986,-0.1221,lying,Charlotte,small
1785664452.9272027,4560030,0.1372,-0.0039,-1.0068,4.2114,1.0376,0.1831,lying,Charlotte,small
1785664452.927209,4560080,0.1328,-0.0049,-1.0059,4.6387,1.0986,-0.1831,lying,Charlotte,small
1785664452.927216,4560130,0.1323,-0.0034,-1.0005,4.2725,1.2207,-0.3052,lying,Charlotte,small
1785664452.927222,4560180,0.1333,-0.0078,-1.0024,4.2725,1.4038,0.0,lying,Charlotte,small
1785664452.927228,4560230,0.1328,-0.0068,-1.0029,4.3335,1.1597,-0.4272,lying,Charlotte,small
1785664452.927234,4560280,0.1333,-0.0054,-0.998,4.2725,1.2817,0.061,lying,Charlotte,small
1785664453.4435413,4561136,0.1299,-0.0039,-1.0068,4.4556,1.1597,-0.3662,lying,Charlotte,small
1785664453.4435568,4561186,0.1353,-0.0049,-1.0005,4.1504,1.2817,0.0,lying,Charlotte,small
1785664453.4435642,4561236,0.1338,-0.0029,-1.0039,4.6997,1.3428,-0.2441,lying,Charlotte,small
1785664453.4435716,4561286,0.1328,-0.0044,-0.9971,4.3945,1.2817,0.0,lying,Charlotte,small
1785664453.443577,4561336,0.1333,-0.0034,-0.9995,4.5166,1.1597,-0.2441,lying,Charlotte,small
1785664453.4435835,4561386,0.1323,-0.0054,-1.0054,4.6997,1.1597,-0.3052,lying,Charlotte,small
1785664453.4435902,4561436,0.1318,-0.0083,-1.0034,4.4556,1.1597,-0.061,lying,Charlotte,small
1785664453.4435968,4561486,0.1343,-0.0039,-0.9995,4.4556,1.3428,0.0,lying,Charlotte,small
1785664453.4436028,4561536,0.1309,-0.0039,-1.001,4.3945,1.0986,-0.061,lying,Charlotte,small
1785664453.443609,4561586,0.1333,-0.0059,-1.0,4.4556,1.0986,-0.1221,lying,Charlotte,small
1785664455.900792,4562579,0.1362,-0.0088,-1.0073,4.2114,1.1597,0.1221,lying,Charlotte,small
1785664455.90081,4562629,0.1313,-0.0049,-1.0029,4.5166,1.0986,0.2441,lying,Charlotte,small
1785664455.9008152,4562679,0.1313,-0.0044,-1.002,4.3945,1.2207,-0.061,lying,Charlotte,small
1785664455.9008198,4562729,0.1304,-0.0063,-1.002,4.5776,1.2207,0.0,lying,Charlotte,small
1785664455.9008236,4562779,0.1328,-0.0024,-0.999,4.4556,1.4038,0.0,lying,Charlotte,small
1785664455.9008274,4562829,0.1343,-0.002,-1.0015,4.3945,1.2207,0.0,lying,Charlotte,small
1785664455.9008312,4562879,0.1343,-0.0039,-1.0029,4.2725,1.2207,-0.1221,lying,Charlotte,small
1785664455.900835,4562929,0.1338,-0.0083,-0.9971,4.3945,1.2817,-0.061,lying,Charlotte,small
1785664455.9008389,4562979,0.1353,-0.0024,-1.0029,4.3945,1.2817,0.0,lying,Charlotte,small
1785664455.9008422,4563029,0.1333,-0.0059,-1.0073,4.3945,1.2207,0.061,lying,Charlotte,small
