wall_time,millis_ms,accel_x,accel_y,accel_z,gyro_x,gyro_y,gyro_z,label,dog_name,size_class
1785596555.0772786,3138,0.1152,0.981,0.1128,4.3945,1.4038,-0.5493,unlabeled,Charlotte,small
1785596555.0772939,3188,0.1255,0.981,0.1094,4.1504,1.4038,-1.0376,unlabeled,Charlotte,small
1785596555.0772989,3238,0.1211,0.9829,0.1104,4.2725,1.0986,0.3052,unlabeled,Charlotte,small
1785596555.0773025,3288,0.1211,0.9771,0.1133,4.2725,0.8545,-0.3662,unlabeled,Charlotte,small
1785596555.0773065,3338,0.1182,0.978,0.1074,4.1504,1.2207,0.061,unlabeled,Charlotte,small
1785596555.0773096,3388,0.1235,0.978,0.1089,4.5776,1.2817,-0.7324,unlabeled,Charlotte,small
1785596555.0773125,3438,0.1235,0.9761,0.1157,4.2725,1.0376,0.6104,unlabeled,Charlotte,small
1785596555.0773156,3488,0.1206,0.98,0.1147,4.5776,1.8311,-0.7935,unlabeled,Charlotte,small
1785596555.077319,3538,0.123,0.978,0.1201,4.5776,1.1597,0.061,unlabeled,Charlotte,small
1785596555.0773218,3588,0.123,0.9775,0.1123,4.4556,1.0986,-0.3052,unlabeled,Charlotte,small
1785596555.599397,3664,0.124,0.981,0.1113,4.6387,1.2817,-0.3052,unlabeled,Charlotte,small
1785596555.599408,3714,0.124,0.9785,0.1099,4.4556,1.5869,-0.3662,unlabeled,Charlotte,small
1785596555.599412,3764,0.1196,0.9761,0.1079,4.5776,1.2207,0.5493,unlabeled,Charlotte,small
1785596555.5994155,3814,0.1221,0.98,0.1133,4.3335,1.3428,-0.8545,unlabeled,Charlotte,small
1785596555.5994189,3864,0.1182,0.9771,0.1138,4.2114,1.2207,0.3052,unlabeled,Charlotte,small
1785596555.5994222,3914,0.126,0.9771,0.1089,4.0894,1.0986,-0.8545,unlabeled,Charlotte,small
1785596555.599425,3964,0.1211,0.9751,0.1079,4.3945,1.3428,0.061,unlabeled,Charlotte,small
1785596555.599428,4014,0.1177,0.9766,0.1162,4.3335,0.9155,0.9155,unlabeled,Charlotte,small
1785596555.5994306,4064,0.1211,0.9746,0.1118,4.3335,1.0376,-0.4272,unlabeled,Charlotte,small
1785596555.5994337,4114,0.1206,0.9736,0.1167,4.5166,0.9766,0.6714,unlabeled,Charlotte,small
1785596556.1219444,4186,0.1177,0.98,0.1147,3.8452,1.1597,0.9766,unlabeled,Charlotte,small
1785596556.1219559,4236,0.1099,0.9712,0.1069,3.9062,1.2207,-0.8545,unlabeled,Charlotte,small
1785596556.12196,4286,0.1162,0.9741,0.1069,3.9062,1.4648,-0.7935,unlabeled,Charlotte,small
1785596556.1219635,4336,0.124,0.9863,0.1069,4.3945,1.0376,-0.4272,unlabeled,Charlotte,small
1785596556.1219666,4386,0.1255,0.98,0.1064,4.5166,1.4038,-2.0142,unlabeled,Charlotte,small
1785596556.1219702,4436,0.1182,0.9761,0.1123,4.5166,1.5259,-1.2207,unlabeled,Charlotte,small
1785596556.1219733,4486,0.1196,0.9736,0.1069,4.6997,1.0376,0.4883,unlabeled,Charlotte,small
1785596556.1219761,4536,0.2046,0.98,0.1138,4.0894,0.6714,-5.4321,unlabeled,Charlotte,small
1785596556.121979,4586,0.1519,0.9663,0.1084,4.7607,1.4648,1.5259,unlabeled,Charlotte,small
1785596556.1219819,4636,0.0957,0.9873,0.1143,4.0283,1.0986,1.4038,unlabeled,Charlotte,small
1785596556.6415575,4708,0.1187,0.9751,0.1162,5.3101,1.0376,0.9766,unlabeled,Charlotte,small
1785596556.6415718,4758,0.1123,0.978,0.1113,4.4556,0.7935,0.9155,unlabeled,Charlotte,small
1785596556.641578,4808,0.1157,0.9746,0.1128,4.3335,1.1597,1.3428,unlabeled,Charlotte,small
1785596556.6415834,4858,0.1196,0.979,0.1099,3.8452,0.9766,0.5493,unlabeled,Charlotte,small
1785596556.6415884,4908,0.1162,0.981,0.1089,4.6387,1.2207,-0.4883,unlabeled,Charlotte,small
1785596556.6415942,4958,0.1216,0.9824,0.1128,4.5776,1.2207,0.4883,unlabeled,Charlotte,small
1785596556.6416035,5008,0.1187,0.9814,0.1157,4.3335,1.3428,-0.4272,unlabeled,Charlotte,small
1785596556.641609,5058,0.1157,0.9771,0.1147,4.2725,1.0986,-0.3662,unlabeled,Charlotte,small
1785596556.6416144,5108,0.1216,0.9849,0.1177,4.4556,1.5259,-0.1831,unlabeled,Charlotte,small
1785596556.6416197,5158,0.1221,0.9844,0.1147,4.9438,1.3428,0.1831,unlabeled,Charlotte,small
1785596557.1480849,5220,0.1255,0.9746,0.1079,4.8828,1.4038,-0.1831,unlabeled,Charlotte,small
1785596557.1480978,5270,0.1162,0.9795,0.1157,4.0283,0.9766,-0.3662,unlabeled,Charlotte,small
1785596557.1481032,5320,0.1221,0.979,0.1143,4.2725,1.3428,-0.1831,unlabeled,Charlotte,small
1785596557.1481075,5370,0.1172,0.978,0.1089,4.1504,1.0986,0.1831,unlabeled,Charlotte,small
1785596557.148111,5420,0.1172,0.9839,0.1128,4.2725,1.2817,-0.061,unlabeled,Charlotte,small
1785596557.1481152,5470,0.1226,0.9756,0.1177,4.3945,1.1597,-0.3662,unlabeled,Charlotte,small
1785596557.1481187,5520,0.1167,0.9775,0.1055,4.1504,1.2207,0.3662,unlabeled,Charlotte,small
1785596557.1481225,5570,0.1187,0.9761,0.1162,4.3945,1.2207,-0.1831,unlabeled,Charlotte,small
1785596557.1481261,5620,0.1216,0.9829,0.1191,4.3945,1.3428,-0.7935,unlabeled,Charlotte,small
1785596557.1481297,5670,0.1167,0.9824,0.1064,4.5166,1.0986,0.1221,unlabeled,Charlotte,small
1785596558.7327743,5732,0.1196,0.9761,0.1123,4.5776,1.0376,0.061,unlabeled,Charlotte,small
1785596558.732787,5782,0.1172,0.9785,0.1108,4.5166,0.9766,0.2441,unlabeled,Charlotte,small
1785596558.732792,5832,0.1167,0.9731,0.1274,5.0049,1.1597,0.1831,unlabeled,Charlotte,small
1785596558.732796,5882,0.104,0.9688,0.1099,7.2632,2.5635,-1.8921,unlabeled,Charlotte,small
1785596558.7328,5932,0.1235,0.9785,0.1167,6.5308,1.9531,0.3052,unlabeled,Charlotte,small
1785596558.732804,5982,0.1094,0.9863,0.1152,3.9062,1.1597,-0.9766,unlabeled,Charlotte,small
1785596558.7328079,6032,0.1196,0.9746,0.1113,3.6011,1.2817,-1.4038,unlabeled,Charlotte,small
1785596558.7328117,6082,0.1255,0.9824,0.1143,3.9062,0.9155,0.9766,unlabeled,Charlotte,small
1785596558.7328155,6132,0.1255,0.9839,0.1191,3.9062,0.9155,-1.0376,unlabeled,Charlotte,small
1785596558.7328193,6182,0.1289,0.9985,0.0947,6.4697,1.9531,1.3428,unlabeled,Charlotte,small
1785596559.2686532,7315,0.1177,0.9736,0.1152,4.2114,0.7935,0.2441,unlabeled,Charlotte,small
1785596559.268664,7365,0.1138,0.9761,0.1211,3.7842,1.0986,-0.4883,unlabeled,Charlotte,small
1785596559.268668,7415,0.1245,0.9766,0.1094,4.4556,1.5259,-0.6104,unlabeled,Charlotte,small
1785596559.2686713,7465,0.1099,0.9766,0.1143,3.9062,1.3428,-0.8545,unlabeled,Charlotte,small
1785596559.2686744,7515,0.1211,0.9775,0.1113,4.5776,1.3428,0.1831,unlabeled,Charlotte,small
1785596559.2686777,7565,0.1172,0.981,0.1167,4.5166,1.0986,0.061,unlabeled,Charlotte,small
1785596559.2686808,7615,-0.7739,0.1636,1.2656,-302.2461,-141.0522,-174.9268,unlabeled,Charlotte,small
1785596559.2686837,7665,0.4888,1.1553,-0.2119,234.8633,85.083,-38.5742,unlabeled,Charlotte,small
1785596559.268687,7715,0.3555,0.9468,0.187,45.5933,17.7612,8.2397,unlabeled,Charlotte,small
1785596559.26869,7765,0.0957,1.1797,0.2588,-149.231,-75.6836,51.6968,unlabeled,Charlotte,small
1785596559.8406126,7852,0.022,1.0483,-0.0376,-91.7969,-11.9629,111.145,unlabeled,Charlotte,small
1785596559.8406284,7902,-0.0317,0.9561,-0.0942,-115.2954,-16.8457,128.2349,unlabeled,Charlotte,small
1785596559.840635,7952,-0.1592,0.8638,-0.248,-120.3003,-22.2778,105.1636,unlabeled,Charlotte,small
1785596559.840641,8002,-0.2261,0.769,-0.3823,-132.5684,-32.5928,107.666,unlabeled,Charlotte,small
1785596559.8406465,8052,-0.2168,0.6499,-0.5044,-109.9243,-4.9438,10.7422,unlabeled,Charlotte,small
1785596559.8406522,8102,-0.5337,0.999,-0.5029,-45.5322,63.4155,-109.8022,unlabeled,Charlotte,small
1785596559.8406577,8152,-0.2612,0.834,-0.6021,-21.7285,18.9819,12.3291,unlabeled,Charlotte,small
1785596559.8406627,8202,-0.2622,0.7891,-0.5249,-30.3345,-25.6958,-10.7422,unlabeled,Charlotte,small
1785596559.840668,8252,-0.1797,0.7524,-0.5176,-62.8052,-41.0767,-11.8408,unlabeled,Charlotte,small
1785596559.8406732,8302,-0.1055,0.6733,-0.5566,-100.2808,-24.0479,-36.6211,unlabeled,Charlotte,small
1785596560.3616087,8424,-0.0527,0.5347,-0.7026,-12.5122,-21.8506,-54.3823,unlabeled,Charlotte,small
1785596560.3616223,8474,0.0269,0.6631,-0.8511,-20.0806,-26.9775,-28.4424,unlabeled,Charlotte,small
1785596560.3616276,8524,0.0034,0.542,-0.8076,17.4561,8.3618,-8.9722,unlabeled,Charlotte,small
1785596560.3616323,8574,0.0278,0.5605,-0.7212,-28.3203,7.3242,-16.9678,unlabeled,Charlotte,small
1785596560.3616366,8624,0.0142,0.5269,-1.0239,-44.9219,4.5776,-45.166,unlabeled,Charlotte,small
1785596560.3616407,8674,0.0225,0.5029,-0.9604,21.3013,5.0049,-29.4189,unlabeled,Charlotte,small
1785596560.3616447,8724,0.022,0.3745,-0.8311,-49.8657,-0.9155,-30.2734,unlabeled,Charlotte,small
1785596560.3616488,8774,0.061,0.3804,-0.9365,-57.1289,0.4883,-11.9019,unlabeled,Charlotte,small
1785596560.361653,8824,-0.2139,0.481,-1.2988,-20.4468,2.0752,4.8828,unlabeled,Charlotte,small
1785596560.361657,8874,0.0527,0.394,-0.9473,7.1411,-2.0752,-15.0757,unlabeled,Charlotte,small
1785596560.8812625,8948,0.0562,0.3853,-0.9326,-14.8315,3.7231,-18.0664,unlabeled,Charlotte,small
1785596560.8812773,8998,0.0581,0.3364,-0.9697,-4.4556,9.2163,5.0659,unlabeled,Charlotte,small
1785596560.8812838,9048,0.0171,0.335,-0.9395,16.3574,4.8828,-6.2866,unlabeled,Charlotte,small
1785596560.8812897,9098,0.0137,0.3291,-0.9019,19.4702,1.9531,-2.3193,unlabeled,Charlotte,small
1785596560.881295,9148,0.0181,0.3345,-0.8931,21.0571,-10.7422,-13.916,unlabeled,Charlotte,small
1785596560.8813002,9198,0.0005,0.3833,-0.8604,42.3584,-19.8975,-8.728,unlabeled,Charlotte,small
1785596560.881306,9248,0.1045,0.438,-0.8369,37.2925,-30.1514,-19.043,unlabeled,Charlotte,small
1785596560.881311,9298,0.0937,0.4731,-0.8877,27.71,-20.874,-0.3662,unlabeled,Charlotte,small
1785596560.8813162,9348,0.3838,0.4473,-0.8315,32.4097,-11.4746,-60.73,unlabeled,Charlotte,small
1785596560.8813214,9398,0.0811,0.4546,-0.8491,60.8521,14.5874,-10.6201,unlabeled,Charlotte,small
1785596561.556404,9463,0.0688,0.5767,-0.7983,88.1958,7.2632,-7.7515,unlabeled,Charlotte,small
1785596561.5564158,9513,0.0737,0.5776,-0.7637,29.2969,-15.3809,16.2964,unlabeled,Charlotte,small
1785596561.556421,9563,0.1069,0.6509,-0.686,46.5698,-33.0811,-35.1563,unlabeled,Charlotte,small
1785596561.5564258,9613,-0.0054,0.6416,-0.8174,46.3257,-14.2212,16.0522,unlabeled,Charlotte,small
1785596561.5564299,9663,0.1885,0.6753,-0.6201,86.731,-18.9819,-36.9873,unlabeled,Charlotte,small
1785596561.5564342,9713,0.1777,0.877,-0.6919,42.9687,3.9062,-30.6396,unlabeled,Charlotte,small
1785596561.556438,9763,-0.0117,0.8794,-0.543,92.5293,16.4795,-17.4561,unlabeled,Charlotte,small
1785596561.5564418,9813,-0.0503,0.6499,-0.3433,150.2686,-98.0835,158.6914,unlabeled,Charlotte,small
1785596561.5564458,9863,0.3354,0.3564,-0.2842,149.9634,16.5405,41.626,unlabeled,Charlotte,small
1785596561.55645,9913,0.3325,0.4111,-0.5059,187.9883,25.8179,-96.0693,unlabeled,Charlotte,small
1785596562.0753677,10137,0.0557,0.8657,-0.2769,-2.3193,2.5024,6.1646,unlabeled,Charlotte,small
1785596562.0753796,10187,0.1577,1.0098,-0.2349,21.4844,-1.9531,-11.9629,unlabeled,Charlotte,small
1785596562.0753853,10237,0.1206,0.9219,-0.251,0.1831,5.0049,5.9204,unlabeled,Charlotte,small
1785596562.0753896,10287,0.1533,0.9639,-0.1914,7.5073,-4.7607,-2.8076,unlabeled,Charlotte,small
1785596562.0753937,10337,0.1421,0.9297,-0.23,3.2349,-1.2817,2.8687,unlabeled,Charlotte,small
1785596562.075398,10387,0.1489,0.9668,-0.2271,5.3711,4.0894,-0.1221,unlabeled,Charlotte,small
1785596562.075402,10437,0.1396,0.9531,-0.228,6.7749,0.6714,-1.0986,unlabeled,Charlotte,small
1785596562.0754056,10487,0.1406,0.9448,-0.2334,5.3711,1.4038,0.1831,unlabeled,Charlotte,small
1785596562.0754092,10537,0.1436,0.9565,-0.2388,5.4932,0.6714,0.3052,unlabeled,Charlotte,small
1785596562.075413,10587,0.1748,0.9155,-0.1973,-1.8311,-3.6621,-9.9487,unlabeled,Charlotte,small
1785596562.5928407,10660,0.1318,0.8857,-0.2334,9.0332,-2.9297,9.2163,unlabeled,Charlotte,small
1785596562.5928516,10710,0.1294,0.9785,-0.1753,0.6714,-8.3008,-5.3101,unlabeled,Charlotte,small
1785596562.5928564,10760,0.1274,0.9731,-0.2187,7.1411,-0.8545,-14.8315,unlabeled,Charlotte,small
1785596562.59286,10810,0.1318,0.9673,-0.2251,3.7231,0.7935,-2.2583,unlabeled,Charlotte,small
1785596562.592863,10860,0.1333,0.9551,-0.2275,4.9438,1.709,0.1221,unlabeled,Charlotte,small
1785596562.5928664,10910,0.1362,0.9546,-0.2222,5.3101,1.4038,-0.5493,unlabeled,Charlotte,small
1785596562.5928693,10960,0.1338,0.9595,-0.2217,4.6387,1.4038,1.4648,unlabeled,Charlotte,small
1785596562.5928724,11010,0.1357,0.957,-0.2212,4.3945,0.9155,-1.2817,unlabeled,Charlotte,small
1785596562.5928755,11060,0.1357,0.9521,-0.2236,5.0659,1.4038,1.1597,unlabeled,Charlotte,small
1785596562.5928783,11110,0.1357,0.96,-0.2256,4.8828,1.4038,1.2207,unlabeled,Charlotte,small
1785596563.2343705,11173,0.1328,0.9551,-0.2275,4.6387,1.3428,0.0,unlabeled,Charlotte,small
1785596563.234389,11223,0.1353,0.9604,-0.2266,4.6997,1.8311,-0.1831,unlabeled,Charlotte,small
1785596563.2343955,11273,0.1294,0.9531,-0.2275,4.2114,1.8311,0.3052,unlabeled,Charlotte,small
1785596563.2344015,11323,0.1367,0.9604,-0.209,3.8452,1.5259,2.3804,unlabeled,Charlotte,small
1785596563.2344065,11373,0.1274,0.9497,-0.2207,3.2349,-0.1221,-3.479,unlabeled,Charlotte,small
1785596563.2344122,11423,0.1367,0.9536,-0.2197,4.0894,0.7935,-1.9531,unlabeled,Charlotte,small
1785596563.234418,11473,0.1411,0.9492,-0.2271,4.6387,1.4038,-0.4883,unlabeled,Charlotte,small
1785596563.234423,11523,0.1328,0.958,-0.2163,3.479,1.0376,0.9155,unlabeled,Charlotte,small
1785596563.234428,11573,0.1543,0.9365,-0.167,9.2773,9.3994,7.9956,unlabeled,Charlotte,small
1785596563.2344327,11623,0.1216,0.9951,-0.2051,3.7231,5.188,4.9438,unlabeled,Charlotte,small
1785596563.953589,11815,0.126,0.9395,-0.2349,5.5542,-1.0376,-4.6997,unlabeled,Charlotte,small
1785596563.953599,11865,0.0962,0.9531,-0.2319,2.3193,1.2207,2.0752,unlabeled,Charlotte,small
1785596563.953603,11915,0.1143,0.9624,-0.2354,5.188,1.3428,-3.1128,unlabeled,Charlotte,small
1785596563.9536066,11965,0.1177,0.96,-0.2261,4.2725,1.5869,2.3804,unlabeled,Charlotte,small
1785596563.9536097,12015,0.1138,0.957,-0.2285,5.9204,-2.1362,10.5591,unlabeled,Charlotte,small
1785596563.9536133,12065,0.0972,0.9585,-0.2134,4.0283,1.0376,2.7466,unlabeled,Charlotte,small
1785596563.9536164,12115,0.1162,0.9565,-0.2207,3.8452,1.3428,-0.4272,unlabeled,Charlotte,small
1785596563.9536195,12165,0.103,0.9658,-0.2236,5.249,1.4038,3.1738,unlabeled,Charlotte,small
1785596563.9536226,12215,0.1006,0.9634,-0.2207,4.8828,1.0376,0.1831,unlabeled,Charlotte,small
1785596563.9536257,12265,0.1006,0.957,-0.2227,4.2725,1.3428,-2.5635,unlabeled,Charlotte,small
1785596564.5700326,12540,0.0864,0.9604,-0.1924,2.0752,-1.709,-1.6479,unlabeled,Charlotte,small
1785596564.5700428,12590,0.0903,0.9644,-0.1924,3.6011,-1.0376,-2.9907,unlabeled,Charlotte,small
1785596564.5700474,12640,0.0801,0.9521,-0.1738,0.7324,0.8545,-1.4648,unlabeled,Charlotte,small
1785596564.570051,12690,0.1035,0.9551,-0.2314,5.188,2.3804,7.8125,unlabeled,Charlotte,small
1785596564.5700543,12740,0.0229,0.978,-0.23,3.0518,1.0986,4.8218,unlabeled,Charlotte,small
1785596564.5700579,12790,0.0449,0.9321,-0.2446,10.0098,0.061,-16.4795,unlabeled,Charlotte,small
1785596564.5700612,12840,0.064,0.9541,-0.231,7.8125,0.3052,-6.897,unlabeled,Charlotte,small
1785596564.5700643,12890,0.1274,0.9429,-0.2017,7.6904,-5.7373,-20.2026,unlabeled,Charlotte,small
1785596564.5700676,12940,0.1177,0.9585,-0.2134,3.9062,1.6479,2.8687,unlabeled,Charlotte,small
1785596564.5700705,12990,0.1104,0.9434,-0.2148,4.2725,1.5869,5.3711,unlabeled,Charlotte,small
1785596565.0837352,13151,0.0942,0.9565,-0.2236,4.5776,2.0142,2.1362,unlabeled,Charlotte,small
1785596565.0837476,13201,0.0908,0.9521,-0.2256,5.0659,3.1128,0.6104,unlabeled,Charlotte,small
1785596565.0837517,13251,0.105,0.9668,-0.2158,5.249,1.77,-0.3662,unlabeled,Charlotte,small
1785596565.0837557,13301,0.0864,0.9561,-0.2207,3.2959,0.7324,0.061,unlabeled,Charlotte,small
1785596565.0837588,13351,0.0884,0.9619,-0.2275,4.6997,1.1597,-0.9766,unlabeled,Charlotte,small
1785596565.0837624,13401,0.1006,0.9609,-0.2173,4.3335,5.0049,0.9155,unlabeled,Charlotte,small
1785596565.0837655,13451,0.0967,0.9644,-0.2231,2.9907,2.1973,-0.6104,unlabeled,Charlotte,small
1785596565.0837686,13501,0.0933,0.958,-0.2212,3.6011,1.2207,0.5493,unlabeled,Charlotte,small
1785596565.0837715,13551,0.1021,0.957,-0.228,6.2256,2.4414,1.4648,unlabeled,Charlotte,small
1785596565.0837746,13601,0.1006,0.9526,-0.2383,6.2866,1.2817,-16.8457,unlabeled,Charlotte,small
1785596565.7517974,13662,0.1182,0.9429,-0.2231,9.5215,4.2114,-2.1973,unlabeled,Charlotte,small
1785596565.751812,13712,0.0874,0.9619,-0.2305,1.1597,1.2817,12.4512,unlabeled,Charlotte,small
1785596565.7518184,13762,0.1313,0.9775,-0.209,10.2539,4.0894,1.8921,unlabeled,Charlotte,small
1785596565.7518244,13812,0.0879,0.9604,-0.2319,6.5918,1.8921,-3.8452,unlabeled,Charlotte,small
1785596565.75183,13862,0.0986,0.958,-0.2358,5.4321,2.9907,-1.1597,unlabeled,Charlotte,small
1785596565.7518356,13912,0.0864,0.9609,-0.2266,2.5635,3.6011,1.2817,unlabeled,Charlotte,small
1785596565.751841,13962,0.0884,0.9536,-0.2275,4.6997,-0.061,-1.4038,unlabeled,Charlotte,small
1785596565.7518466,14012,0.1011,0.9546,-0.2476,7.5073,-3.7231,-12.3901,unlabeled,Charlotte,small
1785596565.7518523,14062,0.1182,0.9526,-0.2134,5.8594,2.0142,-0.4883,unlabeled,Charlotte,small
1785596565.7518575,14112,0.0996,0.9653,-0.2012,5.9814,2.7466,3.1128,unlabeled,Charlotte,small
1785596566.3692617,14337,0.105,0.9624,-0.2241,5.9204,1.8921,-0.8545,unlabeled,Charlotte,small
1785596566.3692756,14387,0.0918,0.9624,-0.2212,4.3335,1.0376,-1.1597,unlabeled,Charlotte,small
1785596566.3692818,14437,0.0981,0.96,-0.2168,4.0283,0.5493,-1.4648,unlabeled,Charlotte,small
1785596566.3692875,14487,0.1001,0.96,-0.2285,5.0049,1.5259,0.0,unlabeled,Charlotte,small
1785596566.3692925,14537,0.1079,0.9688,-0.2124,-0.9766,0.9766,3.479,unlabeled,Charlotte,small
1785596566.3692982,14587,0.1465,0.9604,-0.21,0.4883,1.8311,9.7046,unlabeled,Charlotte,small
1785596566.3693035,14637,0.0913,0.9595,-0.2241,4.0283,1.8921,3.1128,unlabeled,Charlotte,small
1785596566.3693087,14687,0.1035,0.957,-0.2329,3.1128,2.5635,-2.9907,unlabeled,Charlotte,small
1785596566.3693137,14737,0.0811,0.9766,-0.231,3.2959,0.8545,1.4648,unlabeled,Charlotte,small
1785596566.369319,14787,0.0981,0.9453,-0.231,4.0894,0.9766,-0.3662,unlabeled,Charlotte,small
1785596566.8872995,14959,0.1079,0.9561,-0.2295,4.9438,1.709,6.7139,unlabeled,Charlotte,small
1785596566.887312,15009,0.085,0.9678,-0.2183,4.5166,2.2583,3.9673,unlabeled,Charlotte,small
1785596566.8873167,15059,0.0845,0.9463,-0.2876,8.4229,2.2583,-12.207,unlabeled,Charlotte,small
1785596566.887321,15109,0.1123,0.9722,-0.2148,6.6528,1.2207,-3.2349,unlabeled,Charlotte,small
1785596566.8873253,15159,0.0796,0.9551,-0.2173,4.8218,1.3428,-1.709,unlabeled,Charlotte,small
1785596566.8873293,15209,0.0703,0.9707,-0.2295,3.3569,1.6479,3.9062,unlabeled,Charlotte,small
1785596566.8873332,15259,0.0913,0.9673,-0.2251,5.0049,1.2207,-3.3569,unlabeled,Charlotte,small
1785596566.8873367,15309,0.0898,0.96,-0.2246,4.7607,1.0376,-2.3193,unlabeled,Charlotte,small
1785596566.8873405,15359,0.0986,0.9551,-0.2217,4.0894,0.7324,-1.1597,unlabeled,Charlotte,small
1785596566.8873444,15409,0.0991,0.9604,-0.2251,4.1504,1.5869,3.2959,unlabeled,Charlotte,small
1785596567.5948741,15471,0.0942,0.959,-0.2261,4.4556,1.6479,0.6714,unlabeled,Charlotte,small
1785596567.5948875,15521,0.0952,0.9629,-0.2217,4.3945,1.709,0.5493,unlabeled,Charlotte,small
1785596567.5948918,15571,0.0937,0.9585,-0.2197,4.4556,1.0986,-0.6104,unlabeled,Charlotte,small
1785596567.5948951,15621,0.0898,0.9575,-0.2144,4.5776,1.1597,-0.5493,unlabeled,Charlotte,small
1785596567.5948982,15671,0.0986,0.9614,-0.2212,4.5166,1.4648,0.0,unlabeled,Charlotte,small
1785596567.594902,15721,0.0952,0.958,-0.2271,4.9438,1.4038,0.3662,unlabeled,Charlotte,small
1785596567.5949051,15771,0.0928,0.959,-0.2212,4.0894,0.9155,-0.7324,unlabeled,Charlotte,small
1785596567.5949082,15821,0.0894,0.9634,-0.2207,4.4556,1.1597,0.4883,unlabeled,Charlotte,small
1785596567.5949109,15871,0.0962,0.958,-0.2275,4.0894,1.4648,-0.6104,unlabeled,Charlotte,small
1785596567.5949137,15921,0.0957,0.9624,-0.2202,3.418,2.0142,-2.1973,unlabeled,Charlotte,small
1785596568.1029153,16173,0.0859,0.9526,-0.2266,6.0425,0.8545,-2.3193,unlabeled,Charlotte,small
1785596568.1029272,16223,0.0811,0.9629,-0.2256,5.188,0.6714,-2.1362,unlabeled,Charlotte,small
1785596568.1029322,16273,0.0884,0.9575,-0.2271,4.7607,1.0376,-0.6104,unlabeled,Charlotte,small
1785596568.1029363,16323,0.0879,0.9565,-0.2227,4.5166,1.4038,0.0,unlabeled,Charlotte,small
1785596568.1029403,16373,0.0933,0.9614,-0.2246,3.9062,1.2207,-0.6104,unlabeled,Charlotte,small
1785596568.1029446,16423,0.0889,0.9692,-0.2236,4.2114,1.2207,-1.0986,unlabeled,Charlotte,small
1785596568.1029487,16473,0.0923,0.958,-0.2236,4.1504,1.3428,0.8545,unlabeled,Charlotte,small
1785596568.1029522,16523,0.0864,0.9595,-0.2344,4.4556,1.1597,-0.1831,unlabeled,Charlotte,small
1785596568.102956,16573,0.0947,0.96,-0.2192,3.6011,0.9155,-0.3052,unlabeled,Charlotte,small
1785596568.1029596,16623,0.0981,0.96,-0.228,4.6997,0.6714,-2.6855,unlabeled,Charlotte,small
1785596568.721233,16685,0.0859,0.9536,-0.2266,4.3945,0.9155,-0.4272,unlabeled,Charlotte,small
1785596568.7212448,16735,0.0923,0.958,-0.2314,5.5542,1.709,-0.3052,unlabeled,Charlotte,small
1785596568.72125,16785,0.0898,0.9634,-0.2187,4.0283,1.4648,1.5869,unlabeled,Charlotte,small
1785596568.7212546,16835,0.0679,0.9604,-0.2227,2.1362,-0.1831,-0.7935,unlabeled,Charlotte,small
1785596568.7212586,16885,0.0869,0.9609,-0.2246,4.5166,1.4038,-1.5259,unlabeled,Charlotte,small
1785596568.7212632,16935,0.0894,0.9697,-0.2236,4.7607,2.6855,3.7842,unlabeled,Charlotte,small
1785596568.721267,16985,0.0937,0.957,-0.2197,3.0518,1.4038,1.9531,unlabeled,Charlotte,small
1785596568.7212708,17035,0.0781,0.9526,-0.2183,8.1177,1.5869,-5.249,unlabeled,Charlotte,small
1785596568.7212744,17085,0.0884,0.9546,-0.2646,4.3335,2.0752,1.9531,unlabeled,Charlotte,small
1785596568.7212782,17135,0.0874,0.9497,-0.2158,6.5918,0.3052,-5.4932,unlabeled,Charlotte,small
1785596569.2383757,17307,0.1362,0.958,-0.2285,9.9487,7.3853,0.3662,unlabeled,Charlotte,small
1785596569.238388,17357,0.0947,0.9751,-0.2148,3.1128,1.0986,4.0283,unlabeled,Charlotte,small
1785596569.2383928,17407,0.0732,0.9697,-0.2192,1.3428,2.3193,-0.1221,unlabeled,Charlotte,small
1785596569.2383974,17457,0.0957,0.9512,-0.2295,4.0894,0.5493,-1.8311,unlabeled,Charlotte,small
1785596569.2384012,17507,0.0991,0.9585,-0.2207,2.7466,0.6104,0.3662,unlabeled,Charlotte,small
1785596569.2384055,17557,0.1016,0.9585,-0.2192,5.4321,1.5259,-0.061,unlabeled,Charlotte,small
1785596569.2384095,17607,0.0806,0.9619,-0.2271,2.8076,1.5869,0.7324,unlabeled,Charlotte,small
1785596569.2384133,17657,0.0933,0.9634,-0.2236,1.6479,3.9062,5.9814,unlabeled,Charlotte,small
1785596569.2384171,17707,0.0859,0.9731,-0.2295,5.8594,4.5166,-0.8545,unlabeled,Charlotte,small
1785596569.2384207,17757,0.105,0.9585,-0.2295,5.9814,8.667,-2.9907,unlabeled,Charlotte,small
1785596569.8490238,17819,0.0317,0.9546,-0.2427,-1.0986,-2.8687,-6.5308,unlabeled,Charlotte,small
1785596569.8490357,17869,0.0435,0.9663,-0.209,4.1504,-2.6855,5.3711,unlabeled,Charlotte,small
1785596569.8490412,17919,0.0869,0.9556,-0.2593,-3.1128,-17.4561,-15.8081,unlabeled,Charlotte,small
1785596569.849046,17969,0.1167,0.9434,-0.2178,-5.249,0.3662,10.6812,unlabeled,Charlotte,small
1785596569.8490498,18019,0.0781,0.9648,-0.2471,3.9673,-4.0894,-14.2212,unlabeled,Charlotte,small
1785596569.8490539,18069,0.104,0.9136,-0.2275,6.7749,0.6714,-2.3193,unlabeled,Charlotte,small
1785596569.8490577,18119,0.083,0.937,-0.2505,2.2583,-1.5869,-2.6245,unlabeled,Charlotte,small
1785596569.8490615,18169,0.0947,0.9473,-0.2373,1.9531,1.4648,2.8687,unlabeled,Charlotte,small
1785596569.8490653,18219,0.0977,0.9487,-0.2441,3.6621,0.6104,-1.4648,unlabeled,Charlotte,small
1785596569.849069,18269,0.0928,0.957,-0.249,3.9673,1.3428,1.5869,unlabeled,Charlotte,small
1785596571.4329932,18431,0.1035,0.9492,-0.2412,4.0283,1.4038,0.8545,unlabeled,Charlotte,small
1785596571.4330053,18481,0.0972,0.9541,-0.2456,3.6011,1.4038,1.0376,unlabeled,Charlotte,small
1785596571.4330106,18531,0.0928,0.9595,-0.2437,0.1831,0.7935,3.479,unlabeled,Charlotte,small
1785596571.4330153,18581,0.0962,0.9658,-0.2407,3.3569,1.0986,0.7935,unlabeled,Charlotte,small
1785596571.4330194,18631,0.1333,0.9619,-0.2388,7.3242,1.709,-1.2817,unlabeled,Charlotte,small
1785596571.4330235,18681,0.0918,0.9424,-0.2393,8.0566,1.0986,-2.3804,unlabeled,Charlotte,small
1785596571.4330275,18731,0.0898,0.9507,-0.2554,5.3711,1.3428,-2.9297,unlabeled,Charlotte,small
1785596571.4330313,18781,0.0903,0.9512,-0.2461,2.5024,1.6479,1.709,unlabeled,Charlotte,small
1785596571.4330354,18831,0.1118,0.9575,-0.2505,4.7607,6.4697,-0.3052,unlabeled,Charlotte,small
1785596571.4330392,18881,0.0796,0.9775,-0.229,6.7139,1.2817,10.437,unlabeled,Charlotte,small
1785596572.1012492,20015,0.0947,0.958,-0.2388,4.7607,4.9438,0.5493,unlabeled,Charlotte,small
1785596572.101262,20065,0.0718,0.938,-0.2656,5.9204,4.3945,-12.8784,unlabeled,Charlotte,small
1785596572.1012685,20115,0.0806,0.9482,-0.2466,1.2817,2.0142,5.188,unlabeled,Charlotte,small
1785596572.1012735,20165,0.0913,0.9658,-0.2407,3.479,0.8545,0.2441,unlabeled,Charlotte,small
1785596572.1012776,20215,0.0903,0.9648,-0.2417,5.3101,1.0376,-0.3662,unlabeled,Charlotte,small
1785596572.101282,20265,0.0835,0.957,-0.2456,6.8359,-1.0376,-4.6997,unlabeled,Charlotte,small
1785596572.1012857,20315,0.0845,0.9565,-0.2441,3.7842,-1.8311,-2.5635,unlabeled,Charlotte,small
1785596572.1012895,20365,0.105,0.9565,-0.2485,3.9062,2.6855,-3.1128,unlabeled,Charlotte,small
1785596572.1012933,20415,0.0815,0.9731,-0.2427,5.4932,-2.8076,-3.7231,unlabeled,Charlotte,small
1785596572.1012971,20465,0.082,0.9399,-0.2427,8.3618,-3.1738,-5.3711,unlabeled,Charlotte,small
1785596572.620356,20687,0.126,0.9507,-0.2427,7.019,2.2583,-2.0752,unlabeled,Charlotte,small
1785596572.6203682,20737,0.104,0.9526,-0.2363,4.0894,0.4883,-2.0752,unlabeled,Charlotte,small
1785596572.6203732,20787,0.0825,0.9565,-0.1938,2.5024,-1.0376,1.8921,unlabeled,Charlotte,small
1785596572.620378,20837,0.1035,0.9531,-0.2373,4.3945,1.5869,-0.3662,unlabeled,Charlotte,small
1785596572.620382,20887,0.0957,0.9517,-0.2334,4.3945,0.9155,-0.1831,unlabeled,Charlotte,small
1785596572.6203864,20937,0.1025,0.9546,-0.2363,3.6011,-0.8545,-1.9531,unlabeled,Charlotte,small
1785596572.6203902,20987,0.0967,0.9824,-0.2427,0.4272,0.3662,12.2681,unlabeled,Charlotte,small
1785596572.620394,21037,0.105,0.9648,-0.2422,4.4556,1.5259,0.3052,unlabeled,Charlotte,small
1785596572.6203976,21087,0.0923,0.9609,-0.2363,5.127,4.5166,8.1787,unlabeled,Charlotte,small
1785596572.6204011,21137,0.0913,0.9658,-0.229,4.8828,2.6855,4.1504,unlabeled,Charlotte,small
1785596573.2300858,21199,0.085,0.9536,-0.2378,4.3945,0.9766,-0.9766,unlabeled,Charlotte,small
1785596573.2300985,21249,0.0933,0.9546,-0.2383,5.127,1.1597,0.2441,unlabeled,Charlotte,small
1785596573.2301025,21299,0.0986,0.9556,-0.2334,5.249,0.7324,-1.4648,unlabeled,Charlotte,small
1785596573.230106,21349,0.0967,0.9595,-0.2319,4.9438,0.5493,-2.0752,unlabeled,Charlotte,small
1785596573.2301092,21399,0.103,0.9585,-0.23,3.7842,1.0376,0.061,unlabeled,Charlotte,small
1785596573.2301126,21449,0.0981,0.9609,-0.2397,4.5166,1.6479,2.2583,unlabeled,Charlotte,small
1785596573.2301157,21499,0.1143,0.9497,-0.2368,4.3945,1.5259,2.2583,unlabeled,Charlotte,small
1785596573.2301188,21549,0.0801,0.957,-0.2417,4.3335,1.1597,0.1831,unlabeled,Charlotte,small
1785596573.2301214,21599,0.084,0.9604,-0.2393,3.9673,3.9673,1.2817,unlabeled,Charlotte,small
1785596573.2301245,21649,0.0869,0.9561,-0.2383,4.6387,1.2817,-1.2207,unlabeled,Charlotte,small
1785596573.7480927,21812,0.0923,0.9648,-0.2349,4.2114,1.1597,-1.5869,unlabeled,Charlotte,small
1785596573.7481058,21862,0.0913,0.9653,-0.2314,4.5776,1.4038,1.0376,unlabeled,Charlotte,small
1785596573.748111,21912,0.0986,0.9634,-0.2402,4.7607,1.709,1.709,unlabeled,Charlotte,small
1785596573.7481155,21962,0.0854,0.9619,-0.2319,5.0049,1.4648,-0.1831,unlabeled,Charlotte,small
1785596573.7481194,22012,0.0894,0.9492,-0.2295,4.8828,1.5869,0.3052,unlabeled,Charlotte,small
1785596573.7481234,22062,0.0898,0.9536,-0.2334,4.0283,1.6479,-0.6714,unlabeled,Charlotte,small
1785596573.7481272,22112,0.0991,0.9629,-0.2427,1.2207,4.3945,1.4038,unlabeled,Charlotte,small
1785596573.7481308,22162,0.0415,0.9546,-0.2632,3.7231,2.7466,3.9062,unlabeled,Charlotte,small
1785596573.7481344,22212,0.1133,0.9282,-0.2471,-1.6479,0.8545,4.9438,unlabeled,Charlotte,small
1785596573.7481382,22262,0.0879,0.9688,-0.2393,2.8076,0.061,-1.4648,unlabeled,Charlotte,small
1785596574.2683048,22335,0.0811,0.9541,-0.2422,3.7231,0.0,-1.0986,unlabeled,Charlotte,small
1785596574.2683167,22385,0.0962,0.9497,-0.2236,5.7983,-1.6479,-2.9297,unlabeled,Charlotte,small
1785596574.2683213,22435,0.1069,0.958,-0.2412,4.4556,1.8921,2.5635,unlabeled,Charlotte,small
1785596574.2683249,22485,0.0801,0.9619,-0.2065,0.7935,3.54,12.6953,unlabeled,Charlotte,small
1785596574.268328,22535,0.0547,0.9517,-0.231,8.1177,-1.1597,-0.3662,unlabeled,Charlotte,small
1785596574.2683313,22585,0.187,0.9639,-0.4258,17.5171,14.2212,-23.8647,unlabeled,Charlotte,small
1785596574.2683344,22635,0.0972,1.019,-0.2544,2.3193,4.9438,9.7656,unlabeled,Charlotte,small
1785596574.2683377,22685,0.1187,0.9692,-0.2544,5.9204,12.2681,2.8687,unlabeled,Charlotte,small
1785596574.2683406,22735,0.0479,0.9224,-0.2354,9.8877,1.8921,-18.4937,unlabeled,Charlotte,small
1785596574.2683434,22785,0.0962,0.9478,-0.2402,1.2207,8.5449,11.2915,unlabeled,Charlotte,small
1785596574.86506,22847,0.0474,0.9653,-0.2495,1.4648,1.4038,3.1128,unlabeled,Charlotte,small
1785596574.8650742,22897,0.0933,0.9683,-0.2422,4.2725,1.2817,0.3052,unlabeled,Charlotte,small
1785596574.8650796,22947,0.0947,0.9546,-0.2305,3.9673,8.1177,1.6479,unlabeled,Charlotte,small
1785596574.865084,22997,-0.0103,1.0322,-0.2539,-8.7891,8.606,28.0151,unlabeled,Charlotte,small
1785596574.8650885,23047,0.0249,0.9702,-0.2437,7.9346,-3.0518,-9.7656,unlabeled,Charlotte,small
1785596574.8650928,23097,0.0889,0.9463,-0.2407,8.3618,-4.0283,-13.6719,unlabeled,Charlotte,small
1785596574.865097,23147,0.083,0.9575,-0.2363,2.7466,0.3052,3.2959,unlabeled,Charlotte,small
1785596574.8651009,23197,0.0767,0.9585,-0.2476,2.3193,-2.2583,-2.7466,unlabeled,Charlotte,small
1785596574.865106,23247,0.106,0.9321,-0.2402,7.0801,-7.2021,-17.395,unlabeled,Charlotte,small
1785596574.86511,23297,0.0996,0.9629,-0.2026,4.8828,2.3804,4.0283,unlabeled,Charlotte,small
1785596575.5838342,23449,0.1392,0.9478,-0.2544,7.3853,1.2207,-8.0566,unlabeled,Charlotte,small
1785596575.5838447,23499,0.0894,0.9761,-0.2397,7.9346,0.4883,-4.0894,unlabeled,Charlotte,small
1785596575.583849,23549,0.0952,0.9658,-0.2334,4.9438,1.2207,-0.5493,unlabeled,Charlotte,small
1785596575.5838528,23599,0.1006,0.9619,-0.2324,4.5166,0.5493,-1.9531,unlabeled,Charlotte,small
1785596575.5838559,23649,0.0991,0.9507,-0.2373,3.9673,0.9155,-0.8545,unlabeled,Charlotte,small
1785596575.5838592,23699,0.1138,0.9478,-0.2422,3.479,0.6104,0.1831,unlabeled,Charlotte,small
1785596575.5838623,23749,0.1021,0.9541,-0.2427,3.2349,1.4648,1.4648,unlabeled,Charlotte,small
1785596575.5838654,23799,0.1021,0.957,-0.2363,4.0283,1.4038,1.2207,unlabeled,Charlotte,small
1785596575.5838685,23849,0.1006,0.959,-0.2422,4.1504,1.4038,1.2207,unlabeled,Charlotte,small
1785596575.5838711,23899,0.103,0.9561,-0.2344,5.188,2.0142,0.3662,unlabeled,Charlotte,small
1785596576.2986963,24162,0.0972,0.9536,-0.2373,4.1504,1.2817,-0.4272,unlabeled,Charlotte,small
1785596576.2987323,24212,0.0977,0.9526,-0.2437,4.1504,1.3428,0.1221,unlabeled,Charlotte,small
1785596576.298738,24262,0.0977,0.9526,-0.2427,3.9673,0.8545,-2.8076,unlabeled,Charlotte,small
1785596576.2987423,24312,0.0918,0.9526,-0.2422,3.0518,0.8545,0.7935,unlabeled,Charlotte,small
1785596576.2987463,24362,0.1118,0.9482,-0.2412,4.6387,0.8545,-0.4272,unlabeled,Charlotte,small
1785596576.2987504,24412,0.0884,0.9414,-0.2466,5.3711,1.5259,-1.5259,unlabeled,Charlotte,small
1785596576.2987542,24462,0.0972,0.9541,-0.2373,5.4321,0.4883,-2.8687,unlabeled,Charlotte,small
1785596576.2987578,24512,0.0947,0.9482,-0.2407,4.2725,0.0,-5.0049,unlabeled,Charlotte,small
1785596576.2987618,24562,0.1069,0.9575,-0.2437,3.418,-4.8218,-0.4272,unlabeled,Charlotte,small
1785596576.298766,24612,0.0952,0.9487,-0.2397,-1.4648,7.2021,20.5078,unlabeled,Charlotte,small
1785596576.8161552,24885,0.0747,0.9575,-0.2412,5.3101,1.0986,-1.5259,unlabeled,Charlotte,small
1785596576.816166,24935,0.0732,0.9473,-0.2393,3.54,0.7324,0.2441,unlabeled,Charlotte,small
1785596576.81617,24985,0.0776,0.9536,-0.2495,3.7231,0.9766,-0.4883,unlabeled,Charlotte,small
1785596576.8161738,25035,0.0781,0.9551,-0.2383,3.1128,-0.6104,-1.8311,unlabeled,Charlotte,small
1785596576.8161771,25085,0.085,0.9634,-0.2437,5.4932,0.3052,-1.709,unlabeled,Charlotte,small
1785596576.8161805,25135,0.0776,0.9531,-0.2432,5.0659,0.9766,-0.9155,unlabeled,Charlotte,small
1785596576.8161838,25185,0.0894,0.9551,-0.2437,5.127,0.6104,-1.6479,unlabeled,Charlotte,small
1785596576.8161867,25235,0.085,0.9604,-0.2417,4.3945,1.1597,0.4272,unlabeled,Charlotte,small
1785596576.8161895,25285,0.0815,0.9595,-0.2432,4.2114,1.0986,0.9766,unlabeled,Charlotte,small
1785596576.8161926,25335,0.0806,0.9536,-0.2437,3.3569,1.0376,1.2207,unlabeled,Charlotte,small
1785596577.3379972,25398,0.0728,0.9541,-0.249,3.2959,-0.6714,-2.5024,unlabeled,Charlotte,small
1785596577.3380094,25448,0.0796,0.9443,-0.2363,3.9062,-1.3428,0.5493,unlabeled,Charlotte,small
1785596577.3380146,25498,0.0879,0.9458,-0.2373,6.2256,-1.4648,-7.7515,unlabeled,Charlotte,small
1785596577.3380191,25548,0.0806,0.9658,-0.2412,1.6479,-0.9766,2.0142,unlabeled,Charlotte,small
1785596577.3380234,25598,0.1035,0.9658,-0.2349,3.479,-1.2207,-0.3052,unlabeled,Charlotte,small
1785596577.3380275,25648,0.0918,0.958,-0.2368,3.9062,1.4648,-0.2441,unlabeled,Charlotte,small
1785596577.3380315,25698,0.0957,0.9624,-0.2402,3.3569,1.6479,1.4038,unlabeled,Charlotte,small
1785596577.338035,25748,0.0986,0.96,-0.2422,4.3335,1.5259,0.3052,unlabeled,Charlotte,small
1785596577.3380387,25798,0.0903,0.9541,-0.2349,3.9062,1.2817,0.9155,unlabeled,Charlotte,small
1785596577.338043,25848,0.0928,0.959,-0.2373,4.3945,1.0986,-0.5493,unlabeled,Charlotte,small
1785596577.8571076,25921,0.0913,0.9517,-0.2417,3.7231,1.2207,0.7324,unlabeled,Charlotte,small
1785596577.857123,25971,0.0986,0.9585,-0.2388,4.3945,1.0986,0.3052,unlabeled,Charlotte,small
1785596577.8571289,26021,0.0952,0.9619,-0.2407,4.2725,1.709,3.418,unlabeled,Charlotte,small
1785596577.8571346,26071,0.0967,0.9629,-0.2432,4.8218,1.3428,-0.3662,unlabeled,Charlotte,small
1785596577.85714,26121,0.0923,0.9575,-0.2422,4.1504,2.6245,2.2583,unlabeled,Charlotte,small
1785596577.857145,26171,0.0913,0.9551,-0.2373,5.7373,1.77,-0.7935,unlabeled,Charlotte,small
1785596577.8571503,26221,0.0874,0.9512,-0.2393,5.127,1.3428,-2.5024,unlabeled,Charlotte,small
1785596577.8571553,26271,0.0889,0.9644,-0.2393,4.2725,1.0986,0.6714,unlabeled,Charlotte,small
1785596577.8571603,26321,0.0898,0.9556,-0.2451,4.5776,1.0986,-0.7324,unlabeled,Charlotte,small
1785596577.8571656,26371,0.0894,0.9575,-0.2407,4.7607,1.4648,-0.6714,unlabeled,Charlotte,small
1785596578.3691852,26434,0.0928,0.9604,-0.2437,2.6245,2.8687,3.7231,unlabeled,Charlotte,small
1785596578.3691995,26484,0.0771,0.9492,-0.2344,3.8452,0.8545,1.3428,unlabeled,Charlotte,small
1785596578.3692055,26534,0.0947,0.9561,-0.2427,5.4321,1.2207,-0.2441,unlabeled,Charlotte,small
1785596578.369211,26584,0.0854,0.9536,-0.2427,5.6763,0.9155,-2.3193,unlabeled,Charlotte,small
1785596578.3692162,26634,0.0854,0.9541,-0.2471,5.7373,1.0986,-2.0752,unlabeled,Charlotte,small
1785596578.369222,26684,0.0845,0.957,-0.2378,3.7842,1.1597,0.061,unlabeled,Charlotte,small
1785596578.369227,26734,0.0903,0.9585,-0.2417,4.5166,1.2207,-0.6104,unlabeled,Charlotte,small
1785596578.369232,26784,0.0908,0.9565,-0.2446,5.188,1.0986,-1.5869,unlabeled,Charlotte,small
1785596578.369237,26834,0.0967,0.9541,-0.2534,5.127,2.0752,-3.2959,unlabeled,Charlotte,small
1785596578.369242,26884,0.0913,0.9609,-0.2349,4.5776,0.4883,-0.9766,unlabeled,Charlotte,small
1785596578.9661624,26947,0.1016,0.9575,-0.2397,5.0659,-0.061,-2.7466,unlabeled,Charlotte,small
1785596578.9661736,26997,0.0947,0.9619,-0.2334,4.1504,0.4883,-1.4648,unlabeled,Charlotte,small
1785596578.9661777,27047,0.0884,0.9561,-0.2461,4.5776,0.7324,-2.1362,unlabeled,Charlotte,small
1785596578.966181,27097,0.0991,0.9561,-0.2427,4.0283,1.3428,1.0986,unlabeled,Charlotte,small
1785596578.9661841,27147,0.0898,0.9502,-0.2407,4.8218,0.1221,-0.3662,unlabeled,Charlotte,small
1785596578.9661877,27197,0.0996,0.9604,-0.2422,4.9438,1.3428,0.5493,unlabeled,Charlotte,small
1785596578.9661906,27247,0.0957,0.9531,-0.2368,5.9814,1.6479,0.3662,unlabeled,Charlotte,small
1785596578.9661937,27297,0.103,0.9575,-0.2427,10.5591,-0.061,-2.1973,unlabeled,Charlotte,small
1785596578.9661968,27347,0.0586,0.9785,-0.2695,4.8218,5.8594,9.8267,unlabeled,Charlotte,small
1785596578.9661999,27397,0.0952,0.9531,-0.2178,3.3569,0.8545,0.3052,unlabeled,Charlotte,small
1785596579.5833762,27549,0.0884,0.959,-0.2153,4.6997,0.4272,0.1221,unlabeled,Charlotte,small
1785596579.5833898,27599,0.0752,0.9702,-0.2314,0.7324,-1.3428,-11.4136,unlabeled,Charlotte,small
1785596579.583395,27649,0.1128,0.9517,-0.23,4.9438,1.0986,-1.1597,unlabeled,Charlotte,small
1785596579.583399,27699,0.1143,0.9434,-0.2314,5.0049,1.5259,0.061,unlabeled,Charlotte,small
1785596579.583403,27749,0.0908,0.9614,-0.2266,4.5166,1.2817,0.4883,unlabeled,Charlotte,small
1785596579.5834072,27799,0.0806,0.9609,-0.2373,5.127,1.0986,1.0376,unlabeled,Charlotte,small
1785596579.5834112,27849,0.0786,0.9463,-0.2271,6.7749,0.5493,-1.0986,unlabeled,Charlotte,small
1785596579.583415,27899,0.0894,0.9551,-0.2314,5.188,0.9155,0.9766,unlabeled,Charlotte,small
1785596579.5834186,27949,0.0928,0.9556,-0.2261,5.127,0.9155,-2.0142,unlabeled,Charlotte,small
1785596579.583424,27999,0.0923,0.9541,-0.231,5.0049,0.9155,-0.7935,unlabeled,Charlotte,small
1785596580.4974144,28162,0.082,0.9512,-0.228,-1.5259,7.6904,1.8921,unlabeled,Charlotte,small
1785596580.4974291,28212,0.0869,0.9409,-0.2388,5.127,2.0752,-6.1646,unlabeled,Charlotte,small
1785596580.4974353,28262,0.0747,0.9546,-0.2437,0.8545,2.9297,6.5308,unlabeled,Charlotte,small
1785596580.497441,28312,0.0737,0.9717,-0.2319,0.7324,-0.9766,0.2441,unlabeled,Charlotte,small
1785596580.497446,28362,0.1001,0.9634,-0.2354,7.2632,0.4272,-3.1738,unlabeled,Charlotte,small
1785596580.4974518,28412,0.1074,0.9609,-0.2236,7.4463,-1.6479,-10.5591,unlabeled,Charlotte,small
1785596580.4974573,28462,0.0635,0.9194,-0.2412,1.6479,-10.8032,-8.4839,unlabeled,Charlotte,small
1785596580.4974623,28512,0.1069,0.9492,-0.2319,0.9766,1.9531,6.2256,unlabeled,Charlotte,small
1785596580.4974678,28562,0.0933,0.958,-0.2427,1.4648,-2.3193,-0.7324,unlabeled,Charlotte,small
1785596580.497473,28612,0.1162,0.9604,-0.23,0.6714,-0.061,1.2817,unlabeled,Charlotte,small
1785596581.1263106,29074,0.0933,0.958,-0.2437,5.0049,1.0376,-1.3428,unlabeled,Charlotte,small
1785596581.126325,29124,0.0981,0.9614,-0.2344,4.2725,1.4648,1.4038,unlabeled,Charlotte,small
1785596581.1263297,29174,0.0991,0.9609,-0.2266,4.1504,3.9673,3.2349,unlabeled,Charlotte,small
1785596581.1263332,29224,0.0898,0.9551,-0.2295,5.9814,1.4038,-2.9297,unlabeled,Charlotte,small
1785596581.1263373,29274,0.0801,0.9521,-0.2407,2.7466,4.9438,7.7515,unlabeled,Charlotte,small
1785596581.126343,29324,0.1089,0.9595,-0.248,10.8032,0.9155,-14.2822,unlabeled,Charlotte,small
1785596581.126349,29374,0.106,0.9507,-0.2236,6.2866,0.7324,3.2349,unlabeled,Charlotte,small
1785596581.1263545,29424,0.1069,0.9609,-0.2466,8.728,4.6997,-4.4556,unlabeled,Charlotte,small
1785596581.1263585,29474,0.0869,0.9478,-0.2222,5.9204,0.7935,-1.9531,unlabeled,Charlotte,small
1785596581.1263618,29524,0.0898,0.9551,-0.2266,4.2114,1.1597,2.1973,unlabeled,Charlotte,small
1785596581.8428972,29707,0.0879,0.9546,-0.2388,3.8452,1.6479,-0.6714,unlabeled,Charlotte,small
1785596581.8429117,29757,0.0928,0.9561,-0.2314,3.418,1.4038,0.6714,unlabeled,Charlotte,small
1785596581.8429186,29807,0.0923,0.96,-0.2334,2.5635,-0.2441,0.5493,unlabeled,Charlotte,small
1785596581.8429244,29857,0.1006,0.9629,-0.2363,3.2349,0.7935,-0.6714,unlabeled,Charlotte,small
1785596581.8429298,29907,0.1016,0.9565,-0.2349,3.2959,0.3662,-0.061,unlabeled,Charlotte,small
1785596581.8429356,29957,0.1025,0.9575,-0.2329,4.4556,1.0376,-0.6714,unlabeled,Charlotte,small
1785596581.842941,30007,0.0967,0.9551,-0.2354,4.0894,1.709,1.3428,unlabeled,Charlotte,small
1785596581.8429463,30057,0.1001,0.9604,-0.2329,3.9062,1.0986,0.0,unlabeled,Charlotte,small
1785596581.8429518,30107,0.0952,0.9585,-0.2402,3.9673,0.7935,-0.6104,unlabeled,Charlotte,small
1785596581.8429573,30157,0.0952,0.9531,-0.2329,3.1738,0.7935,-1.3428,unlabeled,Charlotte,small
1785596582.4614167,30429,0.0942,0.9595,-0.2373,4.2114,0.7324,-1.2817,unlabeled,Charlotte,small
1785596582.461431,30479,0.0898,0.9561,-0.2451,3.7231,1.709,0.6104,unlabeled,Charlotte,small
1785596582.4614377,30529,0.0986,0.9526,-0.2354,4.0894,0.7935,-1.4648,unlabeled,Charlotte,small
1785596582.461444,30579,0.0986,0.9512,-0.2373,0.9155,3.6011,7.9956,unlabeled,Charlotte,small
1785596582.4614491,30629,0.1064,0.958,-0.2437,3.479,7.9956,6.5308,unlabeled,Charlotte,small
1785596582.4614549,30679,0.0874,0.9321,-0.2261,9.8267,4.3335,-7.2021,unlabeled,Charlotte,small
1785596582.4614606,30729,0.0859,0.9551,-0.2422,-0.061,5.6763,14.0381,unlabeled,Charlotte,small
1785596582.461466,30779,0.0933,0.916,-0.2559,0.7935,2.9297,-0.7935,unlabeled,Charlotte,small
1785596582.4614716,30829,0.062,0.9619,-0.2529,2.5024,3.7842,3.54,unlabeled,Charlotte,small
1785596582.4614768,30879,0.0703,0.9668,-0.2559,2.3193,2.6245,3.8452,unlabeled,Charlotte,small
1785596583.077295,31041,0.0723,0.9512,-0.252,5.7983,0.4883,-4.0283,unlabeled,Charlotte,small
1785596583.077311,31091,0.0703,0.9497,-0.2524,3.9062,1.5259,1.8921,unlabeled,Charlotte,small
1785596583.0773175,31141,0.0708,0.9507,-0.2407,3.6621,0.9155,-0.1221,unlabeled,Charlotte,small
1785596583.077323,31191,0.0732,0.9502,-0.25,2.7466,1.2817,1.0986,unlabeled,Charlotte,small
1785596583.0773282,31241,0.0703,0.958,-0.2446,2.9907,0.0,0.9766,unlabeled,Charlotte,small
1785596583.077334,31291,0.0757,0.958,-0.248,4.9438,1.0376,-0.6714,unlabeled,Charlotte,small
1785596583.077339,31341,0.0669,0.9565,-0.2446,5.6763,0.9766,-2.7466,unlabeled,Charlotte,small
1785596583.077344,31391,0.0728,0.957,-0.2471,4.8218,1.0376,-1.8921,unlabeled,Charlotte,small
1785596583.077349,31441,0.0781,0.9502,-0.2554,4.8828,0.8545,-2.5635,unlabeled,Charlotte,small
1785596583.0773537,31491,0.0752,0.9575,-0.2515,3.2349,0.4883,0.061,unlabeled,Charlotte,small
1785596583.602038,31663,0.0767,0.9512,-0.2529,4.4556,1.4038,0.1831,unlabeled,Charlotte,small
1785596583.6020515,31713,0.0796,0.9487,-0.2456,4.3945,0.7935,-0.8545,unlabeled,Charlotte,small
1785596583.6020577,31763,0.0796,0.9595,-0.2524,4.3945,0.4272,-1.9531,unlabeled,Charlotte,small
1785596583.6020634,31813,0.0781,0.9512,-0.2437,4.6997,0.5493,-0.3662,unlabeled,Charlotte,small
1785596583.6020684,31863,0.083,0.9551,-0.2476,4.1504,1.77,1.1597,unlabeled,Charlotte,small
1785596583.6020741,31913,0.0737,0.9526,-0.2446,4.4556,1.0986,-2.1973,unlabeled,Charlotte,small
1785596583.602079,31963,0.085,0.9595,-0.2554,3.9062,1.4648,1.5259,unlabeled,Charlotte,small
1785596583.6020842,32013,0.0845,0.9604,-0.2441,4.0894,1.2817,0.3662,unlabeled,Charlotte,small
1785596583.602089,32063,0.0806,0.9502,-0.2461,4.5776,1.4648,0.2441,unlabeled,Charlotte,small
1785596583.6020942,32113,0.0767,0.9551,-0.2466,5.0049,0.7324,-1.5869,unlabeled,Charlotte,small
1785596584.1216621,32186,0.0835,0.9429,-0.2466,4.2114,1.0986,-0.8545,unlabeled,Charlotte,small
1785596584.1216779,32236,0.0703,0.9521,-0.2549,2.3193,1.5869,2.3193,unlabeled,Charlotte,small
1785596584.121682,32286,0.0752,0.9604,-0.252,3.8452,0.9155,0.2441,unlabeled,Charlotte,small
1785596584.1216855,32336,0.0781,0.958,-0.251,4.8828,1.5259,-1.4038,unlabeled,Charlotte,small
1785596584.1216888,32386,0.0688,0.9634,-0.2456,4.5776,1.1597,-0.3052,unlabeled,Charlotte,small
1785596584.1216922,32436,0.0742,0.9502,-0.2476,4.9438,1.2817,-0.061,unlabeled,Charlotte,small
1785596584.121695,32486,0.0781,0.9517,-0.2505,4.5776,0.9766,-0.8545,unlabeled,Charlotte,small
1785596584.1216981,32536,0.0718,0.9517,-0.2461,4.3945,1.4648,0.6104,unlabeled,Charlotte,small
1785596584.121701,32586,0.0762,0.9551,-0.25,4.0894,1.3428,0.6714,unlabeled,Charlotte,small
1785596584.1217043,32636,0.0708,0.959,-0.252,4.3945,1.4648,0.1221,unlabeled,Charlotte,small
1785596584.632567,32699,0.0718,0.957,-0.2534,4.2725,1.2207,0.1221,unlabeled,Charlotte,small
1785596584.6325772,32749,0.0737,0.957,-0.2451,3.7842,1.8311,-0.5493,unlabeled,Charlotte,small
1785596584.6325815,32799,0.106,0.9385,-0.2456,-1.2817,10.6812,11.8408,unlabeled,Charlotte,small
1785596584.6325853,32849,0.0464,0.9463,-0.2632,21.8506,8.9111,52.4292,unlabeled,Charlotte,small
1785596584.6325884,32899,0.0317,0.9468,-0.1899,22.3999,-10.1929,-1.8921,unlabeled,Charlotte,small
1785596584.632592,32949,-0.0044,1.0234,-0.2148,5.3711,-0.9155,5.7373,unlabeled,Charlotte,small
1785596584.6325953,32999,0.0352,0.9653,-0.2388,6.4087,2.8076,-8.1787,unlabeled,Charlotte,small
1785596584.632598,33049,0.0776,0.9551,-0.2319,4.3335,3.6011,0.7324,unlabeled,Charlotte,small
1785596584.632601,33099,0.0322,0.9668,-0.2236,-4.8218,2.0752,-13.855,unlabeled,Charlotte,small
1785596584.6326041,33149,0.0581,0.9556,-0.2388,8.1177,0.0,-2.6855,unlabeled,Charlotte,small
1785596585.153102,33221,0.0825,0.9712,-0.2212,11.5356,-1.77,-12.2681,unlabeled,Charlotte,small
1785596585.1531198,33271,0.0679,0.9331,-0.2334,8.3008,-1.4038,-9.7656,unlabeled,Charlotte,small
1785596585.1531262,33321,0.0674,0.9629,-0.2358,1.0986,2.3193,4.2725,unlabeled,Charlotte,small
1785596585.153132,33371,0.0781,0.9683,-0.2314,3.2959,1.8921,1.9531,unlabeled,Charlotte,small
1785596585.1531374,33421,0.0693,0.9668,-0.2339,5.188,0.9155,-1.5259,unlabeled,Charlotte,small
1785596585.1531427,33471,0.0688,0.9639,-0.2324,4.6387,1.4648,-0.9155,unlabeled,Charlotte,small
1785596585.1531477,33521,0.0703,0.957,-0.2231,4.8828,0.8545,-2.1973,unlabeled,Charlotte,small
1785596585.1531527,33571,0.0757,0.9551,-0.2324,5.6152,1.5869,-0.5493,unlabeled,Charlotte,small
1785596585.153161,33621,0.0771,0.9551,-0.2363,5.6763,1.1597,-1.3428,unlabeled,Charlotte,small
1785596585.1531658,33671,0.0732,0.9629,-0.2305,4.2114,1.5869,0.4883,unlabeled,Charlotte,small
1785596585.7520835,33732,0.0728,0.959,-0.229,4.2725,0.7935,-2.0752,unlabeled,Charlotte,small
1785596585.7520943,33782,0.0752,0.9629,-0.2314,3.9673,-0.9766,-2.6245,unlabeled,Charlotte,small
1785596585.7520986,33832,0.103,0.9629,-0.2329,6.1035,1.0986,-2.9907,unlabeled,Charlotte,small
1785596585.752102,33882,0.0811,0.9565,-0.2324,3.9062,1.0376,-0.9155,unlabeled,Charlotte,small
1785596585.752105,33932,0.0835,0.9614,-0.25,7.2021,4.4556,1.3428,unlabeled,Charlotte,small
1785596585.7521086,33982,0.0811,0.9565,-0.2202,3.7842,0.9155,0.5493,unlabeled,Charlotte,small
1785596585.752112,34032,0.085,0.9585,-0.2344,5.0049,-1.4038,-7.8735,unlabeled,Charlotte,small
1785596585.7521148,34082,0.1011,0.9512,-0.2261,1.9531,-0.1831,1.1597,unlabeled,Charlotte,small
1785596585.752118,34132,0.0786,0.9678,-0.2275,3.7842,2.1973,1.77,unlabeled,Charlotte,small
1785596585.7521207,34182,0.0923,0.957,-0.2305,2.6245,1.1597,1.1597,unlabeled,Charlotte,small
1785596586.4708543,34334,0.0869,0.9565,-0.2358,4.6387,1.6479,0.1831,unlabeled,Charlotte,small
1785596586.4708672,34384,0.0859,0.9551,-0.2271,3.8452,1.4038,0.6714,unlabeled,Charlotte,small
1785596586.4708726,34434,0.0854,0.9629,-0.2368,3.9062,1.0376,0.0,unlabeled,Charlotte,small
1785596586.4708772,34484,0.0801,0.9595,-0.2349,3.54,-0.3662,-2.2583,unlabeled,Charlotte,small
1785596586.4708812,34534,0.0884,0.9556,-0.2295,3.7231,0.6104,-1.4038,unlabeled,Charlotte,small
1785596586.4708855,34584,0.0937,0.9644,-0.2334,3.7231,1.5869,1.6479,unlabeled,Charlotte,small
1785596586.4708896,34634,0.083,0.9595,-0.2031,1.0986,-0.3662,0.8545,unlabeled,Charlotte,small
1785596586.4708934,34684,0.0869,0.9619,-0.2202,4.3945,1.0376,-3.7842,unlabeled,Charlotte,small
1785596586.470897,34734,0.0889,0.9648,-0.2314,4.2114,1.2207,-1.0376,unlabeled,Charlotte,small
1785596586.4709008,34784,0.0752,0.9653,-0.2383,5.188,1.5869,-1.6479,unlabeled,Charlotte,small
1785596586.9798243,35048,0.0962,0.9565,-0.2295,4.4556,1.2207,0.6104,unlabeled,Charlotte,small
1785596586.9798439,35098,0.0947,0.96,-0.2368,3.479,0.3662,0.4883,unlabeled,Charlotte,small
1785596586.979851,35148,0.0903,0.9585,-0.2334,4.6387,0.1221,-1.0376,unlabeled,Charlotte,small
1785596586.9798584,35198,0.0952,0.958,-0.2275,4.2725,0.9155,0.061,unlabeled,Charlotte,small
1785596586.979865,35248,0.0957,0.9609,-0.2275,4.5166,1.3428,0.6104,unlabeled,Charlotte,small
1785596586.9798715,35298,0.0913,0.959,-0.231,5.0659,0.7935,-2.2583,unlabeled,Charlotte,small
1785596586.979878,35348,0.1035,0.9502,-0.2251,5.7373,-1.709,-3.7842,unlabeled,Charlotte,small
1785596586.9798827,35398,0.0869,0.957,-0.2275,4.5776,1.0376,0.061,unlabeled,Charlotte,small
1785596586.9798858,35448,0.0918,0.9565,-0.2388,6.2256,1.4648,-0.6714,unlabeled,Charlotte,small
1785596586.9798892,35498,0.0913,0.9639,-0.228,7.6904,2.4414,4.3945,unlabeled,Charlotte,small
1785596587.6018128,35560,0.0913,0.9502,-0.2285,5.6152,0.6714,-1.3428,unlabeled,Charlotte,small
1785596587.601827,35610,0.0913,0.9634,-0.2217,7.8735,0.3662,-2.0142,unlabeled,Charlotte,small
1785596587.6018322,35660,0.0718,0.9492,-0.2231,-2.9297,-0.6714,11.3525,unlabeled,Charlotte,small
1785596587.6018367,35710,0.0669,0.9385,-0.2393,3.6621,2.0142,1.709,unlabeled,Charlotte,small
1785596587.6018407,35760,0.0757,0.9565,-0.2275,3.9062,0.9155,-2.9297,unlabeled,Charlotte,small
1785596587.6018448,35810,0.0918,0.9565,-0.2192,4.5166,1.0986,-0.9155,unlabeled,Charlotte,small
1785596587.6018486,35860,0.0879,0.9624,-0.2217,4.8218,1.0986,-0.061,unlabeled,Charlotte,small
1785596587.6018522,35910,0.0908,0.9629,-0.2202,4.9438,1.4648,-0.1221,unlabeled,Charlotte,small
1785596587.601856,35960,0.0859,0.959,-0.2178,4.5166,1.1597,0.0,unlabeled,Charlotte,small
1785596587.6018596,36010,0.0908,0.959,-0.2212,4.3945,1.1597,-0.061,unlabeled,Charlotte,small
1785596588.1230335,36182,0.0928,0.9614,-0.2187,4.5776,1.2817,0.0,unlabeled,Charlotte,small
1785596588.1230462,36232,0.0898,0.9614,-0.2173,4.3945,1.2207,-0.1831,unlabeled,Charlotte,small
1785596588.1230507,36282,0.0874,0.9561,-0.2217,4.2114,1.2207,-0.061,unlabeled,Charlotte,small
1785596588.1230545,36332,0.0933,0.9673,-0.2212,5.0049,1.5869,0.7324,unlabeled,Charlotte,small
1785596588.1230578,36382,0.0874,0.96,-0.2212,4.7607,1.6479,-0.4272,unlabeled,Charlotte,small
1785596588.1230614,36432,0.085,0.9595,-0.207,3.9062,0.6714,0.3052,unlabeled,Charlotte,small
1785596588.1230645,36482,0.0898,0.9658,-0.2163,4.5166,0.9766,-0.6714,unlabeled,Charlotte,small
1785596588.1230674,36532,0.0923,0.9585,-0.2192,4.4556,1.4038,0.1831,unlabeled,Charlotte,small
1785596588.1230702,36582,0.0894,0.9634,-0.2124,4.5166,1.1597,-0.3052,unlabeled,Charlotte,small
1785596588.1230733,36632,0.0894,0.9629,-0.2148,4.4556,1.2207,-0.3662,unlabeled,Charlotte,small
1785596588.6445966,36705,0.0879,0.9634,-0.2168,4.1504,1.0986,0.061,unlabeled,Charlotte,small
1785596588.6446102,36755,0.0879,0.96,-0.2192,4.3335,1.3428,-0.1221,unlabeled,Charlotte,small
1785596588.6446145,36805,0.0928,0.9624,-0.2187,4.3945,1.2817,-0.2441,unlabeled,Charlotte,small
1785596588.644618,36855,0.0928,0.9614,-0.2202,4.3335,1.0376,-0.3052,unlabeled,Charlotte,small
1785596588.6446214,36905,0.0903,0.9639,-0.2144,4.5166,1.2207,-0.1831,unlabeled,Charlotte,small
1785596588.6446247,36955,0.0879,0.9556,-0.2119,4.5776,0.8545,-0.3662,unlabeled,Charlotte,small
1785596588.6446278,37005,0.0859,0.9629,-0.2148,4.2725,1.0986,-0.1221,unlabeled,Charlotte,small
1785596588.6446304,37055,0.0859,0.9609,-0.2148,4.2114,1.2817,-0.2441,unlabeled,Charlotte,small
1785596588.6446333,37105,0.0923,0.9619,-0.2144,4.1504,0.9766,-0.4883,unlabeled,Charlotte,small
1785596588.6446364,37155,0.0889,0.958,-0.2158,4.3945,1.4038,-0.061,unlabeled,Charlotte,small
1785596589.167018,37228,0.0923,0.9673,-0.2192,4.3945,1.2817,-0.3052,unlabeled,Charlotte,small
1785596589.16703,37278,0.0854,0.9663,-0.2163,4.3945,1.2817,0.3052,unlabeled,Charlotte,small
1785596589.1670349,37328,0.0845,0.9565,-0.21,4.3335,0.9766,-0.4883,unlabeled,Charlotte,small
1785596589.1670394,37378,0.084,0.9697,-0.2217,4.3335,1.2207,-0.3052,unlabeled,Charlotte,small
1785596589.1670437,37428,0.0942,0.9512,-0.2197,3.9673,0.5493,-1.0376,unlabeled,Charlotte,small
1785596589.1670477,37478,0.0898,0.9653,-0.2207,4.5776,1.3428,0.0,unlabeled,Charlotte,small
1785596589.1670516,37528,0.0874,0.9604,-0.2163,4.5166,1.2207,-0.1831,unlabeled,Charlotte,small
1785596589.1670556,37578,0.0898,0.9614,-0.2192,4.4556,1.2817,-0.3052,unlabeled,Charlotte,small
1785596589.1670592,37628,0.0859,0.9609,-0.2168,4.2114,1.1597,-0.061,unlabeled,Charlotte,small
1785596589.167063,37678,0.0874,0.9634,-0.2192,4.0283,1.5259,0.1831,unlabeled,Charlotte,small
1785596589.6879969,37750,0.0928,0.9653,-0.2202,4.6387,1.3428,0.0,unlabeled,Charlotte,small
1785596589.688009,37800,0.0928,0.9707,-0.2227,4.3945,1.2207,-0.3662,unlabeled,Charlotte,small
1785596589.6880133,37850,0.0859,0.958,-0.2222,4.1504,1.0986,-0.4883,unlabeled,Charlotte,small
1785596589.688017,37900,0.0889,0.9653,-0.2168,4.2114,1.0986,0.1831,unlabeled,Charlotte,small
1785596589.68802,37950,0.0903,0.958,-0.2139,4.5166,1.0986,-0.2441,unlabeled,Charlotte,small
1785596589.6880233,38000,0.0918,0.9717,-0.2261,4.2725,1.4038,1.0986,unlabeled,Charlotte,small
1785596589.6880262,38050,0.0854,0.9497,-0.2227,4.5776,0.7324,-1.5869,unlabeled,Charlotte,small
1785596589.6880293,38100,0.0869,0.9746,-0.2051,4.5166,1.0376,-0.4272,unlabeled,Charlotte,small
1785596589.688032,38150,0.0918,0.9629,-0.2168,4.0894,1.2817,0.0,unlabeled,Charlotte,small
1785596589.6880348,38200,0.0864,0.9624,-0.2158,4.6387,1.2817,-0.061,unlabeled,Charlotte,small
1785596590.330356,38271,0.0879,0.9639,-0.2134,4.0894,1.1597,-0.5493,unlabeled,Charlotte,small
1785596590.330368,38321,0.0879,0.9556,-0.2207,4.9438,1.5869,-0.7324,unlabeled,Charlotte,small
1785596590.330373,38371,0.0884,0.9702,-0.207,4.2725,1.2207,-0.7324,unlabeled,Charlotte,small
1785596590.3303778,38421,0.1069,0.9565,-0.2031,4.5166,1.2817,0.5493,unlabeled,Charlotte,small
1785596590.3303819,38471,0.0894,0.9673,-0.2168,4.3945,2.1973,3.1128,unlabeled,Charlotte,small
1785596590.3303862,38521,0.0889,0.9683,-0.2134,4.3335,1.5259,-0.1831,unlabeled,Charlotte,small
1785596590.33039,38571,0.0918,0.9614,-0.2183,4.2725,1.2817,0.4272,unlabeled,Charlotte,small
1785596590.3303936,38621,0.0825,0.9595,-0.2134,4.6387,1.77,2.2583,unlabeled,Charlotte,small
1785596590.3303971,38671,0.0894,0.9648,-0.2222,5.7983,1.5869,-0.8545,unlabeled,Charlotte,small
1785596590.330401,38721,0.0942,0.9692,-0.2202,5.249,1.6479,0.061,unlabeled,Charlotte,small
1785596590.850345,38913,0.0908,0.9614,-0.2173,4.1504,1.1597,-0.061,unlabeled,Charlotte,small
1785596590.8503606,38963,0.0864,0.957,-0.2163,4.5166,1.2817,-0.2441,unlabeled,Charlotte,small
1785596590.8503685,39013,0.0898,0.958,-0.2109,4.2114,1.1597,-0.061,unlabeled,Charlotte,small
1785596590.8503754,39063,0.0894,0.9644,-0.2222,4.2725,1.0986,-0.1221,unlabeled,Charlotte,small
1785596590.850382,39113,0.0874,0.9658,-0.2197,4.3335,1.1597,-0.1831,unlabeled,Charlotte,small
1785596590.850389,39163,0.0889,0.9624,-0.2173,4.2725,1.2207,-0.2441,unlabeled,Charlotte,small
1785596590.8503952,39213,0.0894,0.9614,-0.2178,4.2114,1.2817,0.1221,unlabeled,Charlotte,small
1785596590.8504012,39263,0.0884,0.96,-0.2173,4.2725,1.0376,-0.3052,unlabeled,Charlotte,small
1785596590.8504076,39313,0.0859,0.9565,-0.2202,4.3945,1.2207,-0.2441,unlabeled,Charlotte,small
1785596590.8504138,39363,0.085,0.9634,-0.2183,4.2725,1.3428,0.0,unlabeled,Charlotte,small
1785596591.3713334,39436,0.0864,0.9648,-0.2168,4.3335,1.0376,-0.8545,unlabeled,Charlotte,small
1785596591.3713439,39486,0.0859,0.9624,-0.2144,4.3945,1.1597,-0.4272,unlabeled,Charlotte,small
1785596591.3713481,39536,0.0874,0.9648,-0.2187,4.4556,1.4038,-0.5493,unlabeled,Charlotte,small
1785596591.3713515,39586,0.0874,0.9609,-0.2153,4.2114,1.2817,0.3052,unlabeled,Charlotte,small
1785596591.3713546,39636,0.0889,0.96,-0.2183,4.5776,1.0986,-0.3662,unlabeled,Charlotte,small
1785596591.371358,39686,0.085,0.9663,-0.2178,4.2114,0.9766,0.061,unlabeled,Charlotte,small
1785596591.371361,39736,0.0869,0.9644,-0.2134,4.2725,1.0376,0.0,unlabeled,Charlotte,small
1785596591.371364,39786,0.0889,0.9644,-0.2202,4.2114,1.0986,-0.061,unlabeled,Charlotte,small
1785596591.3713672,39836,0.0869,0.9629,-0.2114,4.0894,1.1597,-0.1221,unlabeled,Charlotte,small
1785596591.3713703,39886,0.0889,0.9614,-0.2187,4.4556,1.2207,-0.4272,unlabeled,Charlotte,small
1785596591.9666026,39948,0.0879,0.9639,-0.2222,4.2725,1.2207,-0.1831,unlabeled,Charlotte,small
1785596591.9666145,39998,0.0889,0.9619,-0.2153,3.9673,0.9155,-0.3052,unlabeled,Charlotte,small
1785596591.96662,40048,0.0845,0.9629,-0.2144,4.0283,1.2207,-0.1221,unlabeled,Charlotte,small
1785596591.966624,40098,0.0869,0.9575,-0.2212,4.7607,1.3428,0.0,unlabeled,Charlotte,small
1785596591.966628,40148,0.0889,0.9653,-0.2148,4.2725,1.0986,0.1831,unlabeled,Charlotte,small
1785596591.9666321,40198,0.0864,0.9619,-0.2187,3.7842,1.2207,-0.4272,unlabeled,Charlotte,small
1785596591.966636,40248,0.084,0.9644,-0.2197,4.4556,1.2207,-0.2441,unlabeled,Charlotte,small
1785596591.9666395,40298,0.0937,0.9814,-0.2031,4.8218,-0.4883,-3.2959,unlabeled,Charlotte,small
1785596591.9666438,40348,0.0674,0.9956,-0.2036,0.4272,-1.5869,-4.1504,unlabeled,Charlotte,small
1785596591.9666476,40398,0.1172,0.4185,-0.0986,-43.335,-6.958,-155.7007,unlabeled,Charlotte,small
1785596592.5818799,40550,0.249,0.9302,-0.2666,-32.8369,-7.9346,-20.2637,unlabeled,Charlotte,small
1785596592.5818925,40600,0.4395,0.8604,-0.4062,123.9014,35.0952,71.2891,unlabeled,Charlotte,small
1785596592.581898,40650,0.1265,1.0391,-0.1792,10.2539,19.5923,39.0625,unlabeled,Charlotte,small
1785596592.5819025,40700,0.0386,0.8018,0.0327,54.7485,17.5171,-31.0669,unlabeled,Charlotte,small
1785596592.581907,40750,0.2495,0.9805,-0.1895,-1.5259,3.7842,-0.6104,unlabeled,Charlotte,small
1785596592.5819113,40800,0.2109,0.957,-0.3022,4.0894,5.0659,-1.3428,unlabeled,Charlotte,small
1785596592.5819151,40850,0.2749,0.9976,-0.2891,10.8643,8.3008,3.7231,unlabeled,Charlotte,small
1785596592.581919,40900,0.1963,0.9648,-0.2021,-3.6011,-1.8921,-3.3569,unlabeled,Charlotte,small
1785596592.5819228,40950,0.2075,0.9614,-0.0937,-5.9204,-1.8921,-3.418,unlabeled,Charlotte,small
1785596592.5819266,41000,0.2539,0.9604,-0.2017,8.3008,0.7324,1.3428,unlabeled,Charlotte,small
1785596593.1957939,41164,0.2441,0.9253,-0.2134,1.2817,2.4414,-1.3428,unlabeled,Charlotte,small
1785596593.195806,41214,0.2339,0.9512,-0.1899,3.1128,2.2583,-0.1831,unlabeled,Charlotte,small
1785596593.1958113,41264,0.229,0.9507,-0.1997,4.6997,3.1128,0.7935,unlabeled,Charlotte,small
1785596593.1958156,41314,0.2217,0.9517,-0.1924,6.2256,0.3052,0.9766,unlabeled,Charlotte,small
1785596593.1958199,41364,0.2236,0.9507,-0.1909,4.8218,0.3662,0.1831,unlabeled,Charlotte,small
1785596593.1958237,41414,0.2256,0.9434,-0.1929,5.127,2.8076,0.0,unlabeled,Charlotte,small
1785596593.1958275,41464,0.2271,0.9399,-0.1982,4.7607,1.77,-0.2441,unlabeled,Charlotte,small
1785596593.1958313,41514,0.2256,0.9468,-0.188,5.5542,1.4038,0.4883,unlabeled,Charlotte,small
1785596593.1958349,41564,0.2256,0.9468,-0.1904,6.4087,0.9766,0.1221,unlabeled,Charlotte,small
1785596593.195839,41614,0.2227,0.9482,-0.1924,5.7983,0.3052,0.7324,unlabeled,Charlotte,small
1785596593.7070143,41777,0.23,0.9609,-0.1748,8.5449,0.1221,-1.8921,unlabeled,Charlotte,small
1785596593.7070253,41827,0.2207,0.9434,-0.1792,8.1787,-2.0752,1.5869,unlabeled,Charlotte,small
1785596593.7070296,41877,0.2529,0.9624,-0.2734,23.0103,10.6812,7.6904,unlabeled,Charlotte,small
1785596593.7070332,41927,0.2163,0.9458,-0.1694,5.9814,-0.1221,3.2959,unlabeled,Charlotte,small
1785596593.7070365,41977,0.2197,0.9429,-0.1802,-0.1221,-0.1221,3.6621,unlabeled,Charlotte,small
1785596593.7070396,42027,0.2114,0.9487,-0.1748,3.418,1.2207,0.8545,unlabeled,Charlotte,small
1785596593.707043,42077,0.21,0.9409,-0.1797,5.5542,1.5259,1.5259,unlabeled,Charlotte,small
1785596593.7070456,42127,0.2163,0.9614,-0.1831,4.6997,2.3193,5.4932,unlabeled,Charlotte,small
1785596593.7070487,42177,0.2046,0.9727,-0.2397,-3.9062,12.5732,16.2354,unlabeled,Charlotte,small
1785596593.7070518,42227,0.1963,0.9521,-0.1958,-4.8828,1.77,-0.5493,unlabeled,Charlotte,small
1785596594.2280087,42289,0.189,0.9551,-0.1919,-6.958,13.6719,35.9497,unlabeled,Charlotte,small
1785596594.2280307,42339,0.1387,0.9497,-0.2061,0.7324,5.7373,21.6675,unlabeled,Charlotte,small
1785596594.2280347,42389,0.1592,0.9624,-0.2036,3.418,2.5024,5.0049,unlabeled,Charlotte,small
1785596594.2280395,42439,0.1528,0.9546,-0.2095,3.8452,1.5869,2.4414,unlabeled,Charlotte,small
1785596594.2280438,42489,0.1431,0.9639,-0.2007,3.6621,1.3428,2.1973,unlabeled,Charlotte,small
1785596594.228048,42539,0.1416,0.9561,-0.1914,5.7983,-2.9297,1.2207,unlabeled,Charlotte,small
1785596594.2280514,42589,0.145,0.9595,-0.2095,3.7842,1.3428,0.9766,unlabeled,Charlotte,small
1785596594.2280545,42639,0.1411,0.9546,-0.2046,4.3945,1.5869,1.1597,unlabeled,Charlotte,small
1785596594.2280576,42689,0.144,0.9541,-0.1997,4.2114,1.6479,0.9155,unlabeled,Charlotte,small
1785596594.2280605,42739,0.1426,0.9619,-0.2007,4.3945,1.3428,0.2441,unlabeled,Charlotte,small
1785596594.939826,42811,0.1416,0.9595,-0.208,4.3335,1.3428,0.3052,unlabeled,Charlotte,small
1785596594.9398363,42861,0.145,0.9609,-0.2061,4.1504,1.4648,0.0,unlabeled,Charlotte,small
1785596594.9398406,42911,0.1426,0.958,-0.2026,4.2725,1.5259,0.0,unlabeled,Charlotte,small
1785596594.939844,42961,0.1406,0.9575,-0.2056,4.3335,1.1597,-0.1831,unlabeled,Charlotte,small
1785596594.9398472,43011,0.1411,0.9561,-0.1982,4.2114,1.3428,0.7324,unlabeled,Charlotte,small
1785596594.9398506,43061,0.1392,0.9565,-0.207,4.3335,1.2207,-0.061,unlabeled,Charlotte,small
1785596594.9398534,43111,0.1387,0.9614,-0.2095,4.2725,1.2207,0.4883,unlabeled,Charlotte,small
1785596594.939856,43161,0.1392,0.958,-0.207,4.0283,1.0986,0.061,unlabeled,Charlotte,small
1785596594.939859,43211,0.1396,0.9585,-0.2021,4.5776,1.2817,0.2441,unlabeled,Charlotte,small
1785596594.939862,43261,0.1411,0.9565,-0.2095,4.2114,1.3428,-0.061,unlabeled,Charlotte,small
1785596595.4623103,43523,0.1362,0.9609,-0.2017,4.7607,1.2817,-0.4272,unlabeled,Charlotte,small
1785596595.4623218,43573,0.1372,0.9575,-0.2075,4.4556,1.4648,0.1221,unlabeled,Charlotte,small
1785596595.4623263,43623,0.1372,0.9561,-0.2012,4.2114,1.1597,0.6104,unlabeled,Charlotte,small
1785596595.4623296,43673,0.1362,0.9595,-0.2061,4.1504,1.2207,-0.1221,unlabeled,Charlotte,small
1785596595.462333,43723,0.1396,0.9561,-0.2041,4.4556,0.9766,-0.061,unlabeled,Charlotte,small
1785596595.462336,43773,0.1357,0.9595,-0.2012,4.6387,1.0986,-0.1221,unlabeled,Charlotte,small
1785596595.4623392,43823,0.1357,0.9609,-0.2051,4.0283,1.4038,0.1221,unlabeled,Charlotte,small
1785596595.4623423,43873,0.1372,0.9614,-0.2046,4.3945,1.5259,0.4272,unlabeled,Charlotte,small
1785596595.462345,43923,0.1348,0.9609,-0.2041,4.5166,1.3428,-0.061,unlabeled,Charlotte,small
1785596595.4623477,43973,0.1353,0.96,-0.2051,4.0894,1.2207,-0.061,unlabeled,Charlotte,small
1785596596.0632932,44046,0.1357,0.96,-0.2056,4.2114,1.2207,-0.3052,unlabeled,Charlotte,small
1785596596.0633118,44096,0.1377,0.957,-0.2026,4.4556,1.2207,-0.1831,unlabeled,Charlotte,small
1785596596.0633183,44146,0.1313,0.9604,-0.2002,4.2725,1.0986,0.0,unlabeled,Charlotte,small
1785596596.0633245,44196,0.1353,0.96,-0.2061,4.2725,1.3428,0.3662,unlabeled,Charlotte,small
1785596596.06333,44246,0.1377,0.958,-0.2056,4.6387,1.2207,0.061,unlabeled,Charlotte,small
1785596596.0633357,44296,0.1372,0.9595,-0.2046,4.2725,1.4648,-0.1831,unlabeled,Charlotte,small
1785596596.0633411,44346,0.1343,0.958,-0.208,4.3335,1.2207,-0.1221,unlabeled,Charlotte,small
1785596596.0633461,44396,0.1421,0.9556,-0.2065,4.2114,1.0986,0.4272,unlabeled,Charlotte,small
1785596596.0633514,44446,0.1309,0.959,-0.2207,4.7607,0.7935,-2.0752,unlabeled,Charlotte,small
1785596596.0633566,44496,0.1348,0.9678,-0.2056,4.5776,1.5259,-0.1221,unlabeled,Charlotte,small
1785596596.6764383,44648,0.1348,0.9575,-0.207,4.2114,1.2207,0.2441,unlabeled,Charlotte,small
1785596596.6764514,44698,0.1318,0.9585,-0.208,4.3945,1.0376,-0.1831,unlabeled,Charlotte,small
1785596596.6764562,44748,0.1343,0.9619,-0.2017,4.3335,1.3428,-0.1831,unlabeled,Charlotte,small
1785596596.6764603,44798,0.1387,0.9575,-0.2026,4.4556,1.3428,-0.1221,unlabeled,Charlotte,small
1785596596.6764643,44848,0.1338,0.9624,-0.2031,3.9673,1.3428,0.3052,unlabeled,Charlotte,small
1785596596.6764681,44898,0.1357,0.9561,-0.2119,4.5776,1.0376,0.0,unlabeled,Charlotte,small
1785596596.6764724,44948,0.1338,0.9585,-0.2061,4.3335,1.2817,-0.061,unlabeled,Charlotte,small
1785596596.6764762,44998,0.1338,0.9614,-0.2041,4.0894,1.2817,0.1221,unlabeled,Charlotte,small
1785596596.6764798,45048,0.1343,0.96,-0.2031,4.5776,1.0986,-0.1221,unlabeled,Charlotte,small
1785596596.6764836,45098,0.1353,0.96,-0.2061,4.2114,1.3428,0.3052,unlabeled,Charlotte,small
1785596597.1907587,45260,0.1328,0.9619,-0.208,4.3335,1.5259,0.4272,unlabeled,Charlotte,small
1785596597.1907706,45310,0.1343,0.9556,-0.2021,4.3945,1.2207,-0.061,unlabeled,Charlotte,small
1785596597.1907759,45360,0.1372,0.96,-0.2061,4.6387,1.0376,-1.0376,unlabeled,Charlotte,small
1785596597.1907802,45410,0.1313,0.9546,-0.2017,3.479,1.0986,0.3052,unlabeled,Charlotte,small
1785596597.190784,45460,0.1396,0.9604,-0.209,4.5776,1.1597,-1.2207,unlabeled,Charlotte,small
1785596597.190788,45510,0.1299,0.9585,-0.2104,3.9673,1.3428,0.8545,unlabeled,Charlotte,small
1785596597.190792,45560,0.1392,0.96,-0.2007,5.3101,1.709,0.4883,unlabeled,Charlotte,small
1785596597.1907957,45610,0.1323,0.9644,-0.2061,4.4556,1.2207,0.1221,unlabeled,Charlotte,small
1785596597.1907997,45660,0.1318,0.9556,-0.2012,4.3335,1.2817,0.2441,unlabeled,Charlotte,small
1785596597.1908033,45710,0.1299,0.9595,-0.2134,4.3335,0.9766,-0.4883,unlabeled,Charlotte,small
1785596597.706333,45771,0.1348,0.9585,-0.2075,3.9673,1.4038,0.6104,unlabeled,Charlotte,small
1785596597.7063494,45821,0.1255,0.9609,-0.2085,4.3945,1.2207,0.0,unlabeled,Charlotte,small
1785596597.706357,45871,0.1333,0.9565,-0.2026,4.2725,1.2817,0.1831,unlabeled,Charlotte,small
1785596597.7063644,45921,0.1299,0.9595,-0.2075,4.3945,1.2817,-0.1221,unlabeled,Charlotte,small
1785596597.7063715,45971,0.1328,0.9648,-0.2114,4.1504,1.1597,0.2441,unlabeled,Charlotte,small
1785596597.706379,46021,0.1328,0.9629,-0.2134,4.8828,1.4038,0.1221,unlabeled,Charlotte,small
1785596597.7063859,46071,0.1343,0.9634,-0.2021,3.54,0.9155,-0.4883,unlabeled,Charlotte,small
1785596597.7063925,46121,0.1362,0.9551,-0.21,4.5166,1.2817,0.3052,unlabeled,Charlotte,small
1785596597.7063994,46171,0.127,0.9551,-0.2046,4.4556,0.4883,-0.4883,unlabeled,Charlotte,small
1785596597.7064064,46221,0.1367,0.9609,-0.2183,4.6387,1.9531,2.8076,unlabeled,Charlotte,small
1785596598.521974,46284,0.1338,0.9512,-0.2085,4.3945,1.2207,-0.4272,unlabeled,Charlotte,small
1785596598.521989,46334,0.123,0.9634,-0.2061,3.9673,0.9766,-0.1831,unlabeled,Charlotte,small
1785596598.5219955,46384,0.1318,0.959,-0.1943,4.1504,1.5259,-0.3052,unlabeled,Charlotte,small
1785596598.5220017,46434,0.1299,0.9585,-0.2124,4.2114,1.2207,-0.061,unlabeled,Charlotte,small
1785596598.5220072,46484,0.1216,0.9531,-0.2144,4.2725,1.4038,-0.1221,unlabeled,Charlotte,small
1785596598.5220132,46534,0.0796,0.916,-0.1133,5.127,-8.4839,4.2725,unlabeled,Charlotte,small
1785596598.522019,46584,0.1245,0.9434,-0.1953,6.3477,-0.3662,0.061,unlabeled,Charlotte,small
1785596598.522024,46634,0.1479,0.9731,-0.209,8.606,2.9907,-3.2349,unlabeled,Charlotte,small
1785596598.5220292,46684,0.1235,0.9443,-0.2158,5.0049,1.3428,2.3193,unlabeled,Charlotte,small
1785596598.5220346,46734,0.1089,0.9541,-0.2095,0.061,2.8687,5.0659,unlabeled,Charlotte,small
1785596599.0488396,47106,0.1143,0.9644,-0.1987,1.9531,1.4038,-3.9062,unlabeled,Charlotte,small
1785596599.04885,47156,0.1299,0.9438,-0.1836,3.1128,1.5869,-0.4883,unlabeled,Charlotte,small
1785596599.0488544,47206,0.1338,0.9434,-0.2085,7.8735,4.0283,7.7515,unlabeled,Charlotte,small
1785596599.0488582,47256,0.0928,0.9927,-0.1909,1.709,-7.9956,-6.897,unlabeled,Charlotte,small
1785596599.0488613,47306,0.0869,0.9883,-0.1812,0.0,-3.2349,-10.0098,unlabeled,Charlotte,small
1785596599.048865,47356,0.1353,0.8813,-0.2139,0.5493,1.2207,-1.6479,unlabeled,Charlotte,small
1785596599.0488682,47406,0.0903,0.9673,-0.2109,4.8218,-0.061,-5.9814,unlabeled,Charlotte,small
1785596599.0488715,47456,0.105,0.9609,-0.2163,5.249,0.9155,-0.7935,unlabeled,Charlotte,small
1785596599.0488741,47506,0.1167,0.9639,-0.2061,4.3945,0.8545,-1.4038,unlabeled,Charlotte,small
1785596599.0488772,47556,0.124,0.9634,-0.2109,5.0049,0.6104,-2.3193,unlabeled,Charlotte,small
1785596599.85279,47919,0.1191,0.9668,-0.2036,4.2725,1.2207,0.4883,unlabeled,Charlotte,small
1785596599.8528028,47969,0.1221,0.9585,-0.2046,4.2725,1.5869,0.7324,unlabeled,Charlotte,small
1785596599.8528073,48019,0.1069,0.9648,-0.1865,2.7466,0.7324,-1.2207,unlabeled,Charlotte,small
1785596599.8528109,48069,0.1338,0.9541,-0.2056,7.0801,2.4414,0.9766,unlabeled,Charlotte,small
1785596599.8528137,48119,0.1133,0.9614,-0.208,4.3335,0.9766,-0.9766,unlabeled,Charlotte,small
1785596599.852817,48169,0.1196,0.9624,-0.2056,5.0659,1.2207,-1.1597,unlabeled,Charlotte,small
1785596599.8528202,48219,0.1187,0.9595,-0.2007,3.9062,1.1597,0.9766,unlabeled,Charlotte,small
1785596599.8528233,48269,0.1191,0.958,-0.1992,3.7231,0.5493,-1.4648,unlabeled,Charlotte,small
1785596599.852826,48319,0.1182,0.9595,-0.2095,4.4556,0.9766,-1.2817,unlabeled,Charlotte,small
1785596599.8528292,48369,0.1191,0.9678,-0.2109,3.6011,1.2207,-0.1221,unlabeled,Charlotte,small
1785596600.371059,48431,0.1221,0.958,-0.2065,4.0283,1.2817,0.2441,unlabeled,Charlotte,small
1785596600.3710709,48481,0.1187,0.9565,-0.1973,4.0283,1.5259,1.3428,unlabeled,Charlotte,small
1785596600.371076,48531,0.144,0.9614,-0.2026,6.7139,1.2817,-2.9907,unlabeled,Charlotte,small
1785596600.3710804,48581,0.1094,0.9692,-0.2051,3.3569,1.5259,1.8311,unlabeled,Charlotte,small
1785596600.3710845,48631,0.1196,0.9634,-0.208,4.3945,1.2207,-0.5493,unlabeled,Charlotte,small
1785596600.371089,48681,0.1162,0.9624,-0.2021,4.4556,1.1597,0.8545,unlabeled,Charlotte,small
1785596600.3710926,48731,0.1182,0.9585,-0.2031,4.3945,1.3428,0.1831,unlabeled,Charlotte,small
1785596600.3710964,48781,0.1113,0.9619,-0.2031,4.3945,1.3428,-0.4883,unlabeled,Charlotte,small
1785596600.3711,48831,0.1187,0.96,-0.2017,3.9673,0.9766,-0.3662,unlabeled,Charlotte,small
1785596600.3711038,48881,0.1172,0.9619,-0.2012,4.5166,1.2207,-0.3052,unlabeled,Charlotte,small
1785596600.977728,48953,0.1177,0.9629,-0.2075,4.5166,1.3428,-0.7935,unlabeled,Charlotte,small
1785596600.9777439,49003,0.1167,0.9624,-0.2051,4.1504,1.2817,0.6104,unlabeled,Charlotte,small
1785596600.97775,49053,0.1191,0.9634,-0.2065,4.6997,1.2817,-0.6714,unlabeled,Charlotte,small
1785596600.9777558,49103,0.1147,0.9619,-0.208,4.5776,0.9766,-1.2207,unlabeled,Charlotte,small
1785596600.977761,49153,0.1138,0.9478,-0.1997,3.418,0.8545,-0.7935,unlabeled,Charlotte,small
1785596600.9777665,49203,0.1221,0.9678,-0.2187,4.6997,1.709,1.4648,unlabeled,Charlotte,small
1785596600.9777715,49253,0.1177,0.9634,-0.1953,3.9673,0.8545,0.061,unlabeled,Charlotte,small
1785596600.9777763,49303,0.1172,0.9531,-0.2163,4.7607,1.0986,-0.6104,unlabeled,Charlotte,small
1785596600.9777818,49353,0.1094,0.958,-0.1987,4.0894,1.2207,-0.8545,unlabeled,Charlotte,small
1785596600.9777868,49403,0.126,0.9595,-0.1958,4.2725,1.5259,1.0986,unlabeled,Charlotte,small
1785596601.4971552,49555,0.1191,0.9565,-0.21,4.9438,1.1597,-2.2583,unlabeled,Charlotte,small
1785596601.4971688,49605,0.1152,0.9673,-0.1953,4.5166,1.0376,-0.2441,unlabeled,Charlotte,small
1785596601.4971743,49655,0.1167,0.9673,-0.2026,4.4556,1.5869,-0.2441,unlabeled,Charlotte,small
1785596601.4971786,49705,0.1216,0.9629,-0.21,3.9673,1.1597,0.4272,unlabeled,Charlotte,small
1785596601.4971826,49755,0.1118,0.9712,-0.1948,3.7842,0.7935,-1.1597,unlabeled,Charlotte,small
1785596601.4971874,49805,0.1128,0.9595,-0.2061,4.5776,1.4648,-0.3052,unlabeled,Charlotte,small
1785596601.4971914,49855,0.1216,0.9673,-0.2007,4.4556,1.0986,-0.1221,unlabeled,Charlotte,small
1785596601.497195,49905,0.1216,0.9585,-0.2007,4.1504,1.0986,-1.3428,unlabeled,Charlotte,small
1785596601.4971988,49955,0.1191,0.9526,-0.2031,3.8452,1.2207,-0.6104,unlabeled,Charlotte,small
1785596601.4972024,50005,0.1138,0.9692,-0.2061,4.5166,1.1597,0.061,unlabeled,Charlotte,small
1785596602.016772,50078,0.1162,0.9644,-0.2061,4.5166,1.0986,-1.2207,unlabeled,Charlotte,small
1785596602.0167859,50128,0.1172,0.9561,-0.2012,4.8218,1.2817,-1.0986,unlabeled,Charlotte,small
1785596602.016792,50178,0.1221,0.96,-0.2051,4.1504,0.8545,-1.0376,unlabeled,Charlotte,small
1785596602.0167978,50228,0.1196,0.9653,-0.2119,4.1504,1.0986,-0.1221,unlabeled,Charlotte,small
1785596602.0168033,50278,0.1147,0.9653,-0.2104,5.0049,1.2207,1.0376,unlabeled,Charlotte,small
1785596602.0168087,50328,0.1035,0.9648,-0.2075,4.8828,1.4648,-0.4883,unlabeled,Charlotte,small
1785596602.0168138,50378,0.1309,0.9614,-0.2197,4.0283,2.2583,3.6621,unlabeled,Charlotte,small
1785596602.0168188,50428,0.125,0.9834,-0.2109,3.9673,1.0376,1.4038,unlabeled,Charlotte,small
1785596602.0168242,50478,0.1069,0.9658,-0.2007,3.2959,1.5259,1.5259,unlabeled,Charlotte,small
1785596602.0168297,50528,0.1255,0.958,-0.2017,4.4556,0.9155,-1.8921,unlabeled,Charlotte,small
1785596602.6187944,50600,0.1089,0.9644,-0.2041,4.3335,1.3428,-0.8545,unlabeled,Charlotte,small
1785596602.6188076,50650,0.1123,0.9673,-0.2104,5.188,1.5869,-0.9155,unlabeled,Charlotte,small
1785596602.6188133,50700,0.1196,0.96,-0.2007,4.0894,2.5635,1.3428,unlabeled,Charlotte,small
1785596602.618818,50750,0.1104,0.9585,-0.1987,3.6011,1.5869,2.8687,unlabeled,Charlotte,small
1785596602.6188219,50800,0.0874,0.9878,-0.1465,0.4883,-6.1646,2.0142,unlabeled,Charlotte,small
1785596602.618826,50850,0.106,0.9634,-0.2002,4.2725,0.7324,-0.6104,unlabeled,Charlotte,small
1785596602.61883,50900,0.1177,0.9736,-0.1934,5.249,0.6714,-0.6714,unlabeled,Charlotte,small
1785596602.6188338,50950,0.1128,0.9609,-0.2036,3.8452,0.061,-1.5869,unlabeled,Charlotte,small
1785596602.6188376,51000,0.1084,0.9653,-0.2119,4.8218,0.7935,-0.3662,unlabeled,Charlotte,small
1785596602.6188414,51050,0.1079,0.9619,-0.2075,4.5166,0.4883,0.6714,unlabeled,Charlotte,small
1785596603.1392055,51202,0.1069,0.9629,-0.209,5.4932,-1.0986,-3.3569,unlabeled,Charlotte,small
1785596603.139216,51252,0.1123,0.9697,-0.2114,2.0752,-1.2817,-0.7935,unlabeled,Charlotte,small
1785596603.1392202,51302,0.1182,0.959,-0.2104,4.0283,0.4883,-0.4883,unlabeled,Charlotte,small
1785596603.1392238,51352,0.1162,0.9595,-0.2026,4.3945,1.4648,0.6714,unlabeled,Charlotte,small
1785596603.1392272,51402,0.1118,0.9595,-0.2095,4.5776,1.4648,0.3052,unlabeled,Charlotte,small
1785596603.1392305,51452,0.104,0.9546,-0.2114,4.5166,1.1597,2.6245,unlabeled,Charlotte,small
1785596603.1392334,51502,0.104,0.9639,-0.2056,3.6011,1.9531,1.9531,unlabeled,Charlotte,small
1785596603.1392362,51552,0.1089,0.9663,-0.2051,4.6387,1.2207,-1.4648,unlabeled,Charlotte,small
1785596603.139239,51602,0.1143,0.9624,-0.2046,4.6997,1.8921,1.0376,unlabeled,Charlotte,small
1785596603.139242,51652,0.1055,0.9614,-0.2007,4.7607,2.1973,0.8545,unlabeled,Charlotte,small
1785596603.650184,51715,0.1011,0.9697,-0.2075,4.3335,1.0376,-1.8311,unlabeled,Charlotte,small
1785596603.6501985,51765,0.1133,0.9624,-0.1992,4.3335,1.2817,0.7324,unlabeled,Charlotte,small
1785596603.6502047,51815,0.1011,0.9702,-0.1987,4.0894,1.0376,0.3662,unlabeled,Charlotte,small
1785596603.6502104,51865,0.104,0.9595,-0.2021,4.9438,1.6479,-0.2441,unlabeled,Charlotte,small
1785596603.6502156,51915,0.105,0.9619,-0.2021,4.4556,1.2817,-0.3052,unlabeled,Charlotte,small
1785596603.650221,51965,0.1069,0.9648,-0.2051,4.4556,1.4038,-0.3052,unlabeled,Charlotte,small
1785596603.650226,52015,0.1084,0.9663,-0.2075,4.4556,1.1597,-0.3662,unlabeled,Charlotte,small
1785596603.6502311,52065,0.1064,0.9614,-0.1978,4.3945,1.5259,1.0376,unlabeled,Charlotte,small
1785596603.6502364,52115,0.1089,0.9624,-0.2041,4.3335,1.3428,-0.4883,unlabeled,Charlotte,small
1785596603.6502416,52165,0.1011,0.9673,-0.1987,4.0283,1.2817,-0.1831,unlabeled,Charlotte,small
1785596604.2572412,52227,0.1045,0.9653,-0.2056,4.6997,1.4038,0.3662,unlabeled,Charlotte,small
1785596604.2572534,52277,0.1045,0.9644,-0.2026,4.5776,1.4648,-0.4883,unlabeled,Charlotte,small
1785596604.2572584,52327,0.1084,0.9668,-0.2017,4.6387,1.3428,-0.9766,unlabeled,Charlotte,small
1785596604.257263,52377,0.1069,0.9604,-0.2051,3.9062,1.2207,0.2441,unlabeled,Charlotte,small
1785596604.2572668,52427,0.1064,0.9565,-0.2041,4.5166,1.2817,0.061,unlabeled,Charlotte,small
1785596604.2572708,52477,0.104,0.9624,-0.1997,4.4556,1.6479,0.2441,unlabeled,Charlotte,small
1785596604.2572746,52527,0.104,0.9644,-0.2065,4.2725,0.9155,-0.3662,unlabeled,Charlotte,small
1785596604.2572782,52577,0.1108,0.9609,-0.2026,4.5166,1.5869,1.1597,unlabeled,Charlotte,small
1785596604.2572818,52627,0.106,0.9629,-0.2031,3.9062,1.3428,0.3662,unlabeled,Charlotte,small
1785596604.2572854,52677,0.105,0.9634,-0.2026,4.2114,0.9155,0.1831,unlabeled,Charlotte,small
1785596604.7753642,52839,0.1089,0.9604,-0.2046,4.4556,1.5259,0.061,unlabeled,Charlotte,small
1785596604.7753751,52889,0.1055,0.959,-0.2075,4.0894,1.0986,0.1221,unlabeled,Charlotte,small
1785596604.7753792,52939,0.1025,0.9619,-0.2002,4.5776,1.3428,-0.6714,unlabeled,Charlotte,small
1785596604.775383,52989,0.1108,0.9575,-0.2007,4.7607,1.5869,-0.6104,unlabeled,Charlotte,small
1785596604.7753863,53039,0.0986,0.9614,-0.2017,4.3335,1.3428,1.0376,unlabeled,Charlotte,small
1785596604.7753897,53089,0.1045,0.9619,-0.2026,4.5776,1.2817,-0.2441,unlabeled,Charlotte,small
1785596604.7753928,53139,0.1045,0.9648,-0.2051,4.5166,1.0986,-1.0376,unlabeled,Charlotte,small
1785596604.7753956,53189,0.1016,0.9634,-0.2056,4.0894,1.1597,0.9766,unlabeled,Charlotte,small
1785596604.7753987,53239,0.1025,0.9624,-0.2036,4.5166,1.2817,-0.1831,unlabeled,Charlotte,small
1785596604.7754014,53289,0.1064,0.9653,-0.2046,4.3945,1.2207,-1.4648,unlabeled,Charlotte,small
1785596605.2836533,53351,0.0977,0.9644,-0.2031,4.0283,1.4648,0.0,unlabeled,Charlotte,small
1785596605.283669,53401,0.1094,0.9634,-0.207,4.5166,1.2207,-0.061,unlabeled,Charlotte,small
1785596605.2836747,53451,0.0977,0.9697,-0.2075,4.7607,1.2817,-1.709,unlabeled,Charlotte,small
1785596605.2836804,53501,0.1104,0.9644,-0.2041,4.2725,1.1597,0.4883,unlabeled,Charlotte,small
1785596605.2836862,53551,0.105,0.9634,-0.2061,4.3945,1.2817,-0.6714,unlabeled,Charlotte,small
1785596605.283693,53601,0.1045,0.9634,-0.2036,4.2114,0.9766,-0.7324,unlabeled,Charlotte,small
1785596605.2836988,53651,0.103,0.9619,-0.208,4.4556,0.9766,-1.0986,unlabeled,Charlotte,small
1785596605.2837024,53701,0.103,0.9634,-0.2026,4.0894,1.0986,-0.1221,unlabeled,Charlotte,small
1785596605.283705,53751,0.1089,0.9619,-0.2026,4.3945,1.2817,-0.061,unlabeled,Charlotte,small
1785596605.283708,53801,0.105,0.9614,-0.2031,4.5776,0.9766,-1.0376,unlabeled,Charlotte,small
1785596605.9057474,53863,0.103,0.96,-0.2095,4.6387,1.2207,0.3662,unlabeled,Charlotte,small
1785596605.9057596,53913,0.1074,0.9634,-0.1973,4.4556,1.0986,-0.6714,unlabeled,Charlotte,small
1785596605.9057646,53963,0.0947,0.9595,-0.2065,4.5776,1.5259,1.3428,unlabeled,Charlotte,small
1785596605.905769,54013,0.1143,0.9678,-0.1997,4.8218,1.6479,-0.6714,unlabeled,Charlotte,small
1785596605.9057734,54063,0.0913,0.9653,-0.2061,2.9907,1.5869,0.1221,unlabeled,Charlotte,small
1785596605.9057775,54113,0.1196,0.9521,-0.2007,4.1504,1.0986,0.4883,unlabeled,Charlotte,small
1785596605.905781,54163,0.0928,0.9688,-0.21,3.7842,1.5869,1.2207,unlabeled,Charlotte,small
1785596605.9057846,54213,0.105,0.9565,-0.2144,4.2725,1.4038,1.4038,unlabeled,Charlotte,small
1785596605.9057884,54263,0.1128,0.9668,-0.208,4.2725,1.3428,0.7324,unlabeled,Charlotte,small
1785596605.905792,54313,0.1157,0.9644,-0.2119,4.6997,1.2817,-0.7935,unlabeled,Charlotte,small
1785596606.42942,54487,0.1079,0.9644,-0.2319,4.7607,1.1597,0.0,unlabeled,Charlotte,small
1785596606.429432,54537,0.0991,0.9624,-0.2036,4.3945,1.2817,-0.3662,unlabeled,Charlotte,small
1785596606.429437,54587,0.1025,0.9629,-0.2051,4.5166,1.0376,-0.3052,unlabeled,Charlotte,small
1785596606.4294412,54637,0.1055,0.9678,-0.21,4.2114,1.4038,-0.4883,unlabeled,Charlotte,small
1785596606.4294453,54687,0.1021,0.9619,-0.2075,4.2725,0.9155,-1.2817,unlabeled,Charlotte,small
1785596606.4294498,54737,0.106,0.9639,-0.208,4.4556,1.3428,0.0,unlabeled,Charlotte,small
1785596606.4294531,54787,0.105,0.9604,-0.2095,4.3335,1.0986,0.1221,unlabeled,Charlotte,small
1785596606.429457,54837,0.0991,0.9653,-0.2041,4.5166,1.4038,-0.5493,unlabeled,Charlotte,small
1785596606.4294603,54887,0.1064,0.9648,-0.2031,4.2114,1.3428,0.0,unlabeled,Charlotte,small
1785596606.4294639,54937,0.1001,0.9604,-0.209,4.6387,1.1597,0.2441,unlabeled,Charlotte,small
1785596606.9508195,55009,0.1045,0.9619,-0.2129,4.3945,1.1597,-0.1831,unlabeled,Charlotte,small
1785596606.9508312,55059,0.103,0.9609,-0.2026,4.4556,1.1597,-0.4272,unlabeled,Charlotte,small
1785596606.9508352,55109,0.104,0.9663,-0.2061,4.3335,1.3428,0.4272,unlabeled,Charlotte,small
1785596606.9508388,55159,0.1035,0.9634,-0.2012,4.4556,1.2207,-0.9155,unlabeled,Charlotte,small
1785596606.9508417,55209,0.1016,0.9595,-0.2085,4.3335,1.2207,0.3662,unlabeled,Charlotte,small
1785596606.950845,55259,0.1025,0.9609,-0.2085,4.2725,1.4038,0.061,unlabeled,Charlotte,small
1785596606.9508476,55309,0.1021,0.9619,-0.209,4.1504,1.1597,-0.4883,unlabeled,Charlotte,small
1785596606.9508507,55359,0.1055,0.9668,-0.2031,3.9062,1.2207,0.3662,unlabeled,Charlotte,small
1785596606.9508538,55409,0.105,0.9644,-0.2075,4.3945,1.3428,-0.2441,unlabeled,Charlotte,small
1785596606.9508567,55459,0.1025,0.9624,-0.207,4.2725,1.4648,-0.4272,unlabeled,Charlotte,small
1785596607.742831,55802,0.1006,0.9644,-0.2036,4.0894,1.4038,0.061,unlabeled,Charlotte,small
1785596607.7428498,55852,0.1045,0.9644,-0.2051,4.2725,1.0986,-0.061,unlabeled,Charlotte,small
1785596607.7428572,55902,0.1045,0.9668,-0.2061,4.4556,1.3428,-0.4272,unlabeled,Charlotte,small
1785596607.7428644,55952,0.1069,0.9614,-0.2007,4.0283,1.2207,-0.061,unlabeled,Charlotte,small
1785596607.7428708,56002,0.1025,0.9644,-0.2036,4.3335,1.0376,-0.061,unlabeled,Charlotte,small
1785596607.7428777,56052,0.1001,0.9624,-0.21,4.5776,1.4648,0.0,unlabeled,Charlotte,small
1785596607.7428842,56102,0.103,0.9644,-0.207,4.1504,1.3428,0.061,unlabeled,Charlotte,small
1785596607.7428906,56152,0.0972,0.9688,-0.2046,3.9673,1.2207,-0.8545,unlabeled,Charlotte,small
1785596607.7428966,56202,0.1069,0.9624,-0.2065,4.3335,1.3428,-0.4272,unlabeled,Charlotte,small
1785596607.7429032,56252,0.1001,0.96,-0.209,4.6997,1.4648,0.061,unlabeled,Charlotte,small
1785596608.3700616,56333,0.1011,0.9678,-0.2041,3.6621,1.1597,-0.1831,unlabeled,Charlotte,small
1785596608.3700738,56383,0.1021,0.9629,-0.2061,4.4556,1.0376,-0.2441,unlabeled,Charlotte,small
1785596608.370079,56433,0.1021,0.9624,-0.1987,4.7607,1.2817,-0.061,unlabeled,Charlotte,small
1785596608.3700836,56483,0.104,0.9614,-0.1987,3.9062,1.2207,0.4883,unlabeled,Charlotte,small
1785596608.3700874,56533,0.1055,0.9644,-0.2124,4.5776,1.2207,-0.1831,unlabeled,Charlotte,small
1785596608.3700914,56583,0.0986,0.9634,-0.207,4.2114,1.5259,0.9155,unlabeled,Charlotte,small
1785596608.3700953,56633,0.1001,0.9668,-0.207,4.2114,0.8545,-2.5635,unlabeled,Charlotte,small
1785596608.3700993,56683,0.105,0.9575,-0.2051,4.6387,1.0986,-0.4883,unlabeled,Charlotte,small
1785596608.370103,56733,0.1055,0.9634,-0.1982,4.0283,1.2207,0.1831,unlabeled,Charlotte,small
1785596608.3701067,56783,0.1016,0.9624,-0.2085,4.2114,1.2817,-0.2441,unlabeled,Charlotte,small
1785596608.986535,56955,0.103,0.9648,-0.2017,4.3945,1.5259,0.7935,unlabeled,Charlotte,small
1785596608.9865472,57005,0.0991,0.9604,-0.2041,4.8218,1.4648,-0.2441,unlabeled,Charlotte,small
1785596608.9865527,57055,0.1006,0.9585,-0.2075,4.3335,1.2207,0.2441,unlabeled,Charlotte,small
1785596608.9865575,57105,0.103,0.9648,-0.2026,4.2114,1.2817,0.0,unlabeled,Charlotte,small
1785596608.9865613,57155,0.1001,0.9668,-0.1992,4.3945,0.9766,-0.6714,unlabeled,Charlotte,small
1785596608.9865654,57205,0.103,0.9609,-0.2041,4.2114,0.8545,0.4883,unlabeled,Charlotte,small
1785596608.9865692,57255,0.0986,0.9614,-0.2061,4.0283,1.4648,0.0,unlabeled,Charlotte,small
1785596608.9865725,57305,0.0952,0.9639,-0.2041,4.2725,1.3428,0.1831,unlabeled,Charlotte,small
1785596608.9865754,57355,0.0981,0.9673,-0.2046,4.3335,1.0986,0.061,unlabeled,Charlotte,small
1785596608.9865785,57405,0.0933,0.96,-0.209,4.0894,1.4038,-0.7935,unlabeled,Charlotte,small
1785596609.6034124,57567,0.1016,0.9644,-0.1958,4.2114,1.0376,-0.5493,unlabeled,Charlotte,small
1785596609.6034284,57617,0.0991,0.9673,-0.2056,3.9673,1.0986,-0.3052,unlabeled,Charlotte,small
1785596609.6034331,57667,0.1011,0.9629,-0.208,4.0894,1.5869,0.2441,unlabeled,Charlotte,small
1785596609.6034367,57717,0.0991,0.9658,-0.209,4.2725,1.4648,-0.1221,unlabeled,Charlotte,small
1785596609.6034398,57767,0.1001,0.9658,-0.2065,4.3945,1.0986,0.061,unlabeled,Charlotte,small
1785596609.6034431,57817,0.1079,0.9639,-0.2056,4.3945,0.9766,-1.4648,unlabeled,Charlotte,small
1785596609.6034462,57867,0.1074,0.9629,-0.2051,4.2725,1.4038,0.3052,unlabeled,Charlotte,small
1785596609.6034493,57917,0.0967,0.9658,-0.2026,4.2725,1.0986,-0.4883,unlabeled,Charlotte,small
1785596609.6034522,57967,0.104,0.9614,-0.2061,4.4556,1.1597,-0.2441,unlabeled,Charlotte,small
1785596609.6034553,58017,0.1025,0.9653,-0.2012,4.2114,1.2207,0.5493,unlabeled,Charlotte,small
1785596610.117371,58179,0.1016,0.9663,-0.2002,4.3335,1.2207,-0.1831,unlabeled,Charlotte,small
1785596610.1173835,58229,0.106,0.9614,-0.2036,4.2725,1.2817,-0.5493,unlabeled,Charlotte,small
1785596610.1173887,58279,0.1021,0.9653,-0.2065,4.5776,1.0376,-1.3428,unlabeled,Charlotte,small
1785596610.1173935,58329,0.106,0.9585,-0.2051,3.9673,1.0986,0.2441,unlabeled,Charlotte,small
1785596610.1173975,58379,0.1011,0.9619,-0.2021,3.9673,0.9155,0.061,unlabeled,Charlotte,small
1785596610.1174016,58429,0.1025,0.9663,-0.2056,4.1504,1.3428,-0.061,unlabeled,Charlotte,small
1785596610.1174054,58479,0.1021,0.9614,-0.2041,4.2114,1.1597,0.0,unlabeled,Charlotte,small
1785596610.1174092,58529,0.0991,0.9619,-0.2002,4.3945,0.9155,-0.6104,unlabeled,Charlotte,small
1785596610.1174133,58579,0.1021,0.9609,-0.207,4.1504,1.2207,0.061,unlabeled,Charlotte,small
1785596610.117417,58629,0.0991,0.9648,-0.2036,4.6387,1.3428,-0.2441,unlabeled,Charlotte,small
1785596610.6413462,58700,0.1045,0.9634,-0.2095,4.7607,1.2817,0.0,unlabeled,Charlotte,small
1785596610.6413615,58750,0.105,0.9619,-0.2065,4.0894,1.0986,-0.4883,unlabeled,Charlotte,small
1785596610.6413674,58800,0.1045,0.9619,-0.2104,4.0894,1.2207,0.3052,unlabeled,Charlotte,small
1785596610.6413732,58850,0.103,0.9619,-0.2056,4.3945,1.2817,-0.061,unlabeled,Charlotte,small
1785596610.6413784,58900,0.0986,0.9688,-0.1982,4.6997,1.3428,0.1221,unlabeled,Charlotte,small
1785596610.641384,58950,0.1016,0.9624,-0.2026,4.4556,1.2207,0.3052,unlabeled,Charlotte,small
1785596610.6413891,59000,0.0996,0.9639,-0.2124,4.7607,1.4038,-0.1831,unlabeled,Charlotte,small
1785596610.641394,59050,0.1025,0.9639,-0.2065,4.2114,1.0986,-0.1221,unlabeled,Charlotte,small
1785596610.6413987,59100,0.104,0.9634,-0.1982,4.2725,0.9766,-0.1221,unlabeled,Charlotte,small
1785596610.641404,59150,0.0991,0.9644,-0.2056,4.2114,1.2817,-0.4272,unlabeled,Charlotte,small
1785596611.1694138,59224,0.1025,0.9624,-0.207,4.3945,1.1597,-0.6104,unlabeled,Charlotte,small
1785596611.1694286,59274,0.1064,0.9653,-0.2021,4.6387,0.9766,0.2441,unlabeled,Charlotte,small
1785596611.1694345,59324,0.0996,0.9614,-0.2041,4.3945,1.2817,-0.061,unlabeled,Charlotte,small
1785596611.1694403,59374,0.0977,0.9644,-0.2007,4.5166,1.2817,-0.4272,unlabeled,Charlotte,small
1785596611.1694453,59424,0.1016,0.9658,-0.1987,4.0894,1.2817,-0.3052,unlabeled,Charlotte,small
1785596611.169451,59474,0.1011,0.9629,-0.208,4.6997,1.2207,-0.4883,unlabeled,Charlotte,small
1785596611.1694562,59524,0.0981,0.9673,-0.209,4.0283,1.2207,0.6104,unlabeled,Charlotte,small
1785596611.169461,59574,0.1035,0.9712,-0.2021,4.7607,1.5869,-0.4883,unlabeled,Charlotte,small
1785596611.1694663,59624,0.0962,0.96,-0.208,4.2114,0.8545,-0.1221,unlabeled,Charlotte,small
1785596611.1694713,59674,0.0977,0.9634,-0.1992,4.1504,0.7935,-1.0376,unlabeled,Charlotte,small
1785596611.6879475,59753,0.0967,0.9404,-0.1929,5.0049,2.0142,0.9155,unlabeled,Charlotte,small
1785596611.6879616,59803,0.0518,0.9072,-0.2651,10.8643,4.1504,2.3804,unlabeled,Charlotte,small
1785596611.6879678,59853,0.1104,0.9819,-0.1968,4.3335,1.2207,-3.1738,unlabeled,Charlotte,small
1785596611.6879733,59903,0.1045,0.9209,-0.2056,4.5166,-1.1597,-3.7231,unlabeled,Charlotte,small
1785596611.6879787,59953,0.0781,0.8657,-0.2119,-4.8218,-4.6997,-14.9536,unlabeled,Charlotte,small
1785596611.6879845,60003,0.0586,0.8296,0.0864,-8.606,-31.4941,-25.1465,unlabeled,Charlotte,small
1785596611.68799,60053,0.1128,0.9873,-0.231,-10.5591,-1.4648,9.2163,unlabeled,Charlotte,small
1785596611.6879952,60103,0.1284,0.9595,-0.2256,7.6294,2.6855,6.1035,unlabeled,Charlotte,small
1785596611.6880002,60153,0.2324,0.936,-0.168,2.6855,-5.3101,-10.0708,unlabeled,Charlotte,small
1785596611.6880054,60203,0.103,0.9648,-0.2041,4.8828,1.1597,1.1597,unlabeled,Charlotte,small
1785596612.1954746,60265,0.1123,0.9575,-0.1958,5.7983,-0.1221,-3.9673,unlabeled,Charlotte,small
1785596612.1954877,60315,0.1196,0.9639,-0.2021,2.5635,0.2441,1.5869,unlabeled,Charlotte,small
1785596612.1954935,60365,0.1191,0.9609,-0.2041,2.2583,0.1831,1.4038,unlabeled,Charlotte,small
1785596612.1954982,60415,0.1113,0.9746,-0.2021,-1.5869,0.1221,4.4556,unlabeled,Charlotte,small
1785596612.1955025,60465,0.1025,0.9507,-0.2056,-5.4321,-1.6479,3.418,unlabeled,Charlotte,small
1785596612.1955078,60515,0.1089,0.9746,-0.2271,6.1646,1.3428,-2.4414,unlabeled,Charlotte,small
1785596612.195512,60565,0.0996,1.0254,-0.1475,45.4712,10.0708,-28.6865,unlabeled,Charlotte,small
1785596612.1955166,60615,0.374,1.0649,0.2861,-82.5806,-33.2642,7.8735,unlabeled,Charlotte,small
1785596612.195521,60665,0.1968,0.8765,-0.1934,4.8828,-6.1646,-29.3579,unlabeled,Charlotte,small
1785596612.1955254,60715,0.1655,0.9282,-0.1938,4.3335,2.9907,7.5684,unlabeled,Charlotte,small
1785596612.8945823,60777,0.0913,0.9624,-0.2104,4.9438,0.6104,-4.5166,unlabeled,Charlotte,small
1785596612.8945942,60827,0.1045,0.96,-0.2026,4.2725,1.6479,0.6104,unlabeled,Charlotte,small
1785596612.894599,60877,0.0981,0.9624,-0.2007,4.5166,1.3428,0.3662,unlabeled,Charlotte,small
1785596612.8946025,60927,0.1055,0.9595,-0.2026,4.6997,1.2817,-0.5493,unlabeled,Charlotte,small
1785596612.8946059,60977,0.0962,0.9644,-0.2065,4.1504,1.0376,0.1221,unlabeled,Charlotte,small
1785596612.8946092,61027,0.104,0.9624,-0.2017,4.0283,1.3428,-0.061,unlabeled,Charlotte,small
1785596612.8946123,61077,0.1011,0.9629,-0.207,4.6387,1.1597,0.7324,unlabeled,Charlotte,small
1785596612.8946154,61127,0.0996,0.9644,-0.2109,5.7373,1.4648,1.0376,unlabeled,Charlotte,small
1785596612.894618,61177,0.104,0.96,-0.2119,5.6763,0.9766,-1.77,unlabeled,Charlotte,small
1785596612.8946211,61227,0.1025,0.9683,-0.2046,4.3945,1.2207,0.061,unlabeled,Charlotte,small
1785596613.7159362,61472,0.1001,0.9634,-0.2061,3.54,1.0986,-0.061,unlabeled,Charlotte,small
1785596613.715952,61522,0.1021,0.9644,-0.2129,4.2725,1.4648,0.0,unlabeled,Charlotte,small
1785596613.715956,61572,0.105,0.9653,-0.207,4.0894,1.1597,0.5493,unlabeled,Charlotte,small
1785596613.7159593,61622,0.1011,0.9678,-0.2017,4.4556,1.0376,0.061,unlabeled,Charlotte,small
1785596613.7159626,61672,0.1001,0.9639,-0.2065,4.3945,1.3428,-0.1831,unlabeled,Charlotte,small
1785596613.7159662,61722,0.0996,0.9658,-0.2065,4.8218,1.6479,-0.061,unlabeled,Charlotte,small
1785596613.7159693,61772,0.105,0.9697,-0.2061,4.6997,1.0376,0.2441,unlabeled,Charlotte,small
1785596613.7159724,61822,0.0972,0.9658,-0.207,4.0894,0.9766,-0.3662,unlabeled,Charlotte,small
1785596613.7159753,61872,0.1045,0.9692,-0.1982,4.9438,1.2207,-1.709,unlabeled,Charlotte,small
1785596613.7159781,61922,0.103,0.9702,-0.2012,4.2725,0.6104,0.061,unlabeled,Charlotte,small
1785596614.2328544,62293,0.0967,0.9624,-0.2002,3.9062,1.2817,0.4883,unlabeled,Charlotte,small
1785596614.2328694,62343,0.0947,0.9634,-0.2017,5.6152,1.4648,-1.3428,unlabeled,Charlotte,small
1785596614.232876,62393,0.0977,0.9697,-0.2017,4.0283,0.9766,-0.7935,unlabeled,Charlotte,small
1785596614.232882,62443,0.103,0.9634,-0.2046,5.188,1.709,0.2441,unlabeled,Charlotte,small
1785596614.2328873,62493,0.0996,0.9595,-0.2046,2.8076,0.8545,-0.1831,unlabeled,Charlotte,small
1785596614.2328932,62543,0.104,0.9634,-0.2002,3.7231,1.2817,0.5493,unlabeled,Charlotte,small
1785596614.2328987,62593,0.0996,0.9644,-0.1978,4.6387,1.1597,-0.061,unlabeled,Charlotte,small
1785596614.2329042,62643,0.0962,0.9561,-0.2002,3.6621,1.2207,1.4038,unlabeled,Charlotte,small
1785596614.2329097,62693,0.0889,0.9512,-0.1997,4.2114,1.1597,0.3052,unlabeled,Charlotte,small
1785596614.232915,62743,0.1021,0.9624,-0.2041,4.1504,0.9155,0.0,unlabeled,Charlotte,small
1785596614.9048245,62815,0.1001,0.9639,-0.208,4.3945,1.2207,-0.4272,unlabeled,Charlotte,small
1785596614.9048386,62865,0.104,0.9629,-0.2104,4.0894,1.0986,-0.5493,unlabeled,Charlotte,small
1785596614.904845,62915,0.0991,0.9673,-0.2021,4.0894,1.0986,-0.4272,unlabeled,Charlotte,small
1785596614.9048507,62965,0.0879,0.9609,-0.2017,4.3335,1.3428,-1.5869,unlabeled,Charlotte,small
1785596614.9048567,63015,0.0996,0.9629,-0.2026,4.0283,0.9155,-0.1831,unlabeled,Charlotte,small
1785596614.9048624,63065,0.1089,0.9644,-0.2056,4.1504,1.0376,-0.4883,unlabeled,Charlotte,small
1785596614.9048684,63115,0.1006,0.9531,-0.2036,4.4556,1.2817,0.8545,unlabeled,Charlotte,small
1785596614.9048734,63165,0.0952,0.9639,-0.2041,4.1504,1.1597,0.061,unlabeled,Charlotte,small
1785596614.904879,63215,0.1006,0.9624,-0.2065,4.2114,1.0986,0.7324,unlabeled,Charlotte,small
1785596614.9048843,63265,0.0918,0.9678,-0.2026,4.3945,1.3428,-0.1831,unlabeled,Charlotte,small
1785596615.424,63488,0.105,0.9639,-0.2065,4.3945,1.5259,0.6714,unlabeled,Charlotte,small
1785596615.4240112,63538,0.0996,0.9609,-0.2061,5.127,1.8311,0.7935,unlabeled,Charlotte,small
1785596615.4240155,63588,0.0962,0.9629,-0.2021,4.6997,1.2817,-0.4272,unlabeled,Charlotte,small
1785596615.4240196,63638,0.0947,0.9624,-0.2056,4.5166,1.5259,0.2441,unlabeled,Charlotte,small
1785596615.4240224,63688,0.0981,0.9609,-0.1997,4.7607,1.1597,-0.3052,unlabeled,Charlotte,small
1785596615.4240258,63738,0.103,0.9673,-0.2109,4.8218,1.2817,-0.4883,unlabeled,Charlotte,small
1785596615.4240289,63788,0.0913,0.96,-0.208,4.5776,1.0986,-0.8545,unlabeled,Charlotte,small
1785596615.424032,63838,0.1064,0.96,-0.2031,4.5776,1.0986,-1.4038,unlabeled,Charlotte,small
1785596615.424035,63888,0.0986,0.9727,-0.2119,5.5542,1.4648,-0.5493,unlabeled,Charlotte,small
1785596615.4240382,63938,0.0991,0.9717,-0.2041,4.2114,1.2207,-0.3052,unlabeled,Charlotte,small
1785596616.1330588,64001,0.0918,0.9585,-0.2046,4.9438,1.0986,-1.6479,unlabeled,Charlotte,small
1785596616.1330695,64051,0.0977,0.9609,-0.1948,4.3945,1.2207,-0.1831,unlabeled,Charlotte,small
1785596616.1330738,64101,0.0981,0.9502,-0.2017,4.9438,1.1597,-0.7324,unlabeled,Charlotte,small
1785596616.1330776,64151,0.0947,0.9526,-0.2075,4.8218,1.2207,-0.9155,unlabeled,Charlotte,small
1785596616.1330805,64201,0.0962,0.9639,-0.2114,4.8828,1.4038,-0.4883,unlabeled,Charlotte,small
1785596616.1330838,64251,0.0957,0.9619,-0.2085,4.5776,1.5869,0.0,unlabeled,Charlotte,small
1785596616.1330867,64301,0.0962,0.9663,-0.2065,4.3945,1.3428,0.4883,unlabeled,Charlotte,small
1785596616.1330903,64351,0.1011,0.9653,-0.207,3.9062,0.9766,-0.6714,unlabeled,Charlotte,small
1785596616.1330934,64401,0.1006,0.9678,-0.2036,4.2114,1.0376,-0.4883,unlabeled,Charlotte,small
1785596616.1330967,64451,0.1001,0.9663,-0.2026,4.3335,1.1597,0.0,unlabeled,Charlotte,small
1785596616.7473078,64713,0.0996,0.9678,-0.2021,4.8218,1.709,0.1831,unlabeled,Charlotte,small
1785596616.747322,64763,0.0933,0.9536,-0.1987,4.9438,1.2207,-1.3428,unlabeled,Charlotte,small
1785596616.7473276,64813,0.1011,0.958,-0.2036,4.2725,1.1597,-0.4883,unlabeled,Charlotte,small
1785596616.747332,64863,0.1025,0.9634,-0.2026,4.4556,1.1597,-0.1221,unlabeled,Charlotte,small
1785596616.7473364,64913,0.1118,0.9814,-0.2129,5.127,1.2817,-0.9766,unlabeled,Charlotte,small
1785596616.7473414,64963,0.1108,0.9673,-0.208,4.4556,1.5869,0.9155,unlabeled,Charlotte,small
1785596616.7473454,65013,0.0967,0.9639,-0.2061,2.3804,1.1597,0.7935,unlabeled,Charlotte,small
1785596616.74735,65063,0.106,0.9663,-0.2017,4.6387,0.3662,-2.1362,unlabeled,Charlotte,small
1785596616.7473545,65113,0.1304,0.9863,-0.2187,5.0049,0.9766,0.4272,unlabeled,Charlotte,small
1785596616.747359,65163,0.1045,0.9736,-0.2104,3.2349,1.0986,3.6621,unlabeled,Charlotte,small
1785596617.3623393,65325,0.0957,0.958,-0.1855,4.1504,0.9155,-1.0376,unlabeled,Charlotte,small
1785596617.3623667,65375,0.0957,0.9644,-0.1997,3.8452,1.2207,0.0,unlabeled,Charlotte,small
1785596617.362374,65425,0.0942,0.9702,-0.2095,4.1504,1.1597,-0.6104,unlabeled,Charlotte,small
1785596617.3623805,65475,0.0918,0.9585,-0.2056,4.3335,1.0986,-0.061,unlabeled,Charlotte,small
1785596617.3623862,65525,0.1006,0.9663,-0.2085,4.5776,1.4038,0.6714,unlabeled,Charlotte,small
1785596617.3623924,65575,0.1016,0.9673,-0.2017,4.2725,1.2207,-0.5493,unlabeled,Charlotte,small
1785596617.3623981,65625,0.1001,0.9658,-0.2065,3.9673,1.2817,-0.4272,unlabeled,Charlotte,small
1785596617.362404,65675,0.0972,0.9658,-0.2026,4.1504,1.2817,0.3662,unlabeled,Charlotte,small
1785596617.3624089,65725,0.0996,0.9639,-0.2007,4.2114,1.2817,0.1221,unlabeled,Charlotte,small
1785596617.3624136,65775,0.0996,0.9624,-0.2051,4.3335,1.0986,0.1221,unlabeled,Charlotte,small
1785596617.887517,65947,0.0942,0.9614,-0.207,4.6387,1.2817,-0.4272,unlabeled,Charlotte,small
1785596617.8875275,65997,0.103,0.9678,-0.207,5.6763,1.4038,-1.4648,unlabeled,Charlotte,small
1785596617.8875318,66047,0.0972,0.9653,-0.1997,4.7607,1.3428,-0.3662,unlabeled,Charlotte,small
1785596617.8875353,66097,0.1016,0.9819,-0.2129,5.3101,1.77,0.6714,unlabeled,Charlotte,small
1785596617.8875387,66147,0.0928,0.9609,-0.2031,4.2114,0.8545,-0.8545,unlabeled,Charlotte,small
1785596617.887542,66197,0.0908,0.9604,-0.1968,4.4556,1.2207,-0.4883,unlabeled,Charlotte,small
1785596617.8875449,66247,0.0967,0.9561,-0.208,3.8452,1.1597,0.9155,unlabeled,Charlotte,small
1785596617.8875477,66297,0.0854,0.9453,-0.1953,5.4321,1.2817,0.6714,unlabeled,Charlotte,small
1785596617.8875508,66347,0.0942,0.9624,-0.21,2.8687,0.6104,0.2441,unlabeled,Charlotte,small
1785596617.8875535,66397,0.0898,0.9619,-0.1973,2.5635,1.2207,1.0376,unlabeled,Charlotte,small
1785596618.5899343,66469,0.0854,0.9526,-0.2065,3.6621,1.0376,0.8545,unlabeled,Charlotte,small
1785596618.589945,66519,0.1099,0.9761,-0.2173,5.188,0.9155,-2.7466,unlabeled,Charlotte,small
1785596618.5899494,66569,0.1094,0.9648,-0.208,5.8594,2.0752,0.061,unlabeled,Charlotte,small
1785596618.589953,66619,0.0952,0.9619,-0.2046,4.6997,1.2817,-0.2441,unlabeled,Charlotte,small
1785596618.5899563,66669,0.0933,0.96,-0.2056,3.7231,0.9766,-0.7324,unlabeled,Charlotte,small
1785596618.5899596,66719,0.0884,0.9448,-0.1973,5.0659,1.0986,-1.4038,unlabeled,Charlotte,small
1785596618.5899627,66769,0.1025,0.9658,-0.2007,3.7231,1.0376,0.9766,unlabeled,Charlotte,small
1785596618.5899658,66819,0.0889,0.9712,-0.2041,3.6621,1.0986,0.3662,unlabeled,Charlotte,small
1785596618.589969,66869,0.1006,0.9644,-0.2041,5.127,1.5259,0.4883,unlabeled,Charlotte,small
1785596618.5899718,66919,0.0977,0.9561,-0.2041,4.2114,1.4648,1.0986,unlabeled,Charlotte,small
1785596619.10513,67171,0.0986,0.9663,-0.1938,3.7231,1.4038,0.4272,unlabeled,Charlotte,small
1785596619.105142,67221,0.0928,0.9634,-0.2036,3.6621,2.5635,0.9155,unlabeled,Charlotte,small
1785596619.105147,67271,0.0903,0.9561,-0.2056,4.4556,1.4648,-0.7324,unlabeled,Charlotte,small
1785596619.1051512,67321,0.0991,0.9678,-0.1978,4.6997,1.1597,-0.7324,unlabeled,Charlotte,small
1785596619.105155,67371,0.0845,0.9473,-0.2056,4.6387,0.7324,-2.5635,unlabeled,Charlotte,small
1785596619.1051595,67421,0.0967,0.9492,-0.1978,2.9297,0.4883,-0.8545,unlabeled,Charlotte,small
1785596619.1051633,67471,0.1157,0.9863,-0.2017,3.2349,0.9766,1.2207,unlabeled,Charlotte,small
1785596619.1051672,67521,0.1064,0.9702,-0.2056,4.3945,0.9766,-0.061,unlabeled,Charlotte,small
1785596619.1051707,67571,0.1064,0.9771,-0.2075,5.0049,1.5259,-0.1221,unlabeled,Charlotte,small
1785596619.1051745,67621,0.0996,0.9688,-0.208,4.5776,1.1597,0.3662,unlabeled,Charlotte,small
1785596619.8195546,67683,0.0986,0.9614,-0.208,4.8218,1.4038,0.1831,unlabeled,Charlotte,small
1785596619.8195653,67733,0.0967,0.9658,-0.2021,4.8218,1.5869,1.4648,unlabeled,Charlotte,small
1785596619.8195693,67783,0.0991,0.9609,-0.2056,6.0425,0.4272,-2.4414,unlabeled,Charlotte,small
1785596619.819573,67833,0.1084,0.9565,-0.207,4.3335,2.0752,2.6245,unlabeled,Charlotte,small
1785596619.8195763,67883,0.0977,0.9673,-0.1987,4.2114,1.0376,-0.061,unlabeled,Charlotte,small
1785596619.8195796,67933,0.0908,0.9629,-0.2036,3.3569,0.6714,0.0,unlabeled,Charlotte,small
1785596619.819583,67983,0.0952,0.9829,-0.1938,3.9062,0.6104,-1.9531,unlabeled,Charlotte,small
1785596619.8195863,68033,0.1035,0.9717,-0.2017,1.4038,1.4038,2.2583,unlabeled,Charlotte,small
1785596619.8195891,68083,0.103,0.9985,-0.2139,5.7373,1.1597,-0.3662,unlabeled,Charlotte,small
1785596619.8195922,68133,0.0894,0.957,-0.2104,5.4932,1.4648,-0.1831,unlabeled,Charlotte,small
1785596620.332406,68395,0.104,0.9834,-0.2007,4.2725,0.6714,-0.061,unlabeled,Charlotte,small
1785596620.3324218,68445,0.0957,0.978,-0.2085,2.8687,0.5493,-0.2441,unlabeled,Charlotte,small
1785596620.3324275,68495,0.0996,0.9668,-0.1978,3.2959,0.9155,-0.1221,unlabeled,Charlotte,small
1785596620.332433,68545,0.1294,1.0103,-0.2158,5.8594,2.0752,1.4038,unlabeled,Charlotte,small
1785596620.3324375,68595,0.1074,0.981,-0.21,4.6997,1.8311,1.4038,unlabeled,Charlotte,small
1785596620.3324425,68645,0.0957,0.9712,-0.2031,4.3945,1.3428,-0.2441,unlabeled,Charlotte,small
1785596620.3324475,68695,0.1084,0.9614,-0.2178,3.0518,0.7935,-0.4272,unlabeled,Charlotte,small
1785596620.3324525,68745,0.1006,0.9731,-0.188,3.2349,0.7935,-0.9155,unlabeled,Charlotte,small
1785596620.3324573,68795,0.0981,0.9707,-0.2061,4.9438,1.3428,-0.9155,unlabeled,Charlotte,small
1785596620.3324618,68845,0.0957,0.9575,-0.2017,4.2725,1.8311,-0.9766,unlabeled,Charlotte,small
1785596620.9494932,68917,0.1016,0.9863,-0.1973,2.0752,0.1831,0.1831,unlabeled,Charlotte,small
1785596620.9495158,68967,0.0913,0.9478,-0.1987,2.9297,1.4038,-0.1221,unlabeled,Charlotte,small
1785596620.9495244,69017,0.0923,0.959,-0.2104,5.3711,1.3428,-0.7324,unlabeled,Charlotte,small
1785596620.9495325,69067,0.105,0.9844,-0.2026,5.188,1.0376,-0.1221,unlabeled,Charlotte,small
1785596620.9495373,69117,0.0947,0.9644,-0.2041,4.0283,1.0376,0.0,unlabeled,Charlotte,small
1785596620.9495418,69167,0.0894,0.9502,-0.2007,3.54,1.4648,1.9531,unlabeled,Charlotte,small
1785596620.9495456,69217,0.0977,0.9663,-0.2031,4.8218,1.0986,-1.2207,unlabeled,Charlotte,small
1785596620.94955,69267,0.103,0.9629,-0.2051,4.5166,1.2817,0.6104,unlabeled,Charlotte,small
1785596620.9495535,69317,0.0962,0.9619,-0.2051,4.2114,2.0752,0.9155,unlabeled,Charlotte,small
1785596620.9495573,69367,0.1035,0.9399,-0.2227,4.8828,-0.3662,2.1973,unlabeled,Charlotte,small
1785596621.5627918,69529,0.0977,0.9653,-0.2065,3.9062,0.6104,-0.6104,unlabeled,Charlotte,small
1785596621.5628068,69579,0.0981,0.9634,-0.2021,4.1504,0.9766,0.0,unlabeled,Charlotte,small
1785596621.5628133,69629,0.0977,0.9673,-0.208,3.9673,1.0986,-0.3052,unlabeled,Charlotte,small
1785596621.562819,69679,0.0962,0.9634,-0.2007,4.3945,0.9155,-0.6714,unlabeled,Charlotte,small
1785596621.5628245,69729,0.1001,0.959,-0.1992,3.9062,0.9155,-0.4272,unlabeled,Charlotte,small
1785596621.56283,69779,0.0908,0.9663,-0.2114,4.0894,0.5493,-0.9766,unlabeled,Charlotte,small
1785596621.5628352,69829,0.1006,0.9614,-0.2021,4.3945,0.8545,-1.0986,unlabeled,Charlotte,small
1785596621.5628405,69879,0.0967,0.9678,-0.2085,4.3335,1.2817,-0.3052,unlabeled,Charlotte,small
1785596621.5628457,69929,0.0996,0.9668,-0.2114,4.6997,1.5259,-0.2441,unlabeled,Charlotte,small
1785596621.5628512,69979,0.1016,0.957,-0.2075,4.5776,1.1597,0.5493,unlabeled,Charlotte,small
1785596622.0785866,70142,0.0967,0.9629,-0.2031,4.3945,1.0376,-0.1831,unlabeled,Charlotte,small
1785596622.0786,70192,0.0981,0.9629,-0.2065,4.1504,1.0376,-0.4272,unlabeled,Charlotte,small
1785596622.078606,70242,0.0947,0.9644,-0.2017,4.7607,1.1597,0.0,unlabeled,Charlotte,small
1785596622.0786111,70292,0.0991,0.9658,-0.2056,4.8828,1.5869,0.2441,unlabeled,Charlotte,small
1785596622.0786166,70342,0.0933,0.9673,-0.207,4.1504,1.5869,-0.061,unlabeled,Charlotte,small
1785596622.0786219,70392,0.0947,0.9609,-0.2017,4.0894,0.9766,-0.3662,unlabeled,Charlotte,small
1785596622.0786273,70442,0.0947,0.9683,-0.21,4.2725,1.2817,-0.5493,unlabeled,Charlotte,small
1785596622.078632,70492,0.0991,0.9634,-0.2026,3.54,0.9155,0.061,unlabeled,Charlotte,small
1785596622.0786371,70542,0.0986,0.9644,-0.21,4.5776,1.0986,-0.7935,unlabeled,Charlotte,small
1785596622.078642,70592,0.0957,0.9663,-0.2031,4.2725,1.0376,0.1831,unlabeled,Charlotte,small
1785596622.7902877,70654,0.0937,0.9658,-0.207,3.9062,1.1597,0.7324,unlabeled,Charlotte,small
1785596622.7902982,70704,0.0928,0.9565,-0.1992,4.1504,1.0986,-0.8545,unlabeled,Charlotte,small
1785596622.7903025,70754,0.0913,0.9614,-0.2026,5.0049,1.0986,-1.4648,unlabeled,Charlotte,small
1785596622.790306,70804,0.1006,0.9648,-0.2046,4.8828,1.2817,-0.1831,unlabeled,Charlotte,small
1785596622.7903094,70854,0.0991,0.9639,-0.2075,4.5776,1.1597,-0.4883,unlabeled,Charlotte,small
1785596622.7903128,70904,0.1021,0.9673,-0.2075,4.2114,1.4038,0.9155,unlabeled,Charlotte,small
1785596622.7903159,70954,0.0937,0.9678,-0.2065,4.3945,1.2207,-0.3052,unlabeled,Charlotte,small
1785596622.7903185,71004,0.0986,0.9614,-0.2017,4.5166,1.2817,-0.4883,unlabeled,Charlotte,small
1785596622.7903216,71054,0.0947,0.9575,-0.2075,4.8218,1.3428,0.3662,unlabeled,Charlotte,small
1785596622.7903244,71104,0.0972,0.9629,-0.2036,4.4556,1.4038,-0.3662,unlabeled,Charlotte,small
1785596623.4047456,71366,0.0933,0.958,-0.2139,4.6997,1.2817,-0.6714,unlabeled,Charlotte,small
1785596623.4047565,71416,0.1074,0.9814,-0.2124,5.0049,1.6479,0.3662,unlabeled,Charlotte,small
1785596623.404761,71466,0.0957,0.9644,-0.2041,4.5776,1.2207,-0.5493,unlabeled,Charlotte,small
1785596623.4047644,71516,0.0933,0.9585,-0.2012,4.2114,1.4038,0.2441,unlabeled,Charlotte,small
1785596623.4047675,71566,0.0972,0.9644,-0.2046,4.2725,1.1597,-0.2441,unlabeled,Charlotte,small
1785596623.4047709,71616,0.0928,0.9619,-0.2036,4.5776,1.0376,-0.7935,unlabeled,Charlotte,small
1785596623.404774,71666,0.0986,0.9624,-0.2017,4.2725,1.2207,0.2441,unlabeled,Charlotte,small
1785596623.4047768,71716,0.0981,0.9639,-0.2075,4.5166,1.2207,0.0,unlabeled,Charlotte,small
1785596623.4047797,71766,0.0981,0.9658,-0.2065,4.3945,1.4038,0.0,unlabeled,Charlotte,small
1785596623.4047825,71816,0.0957,0.9639,-0.1987,4.3945,1.2817,-0.1221,unlabeled,Charlotte,small
1785596623.9213746,71988,0.0928,0.9717,-0.2109,4.4556,1.0986,-0.4272,unlabeled,Charlotte,small
1785596623.921389,72038,0.0991,0.9634,-0.2031,4.3945,1.0376,0.1221,unlabeled,Charlotte,small
1785596623.9213943,72088,0.0967,0.9624,-0.2036,4.4556,1.1597,-0.6104,unlabeled,Charlotte,small
1785596623.9214,72138,0.0928,0.9644,-0.2026,4.3945,1.2817,0.2441,unlabeled,Charlotte,small
1785596623.921405,72188,0.0957,0.9629,-0.2056,4.2114,1.2817,-0.3052,unlabeled,Charlotte,small
1785596623.921411,72238,0.0947,0.9639,-0.2046,4.5776,1.0986,-0.4272,unlabeled,Charlotte,small
1785596623.9214163,72288,0.0967,0.9653,-0.2051,4.3335,1.2817,0.4883,unlabeled,Charlotte,small
1785596623.9214206,72338,0.0962,0.9609,-0.2061,4.2725,1.2817,-0.4272,unlabeled,Charlotte,small
1785596623.9214253,72388,0.0952,0.9653,-0.2061,4.3335,1.2207,-0.1221,unlabeled,Charlotte,small
1785596623.9214299,72438,0.0967,0.9634,-0.207,4.2725,1.2207,-0.2441,unlabeled,Charlotte,small
1785596624.7353861,72501,0.1011,0.9619,-0.207,4.2725,1.2207,0.1221,unlabeled,Charlotte,small
1785596624.7354012,72551,0.0933,0.9644,-0.2075,4.3335,1.2207,0.1221,unlabeled,Charlotte,small
1785596624.7354066,72601,0.0942,0.9658,-0.2104,4.3945,1.0986,-0.1831,unlabeled,Charlotte,small
1785596624.735411,72651,0.0981,0.9644,-0.2031,4.4556,1.1597,0.4883,unlabeled,Charlotte,small
1785596624.735415,72701,0.1001,0.9604,-0.2075,4.2114,1.2817,0.5493,unlabeled,Charlotte,small
1785596624.735419,72751,0.0913,0.9624,-0.1968,4.3945,1.1597,-0.8545,unlabeled,Charlotte,small
1785596624.735423,72801,0.0977,0.9629,-0.2075,4.8218,1.1597,-0.9766,unlabeled,Charlotte,small
1785596624.735427,72851,0.0957,0.9634,-0.2061,4.5166,1.2817,0.0,unlabeled,Charlotte,small
1785596624.7354305,72901,0.0918,0.9644,-0.2012,4.5776,0.9766,-0.8545,unlabeled,Charlotte,small
1785596624.7354345,72951,0.0933,0.9629,-0.208,4.2725,1.2817,0.1831,unlabeled,Charlotte,small
1785596625.2478418,73313,0.0967,0.9629,-0.2075,4.2114,1.3428,-0.3662,unlabeled,Charlotte,small
1785596625.2478662,73363,0.0967,0.9658,-0.2056,4.2725,1.2207,-0.061,unlabeled,Charlotte,small
1785596625.247872,73413,0.0913,0.9619,-0.207,4.0894,1.5259,0.1831,unlabeled,Charlotte,small
1785596625.2478776,73463,0.0933,0.9644,-0.2051,4.3945,1.1597,-0.5493,unlabeled,Charlotte,small
1785596625.247883,73513,0.0923,0.9604,-0.2056,4.5166,1.3428,-0.1221,unlabeled,Charlotte,small
1785596625.2478883,73563,0.0977,0.9644,-0.2046,4.2725,1.0376,-0.4272,unlabeled,Charlotte,small
1785596625.2478936,73613,0.0952,0.9634,-0.2031,4.3335,0.9766,-1.1597,unlabeled,Charlotte,small
1785596625.2478986,73663,0.0967,0.9634,-0.2021,4.0283,1.3428,0.7324,unlabeled,Charlotte,small
1785596625.2479036,73713,0.0947,0.9609,-0.2036,4.0894,1.0376,-0.6714,unlabeled,Charlotte,small
1785596625.2479088,73763,0.0962,0.9653,-0.2036,4.2725,1.3428,-0.3662,unlabeled,Charlotte,small
1785596625.8606691,73824,0.0977,0.9639,-0.2051,4.3335,1.2207,-0.3662,unlabeled,Charlotte,small
1785596625.8606796,73874,0.0991,0.9629,-0.2046,4.3945,1.4648,0.6714,unlabeled,Charlotte,small
1785596625.8606837,73924,0.0908,0.9658,-0.2085,4.5776,1.0986,-0.7324,unlabeled,Charlotte,small
1785596625.8606877,73974,0.0928,0.9609,-0.2026,4.5166,1.2817,-0.2441,unlabeled,Charlotte,small
1785596625.8606906,74024,0.0981,0.9624,-0.2051,4.3945,1.4038,-0.3052,unlabeled,Charlotte,small
1785596625.860694,74074,0.0923,0.9619,-0.2002,4.3945,1.0376,0.0,unlabeled,Charlotte,small
1785596625.860697,74124,0.0933,0.9653,-0.208,4.2725,1.3428,-0.3052,unlabeled,Charlotte,small
1785596625.8607001,74174,0.0981,0.9585,-0.2065,4.6997,1.4648,-0.7935,unlabeled,Charlotte,small
1785596625.8607032,74224,0.1255,0.9995,-0.2515,7.9956,4.7607,2.4414,unlabeled,Charlotte,small
1785596625.860706,74274,0.0684,0.9707,-0.2363,5.6763,4.3945,11.6577,unlabeled,Charlotte,small
1785596626.577732,74436,0.0977,0.9702,-0.2095,3.9062,1.1597,0.061,unlabeled,Charlotte,small
1785596626.5777442,74486,0.1113,0.917,-0.1978,1.3428,2.1362,13.1226,unlabeled,Charlotte,small
1785596626.5777495,74536,0.0967,1.0303,-0.1958,8.7891,4.8218,10.0708,unlabeled,Charlotte,small
1785596626.5777538,74586,0.0728,0.9487,-0.1924,3.0518,3.8452,17.0288,unlabeled,Charlotte,small
1785596626.5777576,74636,0.0161,0.9766,-0.2329,0.9766,-0.3662,4.1504,unlabeled,Charlotte,small
1785596626.577762,74686,0.1128,0.9424,-0.2017,57.6172,17.0288,-16.4185,unlabeled,Charlotte,small
1785596626.5777657,74736,0.1387,0.6338,-0.3647,70.8618,36.5601,19.3481,unlabeled,Charlotte,small
1785596626.5777695,74786,0.1274,1.0454,-0.1372,-4.5166,2.8076,17.7002,unlabeled,Charlotte,small
1785596626.5777733,74836,0.0557,0.9702,-0.2065,5.188,0.7324,-3.7842,unlabeled,Charlotte,small
1785596626.5777771,74886,0.0942,0.959,-0.1987,4.5776,1.4038,0.061,unlabeled,Charlotte,small
1785596627.0964365,75160,0.0874,0.9663,-0.1885,4.1504,1.0376,-1.4038,unlabeled,Charlotte,small
1785596627.0964494,75210,0.0889,0.978,-0.1987,4.5776,1.6479,0.4272,unlabeled,Charlotte,small
1785596627.0964537,75260,0.0854,0.9688,-0.1992,4.6997,0.7935,-1.77,unlabeled,Charlotte,small
1785596627.0964572,75310,0.0908,0.9722,-0.1982,4.1504,1.5259,1.2817,unlabeled,Charlotte,small
1785596627.0964603,75360,0.0801,0.9702,-0.2021,4.8218,0.8545,-1.0986,unlabeled,Charlotte,small
1785596627.0964637,75410,0.0894,0.9673,-0.2021,4.0283,1.4648,0.061,unlabeled,Charlotte,small
1785596627.0964668,75460,0.0811,0.9629,-0.1973,4.5776,0.9766,-1.2207,unlabeled,Charlotte,small
1785596627.0964699,75510,0.0884,0.9561,-0.2007,3.8452,0.7935,-0.3662,unlabeled,Charlotte,small
1785596627.0964725,75560,0.0874,0.9673,-0.1997,4.3335,1.2817,1.0376,unlabeled,Charlotte,small
1785596627.0964756,75610,0.0889,0.9673,-0.2046,4.6997,1.3428,-0.7324,unlabeled,Charlotte,small
1785596627.6173253,75682,0.085,0.9634,-0.1958,4.2114,1.0376,0.2441,unlabeled,Charlotte,small
1785596627.6173358,75732,0.0884,0.9692,-0.2041,4.4556,1.4038,-0.2441,unlabeled,Charlotte,small
1785596627.61734,75782,0.0854,0.9644,-0.1963,4.0894,1.2207,-0.1831,unlabeled,Charlotte,small
1785596627.6173434,75832,0.0874,0.9678,-0.2007,4.5776,1.2817,0.0,unlabeled,Charlotte,small
1785596627.6173468,75882,0.0859,0.9692,-0.1987,4.5166,1.3428,-0.5493,unlabeled,Charlotte,small
1785596627.6173503,75932,0.0845,0.9648,-0.1963,4.3335,1.3428,0.061,unlabeled,Charlotte,small
1785596627.6173534,75982,0.0469,0.9961,-0.0195,-15.1978,-5.3101,-6.2256,unlabeled,Charlotte,small
1785596627.6173568,76032,0.1045,0.8745,-0.1948,6.2866,-8.1787,-25.8789,unlabeled,Charlotte,small
1785596627.61736,76082,0.1484,0.959,-0.1841,7.2021,4.5776,11.6577,unlabeled,Charlotte,small
1785596627.6173632,76132,0.1685,0.9292,-0.2598,17.334,0.2441,-15.4419,unlabeled,Charlotte,small
1785596628.136448,76195,0.061,0.9795,-0.1982,3.418,-0.1221,-3.1128,unlabeled,Charlotte,small
1785596628.1364596,76245,0.0825,0.9712,-0.1958,3.418,0.9155,-0.9155,unlabeled,Charlotte,small
1785596628.136464,76295,0.0854,0.9707,-0.2085,3.0518,1.1597,2.1973,unlabeled,Charlotte,small
1785596628.136471,76345,0.0894,0.9644,-0.1997,4.8828,1.3428,-0.4272,unlabeled,Charlotte,small
1785596628.136478,76395,0.0874,0.9678,-0.2012,4.5166,1.1597,-0.8545,unlabeled,Charlotte,small
1785596628.1364841,76445,0.085,0.9634,-0.2041,4.2114,1.1597,0.6104,unlabeled,Charlotte,small
1785596628.1364877,76495,0.0879,0.9624,-0.1978,4.3945,1.0376,0.0,unlabeled,Charlotte,small
1785596628.136491,76545,0.085,0.9653,-0.2021,4.3335,1.2817,-0.3052,unlabeled,Charlotte,small
1785596628.1364944,76595,0.085,0.9653,-0.1992,4.3335,1.1597,0.061,unlabeled,Charlotte,small
1785596628.1364975,76645,0.0645,0.9292,-0.1831,3.1128,-0.1221,-3.1738,unlabeled,Charlotte,small
1785596628.7294977,76717,0.0815,0.9551,-0.21,6.2256,1.8311,-2.0142,unlabeled,Charlotte,small
1785596628.729509,76767,0.0767,0.9868,-0.2046,3.7231,1.0986,2.7466,unlabeled,Charlotte,small
1785596628.7295132,76817,0.0796,0.9541,-0.1968,5.6763,0.8545,-1.8921,unlabeled,Charlotte,small
1785596628.7295167,76867,0.0815,0.96,-0.2026,3.9062,1.0986,-0.5493,unlabeled,Charlotte,small
1785596628.72952,76917,0.0811,0.9619,-0.1948,4.5166,0.9766,-0.2441,unlabeled,Charlotte,small
1785596628.7295232,76967,0.0869,0.9692,-0.1992,4.3335,1.2817,0.3052,unlabeled,Charlotte,small
1785596628.7295263,77017,0.0815,0.9673,-0.2021,4.8828,1.2817,-0.1831,unlabeled,Charlotte,small
1785596628.7295294,77067,0.0811,0.9668,-0.2026,4.2725,1.1597,0.0,unlabeled,Charlotte,small
1785596628.7295325,77117,0.083,0.9619,-0.1992,3.9062,1.2817,0.6104,unlabeled,Charlotte,small
1785596628.7295356,77167,0.083,0.9619,-0.1997,3.9673,1.2207,-0.4272,unlabeled,Charlotte,small
1785596629.2441783,77309,0.0879,0.9609,-0.1968,4.5166,1.0376,0.2441,unlabeled,Charlotte,small
1785596629.2441897,77359,0.1328,1.105,-0.1914,-9.1553,3.0518,41.9922,unlabeled,Charlotte,small
1785596629.2441938,77409,-0.0044,0.9653,-0.2163,18.7988,8.2397,11.6577,unlabeled,Charlotte,small
1785596629.2441974,77459,0.0679,0.9653,-0.1724,7.8735,5.9814,24.292,unlabeled,Charlotte,small
1785596629.2442007,77509,0.0059,0.981,-0.1963,-14.4043,-1.2817,26.2451,unlabeled,Charlotte,small
1785596629.2442043,77559,0.002,0.9634,-0.2139,-13.3667,0.8545,27.3438,unlabeled,Charlotte,small
1785596629.2442076,77609,-0.0352,0.9507,-0.2412,-16.8457,7.9956,48.0347,unlabeled,Charlotte,small
1785596629.2442107,77659,-0.1514,0.9429,-0.2559,-24.6582,11.2915,39.4897,unlabeled,Charlotte,small
1785596629.2442138,77709,-0.1123,1.0337,-0.3423,-14.6484,0.1221,-3.6621,unlabeled,Charlotte,small
1785596629.244217,77759,-0.0835,0.9419,-0.2803,-0.7324,1.8311,-0.7324,unlabeled,Charlotte,small
1785596629.7565255,77820,-0.1069,0.939,-0.2881,4.3335,2.3804,5.7983,unlabeled,Charlotte,small
1785596629.7565393,77870,-0.1064,0.9385,-0.2847,0.1831,2.4414,1.5869,unlabeled,Charlotte,small
1785596629.7565448,77920,-0.1011,0.9443,-0.2954,-0.9155,-0.7324,-6.3477,unlabeled,Charlotte,small
1785596629.7565496,77970,-0.0986,0.9487,-0.3052,0.061,0.3052,-2.0752,unlabeled,Charlotte,small
1785596629.756554,78020,-0.0923,0.9434,-0.3013,2.7466,1.0986,-1.0376,unlabeled,Charlotte,small
1785596629.756559,78070,-0.1001,0.9404,-0.2993,3.2959,1.6479,1.5869,unlabeled,Charlotte,small
1785596629.7565632,78120,-0.0967,0.9385,-0.3032,2.6245,1.0376,-1.77,unlabeled,Charlotte,small
1785596629.7565675,78170,-0.0957,0.9351,-0.3071,2.8076,1.0376,-0.5493,unlabeled,Charlotte,small
1785596629.756572,78220,-0.0942,0.9292,-0.3052,2.0142,0.5493,-5.9204,unlabeled,Charlotte,small
1785596629.756576,78270,-0.0781,0.9438,-0.313,2.6245,0.4883,-3.7842,unlabeled,Charlotte,small
1785596631.5950124,78332,-0.0845,0.9385,-0.3174,4.4556,0.5493,-3.2959,unlabeled,Charlotte,small
1785596631.5950243,78382,-0.0801,0.9238,-0.2969,7.2021,0.1221,-4.3945,unlabeled,Charlotte,small
1785596631.5950298,78432,-0.0698,0.9263,-0.3125,-1.8921,1.4038,-1.1597,unlabeled,Charlotte,small
1785596631.5950348,78482,-0.0664,0.9541,-0.3291,5.188,3.8452,8.1177,unlabeled,Charlotte,small
1785596631.595039,78532,-0.0859,0.9404,-0.3223,1.2817,2.6245,5.4321,unlabeled,Charlotte,small
1785596631.5950437,78582,-0.1021,0.9243,-0.3184,2.4414,1.2817,1.3428,unlabeled,Charlotte,small
1785596631.5950475,78632,-0.0937,0.9341,-0.3135,0.3052,0.7935,-1.2207,unlabeled,Charlotte,small
1785596631.595051,78682,-0.0977,0.9224,-0.3115,0.3662,0.8545,-0.5493,unlabeled,Charlotte,small
1785596631.5950549,78732,-0.0908,0.9351,-0.3257,-2.4414,1.0986,1.2207,unlabeled,Charlotte,small
1785596631.5950584,78782,-0.0894,0.9282,-0.3433,-0.9155,0.6714,-2.5635,unlabeled,Charlotte,small
1785596632.1111586,80172,-0.0396,0.9146,-0.4072,3.2959,-0.4272,-1.8311,unlabeled,Charlotte,small
1785596632.1111693,80222,-0.04,0.9019,-0.4092,4.9438,1.3428,0.8545,unlabeled,Charlotte,small
1785596632.1111736,80272,-0.042,0.9102,-0.4072,6.5308,0.061,-2.5024,unlabeled,Charlotte,small
1785596632.1111772,80322,-0.0288,0.8711,-0.3877,2.8687,-0.8545,-4.2114,unlabeled,Charlotte,small
1785596632.1111803,80372,-0.0361,0.9399,-0.4404,5.249,8.0566,15.8081,unlabeled,Charlotte,small
1785596632.111184,80422,-0.0596,0.895,-0.4004,13.3057,3.9673,6.2866,unlabeled,Charlotte,small
1785596632.111187,80472,-0.062,0.8921,-0.3901,18.0664,-0.7324,-5.7983,unlabeled,Charlotte,small
1785596632.11119,80522,-0.0366,0.9375,-0.3823,10.6812,0.9155,-1.8921,unlabeled,Charlotte,small
1785596632.1111934,80572,-0.0498,0.9136,-0.3828,3.2349,2.8076,3.9062,unlabeled,Charlotte,small
1785596632.1111965,80622,-0.0474,0.9126,-0.3838,4.2725,1.0986,-0.4272,unlabeled,Charlotte,small
1785596632.6350288,80694,-0.0459,0.9155,-0.3843,4.6997,1.8921,1.77,unlabeled,Charlotte,small
1785596632.6350396,80744,-0.0522,0.9229,-0.3843,3.8452,1.2817,0.3052,unlabeled,Charlotte,small
1785596632.6350436,80794,-0.0527,0.9072,-0.3799,4.4556,0.3662,-1.77,unlabeled,Charlotte,small
1785596632.6350474,80844,-0.0479,0.9204,-0.3809,4.6997,0.7324,-1.2207,unlabeled,Charlotte,small
1785596632.6350508,80894,-0.0518,0.9141,-0.3853,5.127,0.7935,-1.2207,unlabeled,Charlotte,small
1785596632.635054,80944,-0.0435,0.9141,-0.3774,4.5166,1.4038,0.3662,unlabeled,Charlotte,small
1785596632.635057,80994,-0.0488,0.9092,-0.3774,3.54,0.4883,-1.3428,unlabeled,Charlotte,small
1785596632.6350596,81044,-0.0483,0.9087,-0.3784,4.8218,1.5869,0.7935,unlabeled,Charlotte,small
1785596632.6350627,81094,-0.0493,0.9155,-0.3799,4.5166,1.1597,-1.0376,unlabeled,Charlotte,small
1785596632.6350658,81144,-0.0527,0.9097,-0.3813,4.2114,1.2207,-0.6714,unlabeled,Charlotte,small
1785596633.3360126,81216,-0.0469,0.9141,-0.3818,4.6997,0.5493,-1.2817,unlabeled,Charlotte,small
1785596633.3360252,81266,-0.0439,0.9121,-0.3848,4.7607,-0.5493,-5.127,unlabeled,Charlotte,small
1785596633.3360307,81316,-0.042,0.9165,-0.3799,5.0659,-3.0518,-10.6201,unlabeled,Charlotte,small
1785596633.3360353,81366,-0.0229,0.9214,-0.3921,5.249,-0.1221,-3.1128,unlabeled,Charlotte,small
1785596633.3360395,81416,-0.0312,0.9121,-0.3809,5.4932,1.2817,-0.061,unlabeled,Charlotte,small
1785596633.3360436,81466,-0.0288,0.9238,-0.376,4.3335,1.4038,0.7935,unlabeled,Charlotte,small
1785596633.3360476,81516,-0.0337,0.9155,-0.3799,3.3569,0.9155,-0.5493,unlabeled,Charlotte,small
1785596633.3360515,81566,-0.0269,0.9141,-0.3804,3.2959,0.9155,-0.4272,unlabeled,Charlotte,small
1785596633.336055,81616,-0.0283,0.9233,-0.3799,3.7842,2.1973,2.0142,unlabeled,Charlotte,small
1785596633.3360589,81666,-0.0327,0.9219,-0.3833,3.6621,1.2207,-0.6104,unlabeled,Charlotte,small
1785596633.970465,81919,-0.0537,0.9146,-0.3687,10.8032,3.418,5.6152,unlabeled,Charlotte,small
1785596633.9704773,81969,-0.0532,0.9189,-0.3633,8.4839,3.6621,6.3477,unlabeled,Charlotte,small
1785596633.9704826,82019,-0.062,0.9214,-0.3623,10.376,3.0518,4.3945,unlabeled,Charlotte,small
1785596633.970487,82069,-0.0645,0.9229,-0.3613,12.8784,4.0894,6.7139,unlabeled,Charlotte,small
1785596633.970491,82119,-0.0732,0.9233,-0.3462,12.2681,5.3711,10.437,unlabeled,Charlotte,small
1785596633.970495,82169,-0.0874,0.9136,-0.3359,12.085,5.6763,10.6201,unlabeled,Charlotte,small
1785596633.9704988,82219,-0.0947,0.9282,-0.3428,14.5264,5.0659,10.0708,unlabeled,Charlotte,small
1785596633.9705026,82269,-0.0977,0.9326,-0.3247,15.4419,5.4932,10.7422,unlabeled,Charlotte,small
1785596633.9705067,82319,-0.1138,0.9312,-0.312,15.9302,4.3945,10.3149,unlabeled,Charlotte,small
1785596633.9705105,82369,-0.127,0.936,-0.3125,17.9443,4.4556,9.3384,unlabeled,Charlotte,small
1785596634.5912426,82551,-0.1396,0.9463,-0.249,12.207,-1.5259,7.2021,unlabeled,Charlotte,small
1785596634.591257,82601,-0.165,0.9443,-0.2505,12.085,3.1128,7.2021,unlabeled,Charlotte,small
1785596634.591263,82651,-0.1797,0.9048,-0.229,7.9956,-6.897,0.1831,unlabeled,Charlotte,small
1785596634.5912688,82701,-0.1499,0.9458,-0.2368,10.8032,-1.9531,-3.8452,unlabeled,Charlotte,small
1785596634.5912745,82751,-0.1479,0.958,-0.2441,8.606,3.1128,-0.6714,unlabeled,Charlotte,small
1785596634.5912802,82801,-0.1738,0.8218,-0.3096,10.437,-9.0942,1.1597,unlabeled,Charlotte,small
1785596634.5912852,82851,-0.0806,0.9517,-0.2422,9.0942,-0.1221,0.9766,unlabeled,Charlotte,small
1785596634.5912907,82901,-0.103,0.9731,-0.2266,10.437,-0.2441,7.019,unlabeled,Charlotte,small
1785596634.5912955,82951,-0.0757,0.9424,-0.2554,19.2871,1.0376,-3.2959,unlabeled,Charlotte,small
1785596634.5913007,83001,0.0713,0.6099,-1.3506,85.8154,8.606,-142.8223,unlabeled,Charlotte,small
1785596635.208524,83174,-0.0098,0.9497,-0.2705,5.0049,-0.7935,-6.958,unlabeled,Charlotte,small
1785596635.2085345,83224,-0.0059,0.959,-0.2617,4.0894,0.6714,-3.479,unlabeled,Charlotte,small
1785596635.2085385,83274,0.0015,0.9531,-0.2661,3.9062,0.9155,-3.9673,unlabeled,Charlotte,small
1785596635.2085423,83324,0.0029,0.9551,-0.2607,4.2725,0.6714,-1.6479,unlabeled,Charlotte,small
1785596635.2085457,83374,-0.0083,0.9604,-0.2651,3.7231,0.0,-2.8076,unlabeled,Charlotte,small
1785596635.208549,83424,-0.0005,0.9541,-0.2622,3.6621,1.0376,-0.5493,unlabeled,Charlotte,small
1785596635.2085524,83474,0.0049,0.9395,-0.2695,4.5776,1.2207,-2.3804,unlabeled,Charlotte,small
1785596635.2085555,83524,-0.0049,0.96,-0.252,3.6621,0.9155,1.0376,unlabeled,Charlotte,small
1785596635.2085586,83574,-0.002,0.958,-0.2612,3.8452,1.0986,-2.3804,unlabeled,Charlotte,small
1785596635.2085617,83624,-0.0063,0.957,-0.2651,4.1504,1.4648,0.061,unlabeled,Charlotte,small
1785596635.8974295,83792,0.0059,0.9546,-0.2646,4.3945,1.5869,-0.9766,unlabeled,Charlotte,small
1785596635.8974402,83842,0.0068,0.9702,-0.2861,4.0894,1.0986,5.7983,unlabeled,Charlotte,small
1785596635.8974447,83892,0.0088,0.936,-0.2817,8.1787,1.3428,-6.958,unlabeled,Charlotte,small
1785596635.8974478,83942,0.002,0.9492,-0.2651,4.0894,1.709,2.1362,unlabeled,Charlotte,small
1785596635.8974512,83992,0.0161,0.96,-0.2793,4.7607,2.5635,0.3052,unlabeled,Charlotte,small
1785596635.8974543,84042,0.0015,0.9565,-0.2749,5.249,1.3428,-0.5493,unlabeled,Charlotte,small
1785596635.8974576,84092,-0.0181,0.9893,-0.271,0.9766,-1.0376,1.8311,unlabeled,Charlotte,small
1785596635.897461,84142,0.0151,0.9624,-0.2466,2.3804,0.6104,0.6714,unlabeled,Charlotte,small
1785596635.897464,84192,0.0049,0.9634,-0.2969,7.3242,2.8076,-0.3662,unlabeled,Charlotte,small
1785596635.8974671,84242,-0.0005,0.9487,-0.2651,5.6763,2.1362,-1.1597,unlabeled,Charlotte,small
1785596636.4176872,84476,0.0054,0.9497,-0.2769,5.188,1.5259,-0.6714,unlabeled,Charlotte,small
1785596636.4177086,84526,0.0029,0.9546,-0.2642,4.2725,1.1597,-0.4883,unlabeled,Charlotte,small
1785596636.4177148,84576,0.0068,0.939,-0.2754,4.5776,1.2207,0.0,unlabeled,Charlotte,small
1785596636.4177208,84626,0.0063,0.9585,-0.27,3.7231,1.2207,-0.2441,unlabeled,Charlotte,small
1785596636.4177268,84676,0.0044,0.9551,-0.2627,4.5776,1.0376,-0.3662,unlabeled,Charlotte,small
1785596636.417732,84726,0.0063,0.9468,-0.269,4.8218,1.2817,-0.6104,unlabeled,Charlotte,small
1785596636.417737,84776,0.0044,0.9551,-0.2578,4.0894,1.2207,0.0,unlabeled,Charlotte,small
1785596636.4177418,84826,0.0039,0.9541,-0.269,4.5166,1.2207,-0.6714,unlabeled,Charlotte,small
1785596636.4177468,84876,0.0083,0.9492,-0.2681,4.5776,1.4038,-0.061,unlabeled,Charlotte,small
1785596636.4177516,84926,0.0068,0.9536,-0.2656,4.3335,1.2817,-0.2441,unlabeled,Charlotte,small
1785596637.054506,84999,0.0059,0.9556,-0.2637,4.6387,1.2817,-0.1221,unlabeled,Charlotte,small
1785596637.0545182,85049,0.0034,0.9521,-0.2627,4.0283,1.0376,-0.1221,unlabeled,Charlotte,small
1785596637.0545237,85099,0.0059,0.9531,-0.2676,4.4556,0.9766,-0.3662,unlabeled,Charlotte,small
1785596637.054528,85149,0.0103,0.9565,-0.271,4.5166,1.2817,-0.4272,unlabeled,Charlotte,small
1785596637.054532,85199,0.0063,0.957,-0.269,4.4556,0.7324,-1.0986,unlabeled,Charlotte,small
1785596637.0545363,85249,0.0083,0.9561,-0.2686,4.4556,1.2817,0.1221,unlabeled,Charlotte,small
1785596637.0545404,85299,0.0098,0.9536,-0.2646,4.2725,1.0986,-0.7935,unlabeled,Charlotte,small
1785596637.054544,85349,0.0073,0.9497,-0.2642,4.4556,1.1597,0.061,unlabeled,Charlotte,small
1785596637.0545478,85399,0.0039,0.9497,-0.2676,4.2725,1.3428,-0.3052,unlabeled,Charlotte,small
1785596637.0545514,85449,0.0098,0.9526,-0.2661,4.3945,1.4648,-0.061,unlabeled,Charlotte,small
1785596637.6731791,85630,0.0093,0.9595,-0.2686,4.3945,1.0986,-0.3662,unlabeled,Charlotte,small
1785596637.6731896,85680,0.0078,0.9536,-0.2656,4.5776,1.3428,-0.4883,unlabeled,Charlotte,small
1785596637.6731935,85730,0.0054,0.9565,-0.271,4.6387,1.1597,-0.7324,unlabeled,Charlotte,small
1785596637.673197,85780,0.0039,0.9585,-0.269,4.2725,1.6479,0.3662,unlabeled,Charlotte,small
1785596637.6732001,85830,0.0078,0.9536,-0.2622,4.4556,1.1597,-0.3052,unlabeled,Charlotte,small
1785596637.6732035,85880,0.0024,0.9517,-0.2661,4.7607,1.0376,-1.5259,unlabeled,Charlotte,small
1785596637.6732068,85930,0.0039,0.9536,-0.2705,4.2114,1.3428,0.6104,unlabeled,Charlotte,small
1785596637.67321,85980,0.0098,0.9478,-0.269,3.8452,1.5259,2.1362,unlabeled,Charlotte,small
1785596637.673213,86030,0.0093,0.9536,-0.2642,4.2114,1.0986,-0.1221,unlabeled,Charlotte,small
1785596637.6732156,86080,0.0122,0.9531,-0.2588,4.5776,1.2207,-0.3662,unlabeled,Charlotte,small
1785596638.196434,86252,0.0063,0.9551,-0.2632,4.2725,1.2207,-0.5493,unlabeled,Charlotte,small
1785596638.196446,86302,0.0073,0.957,-0.2642,4.0283,1.4038,-0.1221,unlabeled,Charlotte,small
1785596638.1964512,86352,0.0083,0.9531,-0.2622,4.6997,1.2207,-0.1221,unlabeled,Charlotte,small
1785596638.1964557,86402,0.0054,0.9502,-0.2632,4.5166,1.4648,0.1221,unlabeled,Charlotte,small
1785596638.1964595,86452,0.0093,0.9546,-0.2622,4.4556,1.0986,-0.7324,unlabeled,Charlotte,small
1785596638.1964638,86502,0.0073,0.9512,-0.2607,4.2725,1.0376,-0.2441,unlabeled,Charlotte,small
1785596638.1964676,86552,0.0103,0.9551,-0.2642,4.2114,1.2817,0.0,unlabeled,Charlotte,small
1785596638.1964715,86602,0.0098,0.9497,-0.2666,4.4556,1.1597,0.1221,unlabeled,Charlotte,small
1785596638.1964755,86652,0.0112,0.9565,-0.2627,4.2725,0.9155,-0.2441,unlabeled,Charlotte,small
1785596638.1964793,86702,0.0093,0.9536,-0.2637,4.2725,1.4648,-0.5493,unlabeled,Charlotte,small
1785596638.7170599,86774,0.0073,0.9565,-0.2671,4.6387,1.2817,0.3662,unlabeled,Charlotte,small
1785596638.7170725,86824,0.0039,0.9565,-0.2646,4.1504,1.0986,-0.6714,unlabeled,Charlotte,small
1785596638.7170796,86874,0.0054,0.959,-0.269,4.3335,1.0376,-0.1221,unlabeled,Charlotte,small
1785596638.7170885,86924,0.0112,0.9512,-0.2695,4.2725,1.2207,-0.1221,unlabeled,Charlotte,small
1785596638.7170966,86974,0.0073,0.9561,-0.2651,4.2725,1.2817,-0.4883,unlabeled,Charlotte,small
1785596638.7171013,87024,0.0073,0.9512,-0.2637,4.2114,1.0376,-0.1831,unlabeled,Charlotte,small
1785596638.7171052,87074,0.0098,0.9531,-0.2651,4.3335,1.3428,-0.3662,unlabeled,Charlotte,small
1785596638.717109,87124,0.0044,0.9521,-0.2671,4.3335,1.4648,0.2441,unlabeled,Charlotte,small
1785596638.7171125,87174,0.0078,0.9561,-0.2681,4.2725,1.0986,-0.3662,unlabeled,Charlotte,small
1785596638.7171168,87224,0.0107,0.9531,-0.269,4.3945,1.2207,-0.4272,unlabeled,Charlotte,small
1785596639.3180351,87297,0.0068,0.9521,-0.2686,4.4556,1.5869,-0.2441,unlabeled,Charlotte,small
1785596639.318066,87347,0.0107,0.9575,-0.2695,4.6997,1.2207,-0.4272,unlabeled,Charlotte,small
1785596639.3180735,87397,0.0059,0.9541,-0.2705,4.3945,1.4038,-0.2441,unlabeled,Charlotte,small
1785596639.3180802,87447,0.0073,0.9521,-0.2651,4.2114,1.0376,-0.3662,unlabeled,Charlotte,small
1785596639.3180869,87497,0.0107,0.9526,-0.269,4.0894,0.9766,0.0,unlabeled,Charlotte,small
1785596639.3180947,87547,0.0112,0.9526,-0.2627,4.2114,1.2817,0.2441,unlabeled,Charlotte,small
1785596639.3181002,87597,0.0107,0.9561,-0.2666,4.5166,0.9766,-0.7324,unlabeled,Charlotte,small
1785596639.318104,87647,0.0083,0.9492,-0.2666,4.3335,0.9766,-0.4272,unlabeled,Charlotte,small
1785596639.318108,87697,0.0054,0.959,-0.2632,4.3945,1.3428,-0.7324,unlabeled,Charlotte,small
1785596639.3181124,87747,0.0088,0.9526,-0.2666,4.5166,1.0376,-0.061,unlabeled,Charlotte,small
1785596639.9332466,87899,0.0112,0.957,-0.2651,4.4556,1.0986,-0.1831,unlabeled,Charlotte,small
1785596639.933258,87949,0.0083,0.9512,-0.2593,4.6387,1.1597,-0.1221,unlabeled,Charlotte,small
1785596639.933262,87999,0.0093,0.9531,-0.2656,4.4556,1.1597,-0.1831,unlabeled,Charlotte,small
1785596639.9332654,88049,0.0083,0.9551,-0.2661,4.4556,1.5259,-0.6104,unlabeled,Charlotte,small
1785596639.9332685,88099,0.0083,0.9487,-0.2642,4.4556,1.1597,-0.3052,unlabeled,Charlotte,small
1785596639.9332721,88149,0.0078,0.9556,-0.2666,4.3335,1.1597,0.061,unlabeled,Charlotte,small
1785596639.933275,88199,0.0083,0.9565,-0.2612,4.5776,1.4038,-0.9155,unlabeled,Charlotte,small
1785596639.9332778,88249,0.0078,0.9556,-0.2642,4.4556,0.9766,-0.3052,unlabeled,Charlotte,small
1785596639.9332807,88299,0.0112,0.9561,-0.2622,4.5776,1.4038,-0.1221,unlabeled,Charlotte,small
1785596639.9332838,88349,0.0073,0.9526,-0.2588,4.5776,1.0376,-0.6104,unlabeled,Charlotte,small
1785596640.5510306,88510,0.0112,0.9517,-0.27,4.3335,1.2817,-0.3662,unlabeled,Charlotte,small
1785596640.5510428,88560,0.0103,0.9561,-0.2578,4.3945,1.2817,-0.6714,unlabeled,Charlotte,small
1785596640.5510485,88610,0.0068,0.9507,-0.2656,4.5776,1.0986,-0.5493,unlabeled,Charlotte,small
1785596640.5510528,88660,0.0107,0.9556,-0.27,4.5166,1.1597,-0.3662,unlabeled,Charlotte,small
1785596640.5510569,88710,0.0044,0.9536,-0.2632,4.6387,1.0986,0.1831,unlabeled,Charlotte,small
1785596640.551061,88760,0.0083,0.9512,-0.2612,4.5166,1.5259,-0.1831,unlabeled,Charlotte,small
1785596640.5510645,88810,0.0073,0.9575,-0.269,4.2114,1.2817,0.061,unlabeled,Charlotte,small
1785596640.5510683,88860,0.0078,0.9565,-0.2627,4.5166,1.2817,-0.4883,unlabeled,Charlotte,small
1785596640.551072,88910,0.0103,0.9561,-0.2578,4.4556,1.1597,0.1221,unlabeled,Charlotte,small
1785596640.551076,88960,0.0107,0.9575,-0.2622,4.3945,1.0376,-0.1221,unlabeled,Charlotte,small
1785596641.065055,89125,0.0073,0.9517,-0.2593,4.3945,1.0986,-0.2441,unlabeled,Charlotte,small
1785596641.0650656,89175,0.0103,0.9561,-0.2637,4.3945,1.2817,-0.061,unlabeled,Charlotte,small
1785596641.0650702,89225,0.0122,0.9551,-0.2617,4.5166,1.0986,-0.6104,unlabeled,Charlotte,small
1785596641.065074,89275,0.0112,0.9502,-0.2686,4.3945,1.0986,-0.1221,unlabeled,Charlotte,small
1785596641.065077,89325,0.0127,0.957,-0.2695,4.3335,1.4038,0.1221,unlabeled,Charlotte,small
1785596641.0650804,89375,0.0068,0.9531,-0.2671,4.2725,1.0376,-0.2441,unlabeled,Charlotte,small
1785596641.0650835,89425,0.0098,0.9541,-0.27,4.5776,1.3428,0.061,unlabeled,Charlotte,small
1785596641.0650861,89475,0.0117,0.9536,-0.2656,4.2114,1.2817,0.1221,unlabeled,Charlotte,small
1785596641.0650892,89525,0.0117,0.9526,-0.2627,4.3335,1.2207,0.3662,unlabeled,Charlotte,small
1785596641.065092,89575,0.0098,0.9531,-0.2671,4.6997,1.1597,-0.7324,unlabeled,Charlotte,small
1785596641.9375284,89639,0.0122,0.9536,-0.2627,4.3335,1.1597,-0.3662,unlabeled,Charlotte,small
1785596641.9375405,89689,0.0127,0.9536,-0.2598,4.0894,1.2207,-0.4883,unlabeled,Charlotte,small
1785596641.937546,89739,0.0107,0.9526,-0.2612,4.2114,1.3428,-0.1831,unlabeled,Charlotte,small
1785596641.9375503,89789,0.0103,0.9482,-0.2676,4.2725,1.1597,-0.3662,unlabeled,Charlotte,small
1785596641.9375541,89839,0.0132,0.9546,-0.2642,4.2725,1.2817,0.0,unlabeled,Charlotte,small
1785596641.9375584,89889,0.0039,0.9551,-0.2646,4.5166,0.8545,-0.4272,unlabeled,Charlotte,small
1785596641.9375627,89939,0.0132,0.959,-0.2637,4.5166,1.4038,0.3662,unlabeled,Charlotte,small
1785596641.9375663,89989,0.0112,0.957,-0.2681,4.4556,1.5259,0.1831,unlabeled,Charlotte,small
1785596641.9375699,90039,0.0083,0.9492,-0.2642,4.4556,1.0376,-0.3662,unlabeled,Charlotte,small
1785596641.9375737,90089,0.0093,0.9551,-0.2651,4.4556,1.2817,-0.061,unlabeled,Charlotte,small
1785596642.5530593,90511,0.0054,0.9546,-0.2676,4.5166,1.4038,0.061,unlabeled,Charlotte,small
1785596642.5530698,90561,0.0098,0.9575,-0.2588,4.4556,0.9155,-0.1831,unlabeled,Charlotte,small
1785596642.553074,90611,0.0112,0.9531,-0.2632,4.4556,1.4038,-0.6714,unlabeled,Charlotte,small
1785596642.5530772,90661,0.0063,0.9531,-0.2637,4.3945,1.3428,-0.3052,unlabeled,Charlotte,small
1785596642.5530806,90711,0.0107,0.9546,-0.2695,4.3335,1.0986,0.061,unlabeled,Charlotte,small
1785596642.5530837,90761,0.0117,0.9585,-0.2627,4.3945,1.2207,-0.3662,unlabeled,Charlotte,small
1785596642.5530868,90811,0.0112,0.9561,-0.2661,4.2114,1.1597,-0.1831,unlabeled,Charlotte,small
1785596642.5530896,90861,0.0132,0.9531,-0.2651,4.4556,1.1597,0.1221,unlabeled,Charlotte,small
1785596642.5530922,90911,0.0117,0.9561,-0.27,4.3335,1.0986,-0.2441,unlabeled,Charlotte,small
1785596642.5530953,90961,0.0083,0.9556,-0.2622,4.2725,1.2207,0.061,unlabeled,Charlotte,small
1785596643.166903,91133,0.0093,0.9526,-0.2725,4.5166,1.4038,-0.1221,unlabeled,Charlotte,small
1785596643.166917,91183,0.0112,0.9531,-0.2637,4.2725,0.9766,0.0,unlabeled,Charlotte,small
1785596643.166922,91233,0.0098,0.9531,-0.2686,4.4556,1.2817,-0.1221,unlabeled,Charlotte,small
1785596643.1669261,91283,0.0127,0.9575,-0.2681,4.3335,1.2207,0.0,unlabeled,Charlotte,small
1785596643.16693,91333,0.0103,0.9556,-0.2686,4.3945,1.1597,-0.2441,unlabeled,Charlotte,small
1785596643.166934,91383,0.0112,0.9565,-0.2651,4.7607,1.2817,-0.4272,unlabeled,Charlotte,small
1785596643.1669376,91433,0.0122,0.9521,-0.2622,4.2725,1.2207,-0.1221,unlabeled,Charlotte,small
1785596643.1669412,91483,0.0117,0.9546,-0.2612,4.5776,1.0986,0.0,unlabeled,Charlotte,small
1785596643.1669447,91533,0.0103,0.9521,-0.2593,4.4556,1.2207,-0.1831,unlabeled,Charlotte,small
1785596643.1669486,91583,0.0098,0.9517,-0.2661,4.6387,1.1597,-0.1831,unlabeled,Charlotte,small
1785596643.6837492,91746,0.0132,0.9556,-0.2681,4.2114,1.0986,-0.1831,unlabeled,Charlotte,small
1785596643.6837597,91796,0.0107,0.9443,-0.2686,4.5776,1.4648,-0.5493,unlabeled,Charlotte,small
1785596643.6837637,91846,0.0073,0.9526,-0.2627,4.2114,0.8545,0.061,unlabeled,Charlotte,small
1785596643.6837673,91896,0.0112,0.9487,-0.2676,4.3945,1.3428,0.2441,unlabeled,Charlotte,small
1785596643.6837707,91946,0.0107,0.9531,-0.2666,4.4556,1.1597,-0.1221,unlabeled,Charlotte,small
1785596643.6837738,91996,0.0142,0.9468,-0.2773,4.8828,1.4648,-0.1221,unlabeled,Charlotte,small
1785596643.6837769,92046,0.0093,0.9551,-0.2632,4.4556,0.9155,-0.4272,unlabeled,Charlotte,small
1785596643.68378,92096,0.0098,0.9556,-0.2607,4.5776,1.2817,-0.1831,unlabeled,Charlotte,small
1785596643.6837826,92146,0.0122,0.9541,-0.2661,4.2725,1.4038,0.0,unlabeled,Charlotte,small
1785596643.683786,92196,0.0107,0.957,-0.2617,4.3945,1.2207,-0.1221,unlabeled,Charlotte,small
1785596644.197515,92258,0.0112,0.9561,-0.2612,4.3335,1.3428,-0.1221,unlabeled,Charlotte,small
1785596644.197529,92308,0.0073,1.019,-0.2563,2.6245,0.6104,0.1221,unlabeled,Charlotte,small
1785596644.1975343,92358,0.0073,0.9517,-0.2686,4.2725,1.1597,-0.6714,unlabeled,Charlotte,small
1785596644.1975384,92408,0.0156,0.9487,-0.2617,4.5166,1.3428,0.3662,unlabeled,Charlotte,small
1785596644.1975424,92458,0.0093,0.9531,-0.2661,4.2114,1.4038,-0.5493,unlabeled,Charlotte,small
1785596644.197547,92508,0.0098,0.9565,-0.2632,4.2725,1.2207,0.0,unlabeled,Charlotte,small
1785596644.1975505,92558,0.0132,0.9512,-0.2637,4.5776,1.1597,0.061,unlabeled,Charlotte,small
1785596644.1975543,92608,0.0103,0.9517,-0.2627,4.6997,1.0986,-0.3662,unlabeled,Charlotte,small
1785596644.1975582,92658,0.0068,0.9561,-0.2622,3.9673,1.1597,-0.1831,unlabeled,Charlotte,small
1785596644.1975622,92708,0.0151,0.9531,-0.27,4.4556,1.5259,-0.2441,unlabeled,Charlotte,small
1785596644.9120798,92780,0.0112,0.9546,-0.2593,4.1504,1.1597,-0.4272,unlabeled,Charlotte,small
1785596644.912093,92830,0.0146,0.9482,-0.2612,4.4556,1.1597,-0.2441,unlabeled,Charlotte,small
1785596644.9121008,92880,0.0137,0.9512,-0.2646,4.3945,1.1597,-0.3662,unlabeled,Charlotte,small
1785596644.9121075,92930,0.0122,0.9551,-0.2627,4.3335,0.8545,-0.1831,unlabeled,Charlotte,small
1785596644.9121141,92980,0.0093,0.959,-0.2632,4.2114,1.2207,0.061,unlabeled,Charlotte,small
1785596644.912121,93030,0.0107,0.9541,-0.2671,4.2725,1.2817,0.1831,unlabeled,Charlotte,small
1785596644.9121282,93080,0.0078,0.9561,-0.2612,4.5776,1.2817,-0.061,unlabeled,Charlotte,small
1785596644.9121354,93130,0.0098,0.9556,-0.2646,4.4556,1.2207,-0.4883,unlabeled,Charlotte,small
1785596644.912144,93180,0.0122,0.9561,-0.2686,4.2725,1.4038,-0.1221,unlabeled,Charlotte,small
1785596644.912152,93230,0.0117,0.9517,-0.2642,4.2114,1.2207,-0.1221,unlabeled,Charlotte,small
1785596645.430447,93492,0.0073,0.9536,-0.2666,4.4556,1.3428,-0.3052,unlabeled,Charlotte,small
1785596645.4304616,93542,0.0161,0.9531,-0.2617,3.7842,1.5259,1.5259,unlabeled,Charlotte,small
1785596645.4304686,93592,0.0093,0.9678,-0.271,4.1504,0.9155,-0.6714,unlabeled,Charlotte,small
1785596645.4304745,93642,0.0093,0.9502,-0.269,4.8828,1.2817,-0.7935,unlabeled,Charlotte,small
1785596645.4304802,93692,0.022,0.957,-0.2529,3.479,0.9155,2.6855,unlabeled,Charlotte,small
1785596645.4304855,93742,0.021,0.9043,-0.2769,7.0801,2.5024,0.6104,unlabeled,Charlotte,small
1785596645.4304912,93792,0.0327,0.9458,-0.2617,3.479,2.7466,4.3945,unlabeled,Charlotte,small
1785596645.4304965,93842,0.0835,0.9604,-0.438,-46.6919,-33.1421,-26.4282,unlabeled,Charlotte,small
1785596645.4305022,93892,-0.0439,0.7471,-0.2578,9.0942,-0.9766,-15.1367,unlabeled,Charlotte,small
1785596645.4305077,93942,-0.0576,1.1479,-0.4072,2.7466,-6.5918,-26.9165,unlabeled,Charlotte,small
1785596646.138216,94004,0.0645,0.9185,-0.314,2.2583,-7.8125,-13.4888,unlabeled,Charlotte,small
1785596646.138231,94054,0.0728,0.9678,-0.248,9.3384,3.418,2.6855,unlabeled,Charlotte,small
1785596646.1382372,94104,0.0703,0.9331,-0.2349,3.54,0.3052,2.9297,unlabeled,Charlotte,small
1785596646.138243,94154,0.0625,0.96,-0.2891,7.4463,-3.3569,-11.9629,unlabeled,Charlotte,small
1785596646.1382492,94204,0.1948,0.8008,-0.2231,11.0474,-1.4648,-9.5215,unlabeled,Charlotte,small
1785596646.1382554,94254,0.2339,1.105,-0.2725,11.9629,1.3428,-10.3149,unlabeled,Charlotte,small
1785596646.138261,94304,0.2305,1.0264,-0.2319,30.7617,7.6294,-12.6953,unlabeled,Charlotte,small
1785596646.1382663,94354,0.1685,0.9429,-0.2314,32.6538,8.4839,-1.5869,unlabeled,Charlotte,small
1785596646.1382716,94404,0.144,0.9609,-0.1772,9.7046,3.3569,-3.3569,unlabeled,Charlotte,small
1785596646.138277,94454,0.1484,0.9565,-0.1929,-3.479,-0.6714,-1.709,unlabeled,Charlotte,small
1785596646.658813,94716,0.1504,0.9634,-0.2246,-15.0146,-3.479,-0.7324,unlabeled,Charlotte,small
1785596646.6588275,94766,0.1528,0.9512,-0.2637,-15.3809,-2.6855,-2.1362,unlabeled,Charlotte,small
1785596646.658834,94816,0.1582,0.9326,-0.2671,-9.5825,1.5869,-0.4272,unlabeled,Charlotte,small
1785596646.6588402,94866,0.1846,0.9219,-0.3521,11.0474,5.127,2.3193,unlabeled,Charlotte,small
1785596646.6588457,94916,0.1592,0.9326,-0.272,1.5869,2.3804,-1.3428,unlabeled,Charlotte,small
1785596646.6588516,94966,0.1572,0.9453,-0.2646,5.188,2.6245,0.5493,unlabeled,Charlotte,small
1785596646.6588569,95016,0.1499,0.9409,-0.272,-10.6812,1.2817,0.7324,unlabeled,Charlotte,small
1785596646.6588624,95066,0.1602,0.9419,-0.2983,-12.2681,1.5259,-2.6245,unlabeled,Charlotte,small
1785596646.6588676,95116,0.1528,0.9351,-0.3022,0.6714,2.6245,-2.6855,unlabeled,Charlotte,small
1785596646.658873,95166,0.1548,0.9341,-0.3057,10.498,3.7842,-0.9155,unlabeled,Charlotte,small
1785596647.1811073,95238,0.1484,0.936,-0.2852,7.3242,1.6479,-0.3052,unlabeled,Charlotte,small
1785596647.1811216,95288,0.1396,0.9355,-0.2925,2.3193,-0.6104,-2.1973,unlabeled,Charlotte,small
1785596647.1811285,95338,0.1553,0.936,-0.2964,9.2163,2.4414,1.5259,unlabeled,Charlotte,small
1785596647.181134,95388,0.1504,0.9399,-0.2842,23.1323,6.8359,2.7466,unlabeled,Charlotte,small
1785596647.1811397,95438,0.1431,0.9395,-0.2559,20.5078,3.2959,1.6479,unlabeled,Charlotte,small
1785596647.1811457,95488,0.1431,0.9512,-0.2534,9.0942,1.8921,-1.2207,unlabeled,Charlotte,small
1785596647.1811512,95538,0.1543,0.9502,-0.2515,4.7607,2.5635,-2.0752,unlabeled,Charlotte,small
1785596647.1811566,95588,0.1514,0.9424,-0.2388,6.5308,2.7466,-1.4038,unlabeled,Charlotte,small
1785596647.1811624,95638,0.1528,0.9434,-0.2456,10.5591,5.3101,0.2441,unlabeled,Charlotte,small
1785596647.1811678,95688,0.1494,0.9434,-0.2441,11.0474,4.0283,0.2441,unlabeled,Charlotte,small
1785596647.6937973,95759,0.1533,0.9556,-0.2344,5.4321,1.709,-0.2441,unlabeled,Charlotte,small
1785596647.6938145,95809,0.1548,0.9517,-0.2383,4.2725,2.0142,-0.1831,unlabeled,Charlotte,small
1785596647.6938226,95859,0.1519,0.9458,-0.23,3.7842,0.7324,-0.061,unlabeled,Charlotte,small
1785596647.6938303,95909,0.1519,0.9595,-0.2471,8.2397,1.9531,0.1221,unlabeled,Charlotte,small
1785596647.6938376,95959,0.1494,0.9512,-0.2305,6.7139,2.0142,0.5493,unlabeled,Charlotte,small
1785596647.6938448,96009,0.1465,0.9507,-0.2358,3.1738,2.3193,-0.4272,unlabeled,Charlotte,small
1785596647.6938515,96059,0.1484,0.9453,-0.2393,3.6011,1.77,-0.7935,unlabeled,Charlotte,small
1785596647.6938584,96109,0.1489,0.9531,-0.2271,1.1597,3.1738,-0.2441,unlabeled,Charlotte,small
1785596647.6938655,96159,0.1558,0.9551,-0.2437,-2.1973,1.0376,-0.2441,unlabeled,Charlotte,small
1785596647.6938722,96209,0.1479,0.9531,-0.2495,-0.1221,2.9907,0.1221,unlabeled,Charlotte,small
1785596648.3928256,96271,0.1406,0.9478,-0.2422,2.7466,2.3804,-0.4272,unlabeled,Charlotte,small
1785596648.3928394,96321,0.1387,0.9351,-0.2378,3.418,0.4883,-0.9766,unlabeled,Charlotte,small
1785596648.3928459,96371,0.147,0.9438,-0.2563,-0.1221,0.3662,0.061,unlabeled,Charlotte,small
1785596648.3928518,96421,0.1533,0.9448,-0.2544,-0.7324,0.9155,0.1831,unlabeled,Charlotte,small
1785596648.392857,96471,0.1533,0.9399,-0.2554,-0.6714,0.9766,0.9155,unlabeled,Charlotte,small
1785596648.392863,96521,0.1436,0.9438,-0.2651,0.7324,1.0376,0.3052,unlabeled,Charlotte,small
1785596648.3928685,96571,0.1489,0.939,-0.269,0.9155,1.6479,0.5493,unlabeled,Charlotte,small
1785596648.392874,96621,0.1445,0.9326,-0.272,0.8545,2.9297,0.2441,unlabeled,Charlotte,small
1785596648.3928797,96671,0.1445,0.939,-0.2598,-7.8125,6.1035,0.1831,unlabeled,Charlotte,small
1785596648.3928852,96721,0.1553,0.9297,-0.3042,-11.9019,0.8545,-1.8311,unlabeled,Charlotte,small
1785596649.0084772,96973,0.1543,0.9307,-0.2832,0.4272,0.3662,1.5869,unlabeled,Charlotte,small
1785596649.0084882,97023,0.1504,0.9175,-0.2915,-1.2817,-0.061,1.2817,unlabeled,Charlotte,small
1785596649.0084922,97073,0.1548,0.9297,-0.2944,-0.061,-1.2207,0.7935,unlabeled,Charlotte,small
1785596649.0084956,97123,0.1528,0.9277,-0.3047,0.9766,1.709,0.5493,unlabeled,Charlotte,small
1785596649.0084987,97173,0.1685,0.9224,-0.3203,6.5308,2.7466,0.6714,unlabeled,Charlotte,small
1785596649.008502,97223,0.1304,0.9365,-0.3071,3.54,3.6621,-2.5024,unlabeled,Charlotte,small
1785596649.0085053,97273,0.1616,0.9199,-0.3018,1.8921,1.1597,-0.4272,unlabeled,Charlotte,small
1785596649.0085084,97323,0.1465,0.9316,-0.3213,3.0518,0.6714,0.061,unlabeled,Charlotte,small
1785596649.0085113,97373,0.1494,0.9292,-0.3115,4.6387,0.6714,0.0,unlabeled,Charlotte,small
1785596649.0085144,97423,0.1489,0.9277,-0.3081,4.0894,1.2817,0.7324,unlabeled,Charlotte,small
1785596649.5293462,97588,0.1494,0.9307,-0.3101,5.0049,1.8921,0.0,unlabeled,Charlotte,small
1785596649.529387,97638,0.1489,0.9238,-0.3013,3.1738,2.1362,0.1221,unlabeled,Charlotte,small
1785596649.529394,97688,0.1514,0.9351,-0.3164,3.479,2.1362,-0.061,unlabeled,Charlotte,small
1785596649.5294003,97738,0.1509,0.9302,-0.3071,4.7607,1.2817,0.4272,unlabeled,Charlotte,small
1785596649.5294056,97788,0.1479,0.9292,-0.3081,4.3335,1.3428,0.0,unlabeled,Charlotte,small
1785596649.529411,97838,0.1499,0.9272,-0.3081,3.54,1.0986,-0.4883,unlabeled,Charlotte,small
1785596649.5294168,97888,0.1475,0.9243,-0.3145,3.9673,1.4038,0.061,unlabeled,Charlotte,small
1785596649.529422,97938,0.1431,0.9307,-0.3164,3.3569,1.4038,0.061,unlabeled,Charlotte,small
1785596649.5294273,97988,0.1396,0.9316,-0.3145,3.1128,1.4038,-0.3662,unlabeled,Charlotte,small
1785596649.5294325,98038,0.1504,0.9375,-0.3169,3.54,1.5869,-0.1831,unlabeled,Charlotte,small
1785596650.2338896,98110,0.146,0.9292,-0.3149,3.6621,1.2207,-0.8545,unlabeled,Charlotte,small
1785596650.2339003,98160,0.145,0.9307,-0.3125,3.9062,0.9766,-0.7324,unlabeled,Charlotte,small
1785596650.2339048,98210,0.2705,0.8452,-0.5054,35.8276,15.0757,18.6768,unlabeled,Charlotte,small
1785596650.2339084,98260,0.1421,0.9238,-0.3042,4.0894,1.0986,-0.3052,unlabeled,Charlotte,small
1785596650.233912,98310,0.1611,0.9136,-0.3428,9.3994,4.0283,3.7231,unlabeled,Charlotte,small
1785596650.2339153,98360,0.1445,0.9331,-0.3022,4.1504,1.2817,-0.3052,unlabeled,Charlotte,small
1785596650.2339184,98410,0.1396,0.9336,-0.3135,3.54,1.2817,-0.5493,unlabeled,Charlotte,small
1785596650.2339213,98460,0.1426,0.9302,-0.3037,3.9062,0.8545,-0.1831,unlabeled,Charlotte,small
1785596650.2339244,98510,0.1431,0.9272,-0.3101,4.3945,0.8545,-0.1831,unlabeled,Charlotte,small
1785596650.2339275,98560,0.144,0.9258,-0.3154,5.4932,0.6104,1.0986,unlabeled,Charlotte,small
1785596650.746548,98812,0.1475,0.9077,-0.3242,4.6387,5.6152,2.3804,unlabeled,Charlotte,small
1785596650.74656,98862,0.1328,0.9561,-0.3203,6.8359,2.1973,0.2441,unlabeled,Charlotte,small
1785596650.746565,98912,0.146,0.9009,-0.3105,0.7935,-1.709,-1.0986,unlabeled,Charlotte,small
1785596650.7465696,98962,0.1401,0.9341,-0.3096,4.0894,1.1597,0.0,unlabeled,Charlotte,small
1785596650.7465744,99012,0.1357,0.9292,-0.3057,4.2725,1.1597,-0.4272,unlabeled,Charlotte,small
1785596650.7465787,99062,0.1333,0.9346,-0.3081,5.4321,1.0986,-0.061,unlabeled,Charlotte,small
1785596650.7465825,99112,0.1362,0.9307,-0.3066,5.7373,0.7935,-0.061,unlabeled,Charlotte,small
1785596650.7465863,99162,0.1338,0.9331,-0.3018,5.5542,0.9155,-0.061,unlabeled,Charlotte,small
1785596650.7465897,99212,0.1377,0.9341,-0.3052,4.9438,1.2207,-0.3052,unlabeled,Charlotte,small
1785596650.7465935,99262,0.1353,0.9341,-0.2979,4.9438,1.1597,0.1831,unlabeled,Charlotte,small
1785596651.4629388,99324,0.1372,0.9336,-0.3013,4.6387,1.4648,-0.061,unlabeled,Charlotte,small
1785596651.4629512,99374,0.1382,0.9297,-0.3042,4.5776,1.5869,0.3662,unlabeled,Charlotte,small
1785596651.4629562,99424,0.1343,0.9346,-0.2979,4.2114,1.4038,-0.1221,unlabeled,Charlotte,small
1785596651.4629607,99474,0.1367,0.9287,-0.3047,3.9673,1.3428,-0.4272,unlabeled,Charlotte,small
1785596651.4629645,99524,0.1318,0.9326,-0.3042,4.4556,1.3428,-0.3662,unlabeled,Charlotte,small
1785596651.4629683,99574,0.1367,0.9395,-0.2998,4.8828,1.4038,-0.6104,unlabeled,Charlotte,small
1785596651.462972,99624,0.1445,0.9399,-0.3096,5.0049,1.0986,0.1831,unlabeled,Charlotte,small
1785596651.462976,99674,0.1313,0.9321,-0.3018,4.3945,0.9155,-0.3052,unlabeled,Charlotte,small
1785596651.4629796,99724,0.1392,0.9331,-0.3018,4.5776,1.4038,0.4272,unlabeled,Charlotte,small
1785596651.4629834,99774,0.1343,0.9346,-0.3062,4.3335,1.0986,0.1221,unlabeled,Charlotte,small
1785596651.9799209,100036,0.1367,0.9404,-0.3057,4.6997,1.2817,-0.3662,unlabeled,Charlotte,small
1785596651.9799342,100086,0.1372,0.9336,-0.3071,4.3335,0.9766,0.061,unlabeled,Charlotte,small
1785596651.9799385,100136,0.1362,0.9326,-0.3042,4.4556,1.2817,0.0,unlabeled,Charlotte,small
1785596651.9799423,100186,0.1387,0.9331,-0.3076,4.6387,1.2817,-0.3052,unlabeled,Charlotte,small
1785596651.9799457,100236,0.1377,0.9321,-0.3003,4.2114,1.2207,-0.3052,unlabeled,Charlotte,small
1785596651.979949,100286,0.1377,0.9331,-0.3022,4.6387,1.1597,-0.2441,unlabeled,Charlotte,small
1785596651.979952,100336,0.1348,0.9351,-0.3066,4.4556,0.9155,-0.2441,unlabeled,Charlotte,small
1785596651.9799552,100386,0.1357,0.9351,-0.3047,4.0894,1.2817,-0.4272,unlabeled,Charlotte,small
1785596651.979958,100436,0.1353,0.9341,-0.3013,3.6621,1.1597,-0.061,unlabeled,Charlotte,small
1785596651.979961,100486,0.1406,0.9316,-0.3057,4.2114,1.0376,-0.1221,unlabeled,Charlotte,small
1785596652.5023813,100560,0.1318,0.9365,-0.2998,4.5776,1.2817,-0.3052,unlabeled,Charlotte,small
1785596652.5023935,100610,0.1382,0.9316,-0.2993,4.5776,1.2817,-0.3052,unlabeled,Charlotte,small
1785596652.5023987,100660,0.1387,0.9375,-0.2998,4.5166,1.4038,-0.061,unlabeled,Charlotte,small
1785596652.502403,100710,0.1318,0.9355,-0.3003,4.0894,1.0376,-0.6714,unlabeled,Charlotte,small
1785596652.5024073,100760,0.1377,0.9346,-0.3042,3.8452,0.9766,-0.3052,unlabeled,Charlotte,small
1785596652.5024116,100810,0.1387,0.9336,-0.3047,4.3335,0.6714,-0.1221,unlabeled,Charlotte,small
1785596652.5024154,100860,0.1372,0.9346,-0.3032,4.0894,1.1597,-0.6714,unlabeled,Charlotte,small
1785596652.502419,100910,0.1411,0.9307,-0.3062,4.5776,1.1597,-0.1831,unlabeled,Charlotte,small
1785596652.5024226,100960,0.1396,0.9331,-0.3047,3.7231,0.6104,-0.1831,unlabeled,Charlotte,small
1785596652.5024264,101010,0.1377,0.9297,-0.3076,4.3945,1.4038,-0.061,unlabeled,Charlotte,small
1785596653.0300717,101082,0.1338,0.939,-0.3071,7.5073,1.6479,0.8545,unlabeled,Charlotte,small
1785596653.0300822,101132,0.1323,0.9341,-0.3042,4.9438,1.77,0.4272,unlabeled,Charlotte,small
1785596653.0300865,101182,0.1367,0.9316,-0.2993,4.6387,1.3428,-0.3052,unlabeled,Charlotte,small
1785596653.03009,101232,0.1353,0.9258,-0.2905,5.249,2.3804,-0.2441,unlabeled,Charlotte,small
1785596653.030093,101282,0.1353,0.9453,-0.3091,3.8452,1.4648,-0.3052,unlabeled,Charlotte,small
1785596653.0300963,101332,0.1377,0.937,-0.2979,2.6855,1.4648,0.1221,unlabeled,Charlotte,small
1785596653.0300994,101382,0.1455,0.936,-0.3047,4.8218,1.8311,0.7324,unlabeled,Charlotte,small
1785596653.0301023,101432,0.1343,0.9341,-0.3052,4.6997,0.7324,-0.6714,unlabeled,Charlotte,small
1785596653.030105,101482,0.1382,0.9399,-0.2969,3.6011,1.0376,-0.2441,unlabeled,Charlotte,small
1785596653.0301085,101532,0.1313,0.9282,-0.3042,3.7231,1.1597,0.061,unlabeled,Charlotte,small
1785596653.8273342,101884,0.1338,0.9282,-0.3003,5.0049,1.4648,0.1221,unlabeled,Charlotte,small
1785596653.8273478,101934,0.1372,0.9351,-0.3062,4.5166,1.4038,-0.1221,unlabeled,Charlotte,small
1785596653.827353,101984,0.1372,0.9292,-0.3022,4.0283,1.2817,-0.7935,unlabeled,Charlotte,small
1785596653.8273578,102034,0.1372,0.9341,-0.3027,4.2114,1.3428,-0.1831,unlabeled,Charlotte,small
1785596653.8273618,102084,0.1377,0.9302,-0.2983,4.6997,1.2207,-0.061,unlabeled,Charlotte,small
1785596653.827366,102134,0.1343,0.9336,-0.3013,4.3945,1.2817,0.1221,unlabeled,Charlotte,small
1785596653.82737,102184,0.1338,0.9351,-0.3057,4.8218,1.2207,0.1221,unlabeled,Charlotte,small
1785596653.8273737,102234,0.1377,0.9316,-0.3008,4.2725,1.2207,-0.5493,unlabeled,Charlotte,small
1785596653.8273773,102284,0.1343,0.9331,-0.3018,4.6997,1.1597,-0.4272,unlabeled,Charlotte,small
1785596653.8273811,102334,0.1392,0.9307,-0.3032,4.4556,1.2207,-0.2441,unlabeled,Charlotte,small
1785596654.4304075,102406,0.1377,0.9385,-0.3003,4.0283,0.9766,-0.3662,unlabeled,Charlotte,small
1785596654.4304187,102456,0.1353,0.9316,-0.3057,3.9062,1.1597,-0.6104,unlabeled,Charlotte,small
1785596654.4304228,102506,0.1357,0.9312,-0.3032,3.9673,1.0376,-0.061,unlabeled,Charlotte,small
1785596654.4304264,102556,0.1377,0.9341,-0.3008,4.2725,0.9766,-0.5493,unlabeled,Charlotte,small
1785596654.4304295,102606,0.1387,0.9365,-0.3027,3.8452,1.1597,-0.3052,unlabeled,Charlotte,small
1785596654.4304328,102656,0.1377,0.9341,-0.3052,4.3945,1.2207,-0.1831,unlabeled,Charlotte,small
1785596654.4304357,102706,0.1382,0.936,-0.3018,4.2725,1.2817,-0.061,unlabeled,Charlotte,small
1785596654.4304388,102756,0.1362,0.9331,-0.3052,4.2725,1.0376,-0.4272,unlabeled,Charlotte,small
1785596654.4304414,102806,0.1416,0.9355,-0.3032,4.3335,1.0376,-0.3052,unlabeled,Charlotte,small
1785596654.4304442,102856,0.1377,0.9312,-0.3003,3.9673,1.1597,-0.1221,unlabeled,Charlotte,small
1785596655.046267,103008,0.1353,0.9336,-0.3076,4.2725,1.0376,-0.6104,unlabeled,Charlotte,small
1785596655.0462775,103058,0.1362,0.9297,-0.3037,4.2725,1.4038,0.0,unlabeled,Charlotte,small
1785596655.046282,103108,0.1421,0.937,-0.3101,4.3335,1.2817,-0.4883,unlabeled,Charlotte,small
1785596655.0462859,103158,0.1367,0.9312,-0.3003,4.3945,1.4038,-0.2441,unlabeled,Charlotte,small
1785596655.0462892,103208,0.1362,0.937,-0.3086,4.8828,1.0986,-0.4272,unlabeled,Charlotte,small
1785596655.0462925,103258,0.1382,0.9307,-0.3057,4.6997,1.3428,-0.9766,unlabeled,Charlotte,small
1785596655.046296,103308,0.1367,0.9346,-0.3115,4.5166,1.3428,0.1221,unlabeled,Charlotte,small
1785596655.046299,103358,0.1343,0.9336,-0.3037,4.2725,1.3428,-0.1831,unlabeled,Charlotte,small
1785596655.0463016,103408,0.1382,0.9351,-0.3076,4.5776,1.4648,0.2441,unlabeled,Charlotte,small
1785596655.0463045,103458,0.1372,0.9268,-0.3003,4.6997,0.9155,0.0,unlabeled,Charlotte,small
1785596655.5681994,103620,0.1372,0.9302,-0.3057,4.5166,1.4038,-0.061,unlabeled,Charlotte,small
1785596655.56821,103670,0.1343,0.9287,-0.3032,4.5166,1.2207,-0.061,unlabeled,Charlotte,small
1785596655.5682137,103720,0.1362,0.9321,-0.3042,4.1504,1.3428,-0.2441,unlabeled,Charlotte,small
1785596655.5682173,103770,0.1401,0.9277,-0.311,4.2725,1.1597,-0.4883,unlabeled,Charlotte,small
1785596655.5682204,103820,0.1357,0.9312,-0.3052,4.3945,1.5259,-0.1221,unlabeled,Charlotte,small
1785596655.5682237,103870,0.1392,0.9365,-0.3037,4.2725,1.1597,-0.2441,unlabeled,Charlotte,small
1785596655.5682266,103920,0.1387,0.9331,-0.3105,4.3945,1.2207,-0.1831,unlabeled,Charlotte,small
1785596655.5682297,103970,0.1367,0.9287,-0.3008,4.3945,1.2207,0.061,unlabeled,Charlotte,small
1785596655.5682325,104020,0.1348,0.9312,-0.3052,4.2725,1.0986,-0.1221,unlabeled,Charlotte,small
1785596655.5682356,104070,0.1392,0.9375,-0.3022,4.9438,1.2817,0.0,unlabeled,Charlotte,small
1785596656.175152,104144,0.1367,0.9312,-0.2993,3.9062,1.5869,0.1831,unlabeled,Charlotte,small
1785596656.1751661,104194,0.1333,0.9302,-0.3062,4.3945,1.3428,-0.4272,unlabeled,Charlotte,small
1785596656.1751723,104244,0.1362,0.9326,-0.3081,4.3945,1.3428,-0.061,unlabeled,Charlotte,small
1785596656.1751778,104294,0.1353,0.936,-0.3027,4.5166,1.1597,-0.3662,unlabeled,Charlotte,small
1785596656.1751828,104344,0.1387,0.9331,-0.3013,4.2725,1.1597,-0.1831,unlabeled,Charlotte,small
1785596656.1751885,104394,0.1357,0.9312,-0.3037,4.0894,1.2817,0.0,unlabeled,Charlotte,small
1785596656.1751935,104444,0.1396,0.9316,-0.2944,5.0049,1.3428,0.061,unlabeled,Charlotte,small
1785596656.1751988,104494,0.1382,0.9287,-0.2959,3.6621,0.1831,1.0376,unlabeled,Charlotte,small
1785596656.1752038,104544,0.1807,0.9404,-0.3115,-1.9531,-6.6528,1.5869,unlabeled,Charlotte,small
1785596656.1752093,104594,0.0889,0.9263,-0.2085,-14.9536,-7.2632,11.9019,unlabeled,Charlotte,small
1785596656.6890173,104751,0.1274,0.9263,-0.3325,5.7373,2.6855,-1.3428,unlabeled,Charlotte,small
1785596656.6890283,104801,0.1338,0.9258,-0.3335,4.6387,3.6621,-1.0376,unlabeled,Charlotte,small
1785596656.6890328,104851,0.1157,0.9243,-0.3267,8.606,8.3008,-0.8545,unlabeled,Charlotte,small
1785596656.6890364,104901,0.1387,0.9434,-0.3364,3.9673,2.1362,-0.1221,unlabeled,Charlotte,small
1785596656.6890395,104951,0.1226,0.9268,-0.3296,4.6387,2.6245,0.1221,unlabeled,Charlotte,small
1785596656.6890428,105001,0.1226,0.9316,-0.3276,6.1035,4.1504,-0.4272,unlabeled,Charlotte,small
1785596656.6890457,105051,0.1226,0.9312,-0.3228,4.0894,1.4648,0.061,unlabeled,Charlotte,small
1785596656.6890485,105101,0.123,0.9268,-0.3296,4.3335,1.77,-0.4883,unlabeled,Charlotte,small
1785596656.6890516,105151,0.1216,0.9263,-0.3301,4.5776,1.6479,-0.2441,unlabeled,Charlotte,small
1785596656.6890547,105201,0.127,0.9287,-0.3276,4.4556,1.2207,-0.8545,unlabeled,Charlotte,small
1785596657.3072946,105264,0.1221,0.9331,-0.3291,4.6997,1.4648,-0.6104,unlabeled,Charlotte,small
1785596657.3073058,105314,0.1221,0.9209,-0.3315,4.6997,1.5259,-0.2441,unlabeled,Charlotte,small
1785596657.30731,105364,0.124,0.9287,-0.3286,4.2114,1.4038,-0.3662,unlabeled,Charlotte,small
1785596657.3073137,105414,0.1255,0.9258,-0.3262,4.9438,1.2817,-0.9766,unlabeled,Charlotte,small
1785596657.3073173,105464,0.126,0.9307,-0.332,4.6997,1.1597,-0.9155,unlabeled,Charlotte,small
1785596657.3073206,105514,0.1265,0.9272,-0.3237,4.8218,1.709,-0.4883,unlabeled,Charlotte,small
1785596657.3073237,105564,0.123,0.9282,-0.3247,5.188,2.6245,-0.3662,unlabeled,Charlotte,small
1785596657.3073266,105614,0.1289,0.9302,-0.3208,5.3101,3.1128,-0.7935,unlabeled,Charlotte,small
1785596657.3073297,105664,0.123,0.9268,-0.3267,5.6152,2.4414,0.0,unlabeled,Charlotte,small
1785596657.3073325,105714,0.124,0.9263,-0.3218,4.9438,1.4648,0.0,unlabeled,Charlotte,small
1785596657.9290838,105886,0.124,0.9287,-0.3232,4.3335,1.3428,-0.5493,unlabeled,Charlotte,small
1785596657.9290962,105936,0.1255,0.9302,-0.3184,5.0659,2.4414,0.1221,unlabeled,Charlotte,small
1785596657.9291017,105986,0.1196,0.9321,-0.3213,5.9814,0.7935,-1.0376,unlabeled,Charlotte,small
1785596657.9291062,106036,0.124,0.915,-0.3154,2.6855,0.7324,-1.0986,unlabeled,Charlotte,small
1785596657.9291103,106086,0.1245,0.9204,-0.3271,1.77,2.1973,0.2441,unlabeled,Charlotte,small
1785596657.929114,106136,0.1099,0.9258,-0.3164,15.0757,16.2964,1.4648,unlabeled,Charlotte,small
1785596657.9291182,106186,0.126,0.9229,-0.3242,3.9673,0.4272,0.8545,unlabeled,Charlotte,small
1785596657.929122,106236,0.124,0.9272,-0.3159,2.0752,-0.4883,0.3662,unlabeled,Charlotte,small
1785596657.9291255,106286,0.1128,0.9268,-0.3315,2.5635,-0.8545,2.2583,unlabeled,Charlotte,small
1785596657.9291294,106336,0.1143,0.9248,-0.3262,4.4556,-1.2817,2.4414,unlabeled,Charlotte,small
1785596658.4423978,106504,0.1138,0.9297,-0.3188,4.9438,1.3428,0.3052,unlabeled,Charlotte,small
1785596658.4424095,106554,0.1147,0.9272,-0.3232,5.0659,1.2817,0.1831,unlabeled,Charlotte,small
1785596658.4424148,106604,0.1113,0.9326,-0.3213,3.7231,0.9155,-0.3662,unlabeled,Charlotte,small
1785596658.4424193,106654,0.1152,0.9302,-0.3188,5.127,1.2817,0.4272,unlabeled,Charlotte,small
1785596658.4424233,106704,0.1104,0.9268,-0.3247,4.8218,1.2817,0.3052,unlabeled,Charlotte,small
1785596658.4424274,106754,0.1113,0.9189,-0.3247,4.3335,0.9155,0.061,unlabeled,Charlotte,small
1785596658.442431,106804,0.1099,0.9375,-0.3188,4.9438,0.9766,0.4883,unlabeled,Charlotte,small
1785596658.4424348,106854,0.1113,0.9258,-0.3188,4.6387,0.6104,0.0,unlabeled,Charlotte,small
1785596658.4424388,106904,0.1162,0.9312,-0.3247,3.3569,0.7324,0.0,unlabeled,Charlotte,small
1785596658.4424424,106954,0.1118,0.9282,-0.3169,2.2583,0.4883,-0.6714,unlabeled,Charlotte,small
1785596658.9506967,107016,0.1187,0.9282,-0.3184,3.1128,0.0,-0.5493,unlabeled,Charlotte,small
1785596658.9507077,107066,0.1147,0.9331,-0.3242,3.9062,0.7935,-0.6104,unlabeled,Charlotte,small
1785596658.9507117,107116,0.1133,0.9292,-0.3208,3.8452,1.4648,-0.061,unlabeled,Charlotte,small
1785596658.9507153,107166,0.1094,0.9297,-0.3169,4.3335,2.5024,0.1831,unlabeled,Charlotte,small
1785596658.9507184,107216,0.1152,0.9287,-0.3325,4.9438,1.8311,-0.9155,unlabeled,Charlotte,small
1785596658.9507215,107266,0.1279,0.8818,-0.2954,3.1128,2.6855,2.6855,unlabeled,Charlotte,small
1785596658.9507248,107316,0.1143,0.9307,-0.3247,4.3335,2.1362,-0.6104,unlabeled,Charlotte,small
1785596658.9507277,107366,0.1143,0.9341,-0.3179,4.7607,1.1597,0.1221,unlabeled,Charlotte,small
1785596658.9507306,107416,0.1123,0.9336,-0.3218,4.2725,1.1597,-0.1831,unlabeled,Charlotte,small
1785596658.9507334,107466,0.1133,0.9277,-0.3296,4.0894,0.6714,-0.8545,unlabeled,Charlotte,small
1785596659.4662597,107528,0.1143,0.9287,-0.3276,4.8218,1.2817,0.0,unlabeled,Charlotte,small
1785596659.4662714,107578,0.1152,0.9287,-0.3164,5.7983,1.3428,-0.3662,unlabeled,Charlotte,small
1785596659.466276,107628,0.1143,0.9302,-0.314,5.7373,1.1597,-0.3052,unlabeled,Charlotte,small
1785596659.4662793,107678,0.1123,0.9336,-0.3232,4.5166,1.2817,-0.3052,unlabeled,Charlotte,small
1785596659.4662821,107728,0.1152,0.9292,-0.3218,5.0049,1.4648,0.061,unlabeled,Charlotte,small
1785596659.4662857,107778,0.1133,0.9365,-0.312,7.019,1.8921,1.2817,unlabeled,Charlotte,small
1785596659.4662886,107828,0.1108,0.9351,-0.311,6.4087,1.5869,-0.1831,unlabeled,Charlotte,small
1785596659.4662917,107878,0.1089,0.9336,-0.3169,6.2866,1.2207,0.1221,unlabeled,Charlotte,small
1785596659.4662948,107928,0.1147,0.937,-0.313,5.4932,0.6714,-0.4272,unlabeled,Charlotte,small
1785596659.4662976,107978,0.1113,0.9351,-0.3042,3.6011,-0.1221,0.1831,unlabeled,Charlotte,small
1785596659.9779632,108040,0.1094,0.9321,-0.3115,2.2583,-0.1221,-0.4272,unlabeled,Charlotte,small
1785596659.9779766,108090,0.1118,0.9326,-0.3223,1.8311,1.9531,-0.3662,unlabeled,Charlotte,small
1785596659.9779825,108140,0.1162,0.9346,-0.3179,3.479,1.709,1.0986,unlabeled,Charlotte,small
1785596659.9779875,108190,0.1147,0.9287,-0.3149,6.7139,2.4414,3.2349,unlabeled,Charlotte,small
1785596659.9779925,108240,-0.0112,0.3311,-0.1416,50.6592,9.8877,-10.9863,unlabeled,Charlotte,small
1785596659.977998,108290,0.0972,0.9331,-0.3042,4.8828,1.8311,0.0,unlabeled,Charlotte,small
1785596659.9780028,108340,0.1055,0.9326,-0.2925,4.7607,1.77,-0.2441,unlabeled,Charlotte,small
1785596659.9780076,108390,0.1016,0.9351,-0.312,3.3569,0.8545,0.4883,unlabeled,Charlotte,small
1785596659.978012,108440,0.103,0.9409,-0.3027,3.6011,0.4883,-1.3428,unlabeled,Charlotte,small
1785596659.9780169,108490,0.105,0.9346,-0.3115,5.127,0.6714,-1.1597,unlabeled,Charlotte,small
1785596660.488305,108552,0.1021,0.937,-0.3115,4.2725,0.2441,-0.8545,unlabeled,Charlotte,small
1785596660.488317,108602,0.1094,0.9395,-0.311,5.0659,0.1831,-1.5259,unlabeled,Charlotte,small
1785596660.488322,108652,0.1118,0.9351,-0.3057,4.2725,0.7935,-0.7935,unlabeled,Charlotte,small
1785596660.4883263,108702,0.1128,0.9326,-0.314,6.4087,1.4648,-3.3569,unlabeled,Charlotte,small
1785596660.4883301,108752,0.1187,0.9346,-0.2993,4.7607,0.2441,-2.6855,unlabeled,Charlotte,small
1785596660.4883344,108802,0.124,0.9365,-0.3013,1.6479,0.9155,1.1597,unlabeled,Charlotte,small
1785596660.4883382,108852,0.1138,0.9312,-0.2964,5.4932,1.4038,-0.9766,unlabeled,Charlotte,small
1785596660.4883418,108902,0.1113,0.936,-0.3032,4.9438,1.2207,-2.0142,unlabeled,Charlotte,small
1785596660.4883456,108952,0.1177,0.9346,-0.3037,4.2114,1.0376,-0.5493,unlabeled,Charlotte,small
1785596660.4883492,109002,0.1133,0.9375,-0.3013,4.0283,1.2207,-0.1221,unlabeled,Charlotte,small
1785596661.113966,109064,0.1226,0.957,-0.2983,2.3193,0.5493,2.0142,unlabeled,Charlotte,small
1785596661.1139767,109114,0.1162,0.9375,-0.3086,6.2866,0.8545,0.5493,unlabeled,Charlotte,small
1785596661.1139812,109164,0.1196,0.9438,-0.3052,8.606,1.5259,2.3193,unlabeled,Charlotte,small
1785596661.1139846,109214,0.1182,0.9629,-0.2983,6.5918,1.4038,1.4648,unlabeled,Charlotte,small
1785596661.1139877,109264,0.1035,0.9316,-0.2925,4.6387,1.2207,-1.0986,unlabeled,Charlotte,small
1785596661.113991,109314,0.1123,0.9468,-0.2979,5.6152,0.9766,-1.709,unlabeled,Charlotte,small
1785596661.113994,109364,0.1045,0.9312,-0.2915,-1.9531,-7.0801,0.2441,unlabeled,Charlotte,small
1785596661.113997,109414,0.1206,0.9961,-0.3477,-23.9868,-31.5552,8.728,unlabeled,Charlotte,small
1785596661.1140003,109464,0.8008,0.5361,-0.1782,122.2534,32.3486,86.731,unlabeled,Charlotte,small
1785596661.1140037,109514,-0.1543,1.0215,-0.2437,6.5308,-2.3804,-9.0942,unlabeled,Charlotte,small
1785596661.630288,109696,0.0669,0.9502,-0.2695,5.3711,0.7324,-1.8921,unlabeled,Charlotte,small
1785596661.6302996,109746,0.0713,0.9448,-0.2769,5.7373,-0.1831,-5.7983,unlabeled,Charlotte,small
1785596661.630305,109796,0.0718,0.9448,-0.271,4.2114,2.3193,2.8076,unlabeled,Charlotte,small
1785596661.630309,109846,0.0654,0.9409,-0.2764,4.3335,1.4038,1.0986,unlabeled,Charlotte,small
1785596661.6303132,109896,0.0615,0.9487,-0.2754,4.5776,1.709,0.4272,unlabeled,Charlotte,small
1785596661.6303172,109946,0.0649,0.9526,-0.2769,4.3945,1.8311,1.2207,unlabeled,Charlotte,small
1785596661.6303208,109996,0.0605,0.9429,-0.2764,5.0049,1.4648,-0.3662,unlabeled,Charlotte,small
1785596661.6303248,110046,0.0669,0.9521,-0.2695,4.5166,1.4038,0.4272,unlabeled,Charlotte,small
1785596661.6303287,110096,0.064,0.9487,-0.2725,4.5776,1.2817,0.1221,unlabeled,Charlotte,small
1785596661.6303322,110146,0.0635,0.9502,-0.2744,4.5776,1.4648,0.1221,unlabeled,Charlotte,small
1785596662.241132,110207,0.063,0.9487,-0.272,4.8218,1.5869,0.3052,unlabeled,Charlotte,small
1785596662.2411427,110257,0.0576,0.9492,-0.2729,4.4556,1.5869,0.061,unlabeled,Charlotte,small
1785596662.241147,110307,0.064,0.9492,-0.2769,4.6387,1.77,0.061,unlabeled,Charlotte,small
1785596662.2411504,110357,0.0586,0.9438,-0.2666,4.3945,1.0986,-0.3052,unlabeled,Charlotte,small
1785596662.2411537,110407,0.0664,0.9463,-0.2612,3.7842,0.9155,0.061,unlabeled,Charlotte,small
1785596662.241157,110457,0.0591,0.9541,-0.2773,5.0659,1.2207,-0.9766,unlabeled,Charlotte,small
1785596662.2411602,110507,0.0635,0.9478,-0.2695,4.6387,1.4648,0.4883,unlabeled,Charlotte,small
1785596662.241163,110557,0.0669,0.9639,-0.27,3.9673,1.0376,0.1831,unlabeled,Charlotte,small
1785596662.241166,110607,0.0601,0.9497,-0.2705,4.5166,1.2817,-0.3662,unlabeled,Charlotte,small
1785596662.2411692,110657,0.0596,0.9512,-0.2671,4.1504,1.3428,0.6104,unlabeled,Charlotte,small
1785596662.758976,110819,0.0679,0.9585,-0.2729,4.0283,1.6479,1.6479,unlabeled,Charlotte,small
1785596662.7589874,110869,0.0615,0.9512,-0.271,3.479,1.0986,0.1221,unlabeled,Charlotte,small
1785596662.7589917,110919,0.0547,0.9473,-0.2734,4.2114,0.9155,-1.0376,unlabeled,Charlotte,small
1785596662.7589955,110969,0.0596,0.9526,-0.2656,4.3335,1.4648,0.5493,unlabeled,Charlotte,small
1785596662.7589989,111019,0.0596,0.9521,-0.2715,4.3945,1.2817,-0.2441,unlabeled,Charlotte,small
1785596662.7590022,111069,0.0503,0.9624,-0.2788,4.5776,-0.1831,-4.9438,unlabeled,Charlotte,small
1785596662.759005,111119,0.0532,0.9478,-0.2686,3.6011,0.7324,-0.9766,unlabeled,Charlotte,small
1785596662.7590082,111169,0.0601,0.9517,-0.2671,3.8452,1.2817,-0.3662,unlabeled,Charlotte,small
1785596662.7590113,111219,0.0571,0.9497,-0.2681,5.0659,1.0986,-0.9155,unlabeled,Charlotte,small
1785596662.7590141,111269,0.0732,0.936,-0.2671,6.4697,0.3052,-0.9155,unlabeled,Charlotte,small
1785596663.2684846,111331,0.0405,0.9492,-0.293,9.9487,-0.9766,-11.7798,unlabeled,Charlotte,small
1785596663.268495,111381,0.0718,0.9614,-0.2666,1.2207,2.4414,7.6294,unlabeled,Charlotte,small
1785596663.2684994,111431,0.0347,0.9438,-0.2783,1.2817,-2.1973,-8.1787,unlabeled,Charlotte,small
1785596663.268503,111481,0.0806,0.9463,-0.2622,3.1128,0.7935,-1.4648,unlabeled,Charlotte,small
1785596663.2685063,111531,0.0674,0.9541,-0.2671,4.2114,2.8076,0.6104,unlabeled,Charlotte,small
1785596663.2685096,111581,0.0684,0.9355,-0.271,7.8735,10.5591,-1.8311,unlabeled,Charlotte,small
1785596663.268513,111631,0.1108,0.9526,-0.2559,2.8687,3.2349,9.2163,unlabeled,Charlotte,small
1785596663.2685158,111681,0.0483,0.9438,-0.2686,1.9531,-0.2441,-2.6245,unlabeled,Charlotte,small
1785596663.268519,111731,0.0601,0.9463,-0.2666,4.5776,0.1831,-2.1973,unlabeled,Charlotte,small
1785596663.268522,111781,0.0542,0.9512,-0.2749,0.9155,-2.5635,-0.8545,unlabeled,Charlotte,small
1785596663.7779846,111842,0.0767,0.9536,-0.2568,6.2256,3.2349,5.7373,unlabeled,Charlotte,small
1785596663.777997,111892,0.0967,0.9487,-0.2612,13.3667,7.7515,1.8311,unlabeled,Charlotte,small
1785596663.7780023,111942,0.0376,0.9561,-0.2676,7.2632,2.8076,0.1831,unlabeled,Charlotte,small
1785596663.778007,111992,0.062,0.9487,-0.2568,3.9673,0.8545,0.1221,unlabeled,Charlotte,small
1785596663.778011,112042,0.0527,0.9629,-0.2681,4.1504,1.1597,1.4038,unlabeled,Charlotte,small
1785596663.7780151,112092,0.0576,0.9512,-0.2676,3.479,1.5259,0.7935,unlabeled,Charlotte,small
1785596663.7780197,112142,0.0601,0.9526,-0.2651,4.6387,1.5259,-0.2441,unlabeled,Charlotte,small
1785596663.7780235,112192,0.0537,0.9531,-0.2695,4.0894,1.2207,0.1221,unlabeled,Charlotte,small
1785596663.778027,112242,0.0605,0.9512,-0.2705,3.6621,0.4883,-0.9766,unlabeled,Charlotte,small
1785596663.778031,112292,0.0571,0.957,-0.2661,5.0049,1.6479,0.061,unlabeled,Charlotte,small
1785596664.2927353,112354,0.0596,0.9512,-0.2739,4.7607,1.3428,0.5493,unlabeled,Charlotte,small
1785596664.292746,112404,0.0542,0.9482,-0.2656,3.6011,0.8545,0.6104,unlabeled,Charlotte,small
1785596664.29275,112454,0.0811,0.9517,-0.2632,3.8452,-0.7324,-6.2866,unlabeled,Charlotte,small
1785596664.292754,112504,0.0601,0.9419,-0.2612,2.8076,-3.1128,-6.6528,unlabeled,Charlotte,small
1785596664.292757,112554,0.0825,0.9316,-0.2935,-1.0986,-2.8076,-3.418,unlabeled,Charlotte,small
1785596664.2927604,112604,0.0781,0.9512,-0.2695,-0.4883,-0.4272,2.0142,unlabeled,Charlotte,small
1785596664.2927635,112654,0.0723,0.9512,-0.2944,4.0283,1.0376,1.6479,unlabeled,Charlotte,small
1785596664.2927666,112704,0.0254,0.9497,-0.2573,-1.8311,-4.7607,2.1973,unlabeled,Charlotte,small
1785596664.2927694,112754,0.0674,0.9395,-0.271,3.7231,1.8311,3.8452,unlabeled,Charlotte,small
1785596664.2927725,112804,0.0659,0.9492,-0.2837,3.6011,0.1221,-1.2207,unlabeled,Charlotte,small
1785596664.8037944,112867,0.1035,0.9116,-0.3281,10.0098,0.4883,-8.5449,unlabeled,Charlotte,small
1785596664.803805,112917,0.0776,0.9409,-0.2856,2.6855,0.9766,1.9531,unlabeled,Charlotte,small
1785596664.8038092,112967,0.0991,0.9141,-0.2935,6.8359,3.54,6.4697,unlabeled,Charlotte,small
1785596664.803813,113017,0.0752,0.9272,-0.2803,3.7842,2.1362,5.7983,unlabeled,Charlotte,small
1785596664.8038158,113067,0.0786,0.9468,-0.2852,5.0049,1.5869,0.3662,unlabeled,Charlotte,small
1785596664.8038194,113117,0.0693,0.9443,-0.2852,4.3945,0.4883,-1.77,unlabeled,Charlotte,small
1785596664.8038225,113167,0.0703,0.9492,-0.2891,2.3804,0.1221,-0.3662,unlabeled,Charlotte,small
1785596664.8038254,113217,0.0718,0.9453,-0.2817,2.4414,-0.3052,0.0,unlabeled,Charlotte,small
1785596664.8038287,113267,0.0718,0.9399,-0.2803,7.9956,4.5776,2.4414,unlabeled,Charlotte,small
1785596664.8038318,113317,0.0742,0.9507,-0.2729,20.5688,11.2915,11.3525,unlabeled,Charlotte,small
1785596665.318748,113378,0.0337,0.9531,-0.2778,5.4321,0.9766,-2.8076,unlabeled,Charlotte,small
1785596665.3187606,113428,0.0615,0.9512,-0.2788,0.9155,-0.7324,-0.1221,unlabeled,Charlotte,small
1785596665.318766,113478,0.0635,0.9395,-0.2974,-0.9766,-0.2441,2.8687,unlabeled,Charlotte,small
1785596665.3187704,113528,0.0723,0.9424,-0.2676,-0.1831,-2.5635,-5.9814,unlabeled,Charlotte,small
1785596665.3187747,113578,0.0933,0.9771,-0.2446,3.418,-0.8545,-4.0283,unlabeled,Charlotte,small
1785596665.3187792,113628,0.0586,0.9546,-0.2896,4.5776,0.8545,-1.1597,unlabeled,Charlotte,small
1785596665.3187828,113678,0.0688,0.9458,-0.2842,3.7231,0.9766,0.061,unlabeled,Charlotte,small
1785596665.3187866,113728,0.0581,0.9341,-0.2896,0.4883,0.3662,8.9111,unlabeled,Charlotte,small
1785596665.3187907,113778,0.0684,0.9463,-0.2925,5.127,0.6714,-1.6479,unlabeled,Charlotte,small
1785596665.3187945,113828,0.0654,0.9443,-0.2988,4.0283,1.5869,0.7935,unlabeled,Charlotte,small
1785596665.8472216,113900,0.0791,0.9414,-0.293,4.2114,1.3428,-0.061,unlabeled,Charlotte,small
1785596665.8472338,113950,0.0879,0.9463,-0.2798,5.127,1.77,1.0376,unlabeled,Charlotte,small
1785596665.847239,114000,0.0771,0.9448,-0.2852,4.7607,1.2817,-0.3662,unlabeled,Charlotte,small
1785596665.8472435,114050,0.0679,0.9414,-0.2959,5.6152,0.9766,-1.9531,unlabeled,Charlotte,small
1785596665.8472476,114100,0.063,0.9502,-0.292,6.1035,0.1831,-4.1504,unlabeled,Charlotte,small
1785596665.8472517,114150,0.0752,0.9336,-0.2871,4.2114,1.2817,0.2441,unlabeled,Charlotte,small
1785596665.8472555,114200,0.0737,0.9438,-0.2925,4.0894,0.1831,-2.8687,unlabeled,Charlotte,small
1785596665.8472598,114250,0.0879,0.9473,-0.293,18.0054,12.085,-1.4648,unlabeled,Charlotte,small
1785596665.8472636,114300,0.0845,0.9575,-0.2827,4.3335,1.2817,-0.6104,unlabeled,Charlotte,small
1785596665.8472676,114350,0.0664,0.9443,-0.291,6.5308,2.8076,2.5024,unlabeled,Charlotte,small
1785596666.4580395,114422,0.083,0.9492,-0.2817,15.9912,11.0474,10.498,unlabeled,Charlotte,small
1785596666.4580557,114472,0.0547,0.9526,-0.2871,5.7983,2.3193,1.709,unlabeled,Charlotte,small
1785596666.4580622,114522,0.0513,0.9453,-0.2769,9.3994,2.8076,3.479,unlabeled,Charlotte,small
1785596666.4580681,114572,0.0649,0.9473,-0.2729,6.0425,2.2583,1.2207,unlabeled,Charlotte,small
1785596666.458074,114622,0.0557,0.9521,-0.2734,5.3101,1.6479,0.8545,unlabeled,Charlotte,small
1785596666.45808,114672,0.062,0.9556,-0.2773,5.188,1.3428,-0.5493,unlabeled,Charlotte,small
1785596666.4580853,114722,0.0537,0.9521,-0.2725,5.249,1.77,0.4272,unlabeled,Charlotte,small
1785596666.4580903,114772,0.0527,0.9492,-0.269,5.8594,0.3052,-0.9155,unlabeled,Charlotte,small
1785596666.458095,114822,0.0537,0.9565,-0.27,5.5542,1.2207,-1.1597,unlabeled,Charlotte,small
1785596666.4581008,114872,0.0542,0.9502,-0.2734,4.6387,0.1831,-1.8311,unlabeled,Charlotte,small
1785596666.9741695,115034,0.0488,0.9487,-0.2656,4.9438,1.4038,0.4272,unlabeled,Charlotte,small
1785596666.974182,115084,0.0464,0.9512,-0.2632,3.7842,5.0049,3.7842,unlabeled,Charlotte,small
1785596666.974187,115134,0.0239,0.9707,-0.2817,6.7139,-3.3569,-10.8643,unlabeled,Charlotte,small
1785596666.974192,115184,0.042,0.918,-0.2627,4.0283,0.0,-2.8687,unlabeled,Charlotte,small
1785596666.974196,115234,0.062,0.9458,-0.2676,5.7983,0.6104,-3.1128,unlabeled,Charlotte,small
1785596666.9742,115284,0.0469,0.9565,-0.271,3.9673,1.4038,0.6714,unlabeled,Charlotte,small
1785596666.9742038,115334,0.0542,0.9512,-0.2607,4.2725,1.1597,0.5493,unlabeled,Charlotte,small
1785596666.9742074,115384,0.0542,0.9551,-0.272,4.5166,1.0376,-0.1221,unlabeled,Charlotte,small
1785596666.9742112,115434,0.0518,0.9453,-0.2642,4.8218,1.1597,-0.6714,unlabeled,Charlotte,small
1785596666.974215,115484,0.0483,0.9531,-0.2661,4.3945,1.3428,0.3662,unlabeled,Charlotte,small
1785596667.4826736,115546,0.0508,0.9502,-0.2686,4.1504,1.2207,-0.2441,unlabeled,Charlotte,small
1785596667.4826849,115596,0.0532,0.9492,-0.2642,4.5776,1.3428,0.1831,unlabeled,Charlotte,small
1785596667.4826903,115646,0.0513,0.9526,-0.2661,4.2725,1.1597,-0.6714,unlabeled,Charlotte,small
1785596667.4826946,115696,0.0552,0.9521,-0.2715,4.5776,1.4648,0.0,unlabeled,Charlotte,small
1785596667.4826987,115746,0.0498,0.9497,-0.2754,5.188,1.5259,0.061,unlabeled,Charlotte,small
1785596667.4827032,115796,0.0513,0.9526,-0.269,4.3945,1.0376,-0.3052,unlabeled,Charlotte,small
1785596667.482707,115846,0.0508,0.9561,-0.2676,4.5776,1.4648,0.4883,unlabeled,Charlotte,small
1785596667.4827108,115896,0.0508,0.9482,-0.2671,4.4556,1.2207,-0.5493,unlabeled,Charlotte,small
1785596667.4827144,115946,0.0547,0.9609,-0.2817,1.9531,0.6104,0.9155,unlabeled,Charlotte,small
1785596667.4827182,115996,0.0464,0.9521,-0.2627,4.4556,1.1597,0.0,unlabeled,Charlotte,small
1785596667.9970968,116057,0.0513,0.9551,-0.2646,4.0894,0.9766,-0.5493,unlabeled,Charlotte,small
1785596667.9971154,116107,0.0508,0.9507,-0.2695,4.5166,1.3428,-0.1221,unlabeled,Charlotte,small
1785596667.9971197,116157,0.0483,0.9526,-0.271,4.5166,1.1597,0.061,unlabeled,Charlotte,small
1785596667.9971232,116207,0.0498,0.9512,-0.2612,4.2725,-0.061,-0.1221,unlabeled,Charlotte,small
1785596667.9971268,116257,0.0469,0.9551,-0.271,4.3335,1.2207,0.2441,unlabeled,Charlotte,small
1785596667.9971304,116307,0.0547,0.9561,-0.2695,4.6997,1.709,-0.1831,unlabeled,Charlotte,small
1785596667.9971337,116357,0.0503,0.9531,-0.271,4.8218,1.8311,-0.3662,unlabeled,Charlotte,small
1785596667.9971373,116407,0.0522,0.9487,-0.2681,4.5776,1.4038,0.2441,unlabeled,Charlotte,small
1785596667.9971426,116457,0.0508,0.9541,-0.272,4.4556,1.1597,-0.4272,unlabeled,Charlotte,small
1785596667.9971468,116507,0.0503,0.9604,-0.27,4.4556,1.4648,0.061,unlabeled,Charlotte,small
1785596668.5211363,116579,0.0542,0.9468,-0.2676,4.3335,1.0986,-0.5493,unlabeled,Charlotte,small
1785596668.5211537,116629,0.0503,0.9526,-0.2666,4.1504,1.1597,-0.4272,unlabeled,Charlotte,small
1785596668.5211601,116679,0.0552,0.9585,-0.2671,4.4556,1.2817,0.3662,unlabeled,Charlotte,small
1785596668.5211663,116729,0.0503,0.9497,-0.2656,4.3945,1.2817,-0.4272,unlabeled,Charlotte,small
1785596668.5211718,116779,0.0483,0.9551,-0.2671,4.2114,1.3428,0.4272,unlabeled,Charlotte,small
1785596668.5211775,116829,0.0513,0.9541,-0.2671,4.3945,1.2207,-0.1221,unlabeled,Charlotte,small
1785596668.5211835,116879,0.0508,0.9585,-0.2666,4.2114,1.0376,-0.3662,unlabeled,Charlotte,small
1785596668.5211892,116929,0.0479,0.9517,-0.2656,4.1504,1.3428,0.061,unlabeled,Charlotte,small
1785596668.5211947,116979,0.0547,0.9468,-0.2681,4.3945,1.3428,-0.1831,unlabeled,Charlotte,small
1785596668.5212004,117029,0.0483,0.9531,-0.2622,4.2725,1.3428,-0.1831,unlabeled,Charlotte,small
1785596669.2791355,117100,0.0493,0.9497,-0.2666,4.1504,1.2207,0.1221,unlabeled,Charlotte,small
1785596669.2791486,117150,0.0513,0.9531,-0.2676,4.5776,1.5259,0.061,unlabeled,Charlotte,small
1785596669.2791536,117200,0.0518,0.9507,-0.2681,4.5166,1.0376,-0.7935,unlabeled,Charlotte,small
1785596669.279158,117250,0.0439,0.9575,-0.2651,4.1504,1.4038,0.1831,unlabeled,Charlotte,small
1785596669.2791622,117300,0.0542,0.9561,-0.2646,4.5166,1.2207,0.2441,unlabeled,Charlotte,small
1785596669.2791662,117350,0.0469,0.9517,-0.2617,4.2725,1.0986,-0.2441,unlabeled,Charlotte,small
1785596669.27917,117400,0.0508,0.9497,-0.2646,4.2725,1.2817,0.061,unlabeled,Charlotte,small
1785596669.2791739,117450,0.0474,0.9526,-0.2729,4.4556,1.0376,-0.1221,unlabeled,Charlotte,small
1785596669.2791774,117500,0.0503,0.9531,-0.2686,4.1504,1.3428,-0.061,unlabeled,Charlotte,small
1785596669.279181,117550,0.0537,0.9561,-0.2681,4.3335,1.2207,0.0,unlabeled,Charlotte,small
1785596669.7888205,117851,0.0503,0.9482,-0.2656,4.3945,1.2207,-0.6104,unlabeled,Charlotte,small
1785596669.7888331,117901,0.0503,0.9536,-0.2656,4.4556,1.5869,0.1221,unlabeled,Charlotte,small
1785596669.7888381,117951,0.0518,0.9526,-0.2617,4.2114,1.0986,-0.1831,unlabeled,Charlotte,small
1785596669.7888424,118001,0.0454,0.9531,-0.2656,4.2725,1.2817,-0.1831,unlabeled,Charlotte,small
1785596669.788846,118051,0.0537,0.9526,-0.2681,4.3335,1.2817,0.3662,unlabeled,Charlotte,small
1785596669.78885,118101,0.0537,0.9556,-0.2578,4.4556,0.9766,-0.4272,unlabeled,Charlotte,small
1785596669.7888541,118151,0.0493,0.9507,-0.2598,4.4556,1.1597,0.0,unlabeled,Charlotte,small
1785596669.788858,118201,0.0513,0.9502,-0.2632,4.4556,0.9766,-0.1221,unlabeled,Charlotte,small
1785596669.7888618,118251,0.0483,0.9507,-0.2642,4.2725,1.1597,-0.6104,unlabeled,Charlotte,small
1785596669.7888656,118301,0.0518,0.9546,-0.2646,4.2725,1.4038,-0.1221,unlabeled,Charlotte,small
1785596670.404986,118364,0.0518,0.9492,-0.2646,4.4556,1.2207,0.4272,unlabeled,Charlotte,small
1785596670.4050086,118414,0.0513,0.9536,-0.2686,4.2114,0.9155,-0.5493,unlabeled,Charlotte,small
1785596670.4050143,118464,0.0498,0.9541,-0.2612,4.0894,1.0986,-0.6104,unlabeled,Charlotte,small
1785596670.4050193,118514,0.0537,0.9536,-0.2617,4.3335,1.4648,0.4272,unlabeled,Charlotte,small
1785596670.405024,118564,0.0498,0.9531,-0.2646,4.2725,1.4648,-0.1221,unlabeled,Charlotte,small
1785596670.4050288,118614,0.0498,0.9531,-0.2612,4.3945,1.4038,0.1221,unlabeled,Charlotte,small
1785596670.405033,118664,0.0469,0.9526,-0.2549,3.9673,0.9155,-1.0376,unlabeled,Charlotte,small
1785596670.4050376,118714,0.0518,0.9395,-0.2803,5.249,1.5259,0.6104,unlabeled,Charlotte,small
1785596670.405042,118764,0.0518,0.957,-0.269,4.3335,1.0376,0.1831,unlabeled,Charlotte,small
1785596670.4050462,118814,0.0435,0.958,-0.2695,4.2114,0.2441,-0.9155,unlabeled,Charlotte,small
1785596670.9292352,118986,0.0493,0.9507,-0.2588,4.5776,1.5259,0.3662,unlabeled,Charlotte,small
1785596670.9292462,119036,0.0513,0.9536,-0.2646,4.2114,1.0376,-0.6104,unlabeled,Charlotte,small
1785596670.9292502,119086,0.0425,0.9512,-0.2661,3.54,0.8545,-0.4272,unlabeled,Charlotte,small
1785596670.9292538,119136,0.0508,0.9541,-0.272,5.0049,1.5259,-0.5493,unlabeled,Charlotte,small
1785596670.929257,119186,0.0508,0.9546,-0.2578,5.5542,1.8921,1.2817,unlabeled,Charlotte,small
1785596670.9292603,119236,0.0513,0.9512,-0.2739,3.9673,1.2817,0.0,unlabeled,Charlotte,small
1785596670.9292636,119286,0.0513,0.957,-0.2656,4.0894,1.0376,-0.4883,unlabeled,Charlotte,small
1785596670.9292667,119336,0.0493,0.9473,-0.2632,4.5166,1.2207,0.4883,unlabeled,Charlotte,small
1785596670.9292696,119386,0.0527,0.9502,-0.272,5.0049,1.1597,-0.8545,unlabeled,Charlotte,small
1785596670.9292724,119436,0.0503,0.9536,-0.2715,4.1504,0.9155,-0.4272,unlabeled,Charlotte,small
1785596671.45144,119509,0.0513,0.9536,-0.27,4.6387,1.1597,0.0,unlabeled,Charlotte,small
1785596671.4514542,119559,0.0503,0.9531,-0.2646,4.6387,1.2817,-0.4272,unlabeled,Charlotte,small
1785596671.4514596,119609,0.0464,0.9478,-0.2671,4.2114,1.2817,0.3052,unlabeled,Charlotte,small
1785596671.4514642,119659,0.0498,0.9526,-0.2554,4.7607,0.9155,-0.2441,unlabeled,Charlotte,small
1785596671.4514682,119709,0.0435,0.9551,-0.2671,4.4556,1.3428,-0.3052,unlabeled,Charlotte,small
1785596671.4514723,119759,0.0522,0.9487,-0.2681,4.3945,1.2207,-0.1831,unlabeled,Charlotte,small
1785596671.4514763,119809,0.0469,0.9536,-0.2622,4.6387,1.3428,-0.1221,unlabeled,Charlotte,small
1785596671.45148,119859,0.0479,0.9512,-0.2617,4.6997,1.4648,-0.6104,unlabeled,Charlotte,small
1785596671.4514837,119909,0.0474,0.9517,-0.2671,4.3335,0.6104,-1.0986,unlabeled,Charlotte,small
1785596671.4514875,119959,0.0493,0.9502,-0.2588,4.3335,1.0986,0.2441,unlabeled,Charlotte,small
1785596671.9744108,120031,0.0493,0.9556,-0.2568,4.3945,1.1597,-0.061,unlabeled,Charlotte,small
1785596671.974421,120081,0.0503,0.9526,-0.2671,4.5166,1.3428,-0.3662,unlabeled,Charlotte,small
1785596671.9744253,120131,0.0469,0.9551,-0.269,4.2114,1.0986,-0.9766,unlabeled,Charlotte,small
1785596671.9744287,120181,0.0464,0.9443,-0.2705,4.3945,1.0376,-0.3052,unlabeled,Charlotte,small
1785596671.974432,120231,0.0532,0.9502,-0.2588,4.3335,1.2207,0.1831,unlabeled,Charlotte,small
1785596671.9744353,120281,0.0483,0.9502,-0.2622,4.3945,1.0986,-0.4883,unlabeled,Charlotte,small
1785596671.9744384,120331,0.0483,0.9507,-0.2632,4.3945,1.2207,-0.061,unlabeled,Charlotte,small
1785596671.9744415,120381,0.0479,0.9517,-0.269,4.4556,1.3428,-0.1831,unlabeled,Charlotte,small
1785596671.9744444,120431,0.0449,0.9546,-0.2656,4.2725,1.2207,0.1221,unlabeled,Charlotte,small
1785596671.9744473,120481,0.0493,0.9487,-0.2656,4.2114,1.4648,0.2441,unlabeled,Charlotte,small
1785596672.8623753,120552,0.0474,0.9546,-0.2676,4.4556,1.2207,-0.3052,unlabeled,Charlotte,small
1785596672.8623896,120602,0.0508,0.9502,-0.2607,4.4556,1.3428,-0.3052,unlabeled,Charlotte,small
1785596672.8623953,120652,0.0493,0.9575,-0.2666,4.2114,0.9766,-0.3662,unlabeled,Charlotte,small
1785596672.862401,120702,0.0493,0.9546,-0.2646,4.3335,1.3428,0.0,unlabeled,Charlotte,small
1785596672.8624063,120752,0.0527,0.9526,-0.2637,4.3335,1.2207,-0.061,unlabeled,Charlotte,small
1785596672.8624115,120802,0.0464,0.9536,-0.2632,4.4556,1.4038,-0.061,unlabeled,Charlotte,small
1785596672.8624167,120852,0.0508,0.9502,-0.2554,4.1504,1.1597,0.4883,unlabeled,Charlotte,small
1785596672.8624215,120902,0.0498,0.9487,-0.2627,4.3945,1.2207,-0.4272,unlabeled,Charlotte,small
1785596672.8624265,120952,0.0488,0.9517,-0.2671,4.2725,1.2207,0.2441,unlabeled,Charlotte,small
1785596672.8624318,121002,0.0518,0.9521,-0.2681,4.2725,1.1597,-0.6104,unlabeled,Charlotte,small
1785596673.476566,121443,0.0522,0.9575,-0.2686,4.2114,1.1597,-0.2441,unlabeled,Charlotte,small
1785596673.476581,121493,0.0479,0.9521,-0.2681,4.4556,0.9766,-0.1831,unlabeled,Charlotte,small
1785596673.4765859,121543,0.0474,0.9536,-0.2642,4.3945,1.2207,0.061,unlabeled,Charlotte,small
1785596673.4765897,121593,0.0474,0.9502,-0.2622,4.5166,1.2817,-0.4272,unlabeled,Charlotte,small
1785596673.4765928,121643,0.0483,0.9536,-0.2622,4.3335,1.2207,-0.2441,unlabeled,Charlotte,small
1785596673.476596,121693,0.0479,0.9541,-0.272,4.3335,1.3428,-0.061,unlabeled,Charlotte,small
1785596673.4765992,121743,0.0469,0.9536,-0.2686,4.0894,1.2817,-0.2441,unlabeled,Charlotte,small
1785596673.4766023,121793,0.0474,0.9551,-0.2632,4.5776,1.2207,-0.1221,unlabeled,Charlotte,small
1785596673.4766052,121843,0.0522,0.9512,-0.2622,4.1504,1.0376,0.061,unlabeled,Charlotte,small
1785596673.4766083,121893,0.0522,0.96,-0.2559,4.2725,1.0986,0.0,unlabeled,Charlotte,small
1785596673.9970562,122055,0.0479,0.9551,-0.2607,4.6997,1.2207,-0.2441,unlabeled,Charlotte,small
1785596673.9970777,122105,0.0493,0.959,-0.2637,4.2725,1.2817,0.1831,unlabeled,Charlotte,small
1785596673.9970858,122155,0.0488,0.9531,-0.2661,4.1504,0.9766,-0.3662,unlabeled,Charlotte,small
1785596673.9970932,122205,0.0469,0.9497,-0.2695,4.6387,1.4038,-0.3052,unlabeled,Charlotte,small
1785596673.9970996,122255,0.0454,0.9517,-0.27,4.3335,1.1597,-0.061,unlabeled,Charlotte,small
1785596673.9971058,122305,0.0464,0.9541,-0.2627,4.2725,1.0376,-0.1221,unlabeled,Charlotte,small
1785596673.9971123,122355,0.0459,0.9526,-0.2671,4.4556,1.2207,0.3662,unlabeled,Charlotte,small
1785596673.9971187,122405,0.0503,0.9502,-0.2637,4.3945,1.3428,-0.2441,unlabeled,Charlotte,small
1785596673.997125,122455,0.0444,0.9546,-0.2632,4.2725,1.2207,-0.3052,unlabeled,Charlotte,small
1785596673.9971313,122505,0.0522,0.9526,-0.2622,4.5776,1.4648,0.1831,unlabeled,Charlotte,small
1785596674.5284932,122577,0.0459,0.9546,-0.2632,4.5776,1.2817,0.0,unlabeled,Charlotte,small
1785596674.5285146,122627,0.0518,0.9531,-0.2642,4.2725,0.9766,-0.061,unlabeled,Charlotte,small
1785596674.528519,122677,0.0469,0.9541,-0.2646,4.2725,0.9766,-0.061,unlabeled,Charlotte,small
1785596674.5285225,122727,0.0479,0.9551,-0.2676,4.0283,1.0376,0.1221,unlabeled,Charlotte,small
1785596674.5285258,122777,0.0508,0.9517,-0.2627,4.6387,1.3428,-0.2441,unlabeled,Charlotte,small
1785596674.5285294,122827,0.0493,0.9536,-0.2642,4.0894,1.2817,0.0,unlabeled,Charlotte,small
1785596674.5285325,122877,0.0532,0.9492,-0.2607,4.5166,1.2817,0.1831,unlabeled,Charlotte,small
1785596674.5285354,122927,0.0474,0.9536,-0.2661,4.5776,1.1597,-0.1831,unlabeled,Charlotte,small
1785596674.5285382,122977,0.0527,0.9541,-0.2661,4.4556,1.4038,0.2441,unlabeled,Charlotte,small
1785596674.528541,123027,0.0488,0.9521,-0.2681,4.2114,1.1597,-0.3052,unlabeled,Charlotte,small
1785596675.221111,123149,0.0474,0.9551,-0.2651,4.2725,0.9766,-0.3662,unlabeled,Charlotte,small
1785596675.2211223,123199,0.0474,0.9531,-0.2603,4.3945,1.2207,0.2441,unlabeled,Charlotte,small
1785596675.2211263,123249,0.0503,0.9546,-0.2646,4.6997,1.4038,-0.3662,unlabeled,Charlotte,small
1785596675.2211301,123299,0.0493,0.9521,-0.2627,4.3335,1.1597,-0.1831,unlabeled,Charlotte,small
1785596675.2211332,123349,0.0527,0.9521,-0.2661,4.6387,1.4648,0.3662,unlabeled,Charlotte,small
1785596675.2211366,123399,0.0464,0.9556,-0.27,4.4556,1.0376,-0.7324,unlabeled,Charlotte,small
1785596675.22114,123449,0.0488,0.9531,-0.2598,4.2114,1.2817,-0.1221,unlabeled,Charlotte,small
1785596675.2211428,123499,0.0483,0.9531,-0.2651,4.2725,1.4038,-0.1221,unlabeled,Charlotte,small
1785596675.2211459,123549,0.0415,0.9521,-0.271,4.3945,1.0376,0.0,unlabeled,Charlotte,small
1785596675.2211492,123599,0.0479,0.9517,-0.2681,4.3335,1.0986,-0.1221,unlabeled,Charlotte,small
1785596675.7495408,123802,0.0488,0.9531,-0.2637,4.3335,0.9155,-0.3052,unlabeled,Charlotte,small
1785596675.749558,123852,0.0493,0.9526,-0.2598,4.5166,1.2817,-0.3052,unlabeled,Charlotte,small
1785596675.749565,123902,0.0449,0.9541,-0.2642,4.3945,1.0376,-0.1831,unlabeled,Charlotte,small
1785596675.7495708,123952,0.0474,0.9521,-0.271,4.4556,1.3428,-0.2441,unlabeled,Charlotte,small
1785596675.7495763,124002,0.0449,0.9536,-0.2651,4.2725,1.2207,-0.061,unlabeled,Charlotte,small
1785596675.749582,124052,0.0518,0.9541,-0.2651,4.5776,1.2207,-0.061,unlabeled,Charlotte,small
1785596675.749588,124102,0.0483,0.9507,-0.2695,4.3945,1.3428,-0.2441,unlabeled,Charlotte,small
1785596675.7495933,124152,0.0469,0.9561,-0.2666,4.2114,1.2817,-0.1221,unlabeled,Charlotte,small
1785596675.7495987,124202,0.0518,0.9487,-0.2637,4.2114,1.4038,0.0,unlabeled,Charlotte,small
1785596675.749604,124252,0.0522,0.9492,-0.271,4.3945,1.4038,-0.5493,unlabeled,Charlotte,small
1785596676.5502865,124325,0.0508,0.9546,-0.2686,4.6387,1.4648,0.0,unlabeled,Charlotte,small
1785596676.5503004,124375,0.0488,0.9507,-0.2617,4.2725,0.8545,-0.5493,unlabeled,Charlotte,small
1785596676.5503068,124425,0.0459,0.9541,-0.2622,4.2114,1.1597,0.5493,unlabeled,Charlotte,small
1785596676.5503125,124475,0.0483,0.9565,-0.2646,4.3945,1.2207,-0.061,unlabeled,Charlotte,small
1785596676.5503175,124525,0.0391,0.9478,-0.2651,4.2725,1.2817,-0.1831,unlabeled,Charlotte,small
1785596676.550323,124575,0.0508,0.9512,-0.2637,4.3335,1.5869,1.2207,unlabeled,Charlotte,small
1785596676.550328,124625,0.0454,0.9551,-0.2637,4.3945,1.3428,-0.3662,unlabeled,Charlotte,small
1785596676.5503333,124675,0.0493,0.9492,-0.2612,4.2114,1.2817,0.061,unlabeled,Charlotte,small
1785596676.5503383,124725,0.0483,0.9531,-0.2632,4.5776,1.0376,-0.2441,unlabeled,Charlotte,small
1785596676.5503435,124775,0.0503,0.9951,-0.2642,3.7842,1.1597,0.4272,unlabeled,Charlotte,small
1785596677.0640645,125127,0.0479,0.9546,-0.2651,4.4556,1.0986,-0.6104,unlabeled,Charlotte,small
1785596677.0640798,125177,0.0479,0.9551,-0.2622,4.2725,1.1597,0.2441,unlabeled,Charlotte,small
1785596677.0640862,125227,0.0483,0.9551,-0.2715,4.0894,1.0986,-0.6714,unlabeled,Charlotte,small
1785596677.0640912,125277,0.0439,0.9531,-0.2617,4.2725,0.9155,0.0,unlabeled,Charlotte,small
1785596677.064096,125327,0.0503,0.9492,-0.2661,4.3945,1.2817,-0.061,unlabeled,Charlotte,small
1785596677.0641012,125377,0.0474,0.9546,-0.2671,4.2114,1.3428,-0.2441,unlabeled,Charlotte,small
1785596677.0641062,125427,0.0488,0.9541,-0.2661,4.2725,1.0986,0.3052,unlabeled,Charlotte,small
1785596677.0641115,125477,0.0498,0.9521,-0.269,4.5166,0.9155,-0.2441,unlabeled,Charlotte,small
1785596677.0641158,125527,0.0483,0.9517,-0.2651,4.1504,1.2817,0.1221,unlabeled,Charlotte,small
1785596677.06412,125577,0.0493,0.9512,-0.2671,4.3945,1.0986,-0.2441,unlabeled,Charlotte,small
1785596677.6756742,125640,0.0469,0.9565,-0.2632,4.2725,1.0986,-0.3052,unlabeled,Charlotte,small
1785596677.6756883,125690,0.0464,0.9531,-0.2642,4.3335,1.2817,0.061,unlabeled,Charlotte,small
1785596677.6756942,125740,0.0493,0.9561,-0.2612,4.3945,1.2817,0.061,unlabeled,Charlotte,small
1785596677.6756995,125790,0.0474,0.9521,-0.2725,4.4556,1.0986,-0.3052,unlabeled,Charlotte,small
1785596677.6757045,125840,0.0479,0.9541,-0.2666,4.5166,1.2817,0.061,unlabeled,Charlotte,small
1785596677.67571,125890,0.0474,0.9507,-0.2671,4.3335,0.9766,-0.3662,unlabeled,Charlotte,small
1785596677.6757154,125940,0.0435,0.9487,-0.2651,4.2114,1.0376,0.1831,unlabeled,Charlotte,small
1785596677.6757202,125990,0.0522,0.9546,-0.2632,4.3335,1.2817,-0.3052,unlabeled,Charlotte,small
1785596677.6757252,126040,0.0503,0.9536,-0.2617,4.2725,1.0986,-0.3052,unlabeled,Charlotte,small
1785596677.6757302,126090,0.0498,0.9536,-0.2607,4.3335,1.1597,0.061,unlabeled,Charlotte,small
1785596678.1913693,126252,0.0454,0.9482,-0.2612,4.4556,1.2817,0.3052,unlabeled,Charlotte,small
1785596678.1913846,126302,0.0464,0.9556,-0.2676,4.3945,1.1597,-0.7324,unlabeled,Charlotte,small
1785596678.1913908,126352,0.0449,0.9565,-0.2583,4.2725,1.1597,0.2441,unlabeled,Charlotte,small
1785596678.1913962,126402,0.0469,0.9512,-0.2661,4.6387,1.5259,-0.061,unlabeled,Charlotte,small
1785596678.1914015,126452,0.0493,0.9517,-0.2646,4.2114,1.1597,0.0,unlabeled,Charlotte,small
1785596678.191407,126502,0.0454,0.9521,-0.2637,4.2114,1.2817,-0.061,unlabeled,Charlotte,small
1785596678.1914122,126552,0.0522,0.9492,-0.2651,4.3945,1.1597,-0.3052,unlabeled,Charlotte,small
1785596678.1914175,126602,0.0469,0.9546,-0.2686,4.5166,1.0986,-0.3662,unlabeled,Charlotte,small
1785596678.1914222,126652,0.0493,0.9546,-0.2646,4.6387,1.2207,0.0,unlabeled,Charlotte,small
1785596678.191427,126702,0.043,0.9521,-0.271,4.1504,1.1597,-0.5493,unlabeled,Charlotte,small
1785596678.7085762,126764,0.0479,0.9551,-0.2725,4.5166,0.9766,-0.3662,unlabeled,Charlotte,small
1785596678.7085886,126814,0.0483,0.9482,-0.2705,4.3335,1.0986,0.0,unlabeled,Charlotte,small
1785596678.7085936,126864,0.0479,0.9526,-0.2686,4.6387,1.0986,-0.061,unlabeled,Charlotte,small
1785596678.7085984,126914,0.0498,0.9521,-0.2607,4.2725,1.2207,0.061,unlabeled,Charlotte,small
1785596678.7086024,126964,0.0474,0.957,-0.2725,4.3335,0.9766,-1.2207,unlabeled,Charlotte,small
1785596678.7086067,127014,0.041,0.9561,-0.2681,3.7231,1.709,0.9155,unlabeled,Charlotte,small
1785596678.7086108,127064,0.0503,0.9502,-0.2627,4.2114,1.1597,-0.8545,unlabeled,Charlotte,small
1785596678.7086146,127114,0.0483,0.9561,-0.2671,4.1504,1.1597,-0.5493,unlabeled,Charlotte,small
1785596678.7086182,127164,0.0479,0.9546,-0.2612,4.6387,1.3428,-0.6104,unlabeled,Charlotte,small
1785596678.7086222,127214,0.0449,0.9517,-0.2632,4.3945,1.2207,-0.7324,unlabeled,Charlotte,small
1785596679.3141716,127287,0.0474,0.9487,-0.2671,4.3335,1.2207,0.1221,unlabeled,Charlotte,small
1785596679.3141823,127337,0.0449,0.9546,-0.2686,4.3945,0.8545,-0.4272,unlabeled,Charlotte,small
1785596679.3141866,127387,0.0469,0.9507,-0.2671,4.2114,1.4038,0.4883,unlabeled,Charlotte,small
1785596679.3141901,127437,0.0439,0.9536,-0.2632,4.3335,1.2817,0.061,unlabeled,Charlotte,small
1785596679.3141932,127487,0.0493,0.9521,-0.2612,4.2114,1.1597,-0.2441,unlabeled,Charlotte,small
1785596679.3141966,127537,0.0464,0.9556,-0.2627,4.4556,1.4038,0.3052,unlabeled,Charlotte,small
1785596679.3141994,127587,0.0469,0.9526,-0.2676,4.5776,1.3428,-0.061,unlabeled,Charlotte,small
1785596679.3142025,127637,0.0469,0.9531,-0.2651,4.2114,1.2817,-0.3662,unlabeled,Charlotte,small
1785596679.3142052,127687,0.0527,0.9546,-0.2637,4.3945,1.2207,-0.061,unlabeled,Charlotte,small
1785596679.3142083,127737,0.0474,0.9546,-0.2666,4.2725,1.3428,-0.4272,unlabeled,Charlotte,small
1785596679.8340976,127889,0.0444,0.9512,-0.2651,4.5166,1.4038,0.3662,unlabeled,Charlotte,small
1785596679.8341122,127939,0.0498,0.9561,-0.2612,4.0283,1.3428,-0.1221,unlabeled,Charlotte,small
1785596679.8341188,127989,0.0469,0.9458,-0.2676,4.2114,0.9155,-0.3052,unlabeled,Charlotte,small
1785596679.834125,128039,0.0479,0.9531,-0.2642,4.4556,1.4038,-0.2441,unlabeled,Charlotte,small
1785596679.8341305,128089,0.0449,0.957,-0.2559,4.2725,1.1597,-0.2441,unlabeled,Charlotte,small
1785596679.834136,128139,0.0454,0.9546,-0.2612,4.3945,1.0376,0.061,unlabeled,Charlotte,small
1785596679.8341415,128189,0.0483,0.9531,-0.2656,4.4556,1.2207,-0.7935,unlabeled,Charlotte,small
1785596679.834147,128239,0.0474,0.9556,-0.2686,4.4556,1.0986,0.4272,unlabeled,Charlotte,small
1785596679.8341522,128289,0.0474,0.9531,-0.2676,4.6387,1.4038,0.4883,unlabeled,Charlotte,small
1785596679.8341575,128339,0.0513,0.9531,-0.2617,4.3335,1.1597,0.061,unlabeled,Charlotte,small
1785596680.350423,128411,0.0488,0.9556,-0.2651,4.3335,1.1597,-0.2441,unlabeled,Charlotte,small
1785596680.350434,128461,0.0498,0.9526,-0.2637,4.3335,1.2817,-0.1831,unlabeled,Charlotte,small
1785596680.350438,128511,0.0503,0.9487,-0.2627,4.6387,1.4038,0.2441,unlabeled,Charlotte,small
1785596680.3504415,128561,0.0464,0.9561,-0.2656,4.1504,1.2207,0.0,unlabeled,Charlotte,small
1785596680.350445,128611,0.0488,0.96,-0.2686,4.3945,1.0986,-0.3662,unlabeled,Charlotte,small
1785596680.3504484,128661,0.0488,0.9468,-0.2642,4.5776,1.0376,-0.3052,unlabeled,Charlotte,small
1785596680.3504517,128711,0.0479,0.9531,-0.2627,4.2114,1.3428,0.061,unlabeled,Charlotte,small
1785596680.3504548,128761,0.0522,0.9526,-0.2632,4.2725,1.1597,0.0,unlabeled,Charlotte,small
1785596680.3504577,128811,0.0449,0.9541,-0.2646,4.2725,1.2207,-0.3052,unlabeled,Charlotte,small
1785596680.3504605,128861,0.0483,0.9551,-0.2612,4.3335,1.2817,0.4272,unlabeled,Charlotte,small
1785596680.8589642,128923,0.0444,0.9536,-0.2695,4.3335,1.0986,0.2441,unlabeled,Charlotte,small
1785596680.8589804,128973,0.0449,0.9551,-0.2554,4.3335,1.2207,-0.1831,unlabeled,Charlotte,small
1785596680.8589869,129023,0.0518,0.9521,-0.2607,4.3945,1.2207,-0.1831,unlabeled,Charlotte,small
1785596680.8589928,129073,0.0464,0.9546,-0.2671,4.5166,1.2207,-0.5493,unlabeled,Charlotte,small
1785596680.8589983,129123,0.0435,0.9502,-0.2632,4.2725,1.0986,-0.1221,unlabeled,Charlotte,small
1785596680.859004,129173,0.0488,0.9531,-0.2622,4.3945,1.3428,0.2441,unlabeled,Charlotte,small
1785596680.8590097,129223,0.0488,0.9546,-0.2622,4.6387,1.2207,-0.4272,unlabeled,Charlotte,small
1785596680.8590155,129273,0.0483,0.9546,-0.2666,4.1504,1.3428,-0.1831,unlabeled,Charlotte,small
1785596680.8590205,129323,0.0474,0.9541,-0.2671,4.2725,1.1597,-0.3662,unlabeled,Charlotte,small
1785596680.859026,129373,0.0483,0.9551,-0.27,4.4556,1.3428,-0.061,unlabeled,Charlotte,small
1785596681.4656188,129434,0.0439,0.9556,-0.2637,4.3335,1.2817,-0.4883,unlabeled,Charlotte,small
1785596681.4656296,129484,0.0474,0.9536,-0.27,4.0283,1.3428,0.1831,unlabeled,Charlotte,small
1785596681.4656339,129534,0.0444,0.9502,-0.2725,4.4556,1.5869,0.3662,unlabeled,Charlotte,small
1785596681.4656374,129584,0.0464,0.9497,-0.2627,4.1504,1.2817,0.7324,unlabeled,Charlotte,small
1785596681.4656408,129634,0.0474,0.9502,-0.2661,4.2114,1.2817,-0.1831,unlabeled,Charlotte,small
1785596681.465644,129684,0.0493,0.9551,-0.2617,4.3945,1.0986,-0.4883,unlabeled,Charlotte,small
1785596681.4656472,129734,0.0469,0.9551,-0.2681,4.2725,1.2207,-0.1221,unlabeled,Charlotte,small
1785596681.46565,129784,0.0435,0.9526,-0.2607,4.5776,1.2207,0.061,unlabeled,Charlotte,small
1785596681.4656532,129834,0.0537,0.9521,-0.2622,4.0283,1.1597,0.061,unlabeled,Charlotte,small
1785596681.465656,129884,0.0464,0.9521,-0.2676,4.1504,0.7935,-0.8545,unlabeled,Charlotte,small
1785596681.9869392,130046,0.0483,0.9541,-0.2588,4.4556,1.2817,-0.4883,unlabeled,Charlotte,small
1785596681.9869494,130096,0.0479,0.9668,-0.2607,4.1504,0.9766,-0.5493,unlabeled,Charlotte,small
1785596681.9869537,130146,0.0439,0.9487,-0.2637,4.3335,0.8545,-0.6714,unlabeled,Charlotte,small
1785596681.986957,130196,0.0464,0.9502,-0.2622,4.2114,1.0986,-0.7935,unlabeled,Charlotte,small
1785596681.9869602,130246,0.0469,0.9541,-0.2681,4.1504,1.4038,0.1221,unlabeled,Charlotte,small
1785596681.9869637,130296,0.0508,0.9526,-0.2651,4.3335,1.0376,-0.2441,unlabeled,Charlotte,small
1785596681.9869666,130346,0.0508,0.9536,-0.2617,4.4556,1.2207,0.3052,unlabeled,Charlotte,small
1785596681.9869697,130396,0.0503,0.9517,-0.2661,4.3945,1.0376,-0.4272,unlabeled,Charlotte,small
1785596681.9869723,130446,0.0439,0.9512,-0.2686,4.5776,1.2207,-0.5493,unlabeled,Charlotte,small
1785596681.9869754,130496,0.0488,0.9531,-0.2622,4.3335,1.4038,-0.061,unlabeled,Charlotte,small
1785596682.5099804,130567,0.0439,0.9546,-0.2656,4.2725,0.9155,-0.3662,unlabeled,Charlotte,small
1785596682.5099924,130617,0.0474,0.9546,-0.2671,4.3335,1.3428,0.1221,unlabeled,Charlotte,small
1785596682.5099976,130667,0.0469,0.9512,-0.2622,4.6387,0.9766,-0.4883,unlabeled,Charlotte,small
1785596682.510002,130717,0.0454,0.9521,-0.2642,4.3335,1.0986,0.061,unlabeled,Charlotte,small
1785596682.510006,130767,0.0469,0.9507,-0.2603,4.3945,1.3428,0.4883,unlabeled,Charlotte,small
1785596682.51001,130817,0.0488,0.9541,-0.2642,4.3335,1.2817,-0.1221,unlabeled,Charlotte,small
1785596682.510014,130867,0.0474,0.9531,-0.271,4.2114,1.2207,-0.1221,unlabeled,Charlotte,small
1785596682.5100179,130917,0.0479,0.9526,-0.2646,4.4556,1.2817,0.0,unlabeled,Charlotte,small
1785596682.5100217,130967,0.0522,0.9551,-0.2617,4.0283,0.9155,-0.7324,unlabeled,Charlotte,small
1785596682.5100257,131017,0.0493,0.9556,-0.2632,4.3945,1.0986,-0.3662,unlabeled,Charlotte,small
1785596683.1115882,131089,0.0474,0.9575,-0.2603,4.0283,1.3428,-0.061,unlabeled,Charlotte,small
1785596683.1116004,131139,0.0454,0.9492,-0.2588,4.3335,1.0986,-0.2441,unlabeled,Charlotte,small
1785596683.1116056,131189,0.0464,0.9531,-0.2603,4.0894,1.2817,-0.1221,unlabeled,Charlotte,small
1785596683.1116102,131239,0.0488,0.9565,-0.2603,4.3335,1.2207,0.1221,unlabeled,Charlotte,small
1785596683.111614,131289,0.0479,0.9487,-0.2612,4.1504,1.1597,-0.061,unlabeled,Charlotte,small
1785596683.1116178,131339,0.0474,0.9536,-0.2642,4.2725,1.4648,0.1221,unlabeled,Charlotte,small
1785596683.1116216,131389,0.0464,0.9512,-0.2617,4.0894,1.2207,-0.4883,unlabeled,Charlotte,small
1785596683.1116252,131439,0.0454,0.9526,-0.2642,4.0894,1.2207,0.061,unlabeled,Charlotte,small
1785596683.1116288,131489,0.0464,0.9561,-0.2646,4.3945,1.2817,-0.4883,unlabeled,Charlotte,small
1785596683.1116323,131539,0.0479,0.9541,-0.2627,4.3335,1.2817,-0.061,unlabeled,Charlotte,small
1785596683.7392063,131691,0.0454,0.9561,-0.2656,4.7607,1.1597,-0.6714,unlabeled,Charlotte,small
1785596683.739218,131741,0.0444,0.9551,-0.2598,4.4556,1.3428,0.1221,unlabeled,Charlotte,small
1785596683.739222,131791,0.0493,0.9512,-0.2642,4.2725,1.4038,-0.061,unlabeled,Charlotte,small
1785596683.7392251,131841,0.0483,0.9507,-0.2666,4.6387,1.2817,0.3662,unlabeled,Charlotte,small
1785596683.7392285,131891,0.0479,0.9512,-0.269,4.3335,1.0376,-0.7324,unlabeled,Charlotte,small
1785596683.739232,131941,0.0425,0.9551,-0.2637,4.3335,1.2817,-0.4272,unlabeled,Charlotte,small
1785596683.7392352,131991,0.0459,0.9565,-0.2656,4.3335,1.2817,0.1221,unlabeled,Charlotte,small
1785596683.7392383,132041,0.0493,0.9531,-0.2646,4.3945,1.3428,0.0,unlabeled,Charlotte,small
1785596683.7392411,132091,0.0464,0.9531,-0.2651,4.3945,1.3428,-0.3052,unlabeled,Charlotte,small
1785596683.7392442,132141,0.0483,0.9502,-0.2646,4.3945,1.2207,-0.7324,unlabeled,Charlotte,small
1785596684.3454483,132314,0.0488,0.9536,-0.2627,4.4556,1.2207,-0.3052,unlabeled,Charlotte,small
1785596684.345466,132364,0.0454,0.957,-0.2593,4.4556,0.9766,-0.3662,unlabeled,Charlotte,small
1785596684.3454719,132414,0.0444,0.9551,-0.2656,4.4556,1.2817,-0.3662,unlabeled,Charlotte,small
1785596684.3454773,132464,0.0464,0.9536,-0.2646,4.3945,1.3428,0.2441,unlabeled,Charlotte,small
1785596684.3454823,132514,0.0469,0.9541,-0.2617,4.1504,1.2207,0.3662,unlabeled,Charlotte,small
1785596684.3454874,132564,0.0527,0.9507,-0.2651,4.2725,1.3428,-0.1831,unlabeled,Charlotte,small
1785596684.3454921,132614,0.0488,0.9536,-0.2642,4.5166,0.9155,-0.6104,unlabeled,Charlotte,small
1785596684.3454971,132664,0.0449,0.9546,-0.2715,4.5166,1.1597,-0.6104,unlabeled,Charlotte,small
1785596684.3455017,132714,0.0469,0.957,-0.2617,4.2725,1.3428,-0.1831,unlabeled,Charlotte,small
1785596684.3455067,132764,0.0454,0.9551,-0.2559,4.3945,1.4648,0.0,unlabeled,Charlotte,small
1785596684.9645991,132926,0.0459,0.9541,-0.2593,4.3945,1.2207,0.1831,unlabeled,Charlotte,small
1785596684.9646096,132976,0.0474,0.9502,-0.2598,4.3945,1.3428,0.3052,unlabeled,Charlotte,small
1785596684.9646137,133026,0.0518,0.9546,-0.2651,4.0894,1.2207,0.061,unlabeled,Charlotte,small
1785596684.9646173,133076,0.0498,0.9565,-0.2671,4.6387,1.2817,-0.1831,unlabeled,Charlotte,small
1785596684.9646204,133126,0.1362,1.0127,-0.3125,6.4087,4.2114,7.1411,unlabeled,Charlotte,small
1785596684.9646237,133176,0.019,0.8496,-0.1748,3.9673,-2.4414,-12.0239,unlabeled,Charlotte,small
1785596684.964627,133226,-0.0107,0.9775,-0.2485,-0.6104,-4.5776,-11.4746,unlabeled,Charlotte,small
1785596684.9646304,133276,0.0254,0.9614,-0.2539,2.1973,0.2441,-1.1597,unlabeled,Charlotte,small
1785596684.9646337,133326,0.0327,0.9521,-0.2603,3.7842,0.6104,-1.3428,unlabeled,Charlotte,small
1785596684.9646363,133376,0.0381,0.9536,-0.2598,4.0894,1.0986,0.061,unlabeled,Charlotte,small
1785596685.475562,133540,0.0444,0.9556,-0.2695,4.4556,1.0986,-0.061,unlabeled,Charlotte,small
1785596685.475574,133590,0.0483,0.9536,-0.2744,4.2114,1.4648,0.4883,unlabeled,Charlotte,small
1785596685.4755783,133640,0.0454,0.9541,-0.2612,4.2725,1.4038,0.2441,unlabeled,Charlotte,small
1785596685.4755821,133690,0.0474,0.9546,-0.2627,4.2725,1.5259,0.6104,unlabeled,Charlotte,small
1785596685.4755852,133740,0.0474,0.9492,-0.2578,4.3945,1.0986,0.1221,unlabeled,Charlotte,small
1785596685.4755886,133790,0.0459,0.9536,-0.2607,4.3945,1.0376,-0.4272,unlabeled,Charlotte,small
1785596685.4755914,133840,0.0488,0.9536,-0.2661,4.3335,1.1597,-0.2441,unlabeled,Charlotte,small
1785596685.4755945,133890,0.0479,0.9536,-0.2627,4.3335,0.7935,-0.7935,unlabeled,Charlotte,small
1785596685.4755974,133940,0.0522,0.9512,-0.2646,4.3945,1.0986,-0.4883,unlabeled,Charlotte,small
1785596685.4756005,133990,0.0444,0.96,-0.2642,4.2114,1.1597,-1.1597,unlabeled,Charlotte,small
1785596686.0927196,134051,0.0479,0.9556,-0.2607,4.3335,1.2817,0.0,unlabeled,Charlotte,small
1785596686.0927303,134101,0.0522,0.9536,-0.2803,4.8218,1.2817,-1.0376,unlabeled,Charlotte,small
1785596686.0927348,134151,0.0474,0.9526,-0.2617,4.0283,1.2207,0.5493,unlabeled,Charlotte,small
1785596686.0927382,134201,0.0464,0.9521,-0.2642,4.2114,1.4038,0.061,unlabeled,Charlotte,small
1785596686.0927415,134251,0.0479,0.9521,-0.2607,4.2114,1.1597,0.0,unlabeled,Charlotte,small
1785596686.0927444,134301,0.0454,0.9575,-0.2651,4.6997,1.2817,-0.7324,unlabeled,Charlotte,small
1785596686.0927474,134351,0.0498,0.9561,-0.2637,4.3945,0.9766,-0.4272,unlabeled,Charlotte,small
1785596686.0927525,134401,0.0444,0.9561,-0.2671,4.4556,0.9155,-0.6104,unlabeled,Charlotte,small
1785596686.092758,134451,0.0488,0.9556,-0.2544,4.0283,1.3428,-0.4883,unlabeled,Charlotte,small
1785596686.0927634,134501,0.0498,0.9541,-0.2656,4.3945,1.0376,-0.6104,unlabeled,Charlotte,small
1785596686.711678,134663,0.0474,0.9521,-0.2681,4.3335,0.9155,0.061,unlabeled,Charlotte,small
1785596686.7116892,134713,0.0479,0.9546,-0.2607,4.0283,1.0986,0.5493,unlabeled,Charlotte,small
1785596686.7116933,134763,0.0449,0.9517,-0.2622,4.3335,1.2817,0.1831,unlabeled,Charlotte,small
1785596686.711697,134813,0.0449,0.9575,-0.2612,4.1504,1.0986,0.0,unlabeled,Charlotte,small
1785596686.7117004,134863,0.0469,0.9536,-0.2676,4.2114,1.4648,0.1831,unlabeled,Charlotte,small
1785596686.7117038,134913,0.0464,0.9546,-0.2661,4.3945,1.4038,0.2441,unlabeled,Charlotte,small
1785596686.711707,134963,0.0498,0.9497,-0.2656,4.4556,1.1597,0.6714,unlabeled,Charlotte,small
1785596686.7117102,135013,0.0513,0.9531,-0.2554,4.3335,1.2817,0.061,unlabeled,Charlotte,small
1785596686.711713,135063,0.043,0.9512,-0.272,4.2725,1.1597,0.1831,unlabeled,Charlotte,small
1785596686.7117162,135113,0.0474,0.9585,-0.2656,4.1504,1.2817,0.1831,unlabeled,Charlotte,small
1785596687.2330573,135286,0.0498,0.9531,-0.2666,4.3945,1.0986,0.3052,unlabeled,Charlotte,small
1785596687.2330766,135336,0.0444,0.9531,-0.2637,4.3335,1.2207,0.1221,unlabeled,Charlotte,small
1785596687.2330825,135386,0.0454,0.9531,-0.2578,4.5166,1.0986,-0.1221,unlabeled,Charlotte,small
1785596687.2330885,135436,0.0435,0.9512,-0.2646,4.2725,1.3428,0.3052,unlabeled,Charlotte,small
1785596687.2330942,135486,0.0435,0.9512,-0.2637,4.3335,1.4038,-0.2441,unlabeled,Charlotte,small
1785596687.2330997,135536,0.0454,0.9526,-0.2598,4.4556,1.1597,0.1221,unlabeled,Charlotte,small
1785596687.2331054,135586,0.0454,0.9541,-0.2651,4.4556,1.2207,-0.3662,unlabeled,Charlotte,small
1785596687.2331107,135636,0.0405,0.9517,-0.2642,4.0894,1.2207,-0.4272,unlabeled,Charlotte,small
1785596687.233116,135686,0.0464,0.9575,-0.2666,4.6387,1.0986,-0.2441,unlabeled,Charlotte,small
1785596687.233121,135736,0.0459,0.9531,-0.2598,4.5776,1.0986,-0.2441,unlabeled,Charlotte,small
1785596687.7525115,135810,0.0459,0.9565,-0.2695,4.2114,1.3428,-0.6714,unlabeled,Charlotte,small
1785596687.752523,135860,0.0449,0.9526,-0.2603,4.2114,1.1597,-0.4272,unlabeled,Charlotte,small
1785596687.752527,135910,0.0469,0.9546,-0.2632,4.2725,1.0376,-0.3662,unlabeled,Charlotte,small
1785596687.7525306,135960,0.0459,0.9536,-0.2607,4.4556,0.7935,-0.6714,unlabeled,Charlotte,small
1785596687.752534,136010,0.0479,0.9526,-0.2593,4.3335,1.5259,0.061,unlabeled,Charlotte,small
1785596687.752537,136060,0.0459,0.9556,-0.2637,4.1504,1.1597,-0.061,unlabeled,Charlotte,small
1785596687.75254,136110,0.0454,0.958,-0.2632,4.3335,1.1597,-0.3052,unlabeled,Charlotte,small
1785596687.752543,136160,0.0464,0.9512,-0.2607,4.4556,1.1597,-0.1831,unlabeled,Charlotte,small
1785596687.7525458,136210,0.0449,0.9561,-0.2593,4.0283,1.0986,0.1831,unlabeled,Charlotte,small
1785596687.752549,136260,0.0469,0.9507,-0.2671,4.3945,1.5259,0.061,unlabeled,Charlotte,small
1785596688.2637665,136323,0.0498,0.9551,-0.2646,4.3945,1.1597,-0.4883,unlabeled,Charlotte,small
1785596688.263778,136373,0.0444,0.9556,-0.2607,4.4556,0.9766,-0.1221,unlabeled,Charlotte,small
1785596688.2637818,136423,0.0483,0.9502,-0.2559,4.5166,1.0986,-0.4883,unlabeled,Charlotte,small
1785596688.2637854,136473,0.0464,0.9517,-0.2573,4.2114,1.2207,-0.5493,unlabeled,Charlotte,small
1785596688.2637887,136523,0.0439,0.9531,-0.2671,4.3335,1.2207,0.1831,unlabeled,Charlotte,small
1785596688.263792,136573,0.0479,0.9492,-0.2681,4.3945,1.4038,0.1831,unlabeled,Charlotte,small
1785596688.2637951,136623,0.0435,0.9531,-0.2588,4.4556,1.2817,0.4883,unlabeled,Charlotte,small
1785596688.2637982,136673,0.0435,0.9556,-0.2695,4.3335,1.1597,-0.1221,unlabeled,Charlotte,small
1785596688.263801,136723,0.0479,0.9531,-0.2627,4.5776,1.3428,-0.1831,unlabeled,Charlotte,small
1785596688.263804,136773,0.043,0.9565,-0.2681,4.5166,1.4038,-0.3662,unlabeled,Charlotte,small
1785596688.8737018,136835,0.0518,0.9521,-0.2622,4.4556,1.3428,0.5493,unlabeled,Charlotte,small
1785596688.8737125,136885,0.0513,0.9541,-0.2656,4.3945,1.2207,-0.4883,unlabeled,Charlotte,small
1785596688.873717,136935,0.0479,0.9546,-0.2637,4.0894,1.3428,0.4272,unlabeled,Charlotte,small
1785596688.8737204,136985,0.0425,0.9521,-0.2705,4.3335,1.2817,0.061,unlabeled,Charlotte,small
1785596688.8737237,137035,0.0449,0.9561,-0.2646,4.6387,1.0376,-0.061,unlabeled,Charlotte,small
1785596688.8737266,137085,0.0464,0.9531,-0.2617,4.3335,1.2207,-0.7935,unlabeled,Charlotte,small
1785596688.8737295,137135,0.0444,0.9507,-0.2646,4.5166,1.0986,0.0,unlabeled,Charlotte,small
1785596688.8737326,137185,0.04,0.9546,-0.2656,4.4556,1.1597,-0.4883,unlabeled,Charlotte,small
1785596688.8737357,137235,0.0474,0.9536,-0.2539,4.6387,1.1597,-0.3662,unlabeled,Charlotte,small
1785596688.8737388,137285,0.0479,0.9546,-0.2588,4.3335,1.2207,-0.2441,unlabeled,Charlotte,small
1785596689.485838,137457,0.0483,0.9556,-0.2563,4.0283,1.0986,0.1831,unlabeled,Charlotte,small
1785596689.4858513,137507,0.0444,0.9521,-0.269,4.2114,1.2817,-0.061,unlabeled,Charlotte,small
1785596689.4858575,137557,0.0479,0.9521,-0.2656,4.2725,1.0986,0.1221,unlabeled,Charlotte,small
1785596689.4858637,137607,0.0479,0.9551,-0.2607,4.5776,1.2817,-0.1831,unlabeled,Charlotte,small
1785596689.4858687,137657,0.0425,0.957,-0.2661,4.7607,1.3428,-0.1831,unlabeled,Charlotte,small
1785596689.4858744,137707,0.0459,0.9517,-0.2617,4.6387,1.5869,0.0,unlabeled,Charlotte,small
1785596689.4858797,137757,0.0474,0.9517,-0.2593,4.5166,1.2207,-0.061,unlabeled,Charlotte,small
1785596689.4858847,137807,0.0469,0.9468,-0.2637,4.5776,0.8545,-0.6104,unlabeled,Charlotte,small
1785596689.4858902,137857,0.0493,0.9551,-0.2607,4.3945,1.2817,-0.1221,unlabeled,Charlotte,small
1785596689.4858952,137907,0.0435,0.9556,-0.2622,4.3335,1.0986,-0.3052,unlabeled,Charlotte,small
1785596690.1021297,138059,0.0454,0.9497,-0.2646,4.3945,1.2207,-0.1831,unlabeled,Charlotte,small
1785596690.1021407,138109,0.042,0.9526,-0.2661,4.5166,1.1597,-0.5493,unlabeled,Charlotte,small
1785596690.1021447,138159,0.0474,0.957,-0.2617,4.5776,1.2207,-0.4272,unlabeled,Charlotte,small
1785596690.102148,138209,0.0459,0.9556,-0.2627,4.5166,1.4038,-0.3052,unlabeled,Charlotte,small
1785596690.1021512,138259,0.0469,0.9502,-0.2588,4.3335,1.0376,-0.3662,unlabeled,Charlotte,small
1785596690.1021545,138309,0.0518,0.9595,-0.2612,4.0283,1.0986,-0.3052,unlabeled,Charlotte,small
1785596690.1021576,138359,0.043,0.9521,-0.2627,4.2114,1.0376,-0.3662,unlabeled,Charlotte,small
1785596690.1021607,138409,0.043,0.9541,-0.2617,4.2114,1.2817,-0.061,unlabeled,Charlotte,small
1785596690.1021636,138459,0.0454,0.9521,-0.2612,4.0894,1.2207,0.061,unlabeled,Charlotte,small
1785596690.1021662,138509,0.0493,0.9556,-0.2686,4.2725,1.2817,-0.1831,unlabeled,Charlotte,small
1785596690.6118526,138673,0.0425,0.9526,-0.2568,4.1504,1.0376,0.061,unlabeled,Charlotte,small
1785596690.6118631,138723,0.0449,0.9546,-0.2588,4.7607,1.2207,-0.1221,unlabeled,Charlotte,small
1785596690.6118674,138773,0.0483,0.9551,-0.2598,4.5166,1.3428,-0.2441,unlabeled,Charlotte,small
1785596690.6118708,138823,0.0474,0.9546,-0.27,4.5166,1.1597,-0.9766,unlabeled,Charlotte,small
1785596690.6118739,138873,0.043,0.9531,-0.2593,4.3945,0.9766,0.061,unlabeled,Charlotte,small
1785596690.6118772,138923,0.0444,0.9556,-0.2617,4.1504,1.2817,0.061,unlabeled,Charlotte,small
1785596690.6118803,138973,0.0435,0.9551,-0.2573,4.3335,1.2817,0.0,unlabeled,Charlotte,small
1785596690.6118832,139023,0.0474,0.9526,-0.2632,4.3335,1.3428,0.061,unlabeled,Charlotte,small
1785596690.6118863,139073,0.0479,0.9551,-0.2686,4.1504,0.9155,-0.2441,unlabeled,Charlotte,small
1785596690.6118894,139123,0.0439,0.9561,-0.2598,4.5776,1.3428,-0.6104,unlabeled,Charlotte,small
1785596692.167211,139185,0.0503,0.9546,-0.2637,4.1504,1.1597,0.3052,unlabeled,Charlotte,small
1785596692.1672223,139235,0.0483,0.9512,-0.2632,4.3945,1.0376,-0.5493,unlabeled,Charlotte,small
1785596692.1672263,139285,0.0459,0.9546,-0.2705,4.2114,1.0376,-0.6714,unlabeled,Charlotte,small
1785596692.16723,139335,0.0454,0.9521,-0.2603,4.3945,1.2207,0.4272,unlabeled,Charlotte,small
1785596692.167233,139385,0.0503,0.9521,-0.2588,4.5166,1.2207,-0.4272,unlabeled,Charlotte,small
1785596692.1672366,139435,0.0439,0.957,-0.2598,4.2725,0.8545,0.1221,unlabeled,Charlotte,small
1785596692.1672397,139485,0.0449,0.9541,-0.2612,4.3335,1.1597,0.1831,unlabeled,Charlotte,small
1785596692.1672425,139535,0.0483,0.9497,-0.2627,4.3335,1.5259,0.2441,unlabeled,Charlotte,small
1785596692.1672454,139585,0.0479,0.9507,-0.2671,4.5166,1.2817,-0.4883,unlabeled,Charlotte,small
1785596692.1672485,139635,0.0479,0.9546,-0.2646,4.3945,1.4038,-0.2441,unlabeled,Charlotte,small
1785596692.7142875,140775,0.0459,0.9575,-0.2646,4.1504,1.2817,0.061,unlabeled,Charlotte,small
1785596692.7142987,140825,0.0444,0.9536,-0.2627,4.3335,1.0986,0.061,unlabeled,Charlotte,small
1785596692.714303,140875,0.0454,0.9575,-0.2612,4.3945,1.0376,-0.6104,unlabeled,Charlotte,small
1785596692.7143073,140925,0.0444,0.9551,-0.2617,4.6997,1.2207,-0.3662,unlabeled,Charlotte,small
1785596692.7143114,140975,0.0508,0.9585,-0.2651,4.5776,1.0376,-0.1831,unlabeled,Charlotte,small
1785596692.7143154,141025,0.0479,0.9531,-0.2588,4.1504,1.5259,0.1831,unlabeled,Charlotte,small
1785596692.714319,141075,0.0508,0.957,-0.2622,4.2725,1.0376,-0.061,unlabeled,Charlotte,small
1785596692.7143228,141125,0.0483,0.9536,-0.2681,4.6387,1.1597,0.0,unlabeled,Charlotte,small
1785596692.7143266,141175,0.0479,0.9556,-0.2622,4.5776,1.0376,-0.1221,unlabeled,Charlotte,small
1785596692.7143304,141225,0.0479,0.9517,-0.2568,4.1504,1.0986,-0.4883,unlabeled,Charlotte,small
1785596693.3483698,141287,0.043,0.9507,-0.2646,4.6997,1.2207,-0.5493,unlabeled,Charlotte,small
1785596693.3483822,141337,0.0449,0.9536,-0.2554,4.3945,1.2817,-0.3052,unlabeled,Charlotte,small
1785596693.3483872,141387,0.0483,0.9575,-0.2598,4.2725,1.0376,-0.3052,unlabeled,Charlotte,small
1785596693.3483915,141437,0.0449,0.9561,-0.2607,4.0894,1.2817,0.4883,unlabeled,Charlotte,small
1785596693.3483953,141487,0.0459,0.9541,-0.2671,4.4556,1.2207,-0.1221,unlabeled,Charlotte,small
1785596693.3483994,141537,0.0483,0.9521,-0.2676,4.5776,1.2207,-0.2441,unlabeled,Charlotte,small
1785596693.3484027,141587,0.0522,0.9517,-0.2598,4.4556,1.0986,-0.5493,unlabeled,Charlotte,small
1785596693.3484063,141637,0.0464,0.9502,-0.2607,4.1504,1.2817,0.1221,unlabeled,Charlotte,small
1785596693.3484101,141687,0.0464,0.9546,-0.2637,4.3335,1.2207,0.061,unlabeled,Charlotte,small
1785596693.348414,141737,0.043,0.9546,-0.2612,4.4556,1.2817,-0.4883,unlabeled,Charlotte,small
1785596693.8725364,141930,0.0474,0.9526,-0.2622,4.2114,1.1597,0.4272,unlabeled,Charlotte,small
1785596693.8725486,141980,0.0464,0.9604,-0.2529,4.2114,0.9766,-0.4883,unlabeled,Charlotte,small
1785596693.8725538,142030,0.0459,0.9565,-0.2671,4.4556,1.3428,-0.5493,unlabeled,Charlotte,small
1785596693.872558,142080,0.0449,0.9531,-0.2656,4.4556,0.9766,-0.2441,unlabeled,Charlotte,small
1785596693.8725622,142130,0.0444,0.9541,-0.2656,4.0894,1.2817,0.061,unlabeled,Charlotte,small
1785596693.8725662,142180,0.0449,0.9512,-0.2544,4.1504,1.3428,0.3662,unlabeled,Charlotte,small
1785596693.87257,142230,0.0483,0.9565,-0.2656,4.4556,1.0986,-0.5493,unlabeled,Charlotte,small
1785596693.8725736,142280,0.0454,0.9556,-0.2627,4.5776,1.4038,0.0,unlabeled,Charlotte,small
1785596693.8725774,142330,0.0459,0.9531,-0.2637,4.3945,1.2207,-0.1221,unlabeled,Charlotte,small
1785596693.8725815,142380,0.0449,0.9526,-0.2612,4.0894,1.1597,-0.061,unlabeled,Charlotte,small
1785596694.4709604,142452,0.0469,0.9546,-0.2642,4.1504,1.3428,0.4272,unlabeled,Charlotte,small
1785596694.4709713,142502,0.0503,0.9556,-0.2695,4.3945,1.2817,-0.3052,unlabeled,Charlotte,small
1785596694.4709756,142552,0.0479,0.9492,-0.2681,4.4556,1.0986,-0.4272,unlabeled,Charlotte,small
1785596694.470979,142602,0.0464,0.9526,-0.2632,4.4556,1.2817,0.1831,unlabeled,Charlotte,small
1785596694.4709823,142652,0.0469,0.9536,-0.2627,4.2725,1.0986,0.0,unlabeled,Charlotte,small
1785596694.470986,142702,0.0439,0.9517,-0.2607,4.2725,1.2207,0.0,unlabeled,Charlotte,small
1785596694.4709888,142752,0.0493,0.9526,-0.2583,4.4556,1.2207,-0.4883,unlabeled,Charlotte,small
1785596694.4709918,142802,0.0449,0.9458,-0.2612,4.3335,1.3428,-0.1221,unlabeled,Charlotte,small
1785596694.4709947,142852,0.0479,0.957,-0.2676,4.0283,1.5259,0.6104,unlabeled,Charlotte,small
1785596694.470998,142902,0.04,0.9521,-0.2563,4.5166,1.3428,0.061,unlabeled,Charlotte,small
1785596694.990739,143044,0.0488,0.9497,-0.2583,4.2114,1.0986,-0.4272,unlabeled,Charlotte,small
1785596694.9907506,143094,0.0469,0.9551,-0.2642,4.3945,1.2207,0.0,unlabeled,Charlotte,small
1785596694.9907548,143144,0.0449,0.9546,-0.2666,4.3945,0.8545,-0.5493,unlabeled,Charlotte,small
1785596694.9907584,143194,0.0435,0.957,-0.2637,4.3945,0.9766,-0.7935,unlabeled,Charlotte,small
1785596694.9907615,143244,0.0483,0.9541,-0.2598,4.2725,1.4038,-0.6104,unlabeled,Charlotte,small
1785596694.9907649,143294,0.043,0.9541,-0.2573,4.0283,1.0376,-0.1221,unlabeled,Charlotte,small
1785596694.9907682,143344,0.0459,0.9546,-0.2588,4.3335,1.0986,0.061,unlabeled,Charlotte,small
1785596694.990771,143394,0.0435,0.9551,-0.2646,4.5166,0.9155,-0.3662,unlabeled,Charlotte,small
1785596694.9907737,143444,0.0474,0.9536,-0.2656,4.2725,1.4038,0.1221,unlabeled,Charlotte,small
1785596694.9907768,143494,0.0459,0.9546,-0.2622,4.0894,1.0986,0.3052,unlabeled,Charlotte,small
1785596695.7001731,143567,0.042,0.9561,-0.2632,4.6387,1.2817,-0.1221,unlabeled,Charlotte,small
1785596695.700184,143617,0.0479,0.957,-0.2612,4.3945,1.2817,-0.3662,unlabeled,Charlotte,small
1785596695.7001882,143667,0.0444,0.9561,-0.2588,4.2725,1.0986,-0.7324,unlabeled,Charlotte,small
1785596695.700192,143717,0.0479,0.958,-0.2622,4.0283,1.4038,0.061,unlabeled,Charlotte,small
1785596695.7001953,143767,0.0474,0.9531,-0.2622,4.5776,1.2817,-0.3662,unlabeled,Charlotte,small
1785596695.700199,143817,0.043,0.9551,-0.2651,4.5776,1.0986,-0.3052,unlabeled,Charlotte,small
1785596695.7002017,143867,0.0493,0.9517,-0.2583,4.3335,1.0376,-0.1221,unlabeled,Charlotte,small
1785596695.7002048,143917,0.0439,0.9521,-0.2622,4.3945,1.1597,-0.3662,unlabeled,Charlotte,small
1785596695.7002077,143967,0.0469,0.9502,-0.2632,4.5776,1.3428,-0.3052,unlabeled,Charlotte,small
1785596695.7002103,144017,0.0469,0.9531,-0.2627,4.5166,1.0986,0.0,unlabeled,Charlotte,small
1785596696.3154027,144279,0.0454,0.9512,-0.2612,4.3945,1.1597,-0.2441,unlabeled,Charlotte,small
1785596696.315417,144329,0.0493,0.9556,-0.2607,4.3945,1.4038,-0.1831,unlabeled,Charlotte,small
1785596696.3154235,144379,0.0415,0.9546,-0.2715,4.3335,1.0986,-0.3052,unlabeled,Charlotte,small
1785596696.3154294,144429,0.0469,0.9556,-0.2617,4.6387,1.4648,-0.1221,unlabeled,Charlotte,small
1785596696.315435,144479,0.0444,0.9546,-0.2598,4.0894,1.1597,-0.2441,unlabeled,Charlotte,small
1785596696.3154407,144529,0.0464,0.9521,-0.2554,4.0283,1.0986,0.0,unlabeled,Charlotte,small
1785596696.3154466,144579,0.0469,0.9546,-0.2642,4.6387,1.1597,-0.1221,unlabeled,Charlotte,small
1785596696.3154519,144629,0.0483,0.9507,-0.2573,4.5166,1.4648,-0.061,unlabeled,Charlotte,small
1785596696.3154573,144679,0.0464,0.9546,-0.2593,4.2114,1.2207,0.061,unlabeled,Charlotte,small
1785596696.3154626,144729,0.0469,0.9521,-0.2617,4.3335,1.0376,0.0,unlabeled,Charlotte,small
1785596696.9267876,144891,0.0488,0.9546,-0.2573,4.4556,1.2207,-0.5493,unlabeled,Charlotte,small
1785596696.926802,144941,0.043,0.9517,-0.2559,4.1504,1.2817,-0.1221,unlabeled,Charlotte,small
1785596696.9268086,144991,0.0469,0.9492,-0.2588,4.3335,1.2207,0.2441,unlabeled,Charlotte,small
1785596696.9268148,145041,0.0503,0.9551,-0.2612,4.7607,1.3428,-0.7324,unlabeled,Charlotte,small
1785596696.92682,145091,0.0483,0.9595,-0.2612,4.3335,1.2207,-0.4883,unlabeled,Charlotte,small
1785596696.9268258,145141,0.0449,0.9551,-0.2686,4.2725,1.2207,0.2441,unlabeled,Charlotte,small
1785596696.9268312,145191,0.0493,0.9526,-0.2612,4.4556,1.2207,-0.4883,unlabeled,Charlotte,small
1785596696.9268365,145241,0.0469,0.9502,-0.2583,4.3335,1.0986,-0.4883,unlabeled,Charlotte,small
1785596696.9268422,145291,0.0513,0.9575,-0.2627,4.3335,1.3428,-0.061,unlabeled,Charlotte,small
1785596696.9268475,145341,0.0444,0.9546,-0.2656,4.4556,1.2207,0.0,unlabeled,Charlotte,small
1785596697.4511287,145503,0.0479,0.9517,-0.2593,4.3335,1.2817,-0.2441,unlabeled,Charlotte,small
1785596697.451145,145553,0.043,0.9551,-0.2632,4.2725,1.2207,0.0,unlabeled,Charlotte,small
1785596697.4511514,145603,0.0396,0.9565,-0.2637,4.4556,1.0376,-0.3662,unlabeled,Charlotte,small
1785596697.4511576,145653,0.0464,0.9512,-0.2607,4.3335,1.2207,-0.4272,unlabeled,Charlotte,small
1785596697.4511628,145703,0.0415,0.9531,-0.2627,4.1504,1.4038,0.061,unlabeled,Charlotte,small
1785596697.451169,145753,0.0454,0.9531,-0.2656,4.4556,1.0376,-0.1221,unlabeled,Charlotte,small
1785596697.4511745,145803,0.0503,0.9536,-0.2617,4.6997,1.2207,-0.061,unlabeled,Charlotte,small
1785596697.4511797,145853,0.0474,0.9531,-0.2583,4.3335,1.2817,0.061,unlabeled,Charlotte,small
1785596697.4511855,145903,0.0435,0.9575,-0.2651,4.3335,1.2817,0.0,unlabeled,Charlotte,small
1785596697.4511905,145953,0.0464,0.9531,-0.2646,4.6387,1.2817,-0.2441,unlabeled,Charlotte,small
1785596698.1563835,146025,0.0454,0.9526,-0.2622,4.3945,1.1597,-0.4883,unlabeled,Charlotte,small
1785596698.1563947,146075,0.0435,0.9536,-0.2617,4.3335,1.0376,0.2441,unlabeled,Charlotte,small
1785596698.156399,146125,0.0435,0.9531,-0.2627,4.6387,1.0376,-0.7935,unlabeled,Charlotte,small
1785596698.1564026,146175,0.0479,0.9512,-0.2617,4.5776,1.0986,0.061,unlabeled,Charlotte,small
1785596698.156406,146225,0.0454,0.9536,-0.2642,4.2725,1.2207,0.0,unlabeled,Charlotte,small
1785596698.1564095,146275,0.0439,0.9492,-0.2593,4.3945,1.2207,-0.4272,unlabeled,Charlotte,small
1785596698.1564126,146325,0.0474,0.9551,-0.2646,4.3945,0.9155,-0.7324,unlabeled,Charlotte,small
1785596698.1564157,146375,0.0444,0.9507,-0.2622,4.0894,1.1597,-0.1221,unlabeled,Charlotte,small
1785596698.1564188,146425,0.0439,0.9551,-0.2583,4.3335,1.0986,-0.3052,unlabeled,Charlotte,small
1785596698.156422,146475,0.0435,0.9541,-0.2622,4.4556,0.9766,-0.5493,unlabeled,Charlotte,small
1785596698.671605,146727,0.0449,0.9482,-0.2627,4.2114,1.3428,0.3662,unlabeled,Charlotte,small
1785596698.6716187,146777,0.0459,0.9546,-0.2661,4.2725,1.1597,-0.3052,unlabeled,Charlotte,small
1785596698.6716251,146827,0.0498,0.9526,-0.2622,4.3945,1.2207,0.1221,unlabeled,Charlotte,small
1785596698.6716306,146877,0.0488,0.9546,-0.2622,4.3945,0.9766,-0.4883,unlabeled,Charlotte,small
1785596698.6716359,146927,0.0464,0.9565,-0.2593,4.0894,1.3428,-0.1831,unlabeled,Charlotte,small
1785596698.6716413,146977,0.0474,0.9526,-0.2656,4.3945,1.1597,0.061,unlabeled,Charlotte,small
1785596698.6716464,147027,0.0449,0.9546,-0.2681,4.4556,1.2817,-0.2441,unlabeled,Charlotte,small
1785596698.6716514,147077,0.0469,0.957,-0.2578,4.5776,1.2207,-0.4883,unlabeled,Charlotte,small
1785596698.6716561,147127,0.0439,0.9512,-0.2612,4.2725,1.1597,-0.4272,unlabeled,Charlotte,small
1785596698.6716614,147177,0.0474,0.9546,-0.2617,4.0894,1.2207,-0.061,unlabeled,Charlotte,small
1785596699.1865108,147248,0.043,0.9556,-0.2612,4.3945,1.3428,-0.1221,unlabeled,Charlotte,small
1785596699.1865249,147298,0.0474,0.9546,-0.2598,4.2725,1.0376,-0.1221,unlabeled,Charlotte,small
1785596699.1865294,147348,0.0483,0.9536,-0.2559,4.3945,0.9766,-0.3662,unlabeled,Charlotte,small
1785596699.186533,147398,0.0469,0.9521,-0.2632,4.0894,0.9766,-0.061,unlabeled,Charlotte,small
1785596699.186536,147448,0.0444,0.9517,-0.2637,4.2725,1.1597,-0.1221,unlabeled,Charlotte,small
1785596699.1865394,147498,0.0498,0.9521,-0.2617,4.5166,1.3428,-0.2441,unlabeled,Charlotte,small
1785596699.1865427,147548,0.0444,0.9507,-0.2617,4.4556,1.2207,-0.3052,unlabeled,Charlotte,small
1785596699.1865456,147598,0.0479,0.9536,-0.2617,4.3335,1.5259,0.1221,unlabeled,Charlotte,small
1785596699.1865485,147648,0.0464,0.9536,-0.2612,4.2114,1.4648,0.1831,unlabeled,Charlotte,small
1785596699.1865513,147698,0.0464,0.9561,-0.2588,4.4556,1.1597,0.1221,unlabeled,Charlotte,small
1785596699.7015505,147760,0.0464,0.9546,-0.2617,4.1504,1.0986,-0.061,unlabeled,Charlotte,small
1785596699.7015626,147810,0.0479,0.9507,-0.2632,4.3335,1.3428,-0.061,unlabeled,Charlotte,small
1785596699.7015674,147860,0.0488,0.9521,-0.271,4.2725,1.0986,0.061,unlabeled,Charlotte,small
1785596699.7015722,147910,0.0459,0.9565,-0.2622,4.6387,1.2817,-0.3662,unlabeled,Charlotte,small
1785596699.7015762,147960,0.0469,0.9546,-0.2617,4.3945,0.9766,-0.3052,unlabeled,Charlotte,small
1785596699.7015803,148010,0.0444,0.9531,-0.2617,4.2725,1.4038,-0.1221,unlabeled,Charlotte,small
1785596699.7015839,148060,0.0454,0.9526,-0.2686,4.1504,1.1597,-0.5493,unlabeled,Charlotte,small
1785596699.7015877,148110,0.0469,0.9526,-0.2666,4.5166,1.0986,-0.2441,unlabeled,Charlotte,small
1785596699.7015913,148160,0.0479,0.9541,-0.2588,4.3945,1.0986,-0.061,unlabeled,Charlotte,small
1785596699.7015948,148210,0.0474,0.9526,-0.2583,4.3945,1.3428,-0.3052,unlabeled,Charlotte,small
1785596700.306228,148272,0.0488,0.9541,-0.2612,4.3945,0.8545,-0.061,unlabeled,Charlotte,small
1785596700.30624,148322,0.0474,0.9521,-0.2598,4.3945,1.1597,-0.2441,unlabeled,Charlotte,small
1785596700.306245,148372,0.0454,0.9541,-0.2637,4.2725,1.2207,-0.1831,unlabeled,Charlotte,small
1785596700.3062496,148422,0.0435,0.9492,-0.2612,4.2725,1.3428,-0.1221,unlabeled,Charlotte,small
1785596700.306254,148472,0.0454,0.958,-0.2607,4.3335,1.0986,-0.1831,unlabeled,Charlotte,small
1785596700.3062582,148522,0.0518,0.9521,-0.2622,4.5166,1.3428,-0.1221,unlabeled,Charlotte,small
1785596700.306262,148572,0.0464,0.9551,-0.2671,4.3335,1.1597,-0.1221,unlabeled,Charlotte,small
1785596700.3062656,148622,0.0454,0.9512,-0.2632,4.2114,1.2817,0.4272,unlabeled,Charlotte,small
1785596700.3062692,148672,0.0479,0.9565,-0.2681,4.5776,1.3428,0.0,unlabeled,Charlotte,small
1785596700.306273,148722,0.0459,0.9561,-0.2607,4.5776,1.0986,-0.1831,unlabeled,Charlotte,small
1785596700.8258505,148884,0.0469,0.9546,-0.2637,4.5776,1.3428,-0.4272,unlabeled,Charlotte,small
1785596700.8258624,148934,0.0439,0.9536,-0.2554,4.3945,1.1597,-0.2441,unlabeled,Charlotte,small
1785596700.8258674,148984,0.0454,0.9546,-0.2568,4.3335,1.1597,-0.1221,unlabeled,Charlotte,small
1785596700.8258717,149034,0.0474,0.9521,-0.2607,4.3945,1.3428,-0.1831,unlabeled,Charlotte,small
1785596700.8258755,149084,0.0474,0.9546,-0.2705,4.2725,1.2207,-0.1221,unlabeled,Charlotte,small
1785596700.8258793,149134,0.0508,0.9565,-0.2583,4.6387,1.2207,-0.4272,unlabeled,Charlotte,small
1785596700.8258832,149184,0.043,0.9536,-0.2627,4.3945,1.1597,-0.2441,unlabeled,Charlotte,small
1785596700.8258867,149234,0.0479,0.9507,-0.2588,4.0894,1.4038,-0.1221,unlabeled,Charlotte,small
1785596700.8258905,149284,0.0488,0.9556,-0.2632,4.0894,1.2817,0.1831,unlabeled,Charlotte,small
1785596700.825894,149334,0.0444,0.9521,-0.2603,4.6997,1.1597,-0.6714,unlabeled,Charlotte,small
1785596701.3362532,149397,0.0503,0.9556,-0.2617,4.1504,1.3428,0.061,unlabeled,Charlotte,small
1785596701.3362656,149447,0.0439,0.9497,-0.2588,4.5776,1.2207,-0.061,unlabeled,Charlotte,small
1785596701.3362706,149497,0.0444,0.9575,-0.2607,4.4556,0.9766,-0.3662,unlabeled,Charlotte,small
1785596701.336275,149547,0.0439,0.9502,-0.2622,4.5776,1.0986,-0.4883,unlabeled,Charlotte,small
1785596701.3362792,149597,0.0454,0.9541,-0.2549,4.1504,1.1597,0.1221,unlabeled,Charlotte,small
1785596701.3362832,149647,0.0474,0.9502,-0.2651,4.1504,1.3428,-0.1221,unlabeled,Charlotte,small
1785596701.336287,149697,0.0444,0.9546,-0.269,4.4556,1.1597,-0.1221,unlabeled,Charlotte,small
1785596701.3362906,149747,0.0488,0.9551,-0.2651,4.2725,1.0986,-0.5493,unlabeled,Charlotte,small
1785596701.3362944,149797,0.0469,0.9517,-0.2651,4.4556,1.4038,-0.1831,unlabeled,Charlotte,small
1785596701.336298,149847,0.0435,0.9502,-0.2617,4.3335,1.2817,-0.1831,unlabeled,Charlotte,small
1785596701.8468766,149909,0.0444,0.9512,-0.2646,4.5166,1.1597,-0.3662,unlabeled,Charlotte,small
1785596701.8468874,149959,0.0469,0.9561,-0.2593,4.2114,1.2817,-0.3662,unlabeled,Charlotte,small
1785596701.8468914,150009,0.0483,0.9546,-0.2607,4.3335,1.0986,-0.3052,unlabeled,Charlotte,small
1785596701.8468952,150059,0.043,0.9536,-0.2646,4.1504,1.2207,-0.3052,unlabeled,Charlotte,small
1785596701.846898,150109,0.0425,0.9565,-0.2627,4.3335,1.3428,0.3052,unlabeled,Charlotte,small
1785596701.8469014,150159,0.0479,0.9565,-0.2607,4.5776,1.4038,-0.4883,unlabeled,Charlotte,small
1785596701.8469043,150209,0.0464,0.9536,-0.2637,4.2114,1.1597,-0.3052,unlabeled,Charlotte,small
1785596701.8469071,150259,0.0444,0.9482,-0.2651,4.3335,1.2207,-0.061,unlabeled,Charlotte,small
1785596701.8469102,150309,0.0483,0.9521,-0.2646,4.0283,1.2207,0.1221,unlabeled,Charlotte,small
1785596701.8469133,150359,0.0435,0.9546,-0.2583,4.3335,1.1597,-0.1221,unlabeled,Charlotte,small
1785596702.3605225,150421,0.042,0.9565,-0.2598,4.1504,1.2207,-0.1831,unlabeled,Charlotte,small
1785596702.3605368,150471,0.0454,0.9575,-0.2651,4.1504,1.1597,0.2441,unlabeled,Charlotte,small
1785596702.360542,150521,0.0464,0.9541,-0.2568,4.3945,1.2207,-0.061,unlabeled,Charlotte,small
1785596702.3605466,150571,0.0454,0.9536,-0.2632,4.6387,0.9766,-0.6714,unlabeled,Charlotte,small
1785596702.3605506,150621,0.0449,0.9526,-0.2607,4.5166,1.2207,0.061,unlabeled,Charlotte,small
1785596702.3605545,150671,0.0479,0.9507,-0.2632,4.1504,1.0986,0.0,unlabeled,Charlotte,small
1785596702.3605583,150721,0.0488,0.9497,-0.2637,4.2725,1.2817,0.061,unlabeled,Charlotte,small
1785596702.360562,150771,0.0459,0.9526,-0.2642,4.3335,1.3428,-0.3662,unlabeled,Charlotte,small
1785596702.360566,150821,0.0483,0.9536,-0.2598,4.4556,1.2207,-0.3052,unlabeled,Charlotte,small
1785596702.3605697,150871,0.0459,0.9526,-0.2612,4.3335,1.2207,-0.2441,unlabeled,Charlotte,small
1785596702.8735924,150933,0.0459,0.9531,-0.2573,4.3335,1.3428,-0.4272,unlabeled,Charlotte,small
1785596702.8736029,150983,0.0444,0.9561,-0.2646,4.5166,1.0986,-0.4883,unlabeled,Charlotte,small
1785596702.8736074,151033,0.0459,0.9595,-0.2612,4.2725,1.2207,-0.2441,unlabeled,Charlotte,small
1785596702.873611,151083,0.0425,0.9521,-0.2617,4.4556,1.1597,-0.3052,unlabeled,Charlotte,small
1785596702.873614,151133,0.0444,0.9556,-0.2622,4.3335,1.2207,0.061,unlabeled,Charlotte,small
1785596702.8736172,151183,0.0454,0.9526,-0.2598,4.1504,1.2817,0.0,unlabeled,Charlotte,small
1785596702.8736203,151233,0.0449,0.9546,-0.2646,4.6997,1.1597,-0.3052,unlabeled,Charlotte,small
1785596702.8736234,151283,0.0474,0.9585,-0.2646,4.2725,0.7935,-0.5493,unlabeled,Charlotte,small
1785596702.8736265,151333,0.0493,0.9521,-0.2627,4.3945,1.1597,-0.1831,unlabeled,Charlotte,small
1785596702.8736293,151383,0.0479,0.9595,-0.2681,4.1504,1.2207,0.3662,unlabeled,Charlotte,small
1785596703.3871615,151444,0.0449,0.9546,-0.2646,4.5166,1.0986,-0.5493,unlabeled,Charlotte,small
1785596703.387172,151494,0.0444,0.9531,-0.2593,4.3335,1.2817,0.0,unlabeled,Charlotte,small
1785596703.3871765,151544,0.0488,0.9561,-0.2622,4.0894,1.4038,0.2441,unlabeled,Charlotte,small
1785596703.3871803,151594,0.0444,0.9546,-0.2612,4.0894,1.4038,0.061,unlabeled,Charlotte,small
1785596703.3871837,151644,0.0454,0.9556,-0.2617,4.4556,1.3428,-0.2441,unlabeled,Charlotte,small
1785596703.3871868,151694,0.0435,0.9556,-0.2627,4.5166,1.0376,-0.6104,unlabeled,Charlotte,small
1785596703.3871899,151744,0.0415,0.9512,-0.2671,4.6387,1.1597,-0.1831,unlabeled,Charlotte,small
1785596703.3871925,151794,0.0454,0.9536,-0.2661,4.4556,1.0376,0.1221,unlabeled,Charlotte,small
1785596703.3871956,151844,0.0488,0.9546,-0.2598,4.0894,1.2207,0.1221,unlabeled,Charlotte,small
1785596703.3871984,151894,0.0425,0.9541,-0.2622,4.4556,1.3428,0.0,unlabeled,Charlotte,small
1785596703.9921036,151965,0.0459,0.9565,-0.2637,4.2725,1.1597,-0.1831,unlabeled,Charlotte,small
1785596703.992116,152015,0.0459,0.9517,-0.2583,4.4556,1.1597,-0.1831,unlabeled,Charlotte,small
1785596703.9921207,152065,0.0483,0.9546,-0.2603,4.5776,1.0986,-0.2441,unlabeled,Charlotte,small
1785596703.9921253,152115,0.0474,0.9561,-0.2593,4.1504,1.0986,-0.5493,unlabeled,Charlotte,small
1785596703.9921293,152165,0.0503,0.9531,-0.2632,4.3335,1.2817,0.1221,unlabeled,Charlotte,small
1785596703.9921331,152215,0.0479,0.9561,-0.2686,4.3945,1.2207,-0.061,unlabeled,Charlotte,small
1785596703.9921367,152265,0.0454,0.9561,-0.2676,4.5166,1.2817,-0.061,unlabeled,Charlotte,small
1785596703.9921403,152315,0.0464,0.9536,-0.2676,4.2114,1.2817,-0.4272,unlabeled,Charlotte,small
1785596703.9921439,152365,0.0464,0.9531,-0.2578,4.1504,1.3428,-0.3052,unlabeled,Charlotte,small
1785596703.9921477,152415,0.0449,0.9502,-0.2632,4.3335,1.3428,0.1831,unlabeled,Charlotte,small
1785596704.7088745,152567,0.0483,0.958,-0.2642,4.5166,1.0376,-0.4272,unlabeled,Charlotte,small
1785596704.7088866,152617,0.0469,0.9585,-0.2632,4.3335,0.9155,-0.4272,unlabeled,Charlotte,small
1785596704.7088916,152667,0.0454,0.9536,-0.2593,4.5166,1.2207,-0.1831,unlabeled,Charlotte,small
1785596704.708896,152717,0.0459,0.9541,-0.2622,4.1504,1.2207,0.0,unlabeled,Charlotte,small
1785596704.7089002,152767,0.043,0.9546,-0.2603,4.3945,1.2207,0.2441,unlabeled,Charlotte,small
1785596704.7089043,152817,0.0435,0.9536,-0.2676,4.5166,1.2207,-0.4883,unlabeled,Charlotte,small
1785596704.7089078,152867,0.0444,0.9507,-0.2676,4.4556,1.0986,-0.3662,unlabeled,Charlotte,small
1785596704.7089117,152917,0.0474,0.9565,-0.2603,4.4556,1.0986,-0.6714,unlabeled,Charlotte,small
1785596704.7089152,152967,0.0474,0.9585,-0.2598,4.0894,1.0376,-0.3052,unlabeled,Charlotte,small
1785596704.7089188,153017,0.0488,0.9536,-0.2681,4.2725,1.4038,0.1831,unlabeled,Charlotte,small
1785596705.4276168,153279,0.0469,0.9565,-0.2671,4.3335,1.4648,0.061,unlabeled,Charlotte,small
1785596705.4276397,153329,0.0454,0.9546,-0.2632,4.4556,1.3428,-0.4883,unlabeled,Charlotte,small
1785596705.4276445,153379,0.0449,0.9556,-0.2563,4.5166,1.2817,-0.1831,unlabeled,Charlotte,small
1785596705.4276483,153429,0.0444,0.9556,-0.2612,4.2114,1.1597,-0.2441,unlabeled,Charlotte,small
1785596705.4276516,153479,0.0464,0.9526,-0.2559,4.3335,1.2817,0.061,unlabeled,Charlotte,small
1785596705.4276557,153529,0.0479,0.9507,-0.2676,4.5776,1.3428,0.061,unlabeled,Charlotte,small
1785596705.427659,153579,0.0498,0.9497,-0.2656,4.6997,1.2817,-0.6104,unlabeled,Charlotte,small
1785596705.4276621,153629,0.0459,0.9507,-0.2627,4.5776,1.0986,-0.5493,unlabeled,Charlotte,small
1785596705.427665,153679,0.0493,0.9565,-0.2617,4.4556,1.2207,-0.1831,unlabeled,Charlotte,small
1785596705.4276683,153729,0.0454,0.9517,-0.2656,4.4556,1.1597,-0.1831,unlabeled,Charlotte,small
1785596705.9421365,154002,0.0483,0.9526,-0.2651,4.3335,1.1597,-0.2441,unlabeled,Charlotte,small
1785596705.9421475,154052,0.042,0.9492,-0.2603,4.5166,1.2817,-0.061,unlabeled,Charlotte,small
1785596705.942152,154102,0.0474,0.9531,-0.2637,4.0283,1.2817,0.0,unlabeled,Charlotte,small
1785596705.9421558,154152,0.0391,0.958,-0.2705,4.8218,0.6714,-2.9907,unlabeled,Charlotte,small
1785596705.9421592,154202,0.0381,0.9585,-0.2607,4.3335,1.5869,0.3052,unlabeled,Charlotte,small
1785596705.9421625,154252,0.0464,0.9512,-0.2617,4.2725,1.2817,0.6714,unlabeled,Charlotte,small
1785596705.9421656,154302,0.0483,0.9521,-0.2632,4.5166,1.2817,-0.4272,unlabeled,Charlotte,small
1785596705.9421685,154352,0.0439,0.9507,-0.2607,4.4556,1.2207,-0.3052,unlabeled,Charlotte,small
1785596705.9421713,154402,0.0464,0.9565,-0.2598,4.2725,1.4038,0.061,unlabeled,Charlotte,small
1785596705.9421744,154452,0.0444,0.9551,-0.2646,4.3335,1.3428,0.2441,unlabeled,Charlotte,small
1785596706.4540043,154514,0.0449,0.9526,-0.2622,4.1504,1.1597,-0.2441,unlabeled,Charlotte,small
1785596706.4540164,154564,0.0479,0.9556,-0.2661,4.2114,1.2817,0.0,unlabeled,Charlotte,small
1785596706.454022,154614,0.041,0.9546,-0.2588,4.4556,1.2817,-0.061,unlabeled,Charlotte,small
1785596706.4540262,154664,0.0444,0.9551,-0.2661,4.2725,1.0986,0.2441,unlabeled,Charlotte,small
1785596706.4540303,154714,0.0439,0.9531,-0.2588,4.4556,1.4038,-0.5493,unlabeled,Charlotte,small
1785596706.4540343,154764,0.04,0.9546,-0.2622,4.3335,1.0376,-0.5493,unlabeled,Charlotte,small
1785596706.4540384,154814,0.0454,0.9507,-0.2544,4.5776,1.2817,-0.2441,unlabeled,Charlotte,small
1785596706.4540422,154864,0.0459,0.958,-0.2573,4.3945,1.2207,-0.1831,unlabeled,Charlotte,small
1785596706.4540458,154914,0.0439,0.9517,-0.2661,4.2725,1.3428,-0.2441,unlabeled,Charlotte,small
1785596706.4540493,154964,0.0479,0.9536,-0.2656,4.2114,1.3428,-0.061,unlabeled,Charlotte,small
1785596706.9657152,155026,0.0454,0.9561,-0.2607,4.2725,1.2817,0.1221,unlabeled,Charlotte,small
1785596706.9657276,155076,0.0493,0.9526,-0.2656,4.5166,1.1597,-0.061,unlabeled,Charlotte,small
1785596706.9657328,155126,0.043,0.9541,-0.2637,4.4556,1.4038,0.1831,unlabeled,Charlotte,small
1785596706.965737,155176,0.0425,0.9536,-0.2666,4.5776,1.1597,-0.4883,unlabeled,Charlotte,small
1785596706.9657414,155226,0.0439,0.9536,-0.2671,4.3945,1.0986,-0.4883,unlabeled,Charlotte,small
1785596706.9657454,155276,0.0474,0.9565,-0.2612,4.3335,1.0986,-0.3662,unlabeled,Charlotte,small
1785596706.9657493,155326,0.0464,0.9556,-0.2642,4.3335,1.0376,0.0,unlabeled,Charlotte,small
1785596706.9657528,155376,0.0425,0.9595,-0.2593,4.2725,1.4038,-0.4272,unlabeled,Charlotte,small
1785596706.965757,155426,0.0454,0.959,-0.2656,4.3945,1.0376,0.2441,unlabeled,Charlotte,small
1785596706.9657605,155476,0.0464,0.9546,-0.2666,4.6387,1.3428,-0.1831,unlabeled,Charlotte,small
1785596707.4812303,155539,0.0464,0.9546,-0.2563,4.3335,1.1597,0.0,unlabeled,Charlotte,small
1785596707.4812417,155589,0.0479,0.9536,-0.2656,4.4556,1.2207,0.4883,unlabeled,Charlotte,small
1785596707.4812458,155639,0.0586,0.9487,-0.2749,4.8828,1.9531,1.77,unlabeled,Charlotte,small
1785596707.4812493,155689,0.0449,0.9551,-0.2617,4.6387,0.7935,0.3052,unlabeled,Charlotte,small
1785596707.4812524,155739,0.0425,0.9526,-0.2593,4.3945,1.2817,0.0,unlabeled,Charlotte,small
1785596707.4812558,155789,0.0474,0.957,-0.2632,4.3335,0.9766,-0.3052,unlabeled,Charlotte,small
1785596707.4812584,155839,0.0454,0.9595,-0.2632,4.0283,1.0376,-0.9766,unlabeled,Charlotte,small
1785596707.4812617,155889,0.0361,0.9521,-0.2588,4.3945,1.1597,-0.061,unlabeled,Charlotte,small
1785596707.4812644,155939,0.0449,0.9541,-0.2642,4.1504,1.4038,-0.1831,unlabeled,Charlotte,small
1785596707.4812677,155989,0.0415,0.9546,-0.2671,4.6387,1.4038,-0.7324,unlabeled,Charlotte,small
1785596708.092386,156051,0.0483,0.9531,-0.2612,4.0894,1.5259,-0.7324,unlabeled,Charlotte,small
1785596708.0923982,156101,0.0483,0.9609,-0.2666,4.2114,1.2207,0.6104,unlabeled,Charlotte,small
1785596708.0924032,156151,0.0469,0.9541,-0.2607,4.7607,1.0986,-0.6104,unlabeled,Charlotte,small
1785596708.0924077,156201,0.0454,0.9531,-0.2642,4.5776,0.9155,-0.2441,unlabeled,Charlotte,small
1785596708.0924118,156251,0.0488,0.9487,-0.2568,4.5776,1.4648,0.2441,unlabeled,Charlotte,small
1785596708.092416,156301,0.0522,0.957,-0.2646,4.2725,1.4648,0.6104,unlabeled,Charlotte,small
1785596708.0924199,156351,0.0435,0.9556,-0.2622,4.4556,0.7324,-0.7324,unlabeled,Charlotte,small
1785596708.0924237,156401,0.043,0.9546,-0.2549,4.2725,1.2817,0.1221,unlabeled,Charlotte,small
1785596708.0924273,156451,0.0444,0.9565,-0.2627,4.1504,1.1597,-0.5493,unlabeled,Charlotte,small
1785596708.092431,156501,0.0464,0.9526,-0.2651,4.5776,1.3428,-0.4272,unlabeled,Charlotte,small
1785596708.6088965,156663,0.0498,0.9575,-0.2612,4.5166,1.1597,-0.5493,unlabeled,Charlotte,small
1785596708.6089096,156713,0.0444,0.9517,-0.2627,4.5166,1.0986,-0.4272,unlabeled,Charlotte,small
1785596708.6089156,156763,0.0444,0.9565,-0.2612,4.6997,1.1597,-0.061,unlabeled,Charlotte,small
1785596708.608921,156813,0.0435,0.9551,-0.2612,4.2725,0.9155,-0.6714,unlabeled,Charlotte,small
1785596708.608926,156863,0.0488,0.9517,-0.2593,4.2725,1.2817,0.1221,unlabeled,Charlotte,small
1785596708.6089313,156913,0.0459,0.9541,-0.2661,4.2725,1.2817,0.0,unlabeled,Charlotte,small
1785596708.6089365,156963,0.0435,0.9517,-0.2642,4.3945,1.2207,-0.1221,unlabeled,Charlotte,small
1785596708.6089416,157013,0.0415,0.9521,-0.2617,4.5166,1.2817,-0.1221,unlabeled,Charlotte,small
1785596708.6089468,157063,0.0454,0.9546,-0.2617,4.6387,1.1597,-0.3052,unlabeled,Charlotte,small
1785596708.6089516,157113,0.043,0.9512,-0.2661,4.5166,1.0376,-0.5493,unlabeled,Charlotte,small
1785596709.2241933,157185,0.0488,0.9551,-0.2656,4.2725,1.2817,-0.1831,unlabeled,Charlotte,small
1785596709.2242038,157235,0.0488,0.9521,-0.2573,4.5776,1.1597,-0.1221,unlabeled,Charlotte,small
1785596709.2242079,157285,0.0449,0.9561,-0.2603,4.0283,1.1597,-0.1221,unlabeled,Charlotte,small
1785596709.2242117,157335,0.0479,0.9561,-0.271,4.3335,1.2817,0.2441,unlabeled,Charlotte,small
1785596709.2242148,157385,0.0435,0.957,-0.2627,4.3335,1.2817,0.1221,unlabeled,Charlotte,small
1785596709.2242181,157435,0.0454,0.9497,-0.2637,4.6387,0.9766,-0.1221,unlabeled,Charlotte,small
1785596709.2242212,157485,0.0386,0.9551,-0.2588,4.0283,1.2207,-0.061,unlabeled,Charlotte,small
1785596709.224224,157535,0.0483,0.9507,-0.2598,4.3945,1.0376,-0.5493,unlabeled,Charlotte,small
1785596709.2242272,157585,0.0425,0.9521,-0.2607,4.3335,0.9766,-0.7935,unlabeled,Charlotte,small
1785596709.2242298,157635,0.0449,0.9497,-0.2583,4.0283,1.0376,0.1831,unlabeled,Charlotte,small
1785596709.74036,157796,0.0464,0.9565,-0.2583,4.3335,1.2817,-0.061,unlabeled,Charlotte,small
1785596709.7403758,157846,0.0493,0.9531,-0.2603,4.2114,1.2207,-0.1221,unlabeled,Charlotte,small
1785596709.7403836,157896,0.0464,0.9536,-0.2607,4.2114,1.2207,0.061,unlabeled,Charlotte,small
1785596709.7403905,157946,0.0425,0.9531,-0.2661,4.4556,1.3428,-0.3052,unlabeled,Charlotte,small
1785596709.7403972,157996,0.0439,0.9575,-0.2632,4.4556,1.2207,-0.1221,unlabeled,Charlotte,small
1785596709.740404,158046,0.0488,0.9526,-0.2632,4.3945,1.1597,-0.3052,unlabeled,Charlotte,small
1785596709.7404103,158096,0.0449,0.9517,-0.2637,4.5166,1.0986,-0.3662,unlabeled,Charlotte,small
1785596709.7404168,158146,0.0439,0.9526,-0.2603,4.3945,1.0986,-0.4883,unlabeled,Charlotte,small
1785596709.7404232,158196,0.0449,0.9541,-0.2612,3.9062,1.0376,-0.2441,unlabeled,Charlotte,small
1785596709.7404296,158246,0.0454,0.9536,-0.2651,4.0894,1.2207,-0.061,unlabeled,Charlotte,small
1785596782.239396,3129,0.0425,0.9561,-0.2612,4.3335,1.4648,0.1831,unlabeled,Charlotte,small
1785596782.2394052,3179,0.0435,0.9521,-0.2612,4.5166,1.3428,-0.1221,unlabeled,Charlotte,small
1785596782.2394094,3229,0.0444,0.9541,-0.2637,4.3945,1.2817,0.0,unlabeled,Charlotte,small
1785596782.2394128,3279,0.0464,0.9551,-0.27,4.4556,1.1597,-0.4272,unlabeled,Charlotte,small
1785596782.2394161,3329,0.04,0.9512,-0.2534,4.3335,1.1597,-0.3662,unlabeled,Charlotte,small
1785596782.2394195,3379,0.0444,0.9551,-0.2627,4.3945,1.2817,-0.1221,unlabeled,Charlotte,small
1785596782.2394226,3429,0.0444,0.9531,-0.2573,4.2725,1.0986,-0.5493,unlabeled,Charlotte,small
1785596782.2394254,3479,0.042,0.9536,-0.2544,4.0894,1.2817,-0.061,unlabeled,Charlotte,small
1785596782.2394283,3529,0.0449,0.9565,-0.2637,4.3335,1.0986,-0.4272,unlabeled,Charlotte,small
1785596782.2394311,3579,0.041,0.9517,-0.2583,4.2114,1.2817,-0.3662,unlabeled,Charlotte,small
1785596782.239434,3629,0.0425,0.9502,-0.2666,4.3945,1.3428,0.0,unlabeled,Charlotte,small
1785596782.2394369,3679,0.042,0.9502,-0.2695,4.6387,1.3428,-0.2441,unlabeled,Charlotte,small
1785596782.2394397,3729,0.0439,0.9546,-0.2617,4.2725,1.2817,0.061,unlabeled,Charlotte,small
1785596782.2394423,3779,0.0439,0.9531,-0.2617,4.3945,1.0376,-0.3052,unlabeled,Charlotte,small
1785596782.2394452,3829,0.042,0.9526,-0.2642,4.3945,1.0986,-0.2441,unlabeled,Charlotte,small
1785596782.239448,3879,0.0439,0.9531,-0.2612,4.3335,1.3428,-0.061,unlabeled,Charlotte,small
1785596782.2394507,3929,0.0376,0.9536,-0.2598,4.2725,1.0986,-0.4883,unlabeled,Charlotte,small
1785596782.2394536,3979,0.0444,0.9561,-0.2671,4.2114,1.0986,0.1831,unlabeled,Charlotte,small
1785596782.2394562,4029,0.042,0.9556,-0.2612,4.2725,1.2207,-0.2441,unlabeled,Charlotte,small
1785596782.239459,4079,0.0425,0.9551,-0.2661,4.5166,1.0376,-0.3052,unlabeled,Charlotte,small
1785596783.4224722,4315,0.0425,0.9556,-0.2666,4.3945,1.2207,-0.2441,unlabeled,Charlotte,small
1785596783.4224823,4365,0.0396,0.9531,-0.2627,4.2114,1.2817,-0.4272,unlabeled,Charlotte,small
1785596783.4224873,4415,0.0439,0.9551,-0.2637,4.2725,1.3428,-0.061,unlabeled,Charlotte,small
1785596783.4224913,4465,0.043,0.9526,-0.2651,4.5166,1.2817,-0.2441,unlabeled,Charlotte,small
1785596783.4224951,4515,0.041,0.9546,-0.2661,4.4556,1.4648,-0.061,unlabeled,Charlotte,small
1785596783.4224994,4565,0.0439,0.9517,-0.2612,4.5166,1.3428,-0.061,unlabeled,Charlotte,small
1785596783.422503,4615,0.042,0.9541,-0.2617,4.3335,1.0986,-0.3662,unlabeled,Charlotte,small
1785596783.4225066,4665,0.0454,0.9507,-0.2676,4.3945,1.4038,0.6104,unlabeled,Charlotte,small
1785596783.4225104,4715,0.0415,0.9551,-0.2612,4.2114,1.0376,-0.3662,unlabeled,Charlotte,small
1785596783.422514,4765,0.043,0.9541,-0.2612,4.3945,1.3428,0.0,unlabeled,Charlotte,small
1785596783.4225175,4815,0.0474,0.9565,-0.2661,4.3945,1.2817,-0.4883,unlabeled,Charlotte,small
1785596783.4225214,4865,0.0439,0.9482,-0.2676,4.4556,1.2817,-0.1831,unlabeled,Charlotte,small
1785596783.422525,4915,0.0459,0.9531,-0.2612,4.2725,1.3428,0.3662,unlabeled,Charlotte,small
1785596783.4225285,4965,0.0439,0.9556,-0.2598,4.2725,1.0986,-0.2441,unlabeled,Charlotte,small
1785596783.422532,5015,0.0444,0.9561,-0.2651,4.5166,1.2817,0.1831,unlabeled,Charlotte,small
1785596783.4225357,5065,0.043,0.9536,-0.2617,4.3945,1.4648,-0.1831,unlabeled,Charlotte,small
1785596783.4225395,5115,0.0391,0.9521,-0.2642,3.9673,1.4038,-0.2441,unlabeled,Charlotte,small
1785596783.422543,5165,0.0439,0.9526,-0.2656,4.3335,1.2207,-0.3662,unlabeled,Charlotte,small
1785596783.4225466,5215,0.0435,0.9487,-0.2617,4.6387,1.0376,-0.7324,unlabeled,Charlotte,small
1785596783.4225502,5265,0.0459,0.9531,-0.2646,4.5166,1.1597,0.0,unlabeled,Charlotte,small
1785596784.6080735,5498,0.042,0.9517,-0.2656,4.3945,1.1597,-0.5493,unlabeled,Charlotte,small
1785596784.6080832,5548,0.043,0.9521,-0.2637,4.3945,1.3428,-0.2441,unlabeled,Charlotte,small
1785596784.6080885,5598,0.0444,0.9502,-0.2617,4.5166,0.9766,-0.1831,unlabeled,Charlotte,small
1785596784.6080928,5648,0.042,0.9517,-0.2681,4.3945,1.3428,-0.1831,unlabeled,Charlotte,small
1785596784.6080968,5698,0.0444,0.9541,-0.2637,4.4556,1.0376,-0.3052,unlabeled,Charlotte,small
1785596784.608101,5748,0.0366,0.9561,-0.2651,4.2725,1.2817,-0.3052,unlabeled,Charlotte,small
1785596784.6081045,5798,0.0425,0.9487,-0.2554,4.5776,1.1597,0.061,unlabeled,Charlotte,small
1785596784.6081083,5848,0.0483,0.957,-0.2637,4.2725,1.2207,0.0,unlabeled,Charlotte,small
1785596784.6081119,5898,0.0386,0.9507,-0.2603,4.2725,1.1597,-0.061,unlabeled,Charlotte,small
1785596784.6081157,5948,0.0425,0.9497,-0.2656,4.5166,1.1597,0.1221,unlabeled,Charlotte,small
1785596784.6081195,5998,0.0435,0.9556,-0.2612,4.2725,1.2207,-0.1831,unlabeled,Charlotte,small
1785596784.6081233,6048,0.0439,0.9536,-0.2681,4.4556,1.2207,0.061,unlabeled,Charlotte,small
1785596784.6081266,6098,0.0449,0.9556,-0.2646,4.2114,1.0986,-0.1221,unlabeled,Charlotte,small
1785596784.6081305,6148,0.0396,0.9526,-0.2617,4.1504,1.1597,-0.4272,unlabeled,Charlotte,small
1785596784.6081345,6198,0.0459,0.9531,-0.2578,4.3945,1.2817,0.1831,unlabeled,Charlotte,small
1785596784.608138,6248,0.041,0.9526,-0.2646,4.2114,1.2207,-0.2441,unlabeled,Charlotte,small
1785596784.6081417,6298,0.0405,0.9546,-0.2593,4.2114,1.2817,-0.1221,unlabeled,Charlotte,small
1785596784.6081452,6348,0.0405,0.9526,-0.2632,4.3335,1.2207,-0.4883,unlabeled,Charlotte,small
1785596784.6081486,6398,0.0396,0.9517,-0.2642,4.3335,1.2817,-0.061,unlabeled,Charlotte,small
1785596784.6081524,6448,0.0459,0.9561,-0.2622,4.3945,1.2207,0.1831,unlabeled,Charlotte,small
1785596785.7933924,6684,0.0415,0.9575,-0.2632,4.4556,1.2207,-0.3662,unlabeled,Charlotte,small
1785596785.793402,6734,0.0605,0.9634,-0.2676,4.8218,2.0142,2.9907,unlabeled,Charlotte,small
1785596785.793406,6784,0.02,0.9434,-0.2695,6.1646,1.4648,-0.7324,unlabeled,Charlotte,small
1785596785.7934096,6834,0.2534,1.3784,-0.5513,-69.7632,5.0659,89.5386,unlabeled,Charlotte,small
1785596785.793413,6884,0.1279,0.7964,-0.3965,-115.1733,-1.5259,23.3765,unlabeled,Charlotte,small
1785596785.7934163,6934,-0.0142,0.9106,-0.4551,-29.7241,-1.709,15.9912,unlabeled,Charlotte,small
1785596785.7934196,6984,-0.2388,0.9761,-0.2207,24.231,14.3433,18.7378,unlabeled,Charlotte,small
1785596785.793423,7034,-0.0273,0.8398,-0.4302,86.5479,45.0439,28.8696,unlabeled,Charlotte,small
1785596785.793426,7084,-0.064,0.8647,-0.2407,55.6641,8.4839,18.6768,unlabeled,Charlotte,small
1785596785.793429,7134,-0.0757,0.9131,-0.2407,81.8481,0.4272,50.7812,unlabeled,Charlotte,small
1785596785.7934318,7184,-0.1104,0.9824,-0.2231,73.6084,1.8921,38.208,unlabeled,Charlotte,small
1785596785.7934349,7234,-0.1064,0.9414,-0.1636,46.814,9.0942,4.1504,unlabeled,Charlotte,small
1785596785.793438,7284,-0.4771,1.1069,-0.0698,-41.1987,68.6646,-99.1211,unlabeled,Charlotte,small
1785596785.793441,7334,-0.1318,0.9849,-0.1528,37.7197,10.9253,-16.6626,unlabeled,Charlotte,small
1785596785.7934442,7384,-0.062,0.9868,-0.0854,22.2168,7.3853,-5.188,unlabeled,Charlotte,small
1785596785.793447,7434,-0.0962,0.9873,-0.1045,-2.0752,0.4272,5.8594,unlabeled,Charlotte,small
1785596785.7934496,7484,-0.062,1.0093,-0.0254,2.7466,-2.2583,2.0142,unlabeled,Charlotte,small
1785596785.7934525,7534,-0.0815,0.9917,-0.1279,0.061,6.0425,-0.061,unlabeled,Charlotte,small
1785596785.7934556,7584,-0.3589,1.7031,0.7861,-193.2373,-72.7539,-78.186,unlabeled,Charlotte,small
1785596785.7934587,7634,-0.0586,0.9834,-0.1562,9.6436,3.2959,-4.2725,unlabeled,Charlotte,small
1785596786.9863257,7868,-0.0049,1.0068,-0.1426,13.7939,3.7231,-3.1128,unlabeled,Charlotte,small
1785596786.9863362,7918,0.0669,0.9849,0.0708,-44.6777,-19.7144,3.6621,unlabeled,Charlotte,small
1785596786.9863415,7968,-0.0293,0.917,-0.2144,-9.3994,1.77,25.9399,unlabeled,Charlotte,small
1785596786.9863462,8018,-0.0146,1.0054,-0.1812,10.8643,2.8687,-5.0049,unlabeled,Charlotte,small
1785596786.9863503,8068,-0.0269,1.0195,-0.0918,-4.2725,-2.5024,-0.1831,unlabeled,Charlotte,small
1785596786.9863546,8118,-0.0254,1.002,-0.1729,5.9814,0.9155,-8.728,unlabeled,Charlotte,small
1785596786.9863586,8168,0.0068,0.9233,-0.1343,3.2349,-2.1362,-1.6479,unlabeled,Charlotte,small
1785596786.9863622,8218,-0.0342,1.0146,-0.2612,9.2163,4.1504,-2.1973,unlabeled,Charlotte,small
1785596786.9863658,8268,-0.0078,0.9614,-0.1899,4.4556,1.0986,-1.6479,unlabeled,Charlotte,small
1785596786.9863694,8318,0.3271,0.7187,-0.2476,-58.4717,89.1113,-72.937,unlabeled,Charlotte,small
1785596786.9863732,8368,-0.0098,0.9629,-0.1968,12.085,3.2349,1.2817,unlabeled,Charlotte,small
1785596786.9863768,8418,-0.0889,0.8491,-0.3979,11.9019,5.7983,-0.9155,unlabeled,Charlotte,small
1785596786.9863806,8468,-0.0093,1.0059,-0.1797,3.9062,-0.3662,-1.77,unlabeled,Charlotte,small
1785596786.986384,8518,-0.001,1.002,-0.1699,0.4883,0.5493,-7.5073,unlabeled,Charlotte,small
1785596786.986388,8568,0.0186,0.8794,-0.186,5.5542,-0.6104,-16.1133,unlabeled,Charlotte,small
1785596786.9863918,8618,0.6865,1.9536,0.1865,-95.1538,-35.0952,21.3623,unlabeled,Charlotte,small
1785596786.9863956,8668,0.0342,0.9814,-0.1772,5.6763,1.8311,-3.7842,unlabeled,Charlotte,small
1785596786.9863994,8718,0.0376,0.9717,-0.2012,10.3149,2.6245,-6.2866,unlabeled,Charlotte,small
1785596786.986403,8768,0.1064,1.0024,-0.126,-4.6997,-0.9766,4.2725,unlabeled,Charlotte,small
1785596786.9864066,8818,0.021,0.9688,-0.2207,-18.1274,-5.0049,25.4517,unlabeled,Charlotte,small
1785596788.1753156,9064,0.0229,0.9639,-0.2153,1.709,3.0518,-2.6855,unlabeled,Charlotte,small
1785596788.1753285,9114,0.0117,0.9595,-0.2295,4.4556,3.6011,-6.7139,unlabeled,Charlotte,small
1785596788.175334,9164,0.0356,0.9619,-0.228,2.8687,0.4883,-5.0049,unlabeled,Charlotte,small
1785596788.1753383,9214,0.0352,0.9707,-0.2251,2.4414,1.0986,-1.3428,unlabeled,Charlotte,small
1785596788.175343,9264,0.0347,0.9565,-0.2285,1.1597,0.3052,0.9766,unlabeled,Charlotte,small
1785596788.1753476,9314,0.0312,0.9619,-0.228,1.5259,-0.3052,0.2441,unlabeled,Charlotte,small
1785596788.1753516,9364,0.0342,0.96,-0.2285,3.8452,0.6714,-0.3052,unlabeled,Charlotte,small
1785596788.1753554,9414,0.0327,0.9619,-0.2246,4.9438,1.2207,-2.5024,unlabeled,Charlotte,small
1785596788.175359,9464,0.0405,0.9644,-0.2329,3.2349,1.6479,0.7324,unlabeled,Charlotte,small
1785596788.1753628,9514,0.0337,0.9644,-0.229,1.6479,0.3662,2.5024,unlabeled,Charlotte,small
1785596788.1753669,9564,0.0283,0.9619,-0.2295,2.8076,0.4883,1.5259,unlabeled,Charlotte,small
1785596788.1753705,9614,0.0298,0.9604,-0.2339,3.6011,1.4648,0.7324,unlabeled,Charlotte,small
1785596788.1753743,9664,0.0332,0.9629,-0.2339,3.8452,1.3428,0.6714,unlabeled,Charlotte,small
1785596788.175378,9714,0.0273,0.9629,-0.2358,3.1738,0.3662,1.8311,unlabeled,Charlotte,small
1785596788.175382,9764,0.0298,0.9673,-0.2388,3.1738,1.0986,-0.061,unlabeled,Charlotte,small
1785596788.1753857,9814,0.022,0.9702,-0.2363,4.4556,1.5869,0.1221,unlabeled,Charlotte,small
1785596788.1753895,9864,0.0293,0.9546,-0.2329,5.9814,2.3193,-1.5259,unlabeled,Charlotte,small
1785596788.1753933,9914,0.0356,0.9585,-0.2373,7.9956,1.9531,-4.5166,unlabeled,Charlotte,small
1785596788.1753974,9964,0.0376,0.9683,-0.229,7.6904,1.8921,-5.7373,unlabeled,Charlotte,small
1785596788.175403,10014,0.043,0.96,-0.2207,4.7607,1.2817,-0.1221,unlabeled,Charlotte,small
1785596789.3669415,10258,0.0322,0.9497,-0.228,-0.4272,-4.2114,6.1035,unlabeled,Charlotte,small
1785596789.3669498,10308,0.0269,0.9624,-0.2295,4.5776,0.7935,5.8594,unlabeled,Charlotte,small
1785596789.366954,10358,0.0176,0.9526,-0.249,7.2632,1.3428,1.1597,unlabeled,Charlotte,small
1785596789.3669574,10408,0.0244,0.9624,-0.2319,4.0894,0.4272,0.6714,unlabeled,Charlotte,small
1785596789.3669603,10458,0.0259,0.9614,-0.2354,4.8218,0.3052,-1.4038,unlabeled,Charlotte,small
1785596789.3669636,10508,0.0322,0.9678,-0.2153,2.3193,-1.3428,-2.6245,unlabeled,Charlotte,small
1785596789.3669667,10558,0.0249,0.9619,-0.2305,5.188,1.2817,0.1221,unlabeled,Charlotte,small
1785596789.36697,10608,0.0269,0.96,-0.2373,5.9204,1.8921,1.4038,unlabeled,Charlotte,small
1785596789.366973,10658,0.0234,0.9644,-0.2295,0.0,-0.3662,-0.2441,unlabeled,Charlotte,small
1785596789.366976,10708,0.0259,0.958,-0.2417,4.6387,2.0752,-1.1597,unlabeled,Charlotte,small
1785596789.3669791,10758,0.0244,0.9678,-0.2163,2.6245,1.77,-0.1831,unlabeled,Charlotte,small
1785596789.3669822,10808,0.0288,0.9624,-0.2344,2.3193,-1.3428,3.2959,unlabeled,Charlotte,small
1785596789.3669853,10858,0.0225,0.9648,-0.2363,4.0894,1.1597,-0.4272,unlabeled,Charlotte,small
1785596789.366988,10908,0.0137,0.9614,-0.2373,4.1504,0.9155,-1.2207,unlabeled,Charlotte,small
1785596789.3669908,10958,0.0234,0.9658,-0.2388,5.6763,1.0376,-4.4556,unlabeled,Charlotte,small
1785596789.3669937,11008,0.0269,0.9663,-0.2349,4.3945,2.0752,-0.3662,unlabeled,Charlotte,small
1785596789.3669965,11058,0.0264,0.9595,-0.2344,4.3335,1.6479,-0.2441,unlabeled,Charlotte,small
1785596789.3669994,11108,0.0254,0.9634,-0.2354,4.6997,1.0986,-1.709,unlabeled,Charlotte,small
1785596789.367002,11158,0.0317,0.9658,-0.2388,4.4556,1.0376,-1.3428,unlabeled,Charlotte,small
1785596789.367005,11208,0.0278,0.9609,-0.2314,4.7607,0.7324,-1.3428,unlabeled,Charlotte,small
1785596790.5488377,11441,0.0269,0.9624,-0.2358,3.2349,0.9155,0.7324,unlabeled,Charlotte,small
1785596790.548846,11491,0.021,0.9629,-0.2378,2.4414,0.6104,2.1973,unlabeled,Charlotte,small
1785596790.5488498,11541,0.0225,0.959,-0.2368,4.0283,0.9155,2.0142,unlabeled,Charlotte,small
1785596790.5488534,11591,0.0176,0.959,-0.2363,8.1177,1.709,-0.5493,unlabeled,Charlotte,small
1785596790.5488567,11641,0.0039,0.9722,-0.2163,15.0146,-5.7373,-13.7329,unlabeled,Charlotte,small
1785596790.5488603,11691,0.0522,0.9839,-0.1816,-4.2114,-0.9766,-24.231,unlabeled,Charlotte,small
1785596790.5488634,11741,0.0654,2.5942,-0.2681,13.2446,5.6152,96.1914,unlabeled,Charlotte,small
1785596790.5488667,11791,-0.0122,1.1001,-0.1978,3.1128,0.5493,-3.7842,unlabeled,Charlotte,small
1785596790.5488698,11841,0.0713,0.9575,-0.2178,5.8594,0.7324,-3.418,unlabeled,Charlotte,small
1785596790.5488727,11891,0.0396,0.9624,-0.2207,4.0283,1.9531,2.9907,unlabeled,Charlotte,small
1785596790.5488758,11941,0.0337,0.9712,-0.2217,4.6387,1.3428,-0.6714,unlabeled,Charlotte,small
1785596790.5488787,11991,0.0371,0.9663,-0.2183,4.5776,1.4648,0.6104,unlabeled,Charlotte,small
1785596790.5488818,12041,0.0405,0.9648,-0.2197,4.6997,1.0376,-0.6714,unlabeled,Charlotte,small
1785596790.5488846,12091,0.0327,0.9634,-0.2222,4.3945,1.4648,0.9766,unlabeled,Charlotte,small
1785596790.5488875,12141,0.0371,0.9658,-0.2266,4.5776,1.2817,-0.1221,unlabeled,Charlotte,small
1785596790.5488904,12191,0.0347,0.9604,-0.2183,4.3335,1.4038,0.0,unlabeled,Charlotte,small
1785596790.5488932,12241,0.0396,0.9673,-0.2241,4.2725,1.4038,-0.3662,unlabeled,Charlotte,small
1785596790.5488963,12291,0.0366,0.9634,-0.2173,4.4556,1.3428,0.1831,unlabeled,Charlotte,small
1785596790.5488994,12341,0.0356,0.9663,-0.2305,4.4556,1.2817,0.061,unlabeled,Charlotte,small
1785596790.548902,12391,0.0352,0.9634,-0.2231,4.5776,1.2817,-0.1221,unlabeled,Charlotte,small
1785596791.7343376,12624,0.0386,0.96,-0.2202,4.3945,1.2817,0.1221,unlabeled,Charlotte,small
1785596791.7343462,12674,0.0361,0.9673,-0.2217,4.3945,1.2817,-0.1221,unlabeled,Charlotte,small
1785596791.7343504,12724,0.0347,0.9634,-0.2266,4.0894,0.7935,-0.4883,unlabeled,Charlotte,small
1785596791.734354,12774,0.041,0.9609,-0.2197,4.2114,1.6479,0.3662,unlabeled,Charlotte,small
1785596791.7343569,12824,0.0327,0.9653,-0.2197,4.4556,1.4648,-0.6104,unlabeled,Charlotte,small
1785596791.7343607,12874,0.0366,0.9648,-0.2178,4.2725,1.2207,-0.3052,unlabeled,Charlotte,small
1785596791.7343636,12924,0.0342,0.9585,-0.2231,4.3945,1.3428,-0.3052,unlabeled,Charlotte,small
1785596791.7343667,12974,0.0352,0.9648,-0.2227,4.0283,1.1597,-0.3052,unlabeled,Charlotte,small
1785596791.7343693,13024,0.0391,0.9639,-0.2163,4.0894,1.1597,0.1221,unlabeled,Charlotte,small
1785596791.7343724,13074,0.0337,0.9639,-0.2187,4.4556,1.2817,0.0,unlabeled,Charlotte,small
1785596791.7343752,13124,0.0728,0.939,-0.208,6.1646,4.0283,9.2163,unlabeled,Charlotte,small
1785596791.7343783,13174,0.0278,0.917,-0.2319,5.7983,1.8311,1.8311,unlabeled,Charlotte,small
1785596791.7343812,13224,0.0562,0.9751,-0.2266,4.0894,3.1738,7.2021,unlabeled,Charlotte,small
1785596791.734384,13274,0.0234,0.9722,-0.2329,4.6387,0.4272,-1.0376,unlabeled,Charlotte,small
1785596791.7343872,13324,0.0659,1.0586,-0.2222,1.8311,-0.061,2.8687,unlabeled,Charlotte,small
1785596791.73439,13374,0.0537,1.0298,-0.2422,7.019,2.5635,-0.9766,unlabeled,Charlotte,small
1785596791.7343931,13424,0.0249,0.9683,-0.2192,5.3101,1.8921,0.6104,unlabeled,Charlotte,small
1785596791.734396,13474,0.02,0.9634,-0.2075,3.54,1.0376,0.3052,unlabeled,Charlotte,small
1785596791.734399,13524,0.0259,0.959,-0.2163,5.188,1.6479,0.1831,unlabeled,Charlotte,small
1785596791.7344017,13574,0.0288,0.9746,-0.2192,4.8828,1.8921,-1.4038,unlabeled,Charlotte,small
1785596792.9187918,13809,0.0269,0.9756,-0.2173,4.5166,2.1973,1.77,unlabeled,Charlotte,small
1785596792.9188032,13859,0.0234,0.9678,-0.2129,3.1738,2.3804,5.188,unlabeled,Charlotte,small
1785596792.9188092,13909,0.0229,0.9648,-0.2139,5.127,2.1973,0.2441,unlabeled,Charlotte,small
1785596792.9188144,13959,0.02,0.9683,-0.2212,3.6011,-0.1831,-2.3193,unlabeled,Charlotte,small
1785596792.9188197,14009,0.0293,0.9648,-0.2104,5.3711,3.2349,2.4414,unlabeled,Charlotte,small
1785596792.9188247,14059,0.0122,0.9624,-0.2144,5.188,2.3193,0.6714,unlabeled,Charlotte,small
1785596792.9188297,14109,0.0195,0.9717,-0.2222,4.6997,2.0142,1.709,unlabeled,Charlotte,small
1785596792.9188344,14159,0.0249,0.9678,-0.2168,4.2725,1.5259,0.6104,unlabeled,Charlotte,small
1785596792.9188392,14209,0.0244,0.9609,-0.2153,4.4556,1.709,0.6104,unlabeled,Charlotte,small
1785596792.9188442,14259,0.019,0.9644,-0.2104,4.5166,1.6479,0.4883,unlabeled,Charlotte,small
1785596792.918849,14309,0.0205,0.9683,-0.209,4.2114,0.9155,-0.3662,unlabeled,Charlotte,small
1785596792.9188535,14359,0.0137,0.96,-0.2129,4.5166,0.8545,-1.0376,unlabeled,Charlotte,small
1785596792.9188585,14409,0.0244,0.9639,-0.2104,5.0049,1.4038,-0.1831,unlabeled,Charlotte,small
1785596792.9188635,14459,0.019,0.9717,-0.2134,4.4556,1.0376,-0.7935,unlabeled,Charlotte,small
1785596792.9188683,14509,0.0205,0.9644,-0.21,4.2114,0.7324,-0.061,unlabeled,Charlotte,small
1785596792.9188728,14559,0.0234,0.9541,-0.2187,5.6763,1.2207,-1.4038,unlabeled,Charlotte,small
1785596792.9188776,14609,0.0254,0.9648,-0.2109,3.2349,0.9766,1.5869,unlabeled,Charlotte,small
1785596792.9188826,14659,0.0225,0.98,-0.2148,2.6855,-0.6104,-1.709,unlabeled,Charlotte,small
1785596792.9188874,14709,0.0249,0.9653,-0.2231,4.5166,1.4038,0.1831,unlabeled,Charlotte,small
1785596792.9188924,14759,0.0186,0.9697,-0.2144,4.2725,1.0376,0.3052,unlabeled,Charlotte,small
1785596794.1061466,14993,0.0234,0.9712,-0.2241,4.3945,1.0986,-0.1831,unlabeled,Charlotte,small
1785596794.1061594,15043,0.0161,0.9658,-0.2119,4.2725,1.0986,0.5493,unlabeled,Charlotte,small
1785596794.1061654,15093,0.02,0.9648,-0.2158,4.3945,1.0376,-0.4883,unlabeled,Charlotte,small
1785596794.106171,15143,0.0181,0.9653,-0.2158,3.7231,0.7935,-0.5493,unlabeled,Charlotte,small
1785596794.106176,15193,0.0156,0.9634,-0.2236,3.6621,0.2441,-0.7324,unlabeled,Charlotte,small
1785596794.1061814,15243,0.0181,0.9653,-0.2217,1.0376,-1.709,-1.2207,unlabeled,Charlotte,small
1785596794.1061864,15293,-0.0039,0.9702,-0.2187,-4.7607,-8.9722,-0.3662,unlabeled,Charlotte,small
1785596794.1061919,15343,0.0425,0.9614,-0.2241,4.3945,-0.4272,-5.9204,unlabeled,Charlotte,small
1785596794.1061969,15393,0.0259,0.9614,-0.229,3.54,1.4038,2.7466,unlabeled,Charlotte,small
1785596794.106202,15443,0.0327,0.9639,-0.2231,3.9062,0.7324,-0.4883,unlabeled,Charlotte,small
1785596794.106207,15493,0.0234,0.9644,-0.2305,4.8218,1.5869,-0.3662,unlabeled,Charlotte,small
1785596794.106212,15543,0.021,0.9658,-0.2246,3.6621,0.1831,-1.4648,unlabeled,Charlotte,small
1785596794.1062167,15593,0.0303,0.9629,-0.2178,3.2349,0.6104,0.6714,unlabeled,Charlotte,small
1785596794.106222,15643,0.0259,0.9673,-0.2246,4.6387,1.77,0.1221,unlabeled,Charlotte,small
1785596794.1062264,15693,0.0342,0.9614,-0.2256,4.3335,1.1597,-0.4883,unlabeled,Charlotte,small
1785596794.1062312,15743,0.0259,0.9639,-0.2241,4.5166,0.9766,-0.8545,unlabeled,Charlotte,small
1785596794.1062365,15793,0.0249,0.9717,-0.2207,4.6387,0.9155,1.2207,unlabeled,Charlotte,small
1785596794.1062412,15843,0.0269,0.9634,-0.2163,6.2256,3.6011,2.0142,unlabeled,Charlotte,small
1785596794.1062462,15893,0.0229,0.9624,-0.2202,6.4087,2.6245,-0.1831,unlabeled,Charlotte,small
1785596794.1062512,15943,0.0264,0.9497,-0.2173,6.1035,1.4648,-2.5635,unlabeled,Charlotte,small
1785596795.287789,16177,0.0688,0.9644,-0.1953,1.5259,-1.4648,-3.1128,unlabeled,Charlotte,small
1785596795.287797,16227,0.0215,0.9668,-0.2168,3.479,1.6479,1.5869,unlabeled,Charlotte,small
1785596795.287801,16277,0.0229,0.9653,-0.2187,4.6997,0.6104,-1.77,unlabeled,Charlotte,small
1785596795.2878044,16327,0.0283,0.9668,-0.2236,4.3945,0.6714,-1.3428,unlabeled,Charlotte,small
1785596795.287808,16377,0.0283,0.9624,-0.2222,5.249,0.5493,-2.3193,unlabeled,Charlotte,small
1785596795.2878115,16427,0.0146,0.9688,-0.2212,3.7231,1.5869,0.7935,unlabeled,Charlotte,small
1785596795.2878146,16477,0.0278,0.9658,-0.2148,5.9814,1.4648,-2.3193,unlabeled,Charlotte,small
1785596795.2878177,16527,0.0269,0.9688,-0.2114,4.8828,0.6714,-4.2114,unlabeled,Charlotte,small
1785596795.2878208,16577,0.0278,0.9639,-0.2178,2.8687,-1.6479,-4.0283,unlabeled,Charlotte,small
1785596795.2878237,16627,0.042,0.9541,-0.21,0.6104,-3.2959,-5.4932,unlabeled,Charlotte,small
1785596795.2878268,16677,0.0288,0.9624,-0.2324,4.9438,1.77,2.4414,unlabeled,Charlotte,small
1785596795.2878299,16727,0.0479,0.9639,-0.2178,3.7842,0.5493,-0.1221,unlabeled,Charlotte,small
1785596795.2878325,16777,0.0493,0.9619,-0.2134,5.0659,1.8921,1.5869,unlabeled,Charlotte,small
1785596795.2878354,16827,0.0571,0.9595,-0.2173,7.8735,4.2725,0.9766,unlabeled,Charlotte,small
1785596795.2878382,16877,0.0361,0.9722,-0.2173,18.3105,16.2354,4.0283,unlabeled,Charlotte,small
1785596795.2878413,16927,-0.0107,0.9731,-0.2271,5.9814,2.0752,-1.2207,unlabeled,Charlotte,small
1785596795.2878444,16977,0.0479,0.9702,-0.2046,3.6011,1.6479,0.9766,unlabeled,Charlotte,small
1785596795.2878475,17027,0.0278,0.9712,-0.2109,6.7139,3.2959,-1.4038,unlabeled,Charlotte,small
1785596795.2878504,17077,0.041,0.9648,-0.2056,1.4038,2.2583,8.9111,unlabeled,Charlotte,small
1785596795.2878532,17127,0.02,0.9658,-0.2187,5.0659,1.2207,-1.4038,unlabeled,Charlotte,small
1785596796.4694452,17362,0.0269,0.9678,-0.2168,3.9062,1.5869,2.3193,unlabeled,Charlotte,small
1785596796.4694552,17412,0.0283,0.9683,-0.209,4.3335,0.8545,-1.0986,unlabeled,Charlotte,small
1785596796.4694598,17462,0.0254,0.9688,-0.2168,4.3335,1.2207,-0.6104,unlabeled,Charlotte,small
1785596796.4694633,17512,0.0322,0.9634,-0.2119,4.3335,1.0986,0.1831,unlabeled,Charlotte,small
1785596796.4694664,17562,0.0264,0.9653,-0.2129,4.4556,1.2207,-1.3428,unlabeled,Charlotte,small
1785596796.4694695,17612,0.0273,0.9697,-0.2124,4.2725,0.7935,-0.7324,unlabeled,Charlotte,small
1785596796.4694724,17662,0.0308,0.9668,-0.2134,4.1504,1.0376,-0.2441,unlabeled,Charlotte,small
1785596796.4694755,17712,0.0234,0.9648,-0.207,4.2725,1.0986,-0.9155,unlabeled,Charlotte,small
1785596796.4694784,17762,0.0269,0.9648,-0.2197,4.3335,0.9766,-0.1221,unlabeled,Charlotte,small
1785596796.4694812,17812,0.022,0.9683,-0.2124,4.5776,1.0376,-0.1221,unlabeled,Charlotte,small
1785596796.4694843,17862,0.0283,0.9644,-0.208,4.3945,1.2817,0.1831,unlabeled,Charlotte,small
1785596796.4694872,17912,0.0308,0.9673,-0.2158,4.4556,1.1597,-0.4272,unlabeled,Charlotte,small
1785596796.4694898,17962,0.0269,0.9697,-0.2129,4.2725,1.1597,0.3662,unlabeled,Charlotte,small
1785596796.4694927,18012,0.0298,0.9644,-0.2085,4.4556,1.0986,0.0,unlabeled,Charlotte,small
1785596796.4694958,18062,0.022,0.9658,-0.21,4.3335,1.0986,-0.6104,unlabeled,Charlotte,small
1785596796.4694986,18112,0.0249,0.9673,-0.2124,4.2725,1.0986,0.3052,unlabeled,Charlotte,small
1785596796.4695017,18162,0.0303,0.9639,-0.2129,4.3335,1.4038,-0.3052,unlabeled,Charlotte,small
1785596796.4695046,18212,0.0249,0.9619,-0.2109,4.2725,1.2207,-0.2441,unlabeled,Charlotte,small
1785596796.4695077,18262,0.0298,0.9648,-0.2109,4.4556,1.2817,0.3662,unlabeled,Charlotte,small
1785596796.4695103,18312,0.0244,0.9688,-0.2065,4.2725,1.0986,-0.4272,unlabeled,Charlotte,small
1785596797.6551526,18545,0.0293,0.9653,-0.2095,4.3335,1.0986,-0.2441,unlabeled,Charlotte,small
1785596797.655162,18595,0.0288,0.9663,-0.2051,4.2725,0.9766,0.1221,unlabeled,Charlotte,small
1785596797.6551669,18645,0.0269,0.9683,-0.2119,4.1504,1.2817,0.2441,unlabeled,Charlotte,small
1785596797.6551716,18695,0.0273,0.9658,-0.2061,4.0283,1.0986,-0.6714,unlabeled,Charlotte,small
1785596797.6551757,18745,0.0239,0.9678,-0.2144,4.5776,1.3428,0.6104,unlabeled,Charlotte,small
1785596797.65518,18795,0.0312,0.9673,-0.2095,4.3335,1.1597,-0.2441,unlabeled,Charlotte,small
1785596797.6551838,18845,0.0244,0.9648,-0.209,4.3335,1.2817,-0.061,unlabeled,Charlotte,small
1785596797.6551874,18895,0.0239,0.9653,-0.2168,4.3335,1.1597,-0.4883,unlabeled,Charlotte,small
1785596797.655191,18945,0.0239,0.9702,-0.2163,4.0894,1.0986,-0.5493,unlabeled,Charlotte,small
1785596797.655195,18995,0.0283,0.9619,-0.2153,4.2725,1.0376,-0.3052,unlabeled,Charlotte,small
1785596797.6551986,19045,0.0273,0.9639,-0.2095,4.4556,1.5259,-0.3052,unlabeled,Charlotte,small
1785596797.6552022,19095,0.0273,0.9658,-0.2168,4.3945,0.9155,-0.3052,unlabeled,Charlotte,small
1785596797.6552057,19145,0.0288,0.9644,-0.2158,4.5776,1.2207,-0.5493,unlabeled,Charlotte,small
1785596797.6552095,19195,0.0254,0.9639,-0.2095,4.2725,1.0986,0.0,unlabeled,Charlotte,small
1785596797.6552134,19245,0.0293,0.9692,-0.2158,4.3945,1.2817,0.1831,unlabeled,Charlotte,small
1785596797.6552172,19295,0.0269,0.9639,-0.21,4.3945,1.2207,0.061,unlabeled,Charlotte,small
1785596797.655221,19345,0.0298,0.9688,-0.2075,4.0894,1.3428,0.0,unlabeled,Charlotte,small
1785596797.6552243,19395,0.0288,0.9688,-0.2173,4.2725,1.3428,0.1221,unlabeled,Charlotte,small
1785596797.655228,19445,0.0254,0.9707,-0.2119,4.3945,1.0986,-0.6104,unlabeled,Charlotte,small
1785596797.6552315,19495,0.021,0.9668,-0.2129,4.2725,0.4883,-1.5259,unlabeled,Charlotte,small
1785596798.8377137,19729,0.0591,0.9526,-0.2256,4.2114,1.2207,0.9155,unlabeled,Charlotte,small
1785596798.8377244,19779,0.0415,0.9629,-0.2231,4.6997,0.9766,-1.4038,unlabeled,Charlotte,small
1785596798.8377295,19829,0.0444,0.9575,-0.2231,4.6997,1.2817,-0.2441,unlabeled,Charlotte,small
1785596798.837734,19879,0.0386,0.9634,-0.2314,4.5776,1.1597,-0.5493,unlabeled,Charlotte,small
1785596798.837738,19929,0.043,0.957,-0.2319,4.8218,1.709,0.9155,unlabeled,Charlotte,small
1785596798.837742,19979,0.041,0.9639,-0.2319,4.7607,1.0376,-0.061,unlabeled,Charlotte,small
1785596798.837746,20029,0.04,0.9624,-0.229,3.2349,0.6104,0.3052,unlabeled,Charlotte,small
1785596798.8377495,20079,0.0801,0.9966,-0.2036,7.1411,-6.4087,-17.0288,unlabeled,Charlotte,small
1785596798.8377535,20129,0.0278,0.9448,-0.2554,7.3242,1.4038,-5.3101,unlabeled,Charlotte,small
1785596798.8377573,20179,0.0381,0.9614,-0.25,3.8452,1.2207,1.2817,unlabeled,Charlotte,small
1785596798.8377612,20229,0.0503,0.9668,-0.2383,10.7422,7.2632,4.3945,unlabeled,Charlotte,small
1785596798.8377655,20279,0.0024,0.9824,-0.2417,4.5166,2.8687,1.4648,unlabeled,Charlotte,small
1785596798.837769,20329,0.0259,0.9619,-0.2148,4.5166,1.77,0.6714,unlabeled,Charlotte,small
1785596798.8377726,20379,0.0317,0.9717,-0.2212,3.9062,1.6479,0.0,unlabeled,Charlotte,small
1785596798.8377762,20429,0.0308,0.9653,-0.2168,4.6387,0.6714,-1.6479,unlabeled,Charlotte,small
1785596798.8377802,20479,0.0322,0.9678,-0.2192,3.9062,0.8545,-0.6104,unlabeled,Charlotte,small
1785596798.8377838,20529,0.0317,0.9595,-0.2207,4.3335,0.3662,-0.7935,unlabeled,Charlotte,small
1785596798.8377876,20579,0.0298,0.9561,-0.2236,4.1504,1.1597,-1.5869,unlabeled,Charlotte,small
1785596798.8377912,20629,0.0371,0.9653,-0.2271,3.7231,1.4038,-0.4883,unlabeled,Charlotte,small
1785596798.837795,20679,0.0322,0.9629,-0.2246,4.5776,1.2817,-1.0986,unlabeled,Charlotte,small
1785596800.0279324,20912,0.0142,0.957,-0.2187,4.2725,1.1597,0.6714,unlabeled,Charlotte,small
1785596800.0279455,20962,0.0376,0.9614,-0.2192,4.2114,1.3428,0.3662,unlabeled,Charlotte,small
1785596800.0279493,21012,0.0352,0.96,-0.2241,4.3945,1.4038,0.6714,unlabeled,Charlotte,small
1785596800.027953,21062,0.0352,0.9639,-0.231,4.2114,1.1597,0.1831,unlabeled,Charlotte,small
1785596800.0279562,21112,0.0347,0.9634,-0.229,4.3335,1.3428,-0.2441,unlabeled,Charlotte,small
1785596800.0279598,21162,0.0308,0.9624,-0.2212,4.3945,1.1597,-0.6714,unlabeled,Charlotte,small
1785596800.0279627,21212,0.0386,0.9634,-0.2222,4.2114,0.9766,0.5493,unlabeled,Charlotte,small
1785596800.0279658,21262,0.0308,0.9634,-0.2222,4.3335,0.8545,-0.2441,unlabeled,Charlotte,small
1785596800.0279684,21312,0.0332,0.9648,-0.2266,4.2114,1.4648,0.4272,unlabeled,Charlotte,small
1785596800.0279713,21362,0.0361,0.9673,-0.2295,4.5776,1.3428,-0.3662,unlabeled,Charlotte,small
1785596800.0279744,21412,0.0337,0.9604,-0.228,4.0894,1.4038,0.3052,unlabeled,Charlotte,small
1785596800.0279772,21462,0.04,0.9629,-0.2202,4.5166,1.2207,0.0,unlabeled,Charlotte,small
1785596800.0279803,21512,0.0303,0.9624,-0.2192,4.3945,1.1597,-0.6104,unlabeled,Charlotte,small
1785596800.0279834,21562,0.0356,0.9624,-0.231,4.1504,1.2207,0.4272,unlabeled,Charlotte,small
1785596800.0279863,21612,0.0366,0.9644,-0.2187,4.3945,1.2207,-0.6104,unlabeled,Charlotte,small
1785596800.0279891,21662,0.0332,0.9639,-0.2251,4.2114,1.2207,0.0,unlabeled,Charlotte,small
1785596800.0279918,21712,0.0337,0.958,-0.2271,4.0894,1.3428,0.2441,unlabeled,Charlotte,small
1785596800.0279949,21762,0.0342,0.9678,-0.2305,4.6997,0.9155,-0.4883,unlabeled,Charlotte,small
1785596800.0279977,21812,0.0317,0.9653,-0.2236,4.2725,1.4038,0.1831,unlabeled,Charlotte,small
1785596800.0280006,21862,0.0312,0.9644,-0.2271,4.5166,1.0986,-0.4272,unlabeled,Charlotte,small
1785596801.2176514,22106,0.0352,0.9619,-0.23,4.2725,1.1597,-0.5493,unlabeled,Charlotte,small
1785596801.2176604,22156,0.0322,0.9619,-0.2246,4.3335,1.1597,-0.1221,unlabeled,Charlotte,small
1785596801.2176645,22206,0.0347,0.9644,-0.2212,4.2725,1.5869,0.5493,unlabeled,Charlotte,small
1785596801.2176683,22256,0.0332,0.9614,-0.2246,4.5776,1.0986,-0.6714,unlabeled,Charlotte,small
1785596801.2176714,22306,0.0391,0.9658,-0.2153,4.0894,1.5259,2.6245,unlabeled,Charlotte,small
1785596801.2176747,22356,0.0337,0.9639,-0.2261,4.9438,1.0376,-2.0752,unlabeled,Charlotte,small
1785596801.2176778,22406,0.0288,0.9634,-0.2256,4.3335,1.2817,1.1597,unlabeled,Charlotte,small
1785596801.2176807,22456,0.0352,0.9624,-0.2222,4.3945,1.0986,-0.6104,unlabeled,Charlotte,small
1785596801.2176836,22506,0.0283,0.9648,-0.228,4.0894,1.3428,-0.061,unlabeled,Charlotte,small
1785596801.2176864,22556,0.0376,0.9634,-0.2231,4.4556,1.2817,-0.4272,unlabeled,Charlotte,small
1785596801.2176893,22606,0.0308,0.9678,-0.2295,4.2114,1.0986,0.1831,unlabeled,Charlotte,small
1785596801.2176924,22656,0.0327,0.9629,-0.2246,4.2114,1.2817,0.1831,unlabeled,Charlotte,small
1785596801.2176952,22706,0.0391,0.9653,-0.2222,4.5776,1.0986,-0.5493,unlabeled,Charlotte,small
1785596801.217698,22756,0.0269,0.96,-0.2251,4.2114,1.3428,0.3662,unlabeled,Charlotte,small
1785596801.2177012,22806,0.0337,0.9604,-0.2271,4.2725,1.2817,-0.2441,unlabeled,Charlotte,small
1785596801.2177038,22856,0.0308,0.9634,-0.2324,4.3945,1.1597,-0.4883,unlabeled,Charlotte,small
1785596801.2177067,22906,0.0371,0.9683,-0.2241,4.3335,1.4648,0.8545,unlabeled,Charlotte,small
1785596801.2177098,22956,0.0312,0.9624,-0.2305,4.8218,1.2207,-0.4883,unlabeled,Charlotte,small
1785596801.2177126,23006,0.0298,0.96,-0.2256,4.5776,1.2207,0.1221,unlabeled,Charlotte,small
1785596801.2177155,23056,0.0371,0.9644,-0.2295,4.5166,1.0376,-0.1221,unlabeled,Charlotte,small
1785596802.3997102,23289,0.0293,0.9673,-0.23,4.5166,1.2817,0.3662,unlabeled,Charlotte,small
1785596802.399721,23339,0.0327,0.9619,-0.228,4.3945,1.2817,-0.1221,unlabeled,Charlotte,small
1785596802.399726,23389,0.0376,0.9673,-0.2319,5.0049,1.8311,-0.3052,unlabeled,Charlotte,small
1785596802.3997304,23439,0.0293,0.9678,-0.2241,4.4556,1.1597,0.1221,unlabeled,Charlotte,small
1785596802.3997345,23489,0.0337,0.9697,-0.2197,4.3335,0.7324,-1.2207,unlabeled,Charlotte,small
1785596802.399739,23539,0.0239,0.9644,-0.2222,3.9673,1.2207,0.3662,unlabeled,Charlotte,small
1785596802.3997426,23589,0.0337,0.9624,-0.2212,4.2114,1.1597,-0.1221,unlabeled,Charlotte,small
1785596802.3997464,23639,0.0254,0.9619,-0.2231,4.3945,1.6479,-0.061,unlabeled,Charlotte,small
1785596802.39975,23689,0.0312,0.9644,-0.229,3.9062,1.4648,0.4883,unlabeled,Charlotte,small
1785596802.3997538,23739,0.0386,0.9648,-0.2295,4.6997,1.2207,-0.4883,unlabeled,Charlotte,small
1785596802.3997574,23789,0.0293,0.9663,-0.2192,3.9673,1.1597,-0.3052,unlabeled,Charlotte,small
1785596802.399761,23839,0.0337,0.9644,-0.2231,4.7607,1.2817,-0.1831,unlabeled,Charlotte,small
1785596802.3997648,23889,0.0303,0.9634,-0.2207,4.4556,1.0986,-0.3052,unlabeled,Charlotte,small
1785596802.3997686,23939,0.0342,0.9644,-0.228,4.5166,1.0986,0.1221,unlabeled,Charlotte,small
1785596802.399772,23989,0.0269,0.9697,-0.2192,4.0283,1.1597,-0.1221,unlabeled,Charlotte,small
1785596802.3997755,24039,0.02,0.9634,-0.2275,3.479,1.5869,1.0376,unlabeled,Charlotte,small
1785596802.3997793,24089,0.0439,0.9668,-0.2251,4.5776,0.8545,-1.4648,unlabeled,Charlotte,small
1785596802.3997831,24139,0.0361,0.9712,-0.228,5.127,1.709,0.2441,unlabeled,Charlotte,small
1785596802.399787,24189,0.0283,0.957,-0.2246,4.7607,1.2817,-0.6714,unlabeled,Charlotte,small
1785596802.3997903,24239,0.0288,0.9658,-0.2227,5.0049,1.2817,-0.1831,unlabeled,Charlotte,small
1785596803.5827491,24472,0.0278,0.96,-0.2163,3.6011,0.7935,0.0,unlabeled,Charlotte,small
1785596803.5827572,24522,0.0259,0.9663,-0.2222,4.2114,1.4648,0.3052,unlabeled,Charlotte,small
1785596803.5827613,24572,0.0327,0.96,-0.2295,3.8452,0.9155,-0.1221,unlabeled,Charlotte,small
1785596803.5827649,24622,0.0381,0.9595,-0.2261,4.4556,1.3428,0.8545,unlabeled,Charlotte,small
1785596803.5827682,24672,0.0264,0.9648,-0.2236,4.5776,0.9766,0.1831,unlabeled,Charlotte,small
1785596803.5827715,24722,0.0254,0.9639,-0.2256,4.3945,1.0376,-0.9766,unlabeled,Charlotte,small
1785596803.5827746,24772,0.0264,0.9648,-0.2231,4.3945,1.4648,-0.3052,unlabeled,Charlotte,small
1785596803.5827775,24822,0.0273,0.9512,-0.229,4.2725,1.2817,-0.4883,unlabeled,Charlotte,small
1785596803.5827804,24872,0.0229,0.9707,-0.2153,4.0283,1.2817,0.061,unlabeled,Charlotte,small
1785596803.5827835,24922,0.0415,0.959,-0.2183,4.5166,1.1597,-0.3052,unlabeled,Charlotte,small
1785596803.5827863,24972,0.0264,0.9673,-0.2192,4.0283,1.1597,0.1221,unlabeled,Charlotte,small
1785596803.5827892,25022,0.0293,0.9619,-0.2227,4.6997,1.2207,-0.6714,unlabeled,Charlotte,small
1785596803.582792,25072,-0.0015,0.896,-0.2617,7.9346,1.4648,-5.9204,unlabeled,Charlotte,small
1785596803.5827954,25122,0.0293,0.958,-0.21,4.4556,1.8311,2.9297,unlabeled,Charlotte,small
1785596803.582798,25172,0.0376,0.9648,-0.2207,4.5776,1.4648,0.5493,unlabeled,Charlotte,small
1785596803.5828009,25222,0.0327,0.9614,-0.2271,4.6997,1.1597,-0.3662,unlabeled,Charlotte,small
1785596803.582804,25272,0.0264,0.9658,-0.2256,4.2725,1.1597,-1.2207,unlabeled,Charlotte,small
1785596803.5828068,25322,0.0312,0.9624,-0.2241,4.2114,1.4648,0.1221,unlabeled,Charlotte,small
1785596803.5828097,25372,0.0347,0.9658,-0.2236,4.5166,1.4038,-0.061,unlabeled,Charlotte,small
1785596803.5828128,25422,0.0293,0.9658,-0.2261,4.3335,1.0986,0.1221,unlabeled,Charlotte,small
1785596804.7638574,25655,0.0322,0.9668,-0.2241,4.2725,1.0986,-0.3052,unlabeled,Charlotte,small
1785596804.7638674,25705,0.0322,0.9648,-0.2207,4.3945,1.0376,-0.6104,unlabeled,Charlotte,small
1785596804.7638726,25755,0.0298,0.9648,-0.2251,4.0894,1.0376,0.3052,unlabeled,Charlotte,small
1785596804.763877,25805,0.0337,0.9648,-0.2212,4.2725,1.2207,-0.3662,unlabeled,Charlotte,small
1785596804.7638807,25855,0.0273,0.9624,-0.2251,4.4556,1.2817,0.1221,unlabeled,Charlotte,small
1785596804.763885,25905,0.0327,0.9609,-0.2227,4.3335,0.9155,-0.7935,unlabeled,Charlotte,small
1785596804.7638886,25955,0.0249,0.9668,-0.2222,4.0894,1.0376,0.2441,unlabeled,Charlotte,small
1785596804.7638924,26005,0.0308,0.9658,-0.2256,4.3335,1.0986,0.0,unlabeled,Charlotte,small
1785596804.763896,26055,0.0317,0.9634,-0.228,4.4556,1.0986,-0.3662,unlabeled,Charlotte,small
1785596804.7638998,26105,0.0332,0.9614,-0.2266,4.1504,1.2817,0.1831,unlabeled,Charlotte,small
1785596804.7639039,26155,0.0332,0.9678,-0.2266,4.2725,1.0376,-0.4272,unlabeled,Charlotte,small
1785596804.7639077,26205,0.0273,0.9644,-0.2246,4.2114,1.2207,-0.1221,unlabeled,Charlotte,small
1785596804.7639112,26255,0.0269,0.9629,-0.2295,4.2725,1.2817,0.3052,unlabeled,Charlotte,small
1785596804.7639146,26305,0.0278,0.9697,-0.2178,4.6387,1.0986,0.0,unlabeled,Charlotte,small
1785596804.7639182,26355,0.0298,0.9575,-0.2227,4.3945,1.2817,0.0,unlabeled,Charlotte,small
1785596804.7639217,26405,0.0303,0.9658,-0.2212,4.3945,1.0376,0.3662,unlabeled,Charlotte,small
1785596804.7639253,26455,0.0249,0.9653,-0.2212,4.2725,1.2207,-0.5493,unlabeled,Charlotte,small
1785596804.763929,26505,0.0308,0.9634,-0.2256,4.3945,1.3428,0.1831,unlabeled,Charlotte,small
1785596804.7639325,26555,0.0273,0.9702,-0.2241,4.5776,1.2817,-0.4272,unlabeled,Charlotte,small
1785596804.7639363,26605,0.0308,0.9614,-0.2261,4.3335,1.0986,0.3662,unlabeled,Charlotte,small
1785596805.9510112,26838,0.0273,0.9644,-0.2271,4.4556,1.0376,-0.5493,unlabeled,Charlotte,small
1785596805.9510207,26888,0.0312,0.9653,-0.229,4.2114,1.2207,0.3052,unlabeled,Charlotte,small
1785596805.9510262,26938,0.0312,0.9614,-0.2261,4.6387,1.0376,-0.7324,unlabeled,Charlotte,small
1785596805.9510305,26988,0.0317,0.9668,-0.2251,4.3335,1.1597,0.1831,unlabeled,Charlotte,small
1785596805.9510345,27038,0.0361,0.9658,-0.2212,3.8452,1.2207,0.3662,unlabeled,Charlotte,small
1785596805.9510388,27088,0.0264,0.9629,-0.2246,5.249,1.3428,-1.0376,unlabeled,Charlotte,small
1785596805.9510424,27138,0.0327,0.958,-0.2139,5.3711,1.8311,0.2441,unlabeled,Charlotte,small
1785596805.9510462,27188,0.0322,0.9565,-0.2271,4.2114,0.9155,-0.4272,unlabeled,Charlotte,small
1785596805.9510498,27238,0.0254,0.9629,-0.2192,4.4556,0.9766,-0.3052,unlabeled,Charlotte,small
1785596805.9510539,27288,0.0317,0.9639,-0.229,4.4556,0.8545,-0.4272,unlabeled,Charlotte,small
1785596805.9510574,27338,0.022,0.9688,-0.2271,4.6997,1.1597,-0.4272,unlabeled,Charlotte,small
1785596805.9510612,27388,0.0332,0.9644,-0.2251,4.8828,1.5259,0.6104,unlabeled,Charlotte,small
1785596805.9510648,27438,0.0342,0.9634,-0.2207,4.1504,1.1597,-0.8545,unlabeled,Charlotte,small
1785596805.9510686,27488,0.0259,0.9639,-0.2266,4.7607,1.2207,-0.2441,unlabeled,Charlotte,small
1785596805.9510725,27538,0.0342,0.9683,-0.2183,3.8452,1.4648,0.6104,unlabeled,Charlotte,small
1785596805.951076,27588,0.0298,0.9653,-0.2285,5.0659,0.9766,-1.2207,unlabeled,Charlotte,small
1785596805.9510796,27638,0.0278,0.9678,-0.2246,4.3945,1.3428,1.0986,unlabeled,Charlotte,small
1785596805.9510834,27688,0.0361,0.9678,-0.2295,4.5166,1.2207,0.3662,unlabeled,Charlotte,small
1785596805.951087,27738,0.0229,0.9658,-0.2207,4.6997,1.0376,-1.4038,unlabeled,Charlotte,small
1785596805.9510906,27788,0.0337,0.9648,-0.2192,3.6011,1.4038,1.2817,unlabeled,Charlotte,small
1785596807.1335347,28024,0.0283,0.9629,-0.2178,4.3945,1.3428,0.3052,unlabeled,Charlotte,small
1785596807.1335466,28074,0.0352,0.9629,-0.2363,4.3335,1.0376,0.3052,unlabeled,Charlotte,small
1785596807.1335516,28124,0.0327,0.9634,-0.2212,4.4556,1.0376,-0.4272,unlabeled,Charlotte,small
1785596807.133556,28174,0.0308,0.9629,-0.2153,4.0283,0.9766,0.061,unlabeled,Charlotte,small
1785596807.1335602,28224,0.0269,0.9604,-0.2227,4.2725,1.3428,0.061,unlabeled,Charlotte,small
1785596807.1335645,28274,0.0308,0.9658,-0.2217,4.5776,1.0376,-0.6714,unlabeled,Charlotte,small
1785596807.1335683,28324,0.0288,0.9624,-0.2256,4.1504,1.3428,0.3052,unlabeled,Charlotte,small
1785596807.1335719,28374,0.0312,0.9629,-0.2222,4.5166,1.2207,-0.2441,unlabeled,Charlotte,small
1785596807.1335757,28424,0.0293,0.9648,-0.2261,4.3335,1.2817,-0.3662,unlabeled,Charlotte,small
1785596807.1335795,28474,0.0332,0.9624,-0.2271,4.2725,1.3428,0.061,unlabeled,Charlotte,small
1785596807.133583,28524,0.0288,0.9648,-0.2271,4.3335,1.2817,-0.2441,unlabeled,Charlotte,small
1785596807.1335864,28574,0.0259,0.9653,-0.2256,4.2114,1.2207,0.061,unlabeled,Charlotte,small
1785596807.13359,28624,0.0332,0.9639,-0.2285,4.2725,1.2207,-0.061,unlabeled,Charlotte,small
1785596807.1335936,28674,0.0303,0.9629,-0.2261,4.2725,1.1597,-0.3662,unlabeled,Charlotte,small
1785596807.1335971,28724,0.0308,0.9653,-0.2222,4.3335,0.9155,-0.1831,unlabeled,Charlotte,small
1785596807.1336005,28774,0.0293,0.9644,-0.2275,4.5776,1.2207,-0.6714,unlabeled,Charlotte,small
1785596807.133604,28824,0.0273,0.9619,-0.2231,4.3945,1.2817,0.061,unlabeled,Charlotte,small
1785596807.1336076,28874,0.0293,0.9629,-0.2212,4.2725,1.1597,-0.8545,unlabeled,Charlotte,small
1785596807.133611,28924,0.0288,0.9634,-0.2266,4.4556,1.4038,-0.061,unlabeled,Charlotte,small
1785596807.1336145,28974,0.0298,0.9629,-0.2251,4.5166,1.2207,-0.1221,unlabeled,Charlotte,small
1785596808.3151243,29206,0.0288,0.9624,-0.2251,4.2725,1.3428,0.0,unlabeled,Charlotte,small
1785596808.3151324,29256,0.0293,0.9653,-0.2222,4.3945,1.1597,-0.4272,unlabeled,Charlotte,small
1785596808.3151367,29306,0.0283,0.9619,-0.2266,4.3945,1.1597,-0.3662,unlabeled,Charlotte,small
1785596808.31514,29356,0.0322,0.9658,-0.2251,4.3945,1.2817,-0.1221,unlabeled,Charlotte,small
1785596808.3151433,29406,0.0283,0.9668,-0.228,4.4556,1.2207,-0.2441,unlabeled,Charlotte,small
1785596808.3151464,29456,0.0317,0.9629,-0.2222,4.1504,1.2817,0.5493,unlabeled,Charlotte,small
1785596808.3151498,29506,0.0264,0.9585,-0.2222,4.5166,1.0376,-0.3052,unlabeled,Charlotte,small
1785596808.3151526,29556,0.0327,0.9663,-0.2246,4.2725,1.3428,-0.2441,unlabeled,Charlotte,small
1785596808.3151557,29606,0.0332,0.9644,-0.2246,4.0894,1.2817,0.3052,unlabeled,Charlotte,small
1785596808.3151586,29656,0.0269,0.9619,-0.2266,4.3945,1.0376,-0.4272,unlabeled,Charlotte,small
1785596808.3151612,29706,0.0303,0.9644,-0.2227,4.0894,1.2817,0.4883,unlabeled,Charlotte,small
1785596808.315164,29756,0.0283,0.9653,-0.2217,4.4556,1.1597,-0.6104,unlabeled,Charlotte,small
1785596808.315167,29806,0.0259,0.9639,-0.2261,4.6387,0.9766,-0.1221,unlabeled,Charlotte,small
1785596808.3151698,29856,0.0342,0.9619,-0.2246,4.2725,1.2817,-0.1221,unlabeled,Charlotte,small
1785596808.315173,29906,0.0269,0.9678,-0.2251,4.1504,1.2207,0.1221,unlabeled,Charlotte,small
1785596808.3151758,29956,0.0332,0.9644,-0.2266,4.1504,1.0376,0.1221,unlabeled,Charlotte,small
1785596808.3151784,30006,0.0269,0.9629,-0.2261,4.8828,1.1597,-0.8545,unlabeled,Charlotte,small
1785596808.3151813,30056,0.0293,0.9658,-0.2271,4.4556,1.2817,0.2441,unlabeled,Charlotte,small
1785596808.315184,30106,0.0283,0.9658,-0.2266,4.5166,1.3428,-0.4883,unlabeled,Charlotte,small
1785596808.3151872,30156,0.0283,0.9624,-0.2227,4.5166,1.4038,-0.2441,unlabeled,Charlotte,small
1785596809.5016513,30389,0.0332,0.9629,-0.2183,4.2114,1.2817,-0.4883,unlabeled,Charlotte,small
1785596809.5016618,30439,0.0288,0.9624,-0.2227,4.3335,1.0376,-0.2441,unlabeled,Charlotte,small
1785596809.5016668,30489,0.0332,0.9648,-0.2222,4.8828,1.77,0.1831,unlabeled,Charlotte,small
1785596809.5016713,30539,0.0312,0.9634,-0.2192,4.6997,1.2817,-1.1597,unlabeled,Charlotte,small
1785596809.5016754,30589,0.0283,0.96,-0.2231,4.1504,1.0986,0.8545,unlabeled,Charlotte,small
1785596809.5016794,30639,0.0356,0.9678,-0.2197,4.5166,1.2817,-0.6714,unlabeled,Charlotte,small
1785596809.5016832,30689,0.0254,0.9639,-0.2222,4.2114,1.2817,0.1831,unlabeled,Charlotte,small
1785596809.501687,30739,0.0293,0.9595,-0.2231,4.5776,1.4648,-0.2441,unlabeled,Charlotte,small
1785596809.5016904,30789,0.0283,0.9644,-0.2275,4.3335,1.2207,-0.1221,unlabeled,Charlotte,small
1785596809.5016942,30839,0.0303,0.9609,-0.2202,4.2114,1.1597,-0.061,unlabeled,Charlotte,small
1785596809.5016978,30889,0.0337,0.9653,-0.2236,4.2725,0.9766,-0.4272,unlabeled,Charlotte,small
1785596809.5017016,30939,0.0293,0.9668,-0.2212,4.1504,1.2207,0.3052,unlabeled,Charlotte,small
1785596809.5017052,30989,0.0342,0.9629,-0.2227,4.5776,1.3428,0.1221,unlabeled,Charlotte,small
1785596809.5017087,31039,0.0273,0.9634,-0.2261,4.3945,1.0986,-0.6104,unlabeled,Charlotte,small
1785596809.5017123,31089,0.0283,0.9614,-0.2236,4.1504,1.4648,0.6104,unlabeled,Charlotte,small
1785596809.5017161,31139,0.0303,0.9668,-0.2275,4.7607,1.1597,-0.9766,unlabeled,Charlotte,small
1785596809.5017197,31189,0.0273,0.9653,-0.229,3.9062,1.0986,-0.061,unlabeled,Charlotte,small
1785596809.5017233,31239,0.0352,0.9624,-0.2246,4.5166,1.2207,-0.1831,unlabeled,Charlotte,small
1785596809.5017269,31289,0.0239,0.9673,-0.2319,4.5776,1.0986,-0.8545,unlabeled,Charlotte,small
1785596809.5017304,31339,0.0293,0.9663,-0.2275,4.4556,1.2817,0.6714,unlabeled,Charlotte,small
1785596810.6808147,31572,0.0269,0.9644,-0.2256,4.5166,1.1597,-1.2817,unlabeled,Charlotte,small
1785596810.6808248,31622,0.0303,0.9629,-0.2251,4.2725,1.4648,0.7324,unlabeled,Charlotte,small
1785596810.6808302,31672,0.0322,0.9624,-0.229,4.5776,1.0376,-0.9766,unlabeled,Charlotte,small
1785596810.6808345,31722,0.0244,0.9648,-0.2236,4.3945,1.1597,-0.1831,unlabeled,Charlotte,small
1785596810.6808386,31772,0.0308,0.959,-0.2207,4.2725,1.3428,0.061,unlabeled,Charlotte,small
1785596810.6808426,31822,0.0288,0.9619,-0.23,4.5166,1.0376,-0.4272,unlabeled,Charlotte,small
1785596810.6808467,31872,0.0312,0.9604,-0.2197,4.2114,1.3428,0.1831,unlabeled,Charlotte,small
1785596810.68085,31922,0.0293,0.9609,-0.2275,4.2725,1.0986,-1.2207,unlabeled,Charlotte,small
1785596810.6808536,31972,0.0273,0.9629,-0.2261,4.3945,1.2817,0.4883,unlabeled,Charlotte,small
1785596810.6808572,32022,0.0317,0.9688,-0.2227,4.4556,1.2817,-0.5493,unlabeled,Charlotte,small
1785596810.680861,32072,0.0298,0.9624,-0.2202,4.2114,1.1597,-0.061,unlabeled,Charlotte,small
1785596810.6808646,32122,0.0352,0.9658,-0.2187,4.4556,1.1597,0.1221,unlabeled,Charlotte,small
1785596810.6808681,32172,0.0283,0.9653,-0.2207,4.6387,1.3428,-0.3052,unlabeled,Charlotte,small
1785596810.680872,32222,0.0288,0.9663,-0.2246,4.3335,1.2817,0.6104,unlabeled,Charlotte,small
1785596810.6808755,32272,0.0327,0.9609,-0.2236,4.3335,0.9155,-0.2441,unlabeled,Charlotte,small
1785596810.680879,32322,0.0288,0.9644,-0.2275,4.6997,1.1597,-0.6714,unlabeled,Charlotte,small
1785596810.6808827,32372,0.0308,0.9658,-0.2202,4.2114,1.0376,0.3662,unlabeled,Charlotte,small
1785596810.680886,32422,0.0278,0.9644,-0.2202,4.5166,1.1597,-0.1831,unlabeled,Charlotte,small
1785596810.6808896,32472,0.0327,0.9648,-0.2212,4.0894,1.0986,-0.1831,unlabeled,Charlotte,small
1785596810.6808932,32522,0.0312,0.9629,-0.2231,4.3335,0.9766,-0.1221,unlabeled,Charlotte,small
1785596811.863557,32755,0.0264,0.9629,-0.2227,4.2114,1.1597,0.1831,unlabeled,Charlotte,small
1785596811.8635662,32805,0.0308,0.9639,-0.2187,4.5166,1.2817,-0.1221,unlabeled,Charlotte,small
1785596811.8635702,32855,0.0254,0.9604,-0.2261,4.2725,1.2207,-0.4272,unlabeled,Charlotte,small
1785596811.863574,32905,0.0347,0.96,-0.228,4.1504,1.0986,0.6104,unlabeled,Charlotte,small
1785596811.8635774,32955,0.0322,0.9609,-0.2207,4.6387,1.0376,-0.6104,unlabeled,Charlotte,small
1785596811.8635807,33005,0.0269,0.9692,-0.2217,4.2725,1.3428,-0.8545,unlabeled,Charlotte,small
1785596811.863584,33055,0.0317,0.958,-0.2256,4.1504,1.4038,0.6714,unlabeled,Charlotte,small
1785596811.8635871,33105,0.0288,0.9692,-0.2222,4.5166,1.0986,-0.9766,unlabeled,Charlotte,small
1785596811.86359,33155,0.0259,0.9639,-0.2197,4.2725,1.3428,0.3052,unlabeled,Charlotte,small
1785596811.8635929,33205,0.0332,0.9658,-0.2222,4.2725,1.0986,-0.3052,unlabeled,Charlotte,small
1785596811.8635957,33255,0.0288,0.9707,-0.2314,4.1504,1.0986,0.1221,unlabeled,Charlotte,small
1785596811.8635986,33305,0.0264,0.9604,-0.2275,4.5776,1.4648,0.6714,unlabeled,Charlotte,small
1785596811.8636017,33355,0.0303,0.9614,-0.2241,4.6387,1.3428,-0.4272,unlabeled,Charlotte,small
1785596811.8636045,33405,0.0322,0.9639,-0.2173,4.0894,1.2817,0.2441,unlabeled,Charlotte,small
1785596811.8636076,33455,0.0278,0.9639,-0.2251,4.6997,1.1597,-0.7324,unlabeled,Charlotte,small
1785596811.8636103,33505,0.0317,0.9634,-0.2256,4.3945,1.3428,0.061,unlabeled,Charlotte,small
1785596811.8636131,33555,0.0308,0.9624,-0.2261,4.3335,1.2207,-0.4883,unlabeled,Charlotte,small
1785596811.863616,33605,0.0269,0.9653,-0.2241,4.0894,1.0376,-0.7324,unlabeled,Charlotte,small
1785596811.863619,33655,0.0322,0.9604,-0.2231,4.0894,1.1597,0.4883,unlabeled,Charlotte,small
1785596811.8636217,33705,0.0273,0.9712,-0.2271,4.2114,1.0986,-0.1831,unlabeled,Charlotte,small
1785596813.0481377,33938,0.0322,0.9629,-0.229,4.2114,1.2207,0.5493,unlabeled,Charlotte,small
1785596813.0481474,33988,0.0322,0.9653,-0.2227,4.3945,0.9766,-0.4272,unlabeled,Charlotte,small
1785596813.0481522,34038,0.0298,0.9648,-0.2246,4.5776,1.3428,-0.1221,unlabeled,Charlotte,small
1785596813.0481567,34088,0.0293,0.9648,-0.2231,4.3335,1.0986,-0.3052,unlabeled,Charlotte,small
1785596813.0481608,34138,0.0293,0.9609,-0.2217,4.6997,1.0986,-0.3662,unlabeled,Charlotte,small
1785596813.0481648,34188,0.0317,0.9619,-0.2275,4.1504,1.2207,0.2441,unlabeled,Charlotte,small
1785596813.0481687,34238,0.0288,0.9634,-0.2217,4.5166,1.3428,0.061,unlabeled,Charlotte,small
1785596813.0481722,34288,0.0308,0.958,-0.2212,4.2114,1.2207,-0.2441,unlabeled,Charlotte,small
1785596813.0481758,34338,0.0293,0.9639,-0.23,4.2725,1.6479,0.2441,unlabeled,Charlotte,small
1785596813.0481796,34388,0.0308,0.9668,-0.2222,4.4556,1.2817,-0.3052,unlabeled,Charlotte,small
1785596813.048183,34438,0.0298,0.9688,-0.2212,4.2114,1.2817,0.3052,unlabeled,Charlotte,small
1785596813.0481865,34488,0.0317,0.9673,-0.2197,4.3335,1.0986,0.061,unlabeled,Charlotte,small
1785596813.04819,34538,0.0273,0.9624,-0.2227,4.4556,1.2817,0.0,unlabeled,Charlotte,small
1785596813.0481937,34588,0.0337,0.9668,-0.2241,4.4556,1.2207,0.1831,unlabeled,Charlotte,small
1785596813.0481973,34638,0.0278,0.9653,-0.2236,4.5166,1.2207,-0.4883,unlabeled,Charlotte,small
1785596813.0482013,34688,0.0293,0.9639,-0.2207,4.2725,1.2817,-0.061,unlabeled,Charlotte,small
1785596813.048205,34738,0.0317,0.9614,-0.2241,4.4556,1.0986,-0.3052,unlabeled,Charlotte,small
1785596813.0482085,34788,0.0308,0.9624,-0.2173,4.3335,1.2207,-0.1221,unlabeled,Charlotte,small
1785596813.048212,34838,0.0322,0.9683,-0.2207,4.3945,1.2207,-0.2441,unlabeled,Charlotte,small
1785596813.0482154,34888,0.0288,0.9619,-0.228,4.4556,1.0376,-0.2441,unlabeled,Charlotte,small
1785596814.2302287,35121,0.0283,0.9614,-0.2236,4.3945,1.4038,0.061,unlabeled,Charlotte,small
1785596814.2302394,35171,0.0322,0.9639,-0.2222,4.8218,0.9155,-0.4272,unlabeled,Charlotte,small
1785596814.2302446,35221,0.0283,0.9653,-0.2207,4.1504,1.2817,0.2441,unlabeled,Charlotte,small
1785596814.230249,35271,0.0293,0.9614,-0.2222,4.4556,1.0986,-0.4272,unlabeled,Charlotte,small
1785596814.2302525,35321,0.0244,0.9653,-0.2236,4.1504,0.9766,-0.6104,unlabeled,Charlotte,small
1785596814.2302566,35371,0.0273,0.9653,-0.2241,4.3945,1.0986,-0.1221,unlabeled,Charlotte,small
1785596814.2302604,35421,0.0322,0.9639,-0.2236,4.3945,1.3428,-0.4272,unlabeled,Charlotte,small
1785596814.230264,35471,0.0293,0.9624,-0.2251,4.2725,1.0376,0.4272,unlabeled,Charlotte,small
1785596814.2302678,35521,0.0332,0.9663,-0.23,4.3945,1.4038,-0.1221,unlabeled,Charlotte,small
1785596814.2302713,35571,0.0298,0.9648,-0.2275,4.5166,0.9766,-0.3052,unlabeled,Charlotte,small
1785596814.2302752,35621,0.0317,0.9658,-0.2222,4.3335,1.1597,0.4883,unlabeled,Charlotte,small
1785596814.230279,35671,0.0303,0.9629,-0.2173,4.3945,1.2207,-1.0986,unlabeled,Charlotte,small
1785596814.2302828,35721,0.0273,0.9658,-0.2251,4.2725,1.4038,-0.061,unlabeled,Charlotte,small
1785596814.2302864,35771,0.0312,0.9668,-0.2241,4.5166,1.4648,-0.1831,unlabeled,Charlotte,small
1785596814.23029,35821,0.0269,0.9644,-0.2241,4.3945,1.0376,-0.3662,unlabeled,Charlotte,small
1785596814.2302935,35871,0.0342,0.9653,-0.2256,4.2114,1.3428,0.4883,unlabeled,Charlotte,small
1785596814.230297,35921,0.0264,0.9629,-0.2241,4.5166,0.9766,-0.9155,unlabeled,Charlotte,small
1785596814.2303007,35971,0.0249,0.9619,-0.2222,4.3335,1.2817,0.1831,unlabeled,Charlotte,small
1785596814.2303045,36021,0.0293,0.9639,-0.2227,4.4556,1.2817,-0.5493,unlabeled,Charlotte,small
1785596814.230308,36071,0.0254,0.9688,-0.2261,4.4556,1.1597,-0.3052,unlabeled,Charlotte,small
1785596815.4140275,36304,0.0293,0.9634,-0.2197,4.2114,1.1597,-0.3052,unlabeled,Charlotte,small
1785596815.4140384,36354,0.0269,0.9653,-0.2202,4.3945,1.2207,-0.3052,unlabeled,Charlotte,small
1785596815.414044,36404,0.0308,0.9644,-0.2271,4.3335,0.9766,0.1221,unlabeled,Charlotte,small
1785596815.4140484,36454,0.0273,0.9639,-0.2271,4.5166,1.0986,-0.6714,unlabeled,Charlotte,small
1785596815.4140527,36504,0.0283,0.9648,-0.2271,4.3945,1.3428,0.1831,unlabeled,Charlotte,small
1785596815.4140565,36554,0.0342,0.9663,-0.2256,4.2725,1.0986,-0.6714,unlabeled,Charlotte,small
1785596815.41406,36604,0.0283,0.9644,-0.2261,4.0894,1.0986,-0.3052,unlabeled,Charlotte,small
1785596815.4140637,36654,0.0327,0.9639,-0.228,4.2725,1.4038,0.1221,unlabeled,Charlotte,small
1785596815.4140675,36704,0.0273,0.9663,-0.2168,3.9673,0.9155,-0.6714,unlabeled,Charlotte,small
1785596815.414071,36754,0.0312,0.9644,-0.2266,4.2114,1.2207,0.1221,unlabeled,Charlotte,small
1785596815.414075,36804,0.0278,0.9658,-0.2231,4.5166,1.3428,-0.3052,unlabeled,Charlotte,small
1785596815.4140785,36854,0.0293,0.9639,-0.2261,4.1504,1.4038,-0.061,unlabeled,Charlotte,small
1785596815.4140818,36904,0.0317,0.9648,-0.2266,4.2725,1.2817,0.3052,unlabeled,Charlotte,small
1785596815.4140854,36954,0.0298,0.9609,-0.2266,4.3335,0.9766,-0.6714,unlabeled,Charlotte,small
1785596815.414089,37004,0.0283,0.9673,-0.2275,4.1504,1.2817,-0.1831,unlabeled,Charlotte,small
1785596815.4140925,37054,0.0264,0.9619,-0.2271,4.6997,1.1597,-0.3052,unlabeled,Charlotte,small
1785596815.414096,37104,0.0273,0.9604,-0.23,4.3335,1.0986,-0.1221,unlabeled,Charlotte,small
1785596815.4140997,37154,0.0356,0.9614,-0.2285,4.8218,1.0376,0.061,unlabeled,Charlotte,small
1785596815.4141033,37204,0.0244,0.9644,-0.2202,4.4556,1.0376,-0.4883,unlabeled,Charlotte,small
1785596815.4141068,37254,0.0317,0.9634,-0.2256,4.5776,1.2207,0.0,unlabeled,Charlotte,small
1785596816.5997636,37488,-0.001,0.9771,-0.1719,-0.8545,9.0332,-7.9956,unlabeled,Charlotte,small
1785596816.5997734,37538,0.1885,0.9531,-0.4175,-39.4897,14.5874,-6.4087,unlabeled,Charlotte,small
1785596816.5997791,37588,0.1514,0.8916,-0.085,26.001,2.6245,8.2397,unlabeled,Charlotte,small
1785596816.5997834,37638,0.1396,0.9346,-0.335,11.9629,-14.2822,-39.978,unlabeled,Charlotte,small
1785596816.5997875,37688,0.0913,0.9858,-0.0698,6.7139,0.1221,-31.0059,unlabeled,Charlotte,small
1785596816.5997915,37738,-0.0024,0.9624,-0.2417,7.8735,-4.0894,-24.9634,unlabeled,Charlotte,small
1785596816.5997958,37788,0.0405,0.9614,-0.207,4.2114,0.0,10.498,unlabeled,Charlotte,small
1785596816.5997996,37838,0.02,0.9795,-0.1997,5.7983,4.1504,5.127,unlabeled,Charlotte,small
1785596816.5998034,37888,0.0356,0.9707,-0.2168,5.4321,1.5869,1.6479,unlabeled,Charlotte,small
1785596816.5998075,37938,0.0425,0.9609,-0.1953,4.0894,-4.5776,0.1221,unlabeled,Charlotte,small
1785596816.5998113,37988,0.0249,0.9312,-0.168,-2.0142,4.3335,19.5313,unlabeled,Charlotte,small
1785596816.5998151,38038,0.0249,0.9927,-0.1885,1.2207,7.8735,22.3999,unlabeled,Charlotte,small
1785596816.599819,38088,0.0225,0.9688,-0.2178,4.0283,1.709,1.8921,unlabeled,Charlotte,small
1785596816.5998225,38138,0.0396,0.9697,-0.2222,0.6714,4.2725,11.5356,unlabeled,Charlotte,small
1785596816.5998263,38188,0.0171,0.9692,-0.2329,7.6904,2.3193,5.9814,unlabeled,Charlotte,small
1785596816.59983,38238,0.04,0.9668,-0.2134,6.0425,0.7935,-5.4321,unlabeled,Charlotte,small
1785596816.5998335,38288,0.0518,0.9717,-0.2275,8.728,2.5635,-0.9766,unlabeled,Charlotte,small
1785596816.5998373,38338,0.0249,0.9761,-0.23,4.5166,1.2817,0.1831,unlabeled,Charlotte,small
1785596816.5998409,38388,-0.0103,0.9707,-0.1772,1.3428,9.4604,28.8086,unlabeled,Charlotte,small
1785596816.5998447,38438,-0.0781,0.9463,-0.1899,6.4697,-3.479,-9.9487,unlabeled,Charlotte,small
1785596817.7825508,38671,-0.064,0.9746,-0.2583,-31.6162,-2.6855,9.0332,unlabeled,Charlotte,small
1785596817.7825592,38721,-0.0435,0.9106,-0.2588,-25.8789,-11.3525,-5.6763,unlabeled,Charlotte,small
1785596817.7825637,38771,0.1934,0.9126,-0.334,14.0991,1.6479,-20.6909,unlabeled,Charlotte,small
1785596817.7825675,38821,0.0229,0.9614,-0.311,23.8037,4.3335,-24.5361,unlabeled,Charlotte,small
1785596817.7825706,38871,0.1157,0.9033,-0.4282,68.6035,17.8833,0.0,unlabeled,Charlotte,small
1785596817.7825742,38921,0.0825,1.2656,-0.2002,-4.0894,-0.9155,12.0239,unlabeled,Charlotte,small
1785596817.7825775,38971,0.0254,1.0088,-0.2026,7.6294,2.5635,2.1973,unlabeled,Charlotte,small
1785596817.7825801,39021,0.0757,0.9277,-0.249,9.5215,0.7935,10.9253,unlabeled,Charlotte,small
1785596817.7825832,39071,0.0308,0.96,-0.2178,3.6011,2.4414,6.5918,unlabeled,Charlotte,small
1785596817.7825863,39121,0.0142,0.98,-0.2085,3.2349,0.9155,0.7324,unlabeled,Charlotte,small
1785596817.7825892,39171,0.0317,0.9624,-0.2085,4.3335,0.7935,-1.1597,unlabeled,Charlotte,small
1785596817.7825923,39221,0.0332,0.9673,-0.2163,5.6152,1.4648,0.6104,unlabeled,Charlotte,small
1785596817.7825952,39271,0.0376,0.9785,-0.2275,5.0049,1.5259,-2.0142,unlabeled,Charlotte,small
1785596817.7825983,39321,0.2651,1.084,-0.4155,-77.6978,7.2632,48.0957,unlabeled,Charlotte,small
1785596817.782601,39371,0.125,0.793,-0.0762,1.0986,-18.0664,29.7852,unlabeled,Charlotte,small
1785596817.7826047,39421,-0.0273,0.9736,-0.2661,24.1699,3.1738,13.7329,unlabeled,Charlotte,small
1785596817.7826078,39471,0.0249,0.979,-0.1855,2.6245,16.3574,12.5122,unlabeled,Charlotte,small
1785596817.782611,39521,0.0312,0.9595,-0.23,4.6387,2.0752,1.9531,unlabeled,Charlotte,small
1785596817.782614,39571,0.0205,0.9731,-0.228,6.1035,2.5024,0.4883,unlabeled,Charlotte,small
1785596817.782617,39621,0.0107,0.9712,-0.2275,5.9204,3.0518,2.6245,unlabeled,Charlotte,small
1785596818.964682,39855,0.0142,0.9614,-0.2227,10.498,-1.0376,-13.6108,unlabeled,Charlotte,small
1785596818.9646966,39905,0.0195,0.9697,-0.2036,2.3804,0.4883,-2.0752,unlabeled,Charlotte,small
1785596818.9647057,39955,0.0308,0.9653,-0.208,5.188,1.6479,1.1597,unlabeled,Charlotte,small
1785596818.9647136,40005,0.0283,0.9673,-0.2061,4.8218,1.4038,-0.3662,unlabeled,Charlotte,small
1785596818.9647205,40055,0.0332,0.9624,-0.2192,4.8218,1.9531,2.3193,unlabeled,Charlotte,small
1785596818.9647274,40105,0.0293,0.9653,-0.2168,3.8452,1.8921,2.4414,unlabeled,Charlotte,small
1785596818.9647336,40155,0.0352,0.9653,-0.2163,3.8452,1.3428,0.2441,unlabeled,Charlotte,small
1785596818.96474,40205,0.0249,0.9663,-0.2183,4.6997,1.3428,0.4272,unlabeled,Charlotte,small
1785596818.9647467,40255,0.0303,0.9634,-0.2192,4.6997,1.2817,0.4272,unlabeled,Charlotte,small
1785596818.964753,40305,0.0264,0.9697,-0.2114,4.8828,0.7324,-2.3804,unlabeled,Charlotte,small
1785596818.9647593,40355,0.0322,0.9644,-0.2119,4.6387,1.709,2.2583,unlabeled,Charlotte,small
1785596818.9647655,40405,0.0249,0.9741,-0.2017,5.6152,1.9531,3.1128,unlabeled,Charlotte,small
1785596818.9647725,40455,0.0308,0.9644,-0.2109,-0.6104,2.3804,10.1929,unlabeled,Charlotte,small
1785596818.9647784,40505,-0.0166,1.0205,-0.1187,-5.188,-6.7749,8.0566,unlabeled,Charlotte,small
1785596818.9647846,40555,0.0273,0.9702,-0.2202,3.54,2.4414,7.4463,unlabeled,Charlotte,small
1785596818.9647906,40605,0.0054,0.9658,-0.2144,4.4556,-0.4883,-7.7515,unlabeled,Charlotte,small
1785596818.9647968,40655,0.0327,0.9688,-0.1997,6.0425,-0.6104,-6.958,unlabeled,Charlotte,small
1785596818.9648027,40705,0.0425,0.9639,-0.2236,4.3945,1.2207,-0.6714,unlabeled,Charlotte,small
1785596818.9648087,40755,0.0107,0.9668,-0.2109,4.5166,0.7324,-2.9297,unlabeled,Charlotte,small
1785596818.9648147,40805,0.0396,0.9688,-0.2148,4.2114,1.4038,0.6714,unlabeled,Charlotte,small
1785596840.4724731,3145,-0.0054,0.9946,-0.0132,12.4512,0.061,6.958,unlabeled,Charlotte,small
1785596840.472482,3195,-0.0005,0.9961,0.0195,17.5781,-0.6104,2.9907,unlabeled,Charlotte,small
1785596840.4724865,3245,-0.0195,0.9897,0.0229,-0.3662,1.77,-2.9907,unlabeled,Charlotte,small
1785596840.47249,3295,-0.0171,0.9844,0.001,5.3711,1.5869,-1.2207,unlabeled,Charlotte,small
1785596840.4724936,3345,-0.0132,0.9868,0.0088,10.376,0.6714,1.6479,unlabeled,Charlotte,small
1785596840.472497,3395,-0.0132,0.9873,0.0254,1.5259,1.5259,-3.2349,unlabeled,Charlotte,small
1785596840.4725,3445,-0.0093,0.9922,0.0088,2.2583,1.2207,-0.7935,unlabeled,Charlotte,small
1785596840.472503,3495,-0.0112,0.9927,0.0132,6.6528,1.1597,1.1597,unlabeled,Charlotte,small
1785596840.4725058,3545,-0.0122,0.9912,0.0283,7.2021,0.9766,1.4648,unlabeled,Charlotte,small
1785596840.4725087,3595,-0.0083,0.9922,0.0176,4.7607,1.3428,0.6104,unlabeled,Charlotte,small
1785596840.4725118,3645,-0.02,0.9912,0.0239,6.1035,0.8545,-0.3662,unlabeled,Charlotte,small
1785596840.4725149,3695,-0.0122,0.9893,0.0244,3.3569,1.0376,-0.3052,unlabeled,Charlotte,small
1785596840.4725177,3745,-0.0137,0.9941,0.0215,2.9297,1.2817,-1.6479,unlabeled,Charlotte,small
1785596840.4725204,3795,-0.0142,0.9937,0.0161,4.9438,1.0376,0.2441,unlabeled,Charlotte,small
1785596840.4725235,3845,-0.0161,0.9917,0.0146,4.0283,1.2817,-0.7324,unlabeled,Charlotte,small
1785596840.472526,3895,-0.0171,0.9917,0.0244,5.127,1.0986,0.6714,unlabeled,Charlotte,small
1785596840.472529,3945,-0.0186,0.9946,0.0195,4.1504,1.0376,-0.1831,unlabeled,Charlotte,small
1785596840.472532,3995,-0.0117,0.9907,0.0161,6.6528,0.7324,1.5259,unlabeled,Charlotte,small
1785596840.4725344,4045,-0.0186,0.9937,0.0234,4.0894,1.3428,-0.6714,unlabeled,Charlotte,small
1785596840.4725373,4095,-0.0117,0.9863,0.0161,5.7983,0.7935,0.4272,unlabeled,Charlotte,small
1785596841.657135,4332,-0.0181,0.9863,0.02,6.7139,1.2207,0.8545,unlabeled,Charlotte,small
1785596841.6571443,4382,-0.0229,0.9888,0.0381,1.2817,1.0986,-2.6245,unlabeled,Charlotte,small
1785596841.6571486,4432,-0.0161,0.9878,0.0312,5.127,1.3428,0.2441,unlabeled,Charlotte,small
1785596841.657152,4482,-0.0156,0.9922,0.0322,4.3945,1.1597,-0.4883,unlabeled,Charlotte,small
1785596841.657155,4532,-0.02,0.9854,0.0239,3.8452,1.2817,-0.3662,unlabeled,Charlotte,small
1785596841.6571584,4582,-0.0171,0.9912,0.0278,1.0986,1.3428,-1.5869,unlabeled,Charlotte,small
1785596841.6571612,4632,-0.0186,0.9888,0.0259,3.9062,1.4648,-0.4272,unlabeled,Charlotte,small
1785596841.6571643,4682,-0.0161,0.9932,0.021,4.3945,1.0376,-0.1831,unlabeled,Charlotte,small
1785596841.657167,4732,-0.0117,0.9922,0.0249,4.6997,1.0376,0.061,unlabeled,Charlotte,small
1785596841.6571696,4782,-0.0142,0.9897,0.0215,3.6621,1.2817,-0.1831,unlabeled,Charlotte,small
1785596841.6571724,4832,-0.0161,0.9897,0.0264,4.1504,1.2817,1.3428,unlabeled,Charlotte,small
1785596841.6571753,4882,-0.0176,0.9902,0.0312,5.0659,1.2207,-0.1221,unlabeled,Charlotte,small
1785596841.6571784,4932,-0.0142,0.9932,0.0234,5.249,1.3428,0.7935,unlabeled,Charlotte,small
1785596841.6571813,4982,-0.0132,0.9902,0.0239,4.2114,1.4038,-0.4883,unlabeled,Charlotte,small
1785596841.657184,5032,-0.0127,0.9897,0.0229,2.1973,1.5869,-1.9531,unlabeled,Charlotte,small
1785596841.6571867,5082,-0.0146,0.9902,0.0283,3.6621,1.4038,-0.6714,unlabeled,Charlotte,small
1785596841.6571896,5132,-0.0137,0.9893,0.021,4.5776,1.2207,0.4272,unlabeled,Charlotte,small
1785596841.6571925,5182,-0.02,0.981,0.0132,4.6387,1.8311,-0.6714,unlabeled,Charlotte,small
1785596841.6571953,5232,-0.0015,0.9863,0.0127,3.0518,0.9766,-1.0376,unlabeled,Charlotte,small
1785596841.6571987,5282,-0.0225,0.9976,0.0278,4.0283,0.9766,-0.7935,unlabeled,Charlotte,small
1785596842.839576,5516,-0.0132,0.9932,0.0259,4.5166,1.1597,0.1831,unlabeled,Charlotte,small
1785596842.839586,5566,-0.0127,0.9907,0.0176,4.2725,1.0986,-0.4883,unlabeled,Charlotte,small
1785596842.8395913,5616,-0.0161,0.9917,0.022,2.9907,1.4038,-1.1597,unlabeled,Charlotte,small
1785596842.8395958,5666,-0.0127,0.9912,0.0161,5.7373,1.2207,0.4272,unlabeled,Charlotte,small
1785596842.8395996,5716,-0.0151,0.9897,0.0259,4.8828,0.9766,0.061,unlabeled,Charlotte,small
1785596842.839604,5766,-0.0132,0.9927,0.0205,4.4556,1.2207,0.3052,unlabeled,Charlotte,small
1785596842.8396077,5816,-0.022,0.9985,0.0044,4.6997,1.1597,-0.4883,unlabeled,Charlotte,small
1785596842.8396115,5866,-0.0225,0.9893,0.0425,7.8125,0.8545,2.2583,unlabeled,Charlotte,small
1785596842.8396156,5916,-0.0137,0.9917,0.0171,5.4321,0.8545,0.7324,unlabeled,Charlotte,small
1785596842.8396192,5966,-0.0186,0.9956,0.0361,1.0986,1.5869,-1.8311,unlabeled,Charlotte,small
1785596842.839623,6016,-0.0112,0.9907,0.021,4.2725,1.1597,0.1221,unlabeled,Charlotte,small
1785596842.8396266,6066,-0.0137,0.9927,0.0269,4.4556,1.0986,-0.3662,unlabeled,Charlotte,small
1785596842.8396301,6116,-0.0156,0.9883,0.021,5.249,1.0376,0.2441,unlabeled,Charlotte,small
1785596842.8396337,6166,-0.0103,0.9893,0.0166,2.7466,1.5259,-1.2817,unlabeled,Charlotte,small
1785596842.8396373,6216,-0.0176,0.9888,0.0195,4.6387,1.1597,0.2441,unlabeled,Charlotte,small
1785596842.8396409,6266,-0.0137,0.9878,0.0205,5.4321,0.9766,-0.4883,unlabeled,Charlotte,small
1785596842.8396444,6316,-0.0166,0.9937,0.0215,1.709,1.709,-2.6245,unlabeled,Charlotte,small
1785596842.839648,6366,-0.0186,0.9883,0.021,7.0801,0.8545,1.3428,unlabeled,Charlotte,small
1785596842.8396516,6416,-0.0117,0.9937,0.0303,3.8452,1.3428,-0.3662,unlabeled,Charlotte,small
1785596842.839655,6466,-0.0166,0.9854,0.0146,3.1738,1.1597,-0.6104,unlabeled,Charlotte,small
1785596844.0225096,6699,-0.0146,0.9937,0.0215,4.3335,1.2207,0.1831,unlabeled,Charlotte,small
1785596844.0225196,6749,-0.0156,0.9922,0.0176,4.0894,1.2817,-0.6714,unlabeled,Charlotte,small
1785596844.0225246,6799,-0.0146,0.9878,0.022,4.4556,1.1597,-0.3052,unlabeled,Charlotte,small
1785596844.0225291,6849,-0.0132,0.9961,0.0176,3.9673,1.3428,-0.2441,unlabeled,Charlotte,small
1785596844.0225332,6899,-0.0166,0.9946,0.0229,3.8452,1.1597,-0.8545,unlabeled,Charlotte,small
1785596844.022537,6949,-0.019,0.9873,0.0229,4.2725,1.1597,0.1221,unlabeled,Charlotte,small
1785596844.0225406,6999,-0.0161,0.9883,0.0176,4.7607,1.2207,0.061,unlabeled,Charlotte,small
1785596844.0225441,7049,-0.0112,0.9893,0.0259,3.9062,1.2817,-0.5493,unlabeled,Charlotte,small
1785596844.022548,7099,-0.0137,0.9878,0.0244,3.9673,1.3428,-0.3662,unlabeled,Charlotte,small
1785596844.0225513,7149,-0.0137,0.9902,0.0205,4.0894,1.3428,-0.7324,unlabeled,Charlotte,small
1785596844.0225549,7199,-0.0161,0.9878,0.0229,3.8452,1.2207,-0.061,unlabeled,Charlotte,small
1785596844.0225587,7249,-0.0146,0.9956,0.0225,4.0894,1.3428,-0.6104,unlabeled,Charlotte,small
1785596844.022562,7299,-0.0156,0.9907,0.0205,4.5776,1.2207,-0.061,unlabeled,Charlotte,small
1785596844.0225654,7349,-0.0142,0.9941,0.022,4.3335,1.3428,-0.1221,unlabeled,Charlotte,small
1785596844.0225692,7399,-0.0161,0.9941,0.0239,4.5166,1.3428,-0.061,unlabeled,Charlotte,small
1785596844.0225723,7449,-0.0166,0.9932,0.0205,4.5776,1.3428,0.3662,unlabeled,Charlotte,small
1785596844.0225759,7499,-0.0107,0.9917,0.0239,3.7231,1.3428,-0.2441,unlabeled,Charlotte,small
1785596844.0225794,7549,-0.0195,0.9912,0.0195,5.3101,1.2207,0.4883,unlabeled,Charlotte,small
1785596844.022583,7599,-0.0088,0.9937,0.0229,4.7607,1.1597,0.061,unlabeled,Charlotte,small
1785596844.0225866,7649,-0.0161,0.9897,0.0215,4.1504,1.0376,-0.3052,unlabeled,Charlotte,small
1785596845.2169209,7882,-0.0103,0.9907,0.0176,4.3945,0.9155,0.061,unlabeled,Charlotte,small
1785596845.2169297,7932,-0.0146,0.9907,0.0176,4.2725,1.2207,-0.4272,unlabeled,Charlotte,small
1785596845.216934,7982,-0.0093,0.9873,0.0229,4.2725,1.3428,-0.061,unlabeled,Charlotte,small
1785596845.2169375,8032,-0.0117,0.9922,0.019,4.0894,1.0376,-0.5493,unlabeled,Charlotte,small
1785596845.2169409,8082,-0.0176,0.9932,0.021,5.3711,1.2817,0.5493,unlabeled,Charlotte,small
1785596845.2169442,8132,-0.0083,0.9868,0.0195,3.2349,1.2207,-1.0376,unlabeled,Charlotte,small
1785596845.2169473,8182,-0.0078,0.9941,0.0244,-0.1831,1.5259,-2.3804,unlabeled,Charlotte,small
1785596845.2169502,8232,-0.0166,0.9966,0.0229,3.1128,1.3428,-0.061,unlabeled,Charlotte,small
1785596845.216953,8282,-0.0088,0.9912,0.0146,5.0659,1.2817,0.4883,unlabeled,Charlotte,small
1785596845.216956,8332,-0.0073,0.9858,0.0127,8.1177,0.7324,2.6855,unlabeled,Charlotte,small
1785596845.2169588,8382,-0.0171,0.9629,0.0181,9.5825,-2.2583,-0.5493,unlabeled,Charlotte,small
1785596845.2169619,8432,0.042,1.0122,-0.0073,-24.9634,52.4902,-6.7139,unlabeled,Charlotte,small
1785596845.216965,8482,-0.0015,0.9604,0.0649,7.9346,12.0239,5.6763,unlabeled,Charlotte,small
1785596845.2169683,8532,-0.0146,0.9668,0.0312,-1.709,-20.874,-8.1177,unlabeled,Charlotte,small
1785596845.2169716,8582,0.0151,0.9692,0.0249,20.752,0.6714,-1.709,unlabeled,Charlotte,small
1785596845.2169745,8632,0.0107,0.979,0.0034,3.1128,-0.3662,2.3193,unlabeled,Charlotte,small
1785596845.2169774,8682,0.0049,0.9985,0.0132,2.1973,-0.061,0.061,unlabeled,Charlotte,small
1785596845.2169802,8732,0.0073,0.9863,0.0127,9.2773,0.9155,2.4414,unlabeled,Charlotte,small
1785596845.216983,8782,-0.0024,0.9873,0.019,15.0146,1.8311,-4.9438,unlabeled,Charlotte,small
1785596845.2169862,8832,0.0264,0.9517,0.061,-0.9766,-3.54,0.8545,unlabeled,Charlotte,small
1785596846.4180949,9076,-0.0049,0.9019,-0.1519,39.6729,14.8926,-5.8594,unlabeled,Charlotte,small
1785596846.4181092,9126,0.0562,0.9707,-0.0112,11.6577,1.5259,10.376,unlabeled,Charlotte,small
1785596846.4181137,9176,0.0015,1.0005,0.0337,-0.1831,3.2959,-6.5308,unlabeled,Charlotte,small
1785596846.418118,9226,0.0088,1.0015,0.0161,5.249,1.8921,-2.7466,unlabeled,Charlotte,small
1785596846.418121,9276,0.0327,0.9639,-0.0137,9.7046,1.2817,-0.7324,unlabeled,Charlotte,small
1785596846.4181252,9326,0.0132,0.999,0.022,0.9155,2.1362,-1.9531,unlabeled,Charlotte,small
1785596846.418128,9376,0.0181,0.9863,0.0,5.0049,0.061,-0.1831,unlabeled,Charlotte,small
1785596846.4181314,9426,0.0122,0.9912,0.0098,3.1128,1.0986,-1.5869,unlabeled,Charlotte,small
1785596846.4181345,9476,0.02,0.9922,0.0049,4.0894,1.5869,0.061,unlabeled,Charlotte,small
1785596846.4181373,9526,0.0195,0.9917,0.0088,3.7231,0.8545,-0.5493,unlabeled,Charlotte,small
1785596846.4181404,9576,0.0181,0.9932,0.0166,3.9062,1.3428,-0.5493,unlabeled,Charlotte,small
1785596846.4181433,9626,0.0112,0.9937,0.02,3.54,1.1597,-1.5869,unlabeled,Charlotte,small
1785596846.4181461,9676,0.0049,0.9878,0.0229,3.3569,1.2207,-2.3804,unlabeled,Charlotte,small
1785596846.4181492,9726,0.0205,0.9941,0.0088,4.1504,0.1221,1.6479,unlabeled,Charlotte,small
1785596846.4181519,9776,0.0332,1.0117,0.0225,-9.7656,1.77,-9.7656,unlabeled,Charlotte,small
1785596846.4181547,9826,0.0205,0.9854,0.0034,3.8452,1.4038,-0.9766,unlabeled,Charlotte,small
1785596846.4181578,9876,0.0151,0.9897,0.0083,5.6152,0.9766,1.1597,unlabeled,Charlotte,small
1785596846.418161,9926,0.0205,0.9893,0.0103,5.3711,0.8545,1.6479,unlabeled,Charlotte,small
1785596846.4181638,9976,0.0225,0.9893,0.0024,4.3335,1.3428,-0.1831,unlabeled,Charlotte,small
1785596846.4181666,10026,0.0166,0.9922,0.0103,3.2349,1.6479,-0.7935,unlabeled,Charlotte,small
1785596847.6170828,10283,0.0215,0.9932,0.0117,5.3711,1.4038,0.2441,unlabeled,Charlotte,small
1785596847.617093,10333,0.022,0.9941,0.0024,3.418,0.9155,-0.3052,unlabeled,Charlotte,small
1785596847.6170983,10383,0.021,0.9961,0.0078,3.418,0.5493,0.1221,unlabeled,Charlotte,small
1785596847.6171026,10433,0.0171,0.9937,0.0059,4.4556,1.3428,-0.5493,unlabeled,Charlotte,small
1785596847.6171067,10483,0.0151,0.9927,0.0112,5.4321,1.0376,0.9766,unlabeled,Charlotte,small
1785596847.6171107,10533,0.019,0.9922,0.0044,4.2114,0.9766,-0.6104,unlabeled,Charlotte,small
1785596847.6171148,10583,0.0166,0.9912,0.0093,5.3101,0.7324,0.6714,unlabeled,Charlotte,small
1785596847.6171184,10633,0.0205,0.9883,-0.0024,3.8452,1.3428,-0.4883,unlabeled,Charlotte,small
1785596847.6171224,10683,0.0205,0.9902,0.0083,4.2114,0.9766,0.1831,unlabeled,Charlotte,small
1785596847.617126,10733,0.0156,0.9941,0.0078,3.2349,1.5259,-0.9155,unlabeled,Charlotte,small
1785596847.6171296,10783,0.0171,0.9956,0.001,4.3945,5.0659,-2.9907,unlabeled,Charlotte,small
1785596847.6171339,10833,0.0171,0.9927,0.0137,4.8828,1.2207,1.2207,unlabeled,Charlotte,small
1785596847.6171374,10883,0.0273,0.9819,-0.0132,3.6621,1.3428,-1.8921,unlabeled,Charlotte,small
1785596847.6171412,10933,0.019,0.9849,0.0059,4.2114,1.0986,-0.7935,unlabeled,Charlotte,small
1785596847.6171448,10983,0.0234,0.9902,0.0015,4.8828,1.0376,0.1221,unlabeled,Charlotte,small
1785596847.6171486,11033,0.0205,0.9873,0.002,4.9438,1.1597,0.1831,unlabeled,Charlotte,small
1785596847.6171525,11083,0.0264,0.9883,0.0044,4.8218,1.2207,0.6714,unlabeled,Charlotte,small
1785596847.617156,11133,0.0244,0.9927,0.0015,4.2725,1.2207,-0.3052,unlabeled,Charlotte,small
1785596847.6171596,11183,0.0176,0.9927,0.0,4.3945,0.8545,-0.2441,unlabeled,Charlotte,small
1785596847.6171632,11233,0.022,0.9927,0.0039,4.9438,1.1597,0.2441,unlabeled,Charlotte,small
1785596848.8105967,11479,0.0239,0.9902,0.0,4.9438,1.2207,0.4883,unlabeled,Charlotte,small
1785596848.8106053,11529,0.019,0.9946,0.0132,3.7231,1.2817,-0.8545,unlabeled,Charlotte,small
1785596848.8106093,11579,0.0195,0.9922,0.0034,4.6387,1.2817,0.2441,unlabeled,Charlotte,small
1785596848.810613,11629,0.0205,0.9917,0.0044,5.0049,1.1597,-0.1221,unlabeled,Charlotte,small
1785596848.8106163,11679,0.0205,0.9907,0.0063,4.0283,1.2817,-0.5493,unlabeled,Charlotte,small
1785596848.8106196,11729,0.0205,0.9917,0.0112,4.3335,1.1597,-0.4272,unlabeled,Charlotte,small
1785596848.8106227,11779,0.0229,0.9893,0.0068,4.3945,1.4648,-0.1221,unlabeled,Charlotte,small
1785596848.8106253,11829,0.0215,0.9893,0.0063,4.1504,1.3428,-0.6104,unlabeled,Charlotte,small
1785596848.8106284,11879,0.0249,0.9937,0.0059,3.7231,1.1597,-0.7324,unlabeled,Charlotte,small
1785596848.8106315,11929,0.021,0.9922,0.0,3.6011,0.9155,0.1221,unlabeled,Charlotte,small
1785596848.8106341,11979,0.0195,0.9932,-0.0015,4.9438,1.2207,0.4883,unlabeled,Charlotte,small
1785596848.8106372,12029,0.021,0.9922,0.002,5.3101,1.1597,0.3052,unlabeled,Charlotte,small
1785596848.8106403,12079,0.0229,0.9868,0.0034,4.0283,1.3428,0.0,unlabeled,Charlotte,small
1785596848.8106434,12129,0.021,0.9912,0.0039,3.8452,1.2817,-0.4883,unlabeled,Charlotte,small
1785596848.8106463,12179,0.021,0.9888,0.0054,4.6387,1.4648,0.0,unlabeled,Charlotte,small
1785596848.8106492,12229,0.0176,0.9897,0.002,4.6387,1.2207,0.3662,unlabeled,Charlotte,small
1785596848.810652,12279,0.021,0.9902,0.0098,4.4556,1.4038,-0.3662,unlabeled,Charlotte,small
1785596848.8106546,12329,0.0244,0.9902,0.0029,4.8828,1.0986,0.4272,unlabeled,Charlotte,small
1785596848.8106575,12379,0.0181,0.9927,0.0044,4.0283,1.3428,-0.6714,unlabeled,Charlotte,small
1785596848.8106606,12429,0.0176,0.9907,0.0073,4.2725,1.1597,0.1831,unlabeled,Charlotte,small
1785596850.0132911,12673,0.022,0.9937,0.0059,3.479,1.2207,-2.2583,unlabeled,Charlotte,small
1785596850.0133002,12723,0.019,0.9941,0.0015,4.3945,0.9766,-0.061,unlabeled,Charlotte,small
1785596850.0133042,12773,0.0229,0.9907,0.0029,4.9438,1.0986,0.6104,unlabeled,Charlotte,small
1785596850.0133078,12823,0.0195,0.9878,-0.001,4.1504,1.0986,-0.7324,unlabeled,Charlotte,small
1785596850.0133111,12873,0.0215,0.9873,0.002,4.4556,1.0376,0.061,unlabeled,Charlotte,small
1785596850.0133142,12923,0.0239,0.9912,0.0024,4.0283,1.3428,-0.6714,unlabeled,Charlotte,small
1785596850.0133173,12973,0.0215,0.9927,-0.002,3.6621,1.4038,-1.0376,unlabeled,Charlotte,small
1785596850.0133204,13023,0.0171,0.9917,0.0059,4.5776,1.0986,0.061,unlabeled,Charlotte,small
1785596850.0133235,13073,0.021,0.9878,0.0073,4.3335,0.9155,-0.5493,unlabeled,Charlotte,small
1785596850.0133264,13123,0.0205,0.9878,0.0063,3.9673,1.0376,-0.3052,unlabeled,Charlotte,small
1785596850.0133295,13173,0.0254,0.9912,0.0024,4.4556,0.9766,-0.1221,unlabeled,Charlotte,small
1785596850.0133321,13223,0.0234,0.9937,0.0044,4.3945,1.2207,0.1221,unlabeled,Charlotte,small
1785596850.013335,13273,0.0234,0.9902,0.0054,3.6621,1.0986,-0.9766,unlabeled,Charlotte,small
1785596850.0133379,13323,0.0215,0.9927,0.0039,4.6997,1.0376,0.1831,unlabeled,Charlotte,small
1785596850.0133407,13373,0.0239,0.9907,-0.0044,5.127,1.1597,0.6714,unlabeled,Charlotte,small
1785596850.0133438,13423,0.022,0.9932,0.0005,4.2725,1.2207,-0.3052,unlabeled,Charlotte,small
1785596850.013347,13473,0.021,0.9917,-0.0005,5.0049,1.1597,0.4883,unlabeled,Charlotte,small
1785596850.0133498,13523,0.0225,0.9893,0.0005,4.0283,1.0376,-0.061,unlabeled,Charlotte,small
1785596850.0133526,13573,0.0166,0.9907,0.0,3.7842,1.2207,-0.9155,unlabeled,Charlotte,small
1785596850.0133557,13623,0.0229,0.9883,0.0024,4.3335,1.2817,-0.3052,unlabeled,Charlotte,small
1785596851.2026596,13878,0.0259,0.9897,-0.0015,4.0894,1.1597,-0.3662,unlabeled,Charlotte,small
1785596851.202669,13928,0.0249,0.9912,-0.0024,4.1504,1.1597,-0.1221,unlabeled,Charlotte,small
1785596851.202673,13978,0.0195,0.9976,0.0103,4.0894,1.3428,-0.6714,unlabeled,Charlotte,small
1785596851.2026765,14028,0.0166,0.9893,0.001,4.9438,1.0986,0.061,unlabeled,Charlotte,small
1785596851.2026799,14078,0.0215,0.9902,-0.0063,4.6387,1.1597,0.1221,unlabeled,Charlotte,small
1785596851.2026832,14128,0.022,0.9912,0.001,5.188,0.9155,1.0986,unlabeled,Charlotte,small
1785596851.2026858,14178,0.0205,0.9897,-0.001,4.0894,1.4038,-0.3052,unlabeled,Charlotte,small
1785596851.202689,14228,0.0195,0.9922,0.0059,3.9062,1.2207,-0.6714,unlabeled,Charlotte,small
1785596851.202692,14278,0.0234,0.9917,0.0034,4.8218,1.1597,0.5493,unlabeled,Charlotte,small
1785596851.202695,14328,0.0254,0.9922,0.0,4.6997,1.2207,-0.2441,unlabeled,Charlotte,small
1785596851.202698,14378,0.0195,0.9907,0.0078,4.1504,1.0376,-0.061,unlabeled,Charlotte,small
1785596851.2027009,14428,0.0205,0.9927,-0.001,4.3335,1.3428,0.1221,unlabeled,Charlotte,small
1785596851.202704,14478,0.0234,0.9868,-0.001,4.5166,1.1597,0.1831,unlabeled,Charlotte,small
1785596851.2027066,14528,0.0195,0.9878,0.0034,3.2349,1.2207,-0.9155,unlabeled,Charlotte,small
1785596851.2027094,14578,0.0352,0.978,-0.0107,6.958,1.4648,1.709,unlabeled,Charlotte,small
1785596851.2027123,14628,0.0244,0.9883,-0.001,5.4932,1.1597,0.6104,unlabeled,Charlotte,small
1785596851.2027152,14678,0.0225,0.9897,-0.0024,4.7607,1.1597,0.1221,unlabeled,Charlotte,small
1785596851.202718,14728,0.02,0.9897,0.0127,4.4556,1.1597,0.061,unlabeled,Charlotte,small
1785596851.2027209,14778,0.0215,0.9873,-0.0024,4.2114,1.2817,0.0,unlabeled,Charlotte,small
1785596851.2027233,14828,0.0225,0.9897,0.0059,4.1504,1.4038,-0.7324,unlabeled,Charlotte,small
1785596852.3878326,15062,0.0376,0.978,-0.0161,6.5308,1.0986,0.7324,unlabeled,Charlotte,small
1785596852.3878424,15112,0.021,0.9888,-0.0063,5.6763,1.4648,-0.2441,unlabeled,Charlotte,small
1785596852.3878472,15162,0.0293,0.9902,-0.0034,4.8218,1.0376,0.7324,unlabeled,Charlotte,small
1785596852.3878515,15212,0.0342,0.9819,-0.0054,5.5542,1.6479,1.9531,unlabeled,Charlotte,small
1785596852.3878553,15262,0.021,0.9873,-0.0029,4.6387,1.4038,-0.061,unlabeled,Charlotte,small
1785596852.3878593,15312,0.0254,0.9858,-0.0049,4.2114,0.8545,-0.3052,unlabeled,Charlotte,small
1785596852.3878634,15362,0.0186,0.9927,0.0107,4.3945,1.8311,0.061,unlabeled,Charlotte,small
1785596852.3878672,15412,0.0264,0.9883,-0.0049,4.3335,1.0376,-0.1831,unlabeled,Charlotte,small
1785596852.3878708,15462,0.0176,0.9976,0.0049,6.958,1.1597,1.6479,unlabeled,Charlotte,small
1785596852.3878748,15512,0.0195,0.9922,0.0005,5.0659,1.1597,0.5493,unlabeled,Charlotte,small
1785596852.387879,15562,0.0225,0.9888,-0.0073,4.3335,1.0986,0.061,unlabeled,Charlotte,small
1785596852.3878825,15612,0.022,0.9893,-0.0015,4.0894,1.0986,-0.7324,unlabeled,Charlotte,small
1785596852.3878863,15662,0.02,0.9883,-0.0005,4.2725,0.9766,0.1221,unlabeled,Charlotte,small
1785596852.38789,15712,0.022,0.9883,-0.0005,4.0283,1.2207,-0.3052,unlabeled,Charlotte,small
1785596852.387894,15762,0.0225,0.9917,0.0059,4.9438,1.1597,0.1221,unlabeled,Charlotte,small
1785596852.3878975,15812,0.0239,0.9912,-0.0044,4.5776,1.4038,0.1221,unlabeled,Charlotte,small
1785596852.3879015,15862,0.0205,0.9917,0.0015,3.8452,1.4648,-0.9766,unlabeled,Charlotte,small
1785596852.3879056,15912,0.0176,0.9912,0.002,4.6387,1.2817,0.3052,unlabeled,Charlotte,small
1785596852.3879092,15962,0.0225,0.9883,0.0024,4.8828,0.9155,0.9155,unlabeled,Charlotte,small
1785596852.387913,16012,0.0264,0.9888,0.0049,3.6011,1.4038,-0.7324,unlabeled,Charlotte,small
1785596853.582027,16247,0.0386,0.9858,-0.0024,4.8218,1.0986,1.1597,unlabeled,Charlotte,small
1785596853.582036,16297,0.0225,0.9897,-0.0015,3.9673,1.2207,-0.9155,unlabeled,Charlotte,small
1785596853.5820403,16347,0.019,0.9912,0.001,4.2114,1.0986,-0.1831,unlabeled,Charlotte,small
1785596853.5820441,16397,0.0234,0.9883,0.0005,4.8218,1.1597,0.2441,unlabeled,Charlotte,small
1785596853.5820475,16447,0.02,0.9961,-0.001,4.5776,1.3428,0.2441,unlabeled,Charlotte,small
1785596853.5820508,16497,0.0234,0.9907,-0.0015,4.5776,1.4038,0.3662,unlabeled,Charlotte,small
1785596853.582054,16547,0.0225,0.9888,-0.001,4.5776,1.3428,-0.4883,unlabeled,Charlotte,small
1785596853.582057,16597,0.022,0.9893,-0.0005,4.5166,1.1597,0.0,unlabeled,Charlotte,small
1785596853.5820599,16647,0.0239,0.9888,-0.0005,4.2114,1.2207,-0.5493,unlabeled,Charlotte,small
1785596853.582063,16697,0.0186,0.9946,0.0049,4.1504,1.1597,-0.5493,unlabeled,Charlotte,small
1785596853.5820658,16747,0.021,0.9912,0.0034,4.2725,1.2207,-0.3052,unlabeled,Charlotte,small
1785596853.5820687,16797,0.0278,0.9893,-0.0005,4.9438,1.2207,1.5259,unlabeled,Charlotte,small
1785596853.5820715,16847,0.0259,0.9829,-0.0063,5.3101,0.8545,1.0376,unlabeled,Charlotte,small
1785596853.5820746,16897,0.0249,0.9883,-0.0049,4.8218,1.1597,0.0,unlabeled,Charlotte,small
1785596853.5820773,16947,0.0225,0.9961,0.0063,4.0894,1.1597,-0.5493,unlabeled,Charlotte,small
1785596853.58208,16997,0.0259,0.9873,-0.0039,3.9673,1.0986,-0.3052,unlabeled,Charlotte,small
1785596853.5820827,17047,0.0186,0.9902,0.0015,3.2959,1.4038,-1.709,unlabeled,Charlotte,small
1785596853.5820858,17097,0.0283,0.9917,0.0044,4.8218,1.0986,2.0752,unlabeled,Charlotte,small
1785596853.5820887,17147,0.0239,0.9902,0.0034,4.8218,1.0376,0.0,unlabeled,Charlotte,small
1785596853.5820913,17197,0.019,0.9893,0.0049,4.6997,1.2817,-0.3052,unlabeled,Charlotte,small
1785596854.7666214,17442,0.0234,0.9873,-0.0049,5.3711,1.0986,0.4883,unlabeled,Charlotte,small
1785596854.7666316,17492,0.0269,0.9858,-0.0054,3.7842,1.0986,-0.4883,unlabeled,Charlotte,small
1785596854.7666368,17542,0.0215,0.9932,0.0029,3.7842,1.2207,-0.7324,unlabeled,Charlotte,small
1785596854.7666414,17592,0.0249,0.9873,-0.0054,4.6387,1.2817,-0.1831,unlabeled,Charlotte,small
1785596854.7666452,17642,0.0186,0.9927,0.0024,3.8452,1.1597,-0.7935,unlabeled,Charlotte,small
1785596854.766649,17692,0.022,0.9917,-0.0044,4.2114,1.4038,0.0,unlabeled,Charlotte,small
1785596854.7666528,17742,0.0205,0.9902,-0.0044,4.6387,0.9155,0.1831,unlabeled,Charlotte,small
1785596854.7666569,17792,0.02,0.9907,0.001,4.6387,1.3428,0.0,unlabeled,Charlotte,small
1785596854.7666607,17842,0.0239,0.9902,0.0034,4.1504,1.0986,-0.2441,unlabeled,Charlotte,small
1785596854.7666645,17892,0.0146,0.9897,0.0039,3.3569,1.0986,-1.4038,unlabeled,Charlotte,small
1785596854.766668,17942,0.0234,0.9912,-0.001,5.249,1.1597,0.8545,unlabeled,Charlotte,small
1785596854.766672,17992,0.0225,0.9883,0.0015,4.5166,1.1597,-0.2441,unlabeled,Charlotte,small
1785596854.7666757,18042,0.022,0.9893,0.0005,4.5166,1.1597,-0.3052,unlabeled,Charlotte,small
1785596854.7666795,18092,0.021,0.9888,0.002,4.0283,1.2817,-0.4272,unlabeled,Charlotte,small
1785596854.766683,18142,0.02,0.9897,0.0015,4.3945,1.0986,0.061,unlabeled,Charlotte,small
1785596854.7666867,18192,0.0254,0.9951,-0.0049,4.5166,1.0376,0.1221,unlabeled,Charlotte,small
1785596854.7666905,18242,0.0225,0.9907,0.0005,3.7842,1.0376,-0.6714,unlabeled,Charlotte,small
1785596854.766694,18292,0.0171,0.9937,-0.0005,4.6387,1.1597,-0.4883,unlabeled,Charlotte,small
1785596854.7666976,18342,0.0205,0.9893,-0.0039,4.2725,1.0986,-0.4272,unlabeled,Charlotte,small
1785596854.7667012,18392,0.019,0.9932,-0.0024,4.2114,1.2817,-0.2441,unlabeled,Charlotte,small
1785596855.9529462,18626,0.021,0.9932,0.0049,4.8218,1.1597,0.2441,unlabeled,Charlotte,small
1785596855.9529545,18676,0.0234,0.9917,0.0,4.4556,1.0986,-0.1221,unlabeled,Charlotte,small
1785596855.9529588,18726,0.0254,0.9912,-0.002,4.1504,1.0986,0.1831,unlabeled,Charlotte,small
1785596855.9529624,18776,0.0166,0.9888,0.0068,4.3945,0.9155,-0.2441,unlabeled,Charlotte,small
1785596855.9529653,18826,0.0215,0.9937,-0.0039,4.5776,1.2207,-0.061,unlabeled,Charlotte,small
1785596855.9529686,18876,0.0181,0.9917,0.001,3.418,1.2817,-0.8545,unlabeled,Charlotte,small
1785596855.952972,18926,0.022,0.9902,0.0015,3.9062,1.1597,-0.3662,unlabeled,Charlotte,small
1785596855.952975,18976,0.0303,0.9888,0.0024,4.0894,1.1597,0.1831,unlabeled,Charlotte,small
1785596855.9529781,19026,0.0249,0.9893,0.0,4.3335,1.2817,-0.3052,unlabeled,Charlotte,small
1785596855.9529812,19076,0.0229,0.9912,0.0,4.0894,1.2207,0.0,unlabeled,Charlotte,small
1785596855.9529839,19126,0.0215,0.9956,-0.0039,3.9673,1.2207,-0.3052,unlabeled,Charlotte,small
1785596855.952987,19176,0.021,0.9893,0.0068,4.6997,1.4648,0.3052,unlabeled,Charlotte,small
1785596855.9529896,19226,0.019,0.9868,0.002,4.0894,1.0986,-0.2441,unlabeled,Charlotte,small
1785596855.9529924,19276,0.0215,0.9868,-0.0015,3.7231,1.3428,-1.0376,unlabeled,Charlotte,small
1785596855.9529955,19326,0.0171,0.9902,-0.0005,4.0283,1.1597,-0.5493,unlabeled,Charlotte,small
1785596855.9529986,19376,0.0225,0.9932,-0.0029,4.3945,1.0986,-0.3052,unlabeled,Charlotte,small
1785596855.9530015,19426,0.0166,0.9897,0.0005,4.8218,1.1597,0.1831,unlabeled,Charlotte,small
1785596855.9530046,19476,0.0225,0.9873,0.0054,4.8218,1.0986,0.6714,unlabeled,Charlotte,small
1785596855.9530075,19526,0.0308,0.9814,-0.0024,3.6011,1.2207,-1.1597,unlabeled,Charlotte,small
1785596855.95301,19576,0.0234,0.9922,-0.0122,4.6387,1.5869,-0.3662,unlabeled,Charlotte,small
1785596857.1333373,19810,0.021,0.9888,-0.0015,4.5166,1.3428,0.3052,unlabeled,Charlotte,small
1785596857.133346,19860,0.0225,0.9922,0.0029,4.4556,1.0376,0.3052,unlabeled,Charlotte,small
1785596857.13335,19910,0.0234,0.9917,-0.0044,3.7842,1.2207,-0.5493,unlabeled,Charlotte,small
1785596857.1333535,19960,0.02,0.9927,0.0049,4.6387,1.2207,-0.3662,unlabeled,Charlotte,small
1785596857.1333568,20010,0.021,0.9907,0.001,4.4556,0.9766,-0.061,unlabeled,Charlotte,small
1785596857.1333604,20060,0.022,0.9922,0.0005,3.418,1.0986,-0.7324,unlabeled,Charlotte,small
1785596857.1333635,20110,0.0293,0.9941,0.001,4.0283,1.4038,-0.5493,unlabeled,Charlotte,small
1785596857.1333663,20160,0.0264,0.9893,-0.0039,4.3335,1.2207,-0.061,unlabeled,Charlotte,small
1785596857.1333694,20210,0.022,0.9888,0.0005,4.9438,1.2207,-0.061,unlabeled,Charlotte,small
1785596857.1333723,20260,0.0215,0.9893,-0.0039,4.3335,1.4648,-0.2441,unlabeled,Charlotte,small
1785596857.1333752,20310,0.0229,0.9902,0.0024,4.5166,1.2207,-0.2441,unlabeled,Charlotte,small
1785596857.133378,20360,0.0225,0.9878,0.0054,4.2725,1.2817,-0.4272,unlabeled,Charlotte,small
1785596857.133381,20410,0.0225,0.9922,-0.0034,3.9673,1.1597,0.1221,unlabeled,Charlotte,small
1785596857.1333838,20460,0.0181,0.9966,0.0015,4.2725,1.1597,-0.061,unlabeled,Charlotte,small
1785596857.1333866,20510,0.0259,0.9907,0.0039,2.1362,1.4038,-1.5869,unlabeled,Charlotte,small
1785596857.1333895,20560,0.0225,0.9902,-0.002,3.54,1.3428,-0.6714,unlabeled,Charlotte,small
1785596857.1333923,20610,0.021,0.9946,-0.0015,4.0894,1.1597,-0.2441,unlabeled,Charlotte,small
1785596857.1333952,20660,0.021,0.9912,0.001,4.5166,1.2817,-0.061,unlabeled,Charlotte,small
1785596857.133398,20710,0.0234,0.9897,-0.0034,4.4556,1.4038,-0.4272,unlabeled,Charlotte,small
1785596857.133401,20760,0.021,0.9883,0.0054,3.6621,1.2207,-0.2441,unlabeled,Charlotte,small
1785596858.3163798,20993,0.0229,0.9932,-0.002,3.6011,1.2207,-0.6714,unlabeled,Charlotte,small
1785596858.3163888,21043,0.02,0.9897,0.002,3.9062,1.0986,0.1831,unlabeled,Charlotte,small
1785596858.3163927,21093,0.0254,0.9941,-0.0068,3.9673,1.2817,-0.3052,unlabeled,Charlotte,small
1785596858.3163962,21143,0.0205,0.9932,0.0024,4.3335,1.2817,-0.1221,unlabeled,Charlotte,small
1785596858.3163996,21193,0.0239,0.9893,0.0015,4.3335,1.0376,0.4272,unlabeled,Charlotte,small
1785596858.3164034,21243,0.021,0.9834,0.001,3.3569,1.2207,-0.9766,unlabeled,Charlotte,small
1785596858.3164065,21293,0.0181,0.9917,0.0024,4.2114,1.4038,0.1831,unlabeled,Charlotte,small
1785596858.3164096,21343,0.0215,0.9888,-0.001,4.3335,1.4648,-0.2441,unlabeled,Charlotte,small
1785596858.3164127,21393,0.019,0.9927,-0.0024,4.4556,1.4038,-0.1221,unlabeled,Charlotte,small
1785596858.3164155,21443,0.0195,0.9927,-0.001,3.2349,1.2207,-0.9155,unlabeled,Charlotte,small
1785596858.3164184,21493,0.022,0.9878,0.0005,4.0283,1.2207,-0.7324,unlabeled,Charlotte,small
1785596858.3164213,21543,0.0205,0.9912,0.001,4.9438,1.2817,0.4272,unlabeled,Charlotte,small
1785596858.3164241,21593,0.0254,0.9912,-0.001,4.3335,1.4038,-0.2441,unlabeled,Charlotte,small
1785596858.316427,21643,0.0225,0.9902,-0.0039,4.5166,1.2207,-0.3662,unlabeled,Charlotte,small
1785596858.31643,21693,0.0249,0.9946,-0.0039,3.9062,1.1597,-0.061,unlabeled,Charlotte,small
1785596858.316433,21743,0.0215,0.9912,-0.0039,4.0894,1.3428,-0.2441,unlabeled,Charlotte,small
1785596858.3164358,21793,0.0225,0.9902,0.0,4.9438,1.0986,0.7935,unlabeled,Charlotte,small
1785596858.3164387,21843,0.0254,0.9893,-0.0005,4.4556,1.0986,-0.1831,unlabeled,Charlotte,small
1785596858.3164418,21893,0.02,0.9946,-0.0024,3.8452,1.2207,-0.7324,unlabeled,Charlotte,small
1785596858.3164449,21943,0.0264,0.9917,-0.0049,5.3101,1.0986,0.8545,unlabeled,Charlotte,small
1785596859.4982402,22175,0.0181,0.9937,0.0044,5.0049,1.2207,0.5493,unlabeled,Charlotte,small
1785596859.498251,22225,0.0234,0.9878,-0.0049,4.8218,0.9766,1.2207,unlabeled,Charlotte,small
1785596859.4982562,22275,0.0229,0.9883,0.0015,4.0283,1.0986,-0.9766,unlabeled,Charlotte,small
1785596859.4982612,22325,0.0225,0.9927,-0.0005,4.6997,1.2207,0.0,unlabeled,Charlotte,small
1785596859.4982655,22375,0.0249,0.9819,0.0015,5.0659,1.1597,-0.6714,unlabeled,Charlotte,small
1785596859.49827,22425,0.021,0.9927,-0.001,4.4556,1.2207,-0.1221,unlabeled,Charlotte,small
1785596859.4982738,22475,0.0249,0.9863,-0.0044,4.6997,1.2817,0.1221,unlabeled,Charlotte,small
1785596859.4982777,22525,0.0205,0.9912,-0.0034,3.9062,1.2817,-0.5493,unlabeled,Charlotte,small
1785596859.4982817,22575,0.021,0.9878,0.0,3.6621,1.2207,-0.4272,unlabeled,Charlotte,small
1785596859.4982853,22625,0.0225,0.9878,-0.0063,4.2725,1.0376,-0.1831,unlabeled,Charlotte,small
1785596859.4982889,22675,0.0234,0.9922,-0.0068,4.6387,1.0986,-0.3052,unlabeled,Charlotte,small
1785596859.4982924,22725,0.0244,0.9937,0.0029,4.2725,0.8545,-0.7324,unlabeled,Charlotte,small
1785596859.498296,22775,0.02,0.9917,-0.0005,4.5776,1.0376,-0.1831,unlabeled,Charlotte,small
1785596859.4982998,22825,0.0195,0.9922,-0.0005,3.6011,0.8545,0.3662,unlabeled,Charlotte,small
1785596859.4983032,22875,0.0195,0.9907,-0.001,4.2114,1.2207,0.2441,unlabeled,Charlotte,small
1785596859.4983068,22925,0.0225,0.9941,-0.002,5.0049,1.0376,0.3052,unlabeled,Charlotte,small
1785596859.4983103,22975,0.0225,0.9902,-0.0054,4.0894,1.1597,-0.6104,unlabeled,Charlotte,small
1785596859.4983141,23025,0.0249,0.9932,-0.002,4.3335,1.2207,0.0,unlabeled,Charlotte,small
1785596859.4983175,23075,0.0229,0.9893,-0.0059,4.2725,1.1597,-0.061,unlabeled,Charlotte,small
1785596859.4983208,23125,0.0239,0.9893,-0.0049,4.5166,1.0986,-0.2441,unlabeled,Charlotte,small
1785596860.6871557,23358,0.0225,0.9858,-0.0049,4.7607,1.0986,0.1831,unlabeled,Charlotte,small
1785596860.6871657,23408,0.022,0.9927,-0.0029,4.0894,1.2207,-0.1831,unlabeled,Charlotte,small
1785596860.6871698,23458,0.022,0.9932,0.0034,4.0894,1.0376,0.1831,unlabeled,Charlotte,small
1785596860.6871734,23508,0.0205,0.9912,-0.0024,3.9062,1.3428,-0.7324,unlabeled,Charlotte,small
1785596860.6871765,23558,0.0249,0.9902,0.0,4.6997,1.3428,0.3052,unlabeled,Charlotte,small
1785596860.6871798,23608,0.0234,0.9893,0.0,4.5776,1.2207,0.061,unlabeled,Charlotte,small
1785596860.6871827,23658,0.0205,0.9922,0.0029,4.6997,1.0986,-0.1831,unlabeled,Charlotte,small
1785596860.6871858,23708,0.019,0.9912,-0.0005,3.6011,1.3428,-0.5493,unlabeled,Charlotte,small
1785596860.687189,23758,0.02,0.9946,-0.0024,4.3945,1.2207,-0.061,unlabeled,Charlotte,small
1785596860.6871917,23808,0.0244,0.9912,-0.0034,4.7607,1.2207,0.3052,unlabeled,Charlotte,small
1785596860.6871948,23858,0.02,0.9927,0.0044,4.0894,1.2207,-0.8545,unlabeled,Charlotte,small
1785596860.687198,23908,0.0234,0.9883,-0.0063,4.6387,1.0986,0.3662,unlabeled,Charlotte,small
1785596860.687201,23958,0.0244,0.9951,-0.0054,5.9814,1.0986,1.4648,unlabeled,Charlotte,small
1785596860.6872036,24008,0.0264,0.9951,-0.0078,2.9297,1.4648,-1.8921,unlabeled,Charlotte,small
1785596860.6872067,24058,0.0264,0.9893,-0.0181,2.4414,1.2207,-1.4038,unlabeled,Charlotte,small
1785596860.6872094,24108,0.0205,0.9888,-0.0054,4.5166,0.5493,0.6714,unlabeled,Charlotte,small
1785596860.6872122,24158,0.0151,0.9946,0.0039,3.9673,0.8545,-0.9155,unlabeled,Charlotte,small
1785596860.6872153,24208,0.0254,0.9893,-0.0059,4.3945,1.2817,-0.1221,unlabeled,Charlotte,small
1785596860.6872182,24258,0.022,0.9941,-0.002,3.7231,1.2207,-0.7935,unlabeled,Charlotte,small
1785596860.6872208,24308,0.0195,0.9937,-0.0005,5.249,1.0986,0.7324,unlabeled,Charlotte,small
1785596861.8665807,24542,0.0166,0.9966,0.0034,5.188,1.0376,1.709,unlabeled,Charlotte,small
1785596861.866591,24592,0.02,0.9932,0.0,5.188,1.0986,0.1831,unlabeled,Charlotte,small
1785596861.8665955,24642,0.0142,0.9946,0.0073,4.2725,1.9531,-0.6104,unlabeled,Charlotte,small
1785596861.8666005,24692,0.0254,0.9902,-0.0034,2.3804,1.3428,-2.1973,unlabeled,Charlotte,small
1785596861.8666048,24742,0.0264,0.9863,-0.0024,3.54,1.4038,-1.2207,unlabeled,Charlotte,small
1785596861.8666089,24792,0.0151,0.9878,0.0073,4.0283,0.061,-1.5869,unlabeled,Charlotte,small
1785596861.8666127,24842,0.0239,0.9946,-0.0059,6.2866,1.6479,0.3662,unlabeled,Charlotte,small
1785596861.8666165,24892,0.0308,0.9932,0.0171,1.1597,1.709,-3.2349,unlabeled,Charlotte,small
1785596861.8666203,24942,0.0425,0.9893,-0.0176,2.0752,-8.4229,13.3667,unlabeled,Charlotte,small
1785596861.8666246,24992,0.0151,0.9956,0.082,6.958,16.1133,-7.9346,unlabeled,Charlotte,small
1785596861.8666286,25042,0.0293,0.9482,-0.0591,14.9536,-15.0146,11.4136,unlabeled,Charlotte,small
1785596861.8666327,25092,-0.002,1.0264,0.0566,0.1221,4.0894,-9.3384,unlabeled,Charlotte,small
1785596861.8666363,25142,0.0894,1.0,-0.1079,-0.6714,-23.4375,9.3384,unlabeled,Charlotte,small
1785596861.8666403,25192,0.0669,0.9668,-0.0454,24.1699,47.4854,9.4604,unlabeled,Charlotte,small
1785596861.8666441,25242,-0.0591,1.0068,0.0562,-1.77,1.709,7.3853,unlabeled,Charlotte,small
1785596861.866648,25292,-0.0078,0.9883,0.0312,22.2168,1.77,5.0049,unlabeled,Charlotte,small
1785596861.866652,25342,0.0039,0.9932,0.0024,10.2539,11.1694,-2.8076,unlabeled,Charlotte,small
1785596861.8666558,25392,0.021,0.9883,0.0078,-16.4795,-3.1738,-3.6011,unlabeled,Charlotte,small
1785596861.8666596,25442,-0.0273,1.0005,0.0298,22.522,10.6201,-2.5024,unlabeled,Charlotte,small
1785596861.8666637,25492,0.0024,0.9961,0.0205,3.7842,3.1738,-3.6011,unlabeled,Charlotte,small
1785596863.068169,25725,-0.2476,0.9609,0.0015,8.5449,-8.8501,-31.189,unlabeled,Charlotte,small
1785596863.0681791,25775,0.1011,1.0684,-0.0352,-80.0171,38.6963,-7.8125,unlabeled,Charlotte,small
1785596863.0681849,25825,0.1943,0.9277,-0.5264,127.9297,3.418,15.8081,unlabeled,Charlotte,small
1785596863.0681894,25875,-0.3843,1.708,0.043,16.3574,-77.4536,56.6406,unlabeled,Charlotte,small
1785596863.0681932,25925,0.2847,0.9072,0.2163,57.373,6.958,21.7896,unlabeled,Charlotte,small
1785596863.0681977,25975,-0.1172,0.9399,0.0708,-5.9204,0.3052,13.916,unlabeled,Charlotte,small
1785596863.0682015,26025,-0.2197,0.9492,0.1206,-33.4473,-59.9365,12.6343,unlabeled,Charlotte,small
1785596863.0682054,26075,-0.2354,0.8608,0.0342,-7.7515,9.9487,-11.0474,unlabeled,Charlotte,small
1785596863.0682094,26125,0.3516,1.082,0.1611,30.3345,-25.8179,26.3062,unlabeled,Charlotte,small
1785596863.0682132,26175,-0.1934,0.9922,0.1357,26.3062,14.8315,-43.7012,unlabeled,Charlotte,small
1785596863.068217,26225,-0.228,0.8467,0.106,-40.1001,8.0566,24.1089,unlabeled,Charlotte,small
1785596863.0682209,26275,-0.0752,0.9639,0.0298,-21.4233,-14.5874,26.6113,unlabeled,Charlotte,small
1785596863.0682247,26325,-0.2051,1.1685,-0.0596,-3.2349,-7.3242,21.3013,unlabeled,Charlotte,small
1785596863.0682287,26375,-0.2148,1.1304,0.0361,-0.1221,15.4419,9.1553,unlabeled,Charlotte,small
1785596863.0682323,26425,-0.1343,1.0313,0.1108,-0.061,35.0342,-33.8745,unlabeled,Charlotte,small
1785596863.068236,26475,-0.2339,0.9971,0.1152,-26.1841,27.5879,-38.208,unlabeled,Charlotte,small
1785596863.06824,26525,-0.0913,0.9458,-0.0005,-11.4746,15.625,-43.2129,unlabeled,Charlotte,small
1785596863.0682437,26575,-0.0591,1.0977,-0.1572,26.062,56.9458,-167.3584,unlabeled,Charlotte,small
1785596863.0682478,26625,0.6997,1.2339,0.0513,49.8657,143.9209,-118.3472,unlabeled,Charlotte,small
1785596863.0682516,26675,-0.0513,0.7607,0.2134,3.1738,129.8218,-62.2559,unlabeled,Charlotte,small
1785596864.2707658,26932,0.6313,1.1318,-0.2241,80.5664,251.5259,68.7256,unlabeled,Charlotte,small
1785596864.2707741,26982,0.0015,1.2974,-0.0522,-2.8076,88.9282,-41.8091,unlabeled,Charlotte,small
1785596864.2707787,27032,0.3867,0.856,-0.0718,-8.9111,24.5972,-49.1943,unlabeled,Charlotte,small
1785596864.2707825,27082,0.5757,0.7852,-0.0879,22.7661,50.6592,-47.1191,unlabeled,Charlotte,small
1785596864.2707856,27132,0.5806,0.7485,-0.0762,12.146,11.7188,-28.6255,unlabeled,Charlotte,small
1785596864.2707891,27182,0.5591,0.7964,-0.0894,15.4419,23.9258,-33.5083,unlabeled,Charlotte,small
1785596864.270792,27232,0.5439,0.6699,-0.1274,-15.4419,-15.4419,-26.9165,unlabeled,Charlotte,small
1785596864.2707953,27282,0.5044,0.665,-0.1372,-9.2773,-2.6855,-28.3813,unlabeled,Charlotte,small
1785596864.2707984,27332,0.644,0.7349,-0.1304,36.0718,39.5508,34.729,unlabeled,Charlotte,small
1785596864.270802,27382,0.4165,0.6226,-0.0898,36.438,19.8364,120.1782,unlabeled,Charlotte,small
1785596864.270805,27432,0.4614,0.8022,-0.0713,-0.9155,76.2939,193.6646,unlabeled,Charlotte,small
1785596864.2708077,27482,0.2554,0.8374,-0.0474,-9.5825,-8.606,26.2451,unlabeled,Charlotte,small
1785596864.2708108,27532,0.3428,0.9746,0.0156,-6.7139,-27.5879,2.9907,unlabeled,Charlotte,small
1785596864.270814,27582,0.2544,0.9712,-0.0293,1.2207,-3.2959,34.1797,unlabeled,Charlotte,small
1785596864.270817,27632,0.2383,0.9404,-0.0029,1.5259,-48.1567,-6.1035,unlabeled,Charlotte,small
1785596864.2708201,27682,0.2837,0.8906,0.0513,-43.335,-76.6602,-39.3066,unlabeled,Charlotte,small
1785596864.2708235,27732,0.3174,0.9966,-0.0215,-89.6606,-164.978,-16.2354,unlabeled,Charlotte,small
1785596864.2708266,27782,-0.0103,0.9585,-0.2319,4.6387,-88.0127,-29.7241,unlabeled,Charlotte,small
1785596864.2708297,27832,0.4673,0.7085,-0.0396,-12.146,-20.5078,-26.123,unlabeled,Charlotte,small
1785596864.2708325,27882,0.4033,0.8267,-0.1318,3.54,-9.9487,1.0376,unlabeled,Charlotte,small
1785596865.4677413,28129,0.3408,0.5635,0.1177,41.626,-101.9287,-125.061,unlabeled,Charlotte,small
1785596865.467752,28179,0.1201,0.77,0.2773,-28.5034,-195.8618,-123.7793,unlabeled,Charlotte,small
1785596865.4677572,28229,0.6577,0.8154,0.248,24.9023,-68.6646,-122.1313,unlabeled,Charlotte,small
1785596865.4677644,28279,0.4155,0.5679,0.3169,11.1694,-67.5659,-7.019,unlabeled,Charlotte,small
1785596865.4677687,28329,0.7485,0.9673,0.2441,9.3384,-61.8896,21.1182,unlabeled,Charlotte,small
1785596865.4677732,28379,0.5518,0.8853,0.4019,14.2212,-69.7021,18.9209,unlabeled,Charlotte,small
1785596865.4677773,28429,0.5864,0.8018,0.4629,-19.7754,-45.5933,27.832,unlabeled,Charlotte,small
1785596865.467781,28479,0.6025,1.0322,0.3955,-21.1182,-51.1475,87.9517,unlabeled,Charlotte,small
1785596865.4677851,28529,0.4873,0.957,0.4282,-30.6396,-39.4287,30.7007,unlabeled,Charlotte,small
1785596865.4677892,28579,0.4023,0.7017,0.3325,-41.9922,2.1973,26.7944,unlabeled,Charlotte,small
1785596865.467793,28629,0.1084,0.479,0.2285,159.729,-109.1309,-170.4712,unlabeled,Charlotte,small
1785596865.467797,28679,0.4443,1.1533,0.4717,117.2485,-122.9858,-92.2241,unlabeled,Charlotte,small
1785596865.467801,28729,0.2134,0.8428,0.5762,7.7515,-71.7773,-86.731,unlabeled,Charlotte,small
1785596865.467805,28779,0.063,0.6689,0.5293,-8.728,-61.8896,-53.4668,unlabeled,Charlotte,small
1785596865.4678085,28829,0.125,0.5146,0.8623,36.377,-231.6284,-63.2324,unlabeled,Charlotte,small
1785596865.4678128,28879,1.9658,1.2363,1.1064,54.6875,-226.5015,-195.9839,unlabeled,Charlotte,small
1785596865.467817,28929,0.2544,0.3115,0.6772,-77.6367,13.855,32.3486,unlabeled,Charlotte,small
1785596865.4678211,28979,0.5513,-0.0225,0.2744,140.2588,-79.1626,48.584,unlabeled,Charlotte,small
1785596865.467825,29029,-0.1147,0.4419,0.7061,302.6733,-53.2837,94.5435,unlabeled,Charlotte,small
1785596865.4678288,29079,0.1055,0.9121,1.9229,108.1543,-12.085,-297.2412,unlabeled,Charlotte,small
1785596866.6598065,29324,-0.0132,0.208,1.126,73.7305,38.208,-60.9131,unlabeled,Charlotte,small
1785596866.6598148,29374,0.4551,0.2944,1.1572,-85.2661,64.1479,85.8154,unlabeled,Charlotte,small
1785596866.6598194,29424,0.04,-0.0928,0.7002,28.5645,-8.9722,-34.6069,unlabeled,Charlotte,small
1785596866.6598232,29474,0.1929,0.4043,0.894,14.4653,-10.1929,12.146,unlabeled,Charlotte,small
1785596866.6598263,29524,0.5171,0.394,0.9473,-42.2974,57.6172,-40.3442,unlabeled,Charlotte,small
1785596866.6598296,29574,0.2324,0.189,1.0654,-39.4287,28.1372,79.1016,unlabeled,Charlotte,small
1785596866.6598325,29624,0.187,0.229,0.8794,64.3921,-34.1187,-39.4897,unlabeled,Charlotte,small
1785596866.6598353,29674,0.4819,0.4839,0.9482,27.2827,35.8276,58.8989,unlabeled,Charlotte,small
1785596866.6598384,29724,0.0415,0.2227,1.0063,43.5181,46.4478,24.8413,unlabeled,Charlotte,small
1785596866.6598413,29774,0.3525,0.2607,0.9468,55.3589,72.876,17.334,unlabeled,Charlotte,small
1785596866.6598444,29824,0.314,0.2485,0.9458,35.4614,87.4023,28.1372,unlabeled,Charlotte,small
1785596866.6598473,29874,0.5444,0.3833,0.9385,54.2603,63.4155,-61.3403,unlabeled,Charlotte,small
1785596866.65985,29924,0.3672,0.2554,0.873,25.7568,29.1748,63.6597,unlabeled,Charlotte,small
1785596866.6598527,29974,0.4624,0.3022,0.9443,-10.2539,25.6958,54.1382,unlabeled,Charlotte,small
1785596866.6598558,30024,0.3838,0.3613,0.9355,26.1841,68.3594,5.4321,unlabeled,Charlotte,small
1785596866.6598587,30074,0.4009,0.2988,0.8154,-68.8477,40.2832,31.7993,unlabeled,Charlotte,small
1785596866.6598616,30124,0.5483,0.3491,0.7456,-119.5679,20.2637,141.6626,unlabeled,Charlotte,small
1785596866.659865,30174,0.4697,0.3457,0.8003,-91.3696,121.0327,52.3682,unlabeled,Charlotte,small
1785596866.659868,30224,0.5605,0.4956,0.6636,-70.6787,70.9839,-1.9531,unlabeled,Charlotte,small
1785596866.6598706,30274,0.6177,0.6396,0.499,-39.6729,34.668,-46.6919,unlabeled,Charlotte,small
1785597085.1698072,3130,0.4712,-0.3301,-0.8252,5.0659,1.709,0.2441,unlabeled,Charlotte,small
1785597085.169817,3180,0.4761,-0.3242,-0.8306,4.0283,1.8311,-0.5493,unlabeled,Charlotte,small
1785597085.1698222,3230,0.4751,-0.3247,-0.8296,1.709,1.2207,-1.77,unlabeled,Charlotte,small
1785597085.1698265,3280,0.4805,-0.3394,-0.8281,2.7466,0.1831,-0.9155,unlabeled,Charlotte,small
1785597085.1698303,3330,0.4741,-0.3389,-0.8242,2.5635,1.6479,0.3052,unlabeled,Charlotte,small
1785597085.1698349,3380,0.4702,-0.3403,-0.8384,1.4648,1.709,1.709,unlabeled,Charlotte,small
1785597085.1698387,3430,0.4839,-0.3403,-0.8281,-1.8921,0.5493,-0.1221,unlabeled,Charlotte,small
1785597085.1698427,3480,0.4858,-0.3403,-0.8218,2.5635,1.3428,-4.2114,unlabeled,Charlotte,small
1785597085.1698463,3530,0.4722,-0.3345,-0.8218,0.6104,3.1738,-4.7607,unlabeled,Charlotte,small
1785597085.16985,3580,0.4854,-0.3481,-0.8613,-3.418,0.6714,-6.5308,unlabeled,Charlotte,small
1785597085.169854,3630,0.4668,-0.3652,-0.8003,5.9204,-2.2583,-9.0942,unlabeled,Charlotte,small
1785597085.1698577,3680,0.4463,-0.3882,-0.8467,4.8218,4.1504,-18.5547,unlabeled,Charlotte,small
1785597085.1698613,3730,0.4629,-0.3789,-0.8052,6.897,5.249,-17.8223,unlabeled,Charlotte,small
1785597085.1698654,3780,0.4629,-0.3662,-0.8154,6.4087,3.479,-13.4277,unlabeled,Charlotte,small
1785597085.169869,3830,0.4531,-0.3916,-0.8403,3.3569,6.2256,-8.4839,unlabeled,Charlotte,small
1785597085.1698725,3880,0.417,-0.3867,-0.8184,0.2441,3.8452,-4.5166,unlabeled,Charlotte,small
1785597085.1698763,3930,0.4209,-0.3853,-0.8242,1.8311,1.5259,-2.8687,unlabeled,Charlotte,small
1785597085.16988,3980,0.4199,-0.3896,-0.8242,3.9673,1.2817,-0.2441,unlabeled,Charlotte,small
1785597085.1698835,4030,0.4385,-0.3887,-0.8423,0.6714,1.5259,-0.6714,unlabeled,Charlotte,small
1785597085.1698873,4080,0.4448,-0.4028,-0.8198,2.0142,1.2817,-1.8311,unlabeled,Charlotte,small
1785597086.3586621,5065,0.4268,-0.334,-0.8052,3.7231,9.3384,1.8921,unlabeled,Charlotte,small
1785597086.3586738,5115,0.4243,-0.3657,-0.877,6.0425,2.8687,1.3428,unlabeled,Charlotte,small
1785597086.35868,5165,0.4175,-0.3481,-0.853,7.1411,1.2207,0.9155,unlabeled,Charlotte,small
1785597086.3586857,5215,0.4014,-0.3521,-0.832,3.0518,-0.5493,1.3428,unlabeled,Charlotte,small
1785597086.3586907,5265,0.415,-0.355,-0.853,3.9673,-0.061,4.0894,unlabeled,Charlotte,small
1785597086.3586967,5315,0.4482,-0.3516,-0.8599,2.0142,-2.6245,6.7139,unlabeled,Charlotte,small
1785597086.3587017,5365,0.438,-0.3652,-0.8403,2.9907,-3.7231,9.6436,unlabeled,Charlotte,small
1785597086.358707,5415,0.4351,-0.3525,-0.856,0.0,-1.2817,9.4604,unlabeled,Charlotte,small
1785597086.358712,5465,0.4492,-0.3437,-0.8433,-7.7515,2.2583,11.5356,unlabeled,Charlotte,small
1785597086.3587174,5515,0.4331,-0.3437,-0.8525,-7.1411,-0.2441,7.1411,unlabeled,Charlotte,small
1785597086.358723,5565,0.4673,-0.3506,-0.8408,-6.1646,-3.418,1.1597,unlabeled,Charlotte,small
1785597086.3587277,5615,0.4565,-0.3643,-0.8262,-0.6104,-1.2817,-0.7324,unlabeled,Charlotte,small
1785597086.358733,5665,0.458,-0.3613,-0.8301,-3.6621,-1.0376,0.061,unlabeled,Charlotte,small
1785597086.358738,5715,0.4458,-0.3809,-0.8232,-6.4697,-3.479,3.6621,unlabeled,Charlotte,small
1785597086.358743,5765,0.458,-0.3862,-0.8267,-5.8594,-1.1597,4.6387,unlabeled,Charlotte,small
1785597086.358748,5815,0.4854,-0.3828,-0.8052,-7.7515,-2.9297,4.6387,unlabeled,Charlotte,small
1785597086.358753,5865,0.4644,-0.397,-0.8198,-2.9297,-1.0376,3.1738,unlabeled,Charlotte,small
1785597086.358758,5915,0.478,-0.4004,-0.7988,0.7324,-0.1221,0.8545,unlabeled,Charlotte,small
1785597086.358763,5965,0.4639,-0.3994,-0.8135,4.3945,0.4883,1.5259,unlabeled,Charlotte,small
1785597086.358768,6015,0.4785,-0.3882,-0.7861,4.9438,-0.6104,1.4648,unlabeled,Charlotte,small
1785597087.5381072,6249,0.4727,-0.3965,-0.7998,-22.9492,-6.7139,22.644,unlabeled,Charlotte,small
1785597087.5381272,6299,0.5068,-0.4136,-0.8096,-18.4326,-5.6152,18.3716,unlabeled,Charlotte,small
1785597087.5381331,6349,0.5322,-0.4272,-0.7588,-16.2964,-5.0049,11.9629,unlabeled,Charlotte,small
1785597087.5381398,6399,0.5361,-0.4404,-0.7515,-12.5122,-4.2725,8.1177,unlabeled,Charlotte,small
1785597087.5381458,6449,0.5371,-0.4429,-0.7383,-7.8735,-3.479,5.4321,unlabeled,Charlotte,small
1785597087.5381517,6499,0.5186,-0.4399,-0.7612,-1.77,-0.9155,1.5869,unlabeled,Charlotte,small
1785597087.538158,6549,0.522,-0.4443,-0.7446,1.709,-1.5869,-1.4648,unlabeled,Charlotte,small
1785597087.5381634,6599,0.5381,-0.4346,-0.7363,6.5308,-7.0801,-1.4648,unlabeled,Charlotte,small
1785597087.5381696,6649,0.5542,-0.4453,-0.7461,2.3804,-3.3569,2.3193,unlabeled,Charlotte,small
1785597087.5381756,6699,0.5366,-0.4468,-0.7461,4.0283,-2.6855,2.1973,unlabeled,Charlotte,small
1785597087.538181,6749,0.5444,-0.4287,-0.7236,2.0752,-3.1738,1.709,unlabeled,Charlotte,small
1785597087.5381866,6799,0.5396,-0.4326,-0.7124,-3.418,-13.3667,5.4932,unlabeled,Charlotte,small
1785597087.538192,6849,0.5586,-0.4546,-0.7363,-13.3667,-6.2866,6.7139,unlabeled,Charlotte,small
1785597087.5381975,6899,0.5669,-0.4497,-0.7021,-8.728,-1.1597,9.9487,unlabeled,Charlotte,small
1785597087.5382028,6949,0.5737,-0.4663,-0.6885,-10.437,-3.6621,9.8877,unlabeled,Charlotte,small
1785597087.5382085,6999,0.5859,-0.4766,-0.6782,-4.5166,-4.6387,8.728,unlabeled,Charlotte,small
1785597087.538213,7049,0.6064,-0.4795,-0.6792,-0.6104,-0.9155,7.2021,unlabeled,Charlotte,small
1785597087.5382187,7099,0.5908,-0.4849,-0.6909,3.7842,2.6245,5.0659,unlabeled,Charlotte,small
1785597087.538224,7149,0.6143,-0.4727,-0.6392,-1.1597,7.5073,4.2114,unlabeled,Charlotte,small
1785597087.5382292,7199,0.5977,-0.4575,-0.6807,8.2397,2.6245,0.8545,unlabeled,Charlotte,small
1785597088.719729,7432,0.5859,-0.4487,-0.6924,5.4932,2.5024,-0.8545,unlabeled,Charlotte,small
1785597088.719739,7482,0.5796,-0.4463,-0.6929,6.2256,1.0986,-1.6479,unlabeled,Charlotte,small
1785597088.719744,7532,0.584,-0.46,-0.689,6.2866,2.1973,-1.1597,unlabeled,Charlotte,small
1785597088.7197483,7582,0.5947,-0.4531,-0.6855,8.1787,-0.3662,-1.1597,unlabeled,Charlotte,small
1785597088.7197528,7632,0.5732,-0.4453,-0.6904,5.3711,-0.061,0.2441,unlabeled,Charlotte,small
1785597088.7197568,7682,0.5796,-0.4468,-0.7017,4.6387,0.6714,-0.061,unlabeled,Charlotte,small
1785597088.719761,7732,0.5508,-0.4536,-0.7388,12.085,-5.6152,-4.1504,unlabeled,Charlotte,small
1785597088.719765,7782,0.5786,-0.4463,-0.6963,7.3853,0.6714,0.3052,unlabeled,Charlotte,small
1785597088.7197685,7832,0.582,-0.438,-0.7017,5.9814,0.3662,1.2207,unlabeled,Charlotte,small
1785597088.7197723,7882,0.5796,-0.4331,-0.7031,-0.9155,-2.5635,2.8687,unlabeled,Charlotte,small
1785597088.719776,7932,0.6196,-0.4385,-0.6738,-1.2817,-2.5635,3.8452,unlabeled,Charlotte,small
1785597088.7197795,7982,0.5962,-0.4434,-0.7163,-3.418,9.1553,-0.4272,unlabeled,Charlotte,small
1785597088.719783,8032,0.5962,-0.4243,-0.6929,3.479,3.2349,-6.1646,unlabeled,Charlotte,small
1785597088.7197866,8082,0.584,-0.4546,-0.6904,10.1929,2.3804,-7.4463,unlabeled,Charlotte,small
1785597088.7197907,8132,0.5947,-0.46,-0.6807,2.1973,3.2959,-6.897,unlabeled,Charlotte,small
1785597088.7197943,8182,0.5854,-0.4526,-0.6914,3.54,1.5869,-11.2305,unlabeled,Charlotte,small
1785597088.719798,8232,0.5737,-0.4634,-0.6885,6.7139,0.6714,-9.9487,unlabeled,Charlotte,small
1785597088.7198017,8282,0.5508,-0.4531,-0.7065,7.3242,1.1597,-7.019,unlabeled,Charlotte,small
1785597088.7198055,8332,0.563,-0.4653,-0.7031,4.1504,1.3428,-2.5635,unlabeled,Charlotte,small
1785597088.719809,8382,0.5576,-0.4668,-0.6943,-0.3662,2.4414,-1.9531,unlabeled,Charlotte,small
1785597089.9045515,8615,0.5752,-0.459,-0.7109,7.2632,5.4321,-4.1504,unlabeled,Charlotte,small
1785597089.9045599,8665,0.5576,-0.4766,-0.6934,6.8359,-1.3428,-2.5024,unlabeled,Charlotte,small
1785597089.9045641,8715,0.5796,-0.4683,-0.6924,11.7188,-1.0986,-10.2539,unlabeled,Charlotte,small
1785597089.9045684,8765,0.5444,-0.4639,-0.7129,14.6484,-1.8921,-15.2588,unlabeled,Charlotte,small
1785597089.9045713,8815,0.5298,-0.46,-0.728,14.9536,0.0,-12.6343,unlabeled,Charlotte,small
1785597089.9045749,8865,0.5288,-0.457,-0.7427,13.1226,4.3335,-11.2915,unlabeled,Charlotte,small
1785597089.904578,8915,0.5156,-0.4521,-0.7349,7.0801,2.7466,-6.7749,unlabeled,Charlotte,small
1785597089.904581,8965,0.5366,-0.457,-0.7295,5.7983,-0.9155,-6.3477,unlabeled,Charlotte,small
1785597089.904584,9015,0.5317,-0.4707,-0.728,6.7139,-0.3662,-8.3618,unlabeled,Charlotte,small
1785597089.904587,9065,0.5215,-0.4624,-0.7388,10.8032,1.0376,-8.0566,unlabeled,Charlotte,small
1785597089.90459,9115,0.519,-0.4634,-0.7305,12.5732,2.6245,-5.4321,unlabeled,Charlotte,small
1785597089.904593,9165,0.5005,-0.4497,-0.7432,8.8501,2.9907,-0.9155,unlabeled,Charlotte,small
1785597089.9045956,9215,0.5029,-0.4585,-0.7417,7.2021,1.2207,4.0894,unlabeled,Charlotte,small
1785597089.9045987,9265,0.5107,-0.4468,-0.7412,6.4087,0.8545,6.4697,unlabeled,Charlotte,small
1785597089.9046016,9315,0.5229,-0.4341,-0.7295,3.8452,1.0986,5.0049,unlabeled,Charlotte,small
1785597089.9046047,9365,0.5293,-0.4556,-0.749,6.2866,0.6714,2.8076,unlabeled,Charlotte,small
1785597089.9046075,9415,0.5317,-0.4438,-0.7368,8.667,1.3428,1.5869,unlabeled,Charlotte,small
1785597089.9046104,9465,0.5298,-0.4287,-0.7583,10.3149,3.2349,0.9155,unlabeled,Charlotte,small
1785597089.9046135,9515,0.4946,-0.4326,-0.7651,11.5967,4.2114,0.1831,unlabeled,Charlotte,small
1785597089.904616,9565,0.5728,-0.4097,-0.79,25.6348,11.6577,-3.3569,unlabeled,Charlotte,small
1785597091.0983467,9798,0.4995,-0.52,-0.8296,-10.0708,24.7803,8.728,unlabeled,Charlotte,small
1785597091.0983565,9848,0.4805,-0.5479,-0.8042,-15.0146,9.0942,8.0566,unlabeled,Charlotte,small
1785597091.0983622,9898,0.4897,-0.6484,-0.8154,1.6479,24.4141,13.916,unlabeled,Charlotte,small
1785597091.0983667,9948,0.437,-0.5815,-0.8779,34.5459,70.3125,18.9819,unlabeled,Charlotte,small
1785597091.0983708,9998,0.2959,-0.4399,-0.8516,62.9883,69.5801,19.2871,unlabeled,Charlotte,small
1785597091.098375,10048,0.1523,-0.2739,-0.8828,54.5654,24.5361,-1.4038,unlabeled,Charlotte,small
1785597091.0983794,10098,0.4023,-0.1343,-0.8857,39.0015,-4.6387,-15.0146,unlabeled,Charlotte,small
1785597091.0983834,10148,0.4766,0.0337,-0.8281,-14.5874,-10.5591,-24.9634,unlabeled,Charlotte,small
1785597091.0983872,10198,0.3579,-0.3003,-1.0396,-27.4048,-3.9673,-49.9878,unlabeled,Charlotte,small
1785597091.0983913,10248,0.209,-0.3032,-0.9717,9.2773,14.0991,-38.8184,unlabeled,Charlotte,small
1785597091.098395,10298,0.1729,-0.3057,-0.9341,37.7808,-16.7847,-55.8472,unlabeled,Charlotte,small
1785597091.098399,10348,0.312,-0.3052,-0.7759,32.5928,-10.9253,-33.8745,unlabeled,Charlotte,small
1785597091.0984027,10398,0.3584,-0.3374,-0.8745,36.9263,-8.728,-14.8315,unlabeled,Charlotte,small
1785597091.0984063,10448,0.3804,-0.3174,-0.894,51.8188,4.2114,6.897,unlabeled,Charlotte,small
1785597091.0984101,10498,0.292,-0.1743,-0.9243,57.312,19.165,27.6489,unlabeled,Charlotte,small
1785597091.0984137,10548,0.251,-0.1392,-0.9067,39.0625,-14.5264,21.0571,unlabeled,Charlotte,small
1785597091.098418,10598,0.2983,-0.1289,-0.9126,20.6909,-35.0342,9.8267,unlabeled,Charlotte,small
1785597091.0984216,10648,0.3276,-0.1211,-0.8018,20.4468,-24.1699,24.7192,unlabeled,Charlotte,small
1785597091.0984254,10698,0.3833,-0.1333,-0.937,6.897,-29.1138,30.1514,unlabeled,Charlotte,small
1785597091.0984292,10748,0.5166,-0.2041,-1.0229,-9.7046,-17.5171,6.6528,unlabeled,Charlotte,small
1785597092.298945,10992,0.3452,-0.1338,-1.0151,36.6821,-1.2207,28.3813,unlabeled,Charlotte,small
1785597092.2989557,11042,0.4883,0.0454,-0.9985,25.2075,-24.231,27.0996,unlabeled,Charlotte,small
1785597092.2989614,11092,0.5552,-0.0522,-0.7407,29.1748,19.043,5.8594,unlabeled,Charlotte,small
1785597092.298966,11142,0.5195,-0.019,-0.7178,19.3481,27.2827,-44.4946,unlabeled,Charlotte,small
1785597092.2989702,11192,0.7148,0.0488,-0.9004,31.8604,28.9307,-89.2334,unlabeled,Charlotte,small
1785597092.2989748,11242,0.4438,0.1426,-1.041,-0.7935,69.3359,-76.7822,unlabeled,Charlotte,small
1785597092.2989783,11292,0.0879,-0.0742,-0.8574,-40.7715,36.499,-82.9468,unlabeled,Charlotte,small
1785597092.2989814,11342,0.0898,-0.0649,-1.0693,9.5215,-39.0625,-80.8105,unlabeled,Charlotte,small
1785597092.2989845,11392,0.1206,-0.1763,-0.8794,18.1274,-50.293,-111.145,unlabeled,Charlotte,small
1785597092.2989879,11442,0.3413,-0.0229,-0.896,36.9263,-62.561,-115.8447,unlabeled,Charlotte,small
1785597092.2989914,11492,0.564,-0.1294,-1.0107,25.1465,-63.0493,-79.7119,unlabeled,Charlotte,small
1785597092.2989945,11542,0.4536,-0.0737,-0.9121,58.2275,-13.9771,-40.5884,unlabeled,Charlotte,small
1785597092.2989974,11592,0.4502,-0.1831,-0.8911,22.9492,-8.1787,-28.0762,unlabeled,Charlotte,small
1785597092.2990005,11642,0.4072,-0.1206,-0.8525,7.8735,1.1597,-29.1748,unlabeled,Charlotte,small
1785597092.2990038,11692,0.4531,-0.2505,-1.1064,-2.1362,15.8691,-18.1885,unlabeled,Charlotte,small
1785597092.299007,11742,0.6895,-0.1748,-1.0684,39.0625,-9.7656,-19.2261,unlabeled,Charlotte,small
1785597092.29901,11792,0.4663,-0.083,-0.8374,21.6675,-16.5405,-12.0239,unlabeled,Charlotte,small
1785597092.2990131,11842,0.6387,-0.0933,-0.728,-7.019,1.6479,-11.3525,unlabeled,Charlotte,small
1785597092.2990162,11892,0.459,-0.3936,-0.9302,-3.2959,83.374,-11.2305,unlabeled,Charlotte,small
1785597092.2990193,11942,0.355,-0.2061,-0.9688,44.9219,4.6997,2.7466,unlabeled,Charlotte,small
1785597093.4980266,12196,0.2427,0.2319,-1.1167,9.1553,-2.6855,-53.6499,unlabeled,Charlotte,small
1785597093.4980354,12246,0.1196,-0.0073,-1.0396,-25.1465,-3.3569,-77.2705,unlabeled,Charlotte,small
1785597093.4980407,12296,0.3442,0.0078,-1.0195,-8.606,14.2212,-89.8437,unlabeled,Charlotte,small
1785597093.498045,12346,0.0781,0.0142,-0.8223,-2.8076,0.9155,-72.876,unlabeled,Charlotte,small
1785597093.498049,12396,0.3623,-0.1216,-0.9956,3.1738,-49.9268,-89.4775,unlabeled,Charlotte,small
1785597093.4980533,12446,0.3169,-0.0327,-0.9561,19.2871,-28.7476,-39.978,unlabeled,Charlotte,small
1785597093.4980574,12496,0.542,-0.1689,-1.1206,-5.0659,-57.373,-16.4185,unlabeled,Charlotte,small
1785597093.4980614,12546,0.5664,0.0537,-0.8906,-16.4795,-40.5273,5.4321,unlabeled,Charlotte,small
1785597093.4980652,12596,0.5493,-0.0176,-0.8184,-78.064,-39.7949,-7.3242,unlabeled,Charlotte,small
1785597093.498069,12646,0.5171,-0.2749,-0.8975,-70.6787,-11.5967,-22.7051,unlabeled,Charlotte,small
1785597093.498073,12696,0.5894,-0.2173,-0.8394,-10.0098,-60.6079,-29.1138,unlabeled,Charlotte,small
1785597093.498077,12746,0.645,-0.3145,-0.7861,-0.6104,-15.4419,-31.0669,unlabeled,Charlotte,small
1785597093.4980807,12796,0.5571,-0.3354,-0.7666,34.3628,12.9395,-20.6909,unlabeled,Charlotte,small
1785597093.4980845,12846,0.4834,-0.2505,-0.7725,66.4673,-18.8599,-24.4751,unlabeled,Charlotte,small
1785597093.4980884,12896,0.6172,-0.1416,-0.7979,49.1333,-13.3667,-49.4995,unlabeled,Charlotte,small
1785597093.4980922,12946,0.6338,-0.0552,-0.8188,16.7847,11.1694,-71.2891,unlabeled,Charlotte,small
1785597093.498096,12996,0.4761,-0.2461,-0.8379,4.8218,-18.1274,-79.7729,unlabeled,Charlotte,small
1785597093.4980996,13046,0.584,-0.3296,-0.8569,24.8413,-35.0342,-75.3174,unlabeled,Charlotte,small
1785597093.4981034,13096,0.5937,-0.2769,-0.7861,45.9595,-12.2681,-64.27,unlabeled,Charlotte,small
1785597093.498107,13146,0.5127,-0.2793,-0.7847,58.5327,-9.1553,-70.0684,unlabeled,Charlotte,small
1785597094.695126,13390,0.4214,-0.0996,-0.9517,56.5796,15.3809,-45.0439,unlabeled,Charlotte,small
1785597094.6951346,13440,0.2617,-0.1357,-0.8701,34.3018,9.0942,-24.353,unlabeled,Charlotte,small
1785597094.6951392,13490,0.0947,0.002,-0.981,-31.7383,20.9961,-14.3433,unlabeled,Charlotte,small
1785597094.695143,13540,0.2861,0.0083,-1.0542,-44.6167,-9.7046,-3.6011,unlabeled,Charlotte,small
1785597094.6951463,13590,0.1235,-0.2163,-0.9219,-14.4653,-9.0332,32.5317,unlabeled,Charlotte,small
1785597094.69515,13640,0.2368,-0.1162,-0.9111,-21.3013,-85.144,72.3267,unlabeled,Charlotte,small
1785597094.695153,13690,0.8604,-0.3125,-0.7847,35.7056,-68.2983,12.5122,unlabeled,Charlotte,small
1785597094.6951563,13740,0.8765,-0.3809,-0.7671,51.2695,24.1699,-0.9155,unlabeled,Charlotte,small
1785597094.6951594,13790,0.6675,-0.2456,-0.7505,49.2554,47.1802,-22.1558,unlabeled,Charlotte,small
1785597094.6951625,13840,0.6318,-0.1455,-0.7153,34.0576,64.7583,-27.771,unlabeled,Charlotte,small
1785597094.6951656,13890,0.459,-0.1157,-0.7202,69.1528,31.25,-25.6958,unlabeled,Charlotte,small
1785597094.695169,13940,0.6094,-0.1201,-0.7661,101.5015,-8.5449,-7.6294,unlabeled,Charlotte,small
1785597094.695172,13990,0.4849,0.0361,-1.144,78.064,67.9321,-21.6675,unlabeled,Charlotte,small
1785597094.6951752,14040,0.1641,0.231,-1.0645,-6.1035,40.9546,-44.0063,unlabeled,Charlotte,small
1785597094.6951783,14090,0.0474,0.1978,-0.9233,-37.2925,-20.2026,-44.3726,unlabeled,Charlotte,small
1785597094.6951814,14140,0.3379,0.0161,-0.9307,-37.2925,-27.4048,-68.6035,unlabeled,Charlotte,small
1785597094.6951845,14190,0.2866,0.0801,-0.79,-44.5557,-46.7529,-39.7949,unlabeled,Charlotte,small
1785597094.695187,14240,0.293,-0.2974,-0.9604,-22.522,-19.8364,41.1377,unlabeled,Charlotte,small
1785597094.6951902,14290,0.2593,-0.0894,-0.9517,-18.6157,-21.4844,65.918,unlabeled,Charlotte,small
1785597094.6951933,14340,0.6738,-0.1919,-1.0132,-12.5122,-53.4058,48.7671,unlabeled,Charlotte,small
1785597095.8886762,14589,0.5425,-0.1001,-0.7666,-9.0942,6.7749,-22.583,unlabeled,Charlotte,small
1785597095.888686,14639,0.5166,-0.1909,-0.7739,5.9204,9.0332,-20.9351,unlabeled,Charlotte,small
1785597095.8886912,14689,0.4302,-0.2734,-0.752,14.7705,-23.1934,-41.8091,unlabeled,Charlotte,small
1785597095.8886957,14739,0.6353,-0.2881,-1.0112,39.3677,-0.061,-64.209,unlabeled,Charlotte,small
1785597095.8887002,14789,0.4941,-0.2427,-0.9063,41.9312,30.1514,-59.2041,unlabeled,Charlotte,small
1785597095.8887045,14839,0.208,-0.1753,-0.8203,34.2407,4.0894,-65.8569,unlabeled,Charlotte,small
1785597095.8887084,14889,0.0103,-0.251,-0.7544,12.5122,-37.2314,-84.7778,unlabeled,Charlotte,small
1785597095.8887122,14939,0.4463,-0.1763,-1.0049,44.6167,-73.7915,-106.2012,unlabeled,Charlotte,small
1785597095.8887165,14989,0.5513,-0.1035,-0.936,74.2798,-13.3667,-19.7754,unlabeled,Charlotte,small
1785597095.88872,15039,0.396,-0.1597,-0.8037,50.415,-14.3433,8.8501,unlabeled,Charlotte,small
1785597095.8887243,15089,0.3828,-0.2056,-0.7388,26.001,-3.6011,20.813,unlabeled,Charlotte,small
1785597095.8887281,15139,0.395,-0.2295,-1.0098,15.4419,-17.395,48.7061,unlabeled,Charlotte,small
1785597095.888732,15189,0.646,-0.0332,-0.8633,9.7046,-53.5889,12.4512,unlabeled,Charlotte,small
1785597095.8887358,15239,0.7832,-0.1104,-0.6772,-10.8643,7.3853,7.3242,unlabeled,Charlotte,small
1785597095.8887396,15289,0.5435,-0.3613,-0.8892,-2.8076,61.7676,8.0566,unlabeled,Charlotte,small
1785597095.8887432,15339,0.5688,-0.2007,-0.8359,38.6963,-0.6104,-18.4937,unlabeled,Charlotte,small
1785597095.888747,15389,0.6606,-0.0762,-0.6968,28.6255,37.7197,-26.123,unlabeled,Charlotte,small
1785597095.8887506,15439,0.4478,-0.1992,-0.79,59.3872,6.5308,-11.4136,unlabeled,Charlotte,small
1785597095.8887541,15489,0.6738,-0.0981,-0.6143,67.9321,-11.1084,-32.0435,unlabeled,Charlotte,small
1785597095.888758,15539,0.4858,0.1357,-1.0415,73.6084,64.0869,-58.6548,unlabeled,Charlotte,small
1785597097.0834556,15783,0.3555,-0.2544,-1.0044,20.0195,-38.6963,-63.8428,unlabeled,Charlotte,small
1785597097.083478,15833,0.4297,-0.1201,-0.75,26.9165,-59.4482,-71.167,unlabeled,Charlotte,small
1785597097.0834858,15883,0.5264,-0.0479,-1.0015,24.7192,18.4326,-7.3242,unlabeled,Charlotte,small
1785597097.0834942,15933,0.5439,-0.2212,-1.0381,20.1416,6.1035,-0.3052,unlabeled,Charlotte,small
1785597097.0835018,15983,0.4102,-0.0381,-0.8369,9.7656,-49.9268,2.8076,unlabeled,Charlotte,small
1785597097.0835094,16033,0.7461,-0.1431,-0.792,-15.1978,-16.7236,-7.6904,unlabeled,Charlotte,small
1785597097.0835166,16083,0.6431,-0.417,-0.9233,23.8037,42.4805,30.8228,unlabeled,Charlotte,small
1785597097.0835238,16133,0.5239,-0.1104,-0.855,56.6406,41.748,47.3633,unlabeled,Charlotte,small
1785597097.0835304,16183,0.5552,0.0903,-0.8105,11.8408,36.9873,34.729,unlabeled,Charlotte,small
1785597097.0835369,16233,0.4043,0.0679,-0.8291,-15.1367,26.2451,37.4146,unlabeled,Charlotte,small
1785597097.083543,16283,0.5229,0.0127,-0.8628,2.5635,-1.2817,31.5552,unlabeled,Charlotte,small
1785597097.083549,16333,0.6055,-0.0659,-0.8589,20.874,23.8647,13.0615,unlabeled,Charlotte,small
1785597097.0835552,16383,0.6523,-0.0166,-0.9619,47.5464,31.1279,-12.8784,unlabeled,Charlotte,small
1785597097.083561,16433,0.0977,0.0933,-1.083,15.3809,44.4336,3.479,unlabeled,Charlotte,small
1785597097.083567,16483,0.1289,0.1255,-1.1025,4.7607,4.3335,-30.5786,unlabeled,Charlotte,small
1785597097.0835721,16533,0.061,0.0005,-0.9434,-27.71,-19.5313,-8.7891,unlabeled,Charlotte,small
1785597097.0835786,16583,0.3013,-0.0459,-1.0542,-24.292,-24.9634,-24.7192,unlabeled,Charlotte,small
1785597097.083586,16633,0.2422,0.0088,-1.0029,-6.5918,-13.0615,-5.7373,unlabeled,Charlotte,small
1785597097.0835922,16683,0.3281,-0.0244,-0.999,-16.6016,-3.0518,5.3711,unlabeled,Charlotte,small
1785597097.083598,16733,0.1875,-0.0215,-0.8613,-18.8599,-17.5171,17.395,unlabeled,Charlotte,small
1785597098.276921,16977,0.6016,-0.0303,-0.9619,-52.1851,-45.9595,59.021,unlabeled,Charlotte,small
1785597098.2769308,17027,0.6289,-0.0181,-0.7017,-36.9873,-32.6538,35.7666,unlabeled,Charlotte,small
1785597098.276936,17077,0.7505,-0.0581,-0.6846,-54.0161,15.4419,43.2739,unlabeled,Charlotte,small
1785597098.2769406,17127,0.5649,-0.2295,-0.9292,-38.0859,76.0498,79.4678,unlabeled,Charlotte,small
1785597098.2769446,17177,0.4199,-0.1138,-0.9043,-18.3716,52.6733,71.4722,unlabeled,Charlotte,small
1785597098.2769487,17227,0.3359,-0.0435,-0.9453,-1.5259,-10.498,57.8613,unlabeled,Charlotte,small
1785597098.2769525,17277,0.4956,-0.0874,-0.8545,-2.0752,-13.3057,47.6074,unlabeled,Charlotte,small
1785597098.2769566,17327,0.4878,-0.1938,-0.9077,19.043,-0.4883,33.4473,unlabeled,Charlotte,small
1785597098.2769608,17377,0.5581,-0.1523,-1.0327,35.4614,47.2412,27.0996,unlabeled,Charlotte,small
1785597098.2769647,17427,0.0864,-0.0137,-0.7808,36.6821,-22.3999,12.3901,unlabeled,Charlotte,small
1785597098.2769687,17477,0.0669,-0.0117,-0.918,-5.188,-61.8286,-33.7524,unlabeled,Charlotte,small
1785597098.2769725,17527,0.5527,0.0024,-1.0405,-16.9678,25.6348,-1.9531,unlabeled,Charlotte,small
1785597098.2769763,17577,0.2275,-0.0508,-1.0366,17.334,78.9185,24.8413,unlabeled,Charlotte,small
1785597098.2769802,17627,0.0967,-0.187,-0.8496,22.8271,-40.1001,-33.6304,unlabeled,Charlotte,small
1785597098.2769842,17677,0.2832,0.0288,-0.7983,35.2783,-9.0942,-49.5605,unlabeled,Charlotte,small
1785597098.2769878,17727,0.5024,-0.0776,-1.0068,19.8364,-25.1465,-44.4946,unlabeled,Charlotte,small
1785597098.276992,17777,0.6494,0.0532,-1.0283,19.7754,-55.7251,-63.2324,unlabeled,Charlotte,small
1785597098.2769957,17827,0.6328,0.0337,-0.6812,18.4937,-60.9741,-66.8335,unlabeled,Charlotte,small
1785597098.2769997,17877,0.6602,-0.0845,-0.6694,33.2031,-29.9072,-64.7583,unlabeled,Charlotte,small
1785597098.2770035,17927,0.6387,-0.1416,-0.7739,65.6128,-13.1836,-37.1704,unlabeled,Charlotte,small
1785597099.4743059,18171,0.3555,0.5933,-0.9429,74.3408,58.2886,-79.895,unlabeled,Charlotte,small
1785597099.4743161,18221,0.249,0.4141,-1.002,43.5181,35.8276,-84.6558,unlabeled,Charlotte,small
1785597099.4743214,18271,0.3105,0.3711,-1.0581,-59.6924,-1.77,-121.521,unlabeled,Charlotte,small
1785597099.4743261,18321,0.2886,0.0718,-0.8032,-17.8223,-30.2734,-126.6479,unlabeled,Charlotte,small
1785597099.4743304,18371,0.5449,0.0391,-0.9019,20.6909,11.1084,-112.4268,unlabeled,Charlotte,small
1785597099.474335,18421,0.3389,0.0786,-0.8662,38.5742,4.2114,-117.2485,unlabeled,Charlotte,small
1785597099.474339,18471,0.4541,0.0,-0.9326,32.8369,0.5493,-137.8174,unlabeled,Charlotte,small
1785597099.474343,18521,0.3828,-0.0693,-0.7402,25.0244,-12.207,-90.4541,unlabeled,Charlotte,small
1785597099.474347,18571,0.5063,0.0142,-0.9077,45.8374,-1.2817,-46.936,unlabeled,Charlotte,small
1785597099.4743512,18621,0.5483,0.0786,-0.8921,46.6309,-11.2305,-45.0439,unlabeled,Charlotte,small
1785597099.4743552,18671,0.5259,0.0044,-0.8394,14.2212,-18.3716,-37.4756,unlabeled,Charlotte,small
1785597099.474359,18721,0.5884,0.0156,-0.8076,0.061,-7.019,-19.6533,unlabeled,Charlotte,small
1785597099.4743626,18771,0.4985,-0.0859,-0.8164,2.5635,26.4893,-5.4932,unlabeled,Charlotte,small
1785597099.4743667,18821,0.6709,-0.0259,-0.813,10.1929,65.5518,8.9722,unlabeled,Charlotte,small
1785597099.4743705,18871,0.3081,-0.0635,-0.9727,47.2412,27.0386,14.8926,unlabeled,Charlotte,small
1785597099.4743743,18921,0.5059,0.1104,-0.8989,44.3726,5.3101,-2.8687,unlabeled,Charlotte,small
1785597099.4743783,18971,0.4902,0.0732,-0.894,41.4429,17.7002,-13.4277,unlabeled,Charlotte,small
1785597099.4743822,19021,0.4189,0.0967,-0.8457,47.9736,7.3853,-24.6582,unlabeled,Charlotte,small
1785597099.4743857,19071,0.4199,0.0571,-0.853,65.918,9.8267,-26.6113,unlabeled,Charlotte,small
1785597099.4743896,19121,0.4517,0.0659,-0.8066,70.4956,27.1606,-17.7612,unlabeled,Charlotte,small
1785597100.6681256,19366,0.2983,0.1899,-0.917,-15.8081,-8.728,-23.1934,unlabeled,Charlotte,small
1785597100.6681354,19416,0.3291,0.1704,-0.9751,-9.9487,-5.3711,-21.3623,unlabeled,Charlotte,small
1785597100.6681406,19466,0.377,0.1216,-0.9473,-6.4697,-12.9395,-14.3433,unlabeled,Charlotte,small
1785597100.6681454,19516,0.396,0.0869,-0.958,6.3477,-2.1362,-0.5493,unlabeled,Charlotte,small
1785597100.6681495,19566,0.3555,0.1113,-0.9292,-17.8223,-0.6714,10.1318,unlabeled,Charlotte,small
1785597100.6681535,19616,0.3628,0.124,-0.9336,-21.1792,-12.0239,5.3711,unlabeled,Charlotte,small
1785597100.6681576,19666,0.417,0.0312,-0.9326,-20.752,-14.0991,-3.2349,unlabeled,Charlotte,small
1785597100.6681614,19716,0.4321,0.0229,-0.9492,-20.2026,-11.6577,-5.5542,unlabeled,Charlotte,small
1785597100.6681652,19766,0.4902,0.0454,-0.895,-10.498,-11.2915,-18.0054,unlabeled,Charlotte,small
1785597100.668169,19816,0.4731,-0.0151,-0.9053,-16.1133,-2.6245,-21.1792,unlabeled,Charlotte,small
1785597100.6681728,19866,0.5161,-0.0195,-0.8833,2.2583,-4.0894,-8.2397,unlabeled,Charlotte,small
1785597100.6681767,19916,0.4351,-0.0444,-0.8828,18.0664,10.7422,14.2212,unlabeled,Charlotte,small
1785597100.6681805,19966,0.4028,-0.001,-0.9282,11.9629,16.6626,26.123,unlabeled,Charlotte,small
1785597100.6681845,20016,0.3848,0.0234,-0.9785,8.1787,4.5776,25.4517,unlabeled,Charlotte,small
1785597100.6681883,20066,0.4287,0.0361,-0.9087,9.5215,-1.0986,15.0146,unlabeled,Charlotte,small
1785597100.6681921,20116,0.46,0.0303,-0.8853,14.0991,7.6904,13.0005,unlabeled,Charlotte,small
1785597100.6681962,20166,0.3989,0.0547,-0.9067,3.8452,16.9067,22.0337,unlabeled,Charlotte,small
1785597100.6682,20216,0.3604,0.0317,-0.9478,8.5449,3.1738,25.5127,unlabeled,Charlotte,small
1785597100.6682038,20266,0.3755,0.1016,-0.9492,-2.5024,0.2441,27.9541,unlabeled,Charlotte,small
1785597100.6682076,20316,0.3667,0.1011,-0.9141,-17.334,-4.2725,25.0244,unlabeled,Charlotte,small
1785597101.8602226,20560,0.4326,-0.001,-0.9131,-17.334,-0.7935,12.3291,unlabeled,Charlotte,small
1785597101.8602312,20610,0.4487,0.0,-0.9038,-18.8599,-3.2959,10.7422,unlabeled,Charlotte,small
1785597101.8602355,20660,0.4331,-0.021,-0.9292,-13.3667,-0.2441,10.8643,unlabeled,Charlotte,small
1785597101.8602395,20710,0.4165,-0.0435,-0.9414,-10.5591,4.5166,7.9956,unlabeled,Charlotte,small
1785597101.8602426,20760,0.3999,-0.0342,-0.9204,-6.0425,3.8452,4.1504,unlabeled,Charlotte,small
1785597101.860246,20810,0.4009,-0.042,-0.9233,-0.6104,2.3193,-0.5493,unlabeled,Charlotte,small
1785597101.860249,20860,0.4224,-0.0386,-0.9307,-4.9438,2.8076,-0.9766,unlabeled,Charlotte,small
1785597101.8602521,20910,0.4106,-0.0483,-0.9209,-5.4932,0.7324,-2.5635,unlabeled,Charlotte,small
1785597101.8602552,20960,0.4062,-0.0425,-0.9131,-13.6108,1.1597,-4.2725,unlabeled,Charlotte,small
1785597101.8602583,21010,0.4072,-0.061,-0.9414,-17.6392,-2.3193,-1.5869,unlabeled,Charlotte,small
1785597101.8602614,21060,0.4077,-0.1016,-0.9019,-22.3999,3.6621,4.5166,unlabeled,Charlotte,small
1785597101.8602645,21110,0.4219,-0.1094,-0.9209,-24.6582,5.3711,5.249,unlabeled,Charlotte,small
1785597101.8602676,21160,0.4121,-0.1436,-0.9253,-18.8599,1.0986,6.8359,unlabeled,Charlotte,small
1785597101.8602705,21210,0.4004,-0.1592,-0.9126,-10.376,-1.77,7.5684,unlabeled,Charlotte,small
1785597101.8602736,21260,0.3877,-0.1611,-0.9199,-7.3853,-2.2583,9.3384,unlabeled,Charlotte,small
1785597101.8602765,21310,0.394,-0.1714,-0.9248,-8.9722,-3.2349,8.5449,unlabeled,Charlotte,small
1785597101.8602796,21360,0.417,-0.1807,-0.9155,-2.9297,-1.2817,7.2021,unlabeled,Charlotte,small
1785597101.8602827,21410,0.4146,-0.187,-0.9053,2.8687,-1.1597,2.1362,unlabeled,Charlotte,small
1785597101.8602858,21460,0.4268,-0.1738,-0.9004,2.4414,-0.2441,-1.2207,unlabeled,Charlotte,small
1785597101.8602886,21510,0.4375,-0.1831,-0.9082,2.3193,1.8921,-3.6011,unlabeled,Charlotte,small
1785597103.0565145,21754,0.4238,-0.2378,-0.8853,-16.4185,-0.1221,-3.6011,unlabeled,Charlotte,small
1785597103.0565245,21804,0.4287,-0.2759,-0.9033,-10.6812,2.8076,-0.2441,unlabeled,Charlotte,small
1785597103.0565302,21854,0.4263,-0.272,-0.8857,-5.5542,3.6621,0.7324,unlabeled,Charlotte,small
1785597103.0565348,21904,0.4136,-0.2798,-0.876,-2.1362,3.1738,0.5493,unlabeled,Charlotte,small
1785597103.0565386,21954,0.415,-0.2817,-0.876,1.5259,1.709,0.4883,unlabeled,Charlotte,small
1785597103.0565429,22004,0.4097,-0.2856,-0.8984,6.8359,-0.7324,-0.9766,unlabeled,Charlotte,small
1785597103.056547,22054,0.4258,-0.2788,-0.8877,9.3994,0.3052,-0.7935,unlabeled,Charlotte,small
1785597103.0565507,22104,0.4263,-0.272,-0.877,14.0991,-2.9907,-1.5259,unlabeled,Charlotte,small
1785597103.0565546,22154,0.4165,-0.2466,-0.8823,17.0288,-1.2207,-1.77,unlabeled,Charlotte,small
1785597103.0565586,22204,0.4165,-0.2485,-0.9063,9.2163,2.2583,-1.2207,unlabeled,Charlotte,small
1785597103.0565624,22254,0.4023,-0.2476,-0.9023,5.0049,-0.5493,-1.8311,unlabeled,Charlotte,small
1785597103.056566,22304,0.4399,-0.2485,-0.937,9.6436,2.5024,1.709,unlabeled,Charlotte,small
1785597103.0565698,22354,0.4395,-0.271,-0.9321,29.8462,7.2632,1.0986,unlabeled,Charlotte,small
1785597103.0565736,22404,0.437,-0.2261,-0.8413,23.6816,6.1035,7.4463,unlabeled,Charlotte,small
1785597103.0565772,22454,0.3101,-0.0806,-0.8882,-1.8921,11.6577,18.0664,unlabeled,Charlotte,small
1785597103.0565813,22504,0.124,-0.2788,-0.9751,-32.5928,-28.5034,62.1338,unlabeled,Charlotte,small
1785597103.0565853,22554,0.9937,-0.1777,-0.6362,-4.0283,-73.8525,0.1831,unlabeled,Charlotte,small
1785597103.0565894,22604,1.5791,-0.2461,-0.4932,-53.2227,239.0747,-72.6929,unlabeled,Charlotte,small
1785597103.0565934,22654,-1.6118,0.5259,-0.8359,82.8857,447.3267,72.2046,unlabeled,Charlotte,small
1785597103.0565972,22704,-2.0811,-0.6035,-0.9297,-360.4736,-347.5342,47.6074,unlabeled,Charlotte,small
1785597104.2507088,22950,5.7354,-0.3359,-3.0635,-83.1299,88.4399,-6.7139,unlabeled,Charlotte,small
1785597104.2507172,23000,0.7417,0.2729,2.5303,468.75,991.4551,176.7578,unlabeled,Charlotte,small
1785597104.2507217,23050,-6.0464,1.1309,-0.6743,271.7285,-71.228,-236.3281,unlabeled,Charlotte,small
1785597104.2507253,23100,1.936,-1.3892,0.8818,-282.6538,-1195.0073,-109.314,unlabeled,Charlotte,small
1785597104.2507288,23150,3.4937,-1.7681,2.665,-441.6504,20.6299,-454.0405,unlabeled,Charlotte,small
1785597104.2507327,23200,-2.8193,2.6313,-0.8901,996.1548,461.0596,-226.9897,unlabeled,Charlotte,small
1785597104.2507358,23250,0.6982,0.6362,-2.875,-721.4355,-555.0537,197.2046,unlabeled,Charlotte,small
1785597104.250739,23300,3.9497,-0.1641,-2.2593,67.0166,347.7783,134.6436,unlabeled,Charlotte,small
1785597104.2507422,23350,-0.6636,-0.1816,2.4214,540.6494,617.6147,257.6294,unlabeled,Charlotte,small
1785597104.2507453,23400,-0.2402,-0.0679,-1.0601,-29.8462,-226.9897,-77.0874,unlabeled,Charlotte,small
1785597104.2507486,23450,1.1362,0.1611,-0.9507,-98.2666,-194.2749,-150.9399,unlabeled,Charlotte,small
1785597104.2507515,23500,0.5576,-0.5391,-0.9155,36.377,56.0913,-54.9316,unlabeled,Charlotte,small
1785597104.2507546,23550,0.2881,-0.0361,-0.9995,32.8369,56.4575,-115.1123,unlabeled,Charlotte,small
1785597104.2507577,23600,0.063,-0.165,-0.9053,38.5742,10.437,-88.0127,unlabeled,Charlotte,small
1785597104.2507608,23650,0.2021,-0.1401,-1.0249,20.5078,-38.3301,-88.562,unlabeled,Charlotte,small
1785597104.250764,23700,0.2686,-0.2119,-0.9502,32.3486,-30.0903,-71.3501,unlabeled,Charlotte,small
1785597104.2507668,23750,0.2778,-0.2246,-0.8799,14.1602,-10.5591,-51.3306,unlabeled,Charlotte,small
1785597104.2507699,23800,0.375,-0.2661,-0.8027,75.8667,-15.8081,-40.2222,unlabeled,Charlotte,small
1785597104.250773,23850,0.2876,-0.0288,-1.0322,81.2378,14.7095,-40.8936,unlabeled,Charlotte,small
1785597104.250776,23900,0.1772,0.2007,-1.0908,65.918,-15.1978,-29.2969,unlabeled,Charlotte,small
1785597105.4446492,24144,0.168,-0.0161,-1.0249,7.5073,3.0518,43.5791,unlabeled,Charlotte,small
1785597105.444659,24194,0.1099,0.02,-1.0483,-0.061,7.9346,39.5508,unlabeled,Charlotte,small
1785597105.4446642,24244,0.1533,0.0215,-1.002,-4.8828,-8.9111,33.5693,unlabeled,Charlotte,small
1785597105.4446688,24294,0.1689,0.0342,-0.9517,-16.7847,-6.7139,27.4048,unlabeled,Charlotte,small
1785597105.444673,24344,0.2217,-0.0273,-0.9961,-27.832,0.3662,0.7324,unlabeled,Charlotte,small
1785597105.444677,24394,0.2061,-0.0791,-0.9976,-26.4893,-3.7231,-11.0474,unlabeled,Charlotte,small
1785597105.4446812,24444,0.2202,-0.1138,-1.0068,-14.2212,-3.418,-10.7422,unlabeled,Charlotte,small
1785597105.4446852,24494,0.2236,-0.0889,-0.9917,-4.7607,0.6714,-1.77,unlabeled,Charlotte,small
1785597105.4446888,24544,0.1924,-0.0557,-0.9731,2.7466,3.0518,10.0708,unlabeled,Charlotte,small
1785597105.4446924,24594,0.1436,-0.0762,-0.9756,-5.4321,3.3569,14.2822,unlabeled,Charlotte,small
1785597105.4446964,24644,0.1592,-0.0532,-0.9795,2.0752,-6.2256,26.4893,unlabeled,Charlotte,small
1785597105.4447,24694,0.2119,-0.0688,-0.9834,-2.2583,-17.8223,27.5269,unlabeled,Charlotte,small
1785597105.4447036,24744,0.2656,-0.0571,-1.0078,-0.1831,-9.0942,39.917,unlabeled,Charlotte,small
1785597105.4447074,24794,0.2461,-0.1299,-0.9785,0.9155,-0.6104,44.9829,unlabeled,Charlotte,small
1785597105.444711,24844,0.2773,-0.125,-0.9326,9.3994,1.3428,33.7524,unlabeled,Charlotte,small
1785597105.4447153,24894,0.23,-0.0864,-0.9292,16.5405,-5.6763,20.6299,unlabeled,Charlotte,small
1785597105.444719,24944,0.2261,-0.0679,-1.0249,0.2441,-7.5684,18.7378,unlabeled,Charlotte,small
1785597105.444723,24994,0.2539,-0.1162,-0.9722,-12.4512,-2.2583,32.2266,unlabeled,Charlotte,small
1785597105.4447265,25044,0.4067,-0.2241,-0.9209,-4.8828,6.6528,18.1885,unlabeled,Charlotte,small
1785597105.4447303,25094,0.2954,-0.1792,-0.9194,-3.1128,-5.0049,5.4321,unlabeled,Charlotte,small
1785597106.6394515,25338,0.165,0.1821,-1.2363,6.958,48.1567,-1.2817,unlabeled,Charlotte,small
1785597106.639461,25388,0.0645,0.0269,-1.0127,-29.2358,35.5835,-23.1934,unlabeled,Charlotte,small
1785597106.6394665,25438,-0.0298,0.0308,-0.9795,-15.3198,-7.1411,-33.2642,unlabeled,Charlotte,small
1785597106.639471,25488,-0.0039,-0.0747,-1.0024,36.0107,-43.0298,-31.4941,unlabeled,Charlotte,small
1785597106.639475,25538,0.0679,-0.0605,-1.0615,-9.2773,-81.4819,-41.8701,unlabeled,Charlotte,small
1785597106.6394796,25588,0.2285,0.0186,-1.0088,-55.7861,-76.2939,-41.3208,unlabeled,Charlotte,small
1785597106.6394835,25638,0.4702,-0.1753,-0.9639,-36.0718,-49.7437,0.061,unlabeled,Charlotte,small
1785597106.6394875,25688,0.2773,-0.1836,-0.9292,-8.1177,-34.9121,19.5923,unlabeled,Charlotte,small
1785597106.639491,25738,0.2935,-0.2056,-0.9502,-11.0474,-7.1411,33.9966,unlabeled,Charlotte,small
1785597106.6394951,25788,0.3027,-0.2051,-0.8926,10.7422,-23.5596,24.8413,unlabeled,Charlotte,small
1785597106.639499,25838,0.4429,-0.165,-0.8442,-9.8877,-0.7935,13.9771,unlabeled,Charlotte,small
1785597106.6395025,25888,0.3418,-0.25,-0.9966,-0.3662,4.1504,28.1372,unlabeled,Charlotte,small
1785597106.6395066,25938,0.2974,-0.2695,-0.875,2.9907,-20.2026,29.9072,unlabeled,Charlotte,small
1785597106.6395109,25988,0.5073,-0.1045,-0.8984,-5.3101,-48.3398,50.1099,unlabeled,Charlotte,small
1785597106.6395147,26038,0.5522,-0.1509,-0.7163,-8.9722,-57.4951,49.6216,unlabeled,Charlotte,small
1785597106.6395185,26088,0.7451,-0.1328,-0.583,-26.123,-23.0103,24.7803,unlabeled,Charlotte,small
1785597106.6395223,26138,0.7178,-0.3394,-0.7915,-15.8691,69.519,38.0859,unlabeled,Charlotte,small
1785597106.6395261,26188,0.4243,0.0527,-0.8857,-25.7568,70.3125,17.334,unlabeled,Charlotte,small
1785597106.6395297,26238,0.499,-0.2129,-0.8379,-1.0986,6.4087,5.8594,unlabeled,Charlotte,small
1785597106.6395335,26288,0.5674,-0.251,-0.7861,44.5557,-29.7852,4.3945,unlabeled,Charlotte,small
1785597107.834357,26532,0.3394,-0.0991,-0.981,-3.2959,1.0986,-64.6973,unlabeled,Charlotte,small
1785597107.8343673,26582,0.332,-0.1055,-0.9424,9.4604,3.8452,-57.0068,unlabeled,Charlotte,small
1785597107.8343725,26632,0.1704,-0.1616,-0.895,37.0483,-8.606,-50.354,unlabeled,Charlotte,small
1785597107.8343773,26682,0.314,0.0088,-0.875,57.4951,-38.8184,-43.2129,unlabeled,Charlotte,small
1785597107.8343816,26732,0.3315,-0.0605,-0.915,-8.8501,-64.3311,-10.6201,unlabeled,Charlotte,small
1785597107.834386,26782,0.6587,0.0117,-0.9722,-27.771,-32.7759,7.9346,unlabeled,Charlotte,small
1785597107.83439,26832,0.5962,-0.1045,-0.8428,-13.7939,-18.9209,14.6484,unlabeled,Charlotte,small
1785597107.8343942,26882,0.5791,-0.1235,-0.6685,-37.5366,-12.6953,16.5405,unlabeled,Charlotte,small
1785597107.8343983,26932,0.605,-0.1372,-0.6299,-45.6543,1.3428,25.3906,unlabeled,Charlotte,small
1785597107.8344018,26982,0.6094,-0.1504,-0.9834,-9.6436,27.5879,44.9219,unlabeled,Charlotte,small
1785597107.8344057,27032,0.5527,-0.2173,-0.8926,-21.6064,-3.3569,32.3486,unlabeled,Charlotte,small
1785597107.8344095,27082,0.5449,-0.1816,-0.833,13.9771,-6.958,27.1606,unlabeled,Charlotte,small
1785597107.8344133,27132,0.4922,-0.1802,-0.7979,23.0713,13.855,9.1553,unlabeled,Charlotte,small
1785597107.8344169,27182,0.4761,-0.1724,-0.8711,24.8413,19.8364,1.6479,unlabeled,Charlotte,small
1785597107.8344207,27232,0.5537,-0.2271,-0.8677,22.2168,29.7852,-4.0894,unlabeled,Charlotte,small
1785597107.8344243,27282,0.5669,-0.2246,-0.8237,35.3394,34.6069,-25.8179,unlabeled,Charlotte,small
1785597107.834428,27332,0.583,-0.1523,-0.7524,30.6396,38.0859,-34.0576,unlabeled,Charlotte,small
1785597107.834432,27382,0.5786,-0.0435,-0.833,27.2827,29.1138,-60.2417,unlabeled,Charlotte,small
1785597107.8344357,27432,0.4868,-0.2124,-1.1016,-2.3804,43.457,-60.5469,unlabeled,Charlotte,small
1785597107.8344395,27482,0.4248,-0.0981,-0.9346,3.6621,28.6255,-55.6641,unlabeled,Charlotte,small
1785597109.027502,27727,0.1719,-0.1787,-1.0669,18.8599,-8.1177,-3.7842,unlabeled,Charlotte,small
1785597109.0275116,27777,0.25,-0.0996,-0.8096,13.4277,-26.7944,5.0659,unlabeled,Charlotte,small
1785597109.027517,27827,0.2656,-0.0635,-0.9341,-1.2207,-34.8511,26.8555,unlabeled,Charlotte,small
1785597109.027522,27877,0.4585,-0.2134,-1.1094,-49.2554,-19.6533,22.0947,unlabeled,Charlotte,small
1785597109.0275261,27927,0.5937,-0.1558,-0.9429,-28.9917,-33.9355,10.0098,unlabeled,Charlotte,small
1785597109.0275304,27977,0.6362,-0.2378,-0.7686,-14.0991,-41.3208,-11.2305,unlabeled,Charlotte,small
1785597109.0275345,28027,0.6387,-0.2632,-0.6807,16.0522,-53.833,-11.4136,unlabeled,Charlotte,small
1785597109.0275385,28077,0.6655,-0.3442,-0.6968,21.1182,-39.7339,-18.3105,unlabeled,Charlotte,small
1785597109.0275426,28127,0.7646,-0.2793,-0.6929,28.2593,0.2441,-40.1001,unlabeled,Charlotte,small
1785597109.0275464,28177,0.7236,-0.2881,-0.6543,38.3301,34.4238,-49.8047,unlabeled,Charlotte,small
1785597109.0275502,28227,0.5835,-0.3369,-0.7666,62.2559,37.1094,-42.4194,unlabeled,Charlotte,small
1785597109.0275538,28277,0.6626,-0.187,-0.707,81.0547,9.9487,-43.2129,unlabeled,Charlotte,small
1785597109.0275576,28327,0.6411,-0.0645,-0.9136,58.4717,43.9453,-72.876,unlabeled,Charlotte,small
1785597109.0275614,28377,0.3813,0.002,-0.9731,32.959,54.8706,-66.7725,unlabeled,Charlotte,small
1785597109.0275652,28427,0.2632,-0.0859,-0.9619,21.6675,20.3247,-63.2935,unlabeled,Charlotte,small
1785597109.0275688,28477,0.2905,-0.1523,-0.9092,35.8276,7.9956,-58.96,unlabeled,Charlotte,small
1785597109.0275724,28527,0.2964,-0.0596,-0.8906,26.7944,4.8828,-70.6177,unlabeled,Charlotte,small
1785597109.0275762,28577,0.2573,-0.1729,-1.0542,-9.0332,-24.353,-88.7451,unlabeled,Charlotte,small
1785597109.0275805,28627,0.3105,-0.1206,-1.0151,-13.4277,-32.4707,-64.3921,unlabeled,Charlotte,small
1785597109.0275843,28677,0.251,-0.3066,-0.9424,21.1792,-11.9629,-20.813,unlabeled,Charlotte,small
1785597111.245148,28921,0.6011,-0.2856,-0.792,5.7983,-31.9214,7.6294,unlabeled,Charlotte,small
1785597111.2451575,28971,0.6323,-0.2754,-0.7061,4.5776,-40.3442,1.6479,unlabeled,Charlotte,small
1785597111.2451625,29021,0.6812,-0.3223,-0.6895,-1.8921,-11.9629,-19.4092,unlabeled,Charlotte,small
1785597111.245167,29071,0.6553,-0.4165,-0.7412,34.9121,17.9443,-42.0532,unlabeled,Charlotte,small
1785597111.2451713,29121,0.6396,-0.2891,-0.8013,45.8374,-14.2822,-56.6406,unlabeled,Charlotte,small
1785597111.2451756,29171,0.6514,-0.2617,-0.6504,51.7578,-11.7188,-58.4106,unlabeled,Charlotte,small
1785597111.2451794,29221,0.6099,-0.1704,-0.7144,48.0957,12.0239,-73.5474,unlabeled,Charlotte,small
1785597111.2451832,29271,0.5723,-0.2065,-0.9409,26.2451,8.728,-95.1538,unlabeled,Charlotte,small
1785597111.2451868,29321,0.5161,-0.2397,-0.9272,25.1465,14.8926,-96.3135,unlabeled,Charlotte,small
1785597111.2451906,29371,0.3306,-0.2427,-0.8521,41.9312,7.1411,-90.8813,unlabeled,Charlotte,small
1785597111.2451944,29421,0.2705,-0.1489,-0.8452,21.7285,-18.7988,-92.2852,unlabeled,Charlotte,small
1785597111.2451982,29471,0.2158,-0.2661,-0.9492,13.1226,-56.7017,-80.2612,unlabeled,Charlotte,small
1785597111.2452018,29521,0.4365,-0.2832,-0.8667,23.3154,-50.5371,-46.4478,unlabeled,Charlotte,small
1785597111.2452056,29571,0.4639,-0.2441,-0.8599,25.3296,-19.8364,16.3574,unlabeled,Charlotte,small
1785597111.2452097,29621,0.4614,-0.3232,-0.8994,13.2446,-20.4468,20.9961,unlabeled,Charlotte,small
1785597111.2452133,29671,0.583,-0.3086,-0.9331,-6.6528,2.7466,9.3994,unlabeled,Charlotte,small
1785597111.245217,29721,0.5532,-0.3076,-0.853,-11.1694,39.1846,14.2822,unlabeled,Charlotte,small
1785597111.245221,29771,0.5142,-0.2876,-0.8408,-11.8408,58.5937,29.1138,unlabeled,Charlotte,small
1785597111.2452245,29821,0.3662,-0.3252,-0.8564,9.8877,55.542,51.0864,unlabeled,Charlotte,small
1785597111.245228,29871,0.3252,-0.2817,-0.9033,10.1929,41.8701,71.4111,unlabeled,Charlotte,small
